$date
	Wed Jan 14 20:58:35 2026
$end
$version
	Icarus Verilog
$end
$timescale
	1ps
$end
$scope module system_async_top $end
$var wire 1 ! winc $end
$var wire 1 " wfull $end
$var wire 8 # wdata [7:0] $end
$var wire 1 $ rinc $end
$var wire 1 % rempty $end
$var wire 8 & rdata [7:0] $end
$var wire 1 ' awfull $end
$var wire 1 ( arempty $end
$var reg 1 ) prod_en $end
$var reg 1 * rclk $end
$var reg 1 + rrst_n $end
$var reg 1 , wclk $end
$var reg 1 - wrst_n $end
$scope module u_cons $end
$var wire 1 * clk $end
$var wire 1 + rst_n $end
$var wire 1 % rempty $end
$var wire 8 . rdata [7:0] $end
$var reg 1 $ rinc $end
$upscope $end
$scope module u_fifo $end
$var wire 1 * rclk $end
$var wire 1 $ rinc $end
$var wire 1 + rrst_n $end
$var wire 1 , wclk $end
$var wire 1 - wrst_n $end
$var wire 5 / wq2_rptr [4:0] $end
$var wire 5 0 wptr [4:0] $end
$var wire 1 ! winc $end
$var wire 1 " wfull $end
$var wire 8 1 wdata [7:0] $end
$var wire 4 2 waddr [3:0] $end
$var wire 5 3 rq2_wptr [4:0] $end
$var wire 5 4 rptr [4:0] $end
$var wire 1 % rempty $end
$var wire 8 5 rdata [7:0] $end
$var wire 4 6 raddr [3:0] $end
$var wire 1 ' awfull $end
$var wire 1 ( arempty $end
$scope module fifomem $end
$var wire 1 * rclk $end
$var wire 1 $ rclken $end
$var wire 1 , wclk $end
$var wire 1 " wfull $end
$var wire 8 7 wdata [7:0] $end
$var wire 1 ! wclken $end
$var wire 4 8 waddr [3:0] $end
$var wire 8 9 rdata [7:0] $end
$var wire 4 : raddr [3:0] $end
$var integer 32 ; i [31:0] $end
$scope begin fallthrough $end
$upscope $end
$upscope $end
$scope module rptr_empty $end
$var wire 1 * rclk $end
$var wire 5 < rgraynext [4:0] $end
$var wire 5 = rgraynextm1 [4:0] $end
$var wire 1 $ rinc $end
$var wire 1 + rrst_n $end
$var wire 5 > rq2_wptr [4:0] $end
$var wire 1 ? rempty_val $end
$var wire 5 @ rbinnext [4:0] $end
$var wire 4 A raddr [3:0] $end
$var wire 1 B arempty_val $end
$var reg 1 ( arempty $end
$var reg 5 C rbin [4:0] $end
$var reg 1 % rempty $end
$var reg 5 D rptr [4:0] $end
$upscope $end
$scope module sync_r2w $end
$var wire 5 E rptr [4:0] $end
$var wire 1 , wclk $end
$var wire 1 - wrst_n $end
$var reg 5 F wq1_rptr [4:0] $end
$var reg 5 G wq2_rptr [4:0] $end
$upscope $end
$scope module sync_w2r $end
$var wire 1 * rclk $end
$var wire 1 + rrst_n $end
$var wire 5 H wptr [4:0] $end
$var reg 5 I rq1_wptr [4:0] $end
$var reg 5 J rq2_wptr [4:0] $end
$upscope $end
$scope module wptr_full $end
$var wire 1 , wclk $end
$var wire 5 K wgraynext [4:0] $end
$var wire 5 L wgraynextp1 [4:0] $end
$var wire 5 M wq2_rptr [4:0] $end
$var wire 1 - wrst_n $end
$var wire 1 ! winc $end
$var wire 1 N wfull_val $end
$var wire 5 O wbinnext [4:0] $end
$var wire 4 P waddr [3:0] $end
$var wire 1 Q awfull_val $end
$var reg 1 ' awfull $end
$var reg 5 R wbin [4:0] $end
$var reg 1 " wfull $end
$var reg 5 S wptr [4:0] $end
$upscope $end
$upscope $end
$scope module u_prod $end
$var wire 1 , clk $end
$var wire 1 ) enable $end
$var wire 1 - rst_n $end
$var wire 1 " wfull $end
$var reg 8 T wdata [7:0] $end
$var reg 1 ! winc $end
$var integer 32 U cnt [31:0] $end
$upscope $end
$upscope $end
$enddefinitions $end
#0
$dumpvars
b0 U
b0 T
b0 S
b0 R
0Q
b0 P
b0 O
0N
b0 M
b1 L
b0 K
b0 J
b0 I
b0 H
b0 G
b0 F
b0 E
b0 D
b0 C
0B
b0 A
b0 @
1?
b0 >
b1 =
b0 <
b10000 ;
b0 :
b0 9
b0 8
b0 7
b0 6
b0 5
b0 4
b0 3
b0 2
b0 1
b0 0
b0 /
b0 .
0-
0,
0+
0*
0)
0(
0'
b0 &
1%
0$
b0 #
0"
0!
$end
#2000
1,
#4000
0,
1*
#6000
1,
#8000
0,
0*
#10000
1,
#12000
0,
1*
#14000
1,
#16000
0,
0*
#18000
1,
#20000
0,
1*
1)
1+
1-
#22000
b11 L
b1 K
b1 O
b1 U
b1 #
b1 1
b1 7
b1 T
1!
1,
#24000
0,
0*
#26000
b1 2
b1 8
b1 P
b10 L
b11 K
b1 &
b1 .
b1 5
b1 9
b10 O
b1 R
b1 0
b1 H
b1 S
b10 U
b10 #
b10 1
b10 7
b10 T
1,
#28000
b1 I
0,
1*
#30000
b10 2
b10 8
b10 P
b110 L
b10 K
b11 U
b11 #
b11 1
b11 7
b11 T
b11 O
b10 R
b11 0
b11 H
b11 S
1,
#32000
0,
0*
#34000
b11 2
b11 8
b11 P
b111 L
b110 K
b100 O
b11 R
b10 0
b10 H
b10 S
b100 U
b100 #
b100 1
b100 7
b100 T
1,
#36000
1B
0?
b1 3
b1 >
b1 J
b10 I
0,
1*
#38000
b100 2
b100 8
b100 P
b101 L
b111 K
b101 U
b101 #
b101 1
b101 7
b101 T
b101 O
b100 R
b110 0
b110 H
b110 S
1,
#40000
0,
0*
#42000
b101 2
b101 8
b101 P
b100 L
b101 K
b110 O
b101 R
b111 0
b111 H
b111 S
b110 U
b110 #
b110 1
b110 7
b110 T
1,
#44000
0B
b10 3
b10 >
b10 J
b111 I
0%
1(
0,
1*
#46000
b110 2
b110 8
b110 P
b1100 L
b100 K
b111 U
b111 #
b111 1
b111 7
b111 T
b111 O
b110 R
b101 0
b101 H
b101 S
1,
#48000
0,
0*
#50000
b111 2
b111 8
b111 P
b1101 L
b1100 K
b1000 O
b111 R
b100 0
b100 H
b100 S
b1000 U
b1000 #
b1000 1
b1000 7
b1000 T
1,
#52000
b11 =
b1 <
b1 @
1$
0(
b111 3
b111 >
b111 J
b100 I
0,
1*
#54000
b1000 2
b1000 8
b1000 P
b1111 L
b1101 K
b1001 U
b1001 #
b1001 1
b1001 7
b1001 T
b1001 O
b1000 R
b1100 0
b1100 H
b1100 S
1,
#56000
0,
0*
#58000
b1001 2
b1001 8
b1001 P
b1110 L
b1111 K
b1010 O
b1001 R
b1101 0
b1101 H
b1101 S
b1010 U
b1010 #
b1010 1
b1010 7
b1010 T
1,
#60000
b10 &
b10 .
b10 5
b10 9
b1 6
b1 :
b1 A
b10 =
b11 <
b100 3
b100 >
b100 J
b1101 I
b10 @
b1 C
b1 4
b1 D
b1 E
0,
1*
#62000
b1010 2
b1010 8
b1010 P
b1010 L
b1110 K
b1011 U
b1011 #
b1011 1
b1011 7
b1011 T
b1 F
b1011 O
b1010 R
b1111 0
b1111 H
b1111 S
1,
#64000
0,
0*
#66000
b1011 2
b1011 8
b1011 P
b1011 L
b1010 K
b1100 O
b1011 R
b1110 0
b1110 H
b1110 S
b1 /
b1 G
b1 M
b1100 U
b1100 #
b1100 1
b1100 7
b1100 T
1,
#68000
b11 &
b11 .
b11 5
b11 9
b10 6
b10 :
b10 A
b110 =
b10 <
b11 @
b10 C
b11 4
b11 D
b11 E
b1101 3
b1101 >
b1101 J
b1110 I
0,
1*
#70000
b1100 2
b1100 8
b1100 P
b1001 L
b1011 K
b1101 U
b1101 #
b1101 1
b1101 7
b1101 T
b11 F
b1101 O
b1100 R
b1010 0
b1010 H
b1010 S
1,
#72000
0,
0*
#74000
b1101 2
b1101 8
b1101 P
b1000 L
b1001 K
b1110 O
b1101 R
b1011 0
b1011 H
b1011 S
b11 /
b11 G
b11 M
b1110 U
b1110 #
b1110 1
b1110 7
b1110 T
1,
#76000
b100 &
b100 .
b100 5
b100 9
b11 6
b11 :
b11 A
b111 =
b110 <
b1110 3
b1110 >
b1110 J
b1011 I
b100 @
b11 C
b10 4
b10 D
b10 E
0,
1*
#78000
b1110 2
b1110 8
b1110 P
b11000 L
b1000 K
b1111 U
b1111 #
b1111 1
b1111 7
b1111 T
b10 F
b1111 O
b1110 R
b1001 0
b1001 H
b1001 S
1,
#80000
0,
0*
#82000
b1111 2
b1111 8
b1111 P
b11001 L
b11000 K
b10000 O
b1111 R
b1000 0
b1000 H
b1000 S
b10 /
b10 G
b10 M
b0 U
b10000 #
b10000 1
b10000 7
b10000 T
1,
#84000
b101 &
b101 .
b101 5
b101 9
b100 6
b100 :
b100 A
b101 =
b111 <
b101 @
b100 C
b110 4
b110 D
b110 E
b1011 3
b1011 >
b1011 J
b1000 I
0,
1*
#86000
b0 2
b0 8
b0 P
0Q
b11011 L
b11001 K
b1 U
b10001 #
b10001 1
b10001 7
b10001 T
b110 F
b10001 O
b10000 R
b11000 0
b11000 H
b11000 S
1,
#88000
0,
0*
#90000
b1 2
b1 8
b1 P
b11010 L
b11011 K
b10010 O
b10001 R
b11001 0
b11001 H
b11001 S
b110 /
b110 G
b110 M
b10 U
b10010 #
b10010 1
b10010 7
b10010 T
1,
#92000
b110 &
b110 .
b110 5
b110 9
b101 6
b101 :
b101 A
b100 =
b101 <
b1000 3
b1000 >
b1000 J
b11001 I
b110 @
b101 C
b111 4
b111 D
b111 E
0,
1*
#94000
1Q
b10 2
b10 8
b10 P
b11110 L
b11010 K
b11 U
b10011 #
b10011 1
b10011 7
b10011 T
b111 F
b10011 O
b10010 R
b11011 0
b11011 H
b11011 S
1,
#96000
0,
0*
#98000
b11 2
b11 8
b11 P
b11111 L
b11110 K
1Q
1'
b10100 O
b10011 R
b11010 0
b11010 H
b11010 S
b111 /
b111 G
b111 M
b100 U
b10100 #
b10100 1
b10100 7
b10100 T
1,
#100000
b111 &
b111 .
b111 5
b111 9
b110 6
b110 :
b110 A
b1100 =
b100 <
b111 @
b110 C
b101 4
b101 D
b101 E
b11001 3
b11001 >
b11001 J
b11010 I
0,
1*
#102000
b100 2
b100 8
b100 P
0Q
b11101 L
1N
b11111 K
b101 U
b10101 #
b10101 1
b10101 7
b10101 T
b101 F
b10101 O
b10100 R
b11110 0
b11110 H
b11110 S
1,
#104000
0,
0*
#106000
b101 2
b101 8
b101 P
b11101 L
b11111 K
0N
1Q
1"
0'
b10101 O
b10101 R
b11111 0
b11111 H
b11111 S
b101 /
b101 G
b101 M
b110 U
b10110 #
b10110 1
b10110 7
b10110 T
1,
#108000
b1000 &
b1000 .
b1000 5
b1000 9
b111 6
b111 :
b111 A
b1101 =
b1100 <
b11010 3
b11010 >
b11010 J
b11111 I
b1000 @
b111 C
b100 4
b100 D
b100 E
0,
1*
#110000
0!
b100 F
0"
1'
1,
#112000
0,
0*
#114000
b11100 L
0N
b11101 K
b10110 O
1Q
b100 /
b100 G
b100 M
b111 U
b10111 #
b10111 1
b10111 7
b10111 T
1!
1,
#116000
b1001 &
b1001 .
b1001 5
b1001 9
b1000 6
b1000 :
b1000 A
b1111 =
b1101 <
b1001 @
b1000 C
b1100 4
b1100 D
b1100 E
b11111 3
b11111 >
b11111 J
0,
1*
#118000
b110 2
b110 8
b110 P
0Q
b10100 L
1N
b11100 K
b1000 U
b11000 #
b11000 1
b11000 7
b11000 T
b1100 F
b10111 O
b10110 R
b11101 0
b11101 H
b11101 S
1,
#120000
0,
0*
#122000
1Q
b111 2
b111 8
b111 P
b10100 L
0N
b11100 K
1"
0'
b10111 O
b10111 R
b11100 0
b11100 H
b11100 S
b1100 /
b1100 G
b1100 M
b1001 U
b11001 #
b11001 1
b11001 7
b11001 T
1,
#124000
b1010 &
b1010 .
b1010 5
b1010 9
b1001 6
b1001 :
b1001 A
b1110 =
b1111 <
b11100 I
b1010 @
b1001 C
b1101 4
b1101 D
b1101 E
0,
1*
#126000
0!
b1101 F
0"
1'
1,
#128000
0,
0*
#130000
b10101 L
b10100 K
b11000 O
1Q
b1101 /
b1101 G
b1101 M
b1010 U
b11010 #
b11010 1
b11010 7
b11010 T
1!
1,
#132000
b1011 &
b1011 .
b1011 5
b1011 9
b1010 6
b1010 :
b1010 A
b1010 =
b1110 <
b1011 @
b1010 C
b1111 4
b1111 D
b1111 E
b11100 3
b11100 >
b11100 J
0,
1*
#134000
b1000 2
b1000 8
b1000 P
0Q
b10111 L
1N
b10101 K
b1011 U
b11011 #
b11011 1
b11011 7
b11011 T
b1111 F
b11001 O
b11000 R
b10100 0
b10100 H
b10100 S
1,
#136000
0,
0*
#138000
b1001 2
b1001 8
b1001 P
b10111 L
b10101 K
0N
1Q
1"
0'
b11001 O
b11001 R
b10101 0
b10101 H
b10101 S
b1111 /
b1111 G
b1111 M
b1100 U
b11100 #
b11100 1
b11100 7
b11100 T
1,
#140000
b1100 &
b1100 .
b1100 5
b1100 9
b1011 6
b1011 :
b1011 A
b1011 =
b1010 <
b10101 I
b1100 @
b1011 C
b1110 4
b1110 D
b1110 E
0,
1*
#142000
0!
b1110 F
0"
1'
1,
#144000
0,
0*
#146000
b10110 L
0N
b10111 K
b11010 O
1Q
b1110 /
b1110 G
b1110 M
b1101 U
b11101 #
b11101 1
b11101 7
b11101 T
1!
1,
#148000
b1101 &
b1101 .
b1101 5
b1101 9
b1100 6
b1100 :
b1100 A
b1001 =
b1011 <
b1101 @
b1100 C
b1010 4
b1010 D
b1010 E
b10101 3
b10101 >
b10101 J
0,
1*
#150000
b1010 2
b1010 8
b1010 P
0Q
b10010 L
1N
b10110 K
b1110 U
b11110 #
b11110 1
b11110 7
b11110 T
b1010 F
b11011 O
b11010 R
b10111 0
b10111 H
b10111 S
1,
#152000
0,
0*
#154000
b1011 2
b1011 8
b1011 P
b10010 L
b10110 K
0N
1Q
1"
0'
b11011 O
b11011 R
b10110 0
b10110 H
b10110 S
b1010 /
b1010 G
b1010 M
b1111 U
b11111 #
b11111 1
b11111 7
b11111 T
1,
#156000
b1110 &
b1110 .
b1110 5
b1110 9
b1101 6
b1101 :
b1101 A
b1000 =
b1001 <
b10110 I
b1110 @
b1101 C
b1011 4
b1011 D
b1011 E
0,
1*
#158000
0!
b1011 F
0"
1'
1,
#160000
0,
0*
#162000
b10011 L
b10010 K
b11100 O
1Q
b1011 /
b1011 G
b1011 M
b0 U
b100000 #
b100000 1
b100000 7
b100000 T
1!
1,
#164000
b1111 &
b1111 .
b1111 5
b1111 9
b1110 6
b1110 :
b1110 A
b11000 =
b1000 <
b1111 @
b1110 C
b1001 4
b1001 D
b1001 E
b10110 3
b10110 >
b10110 J
0,
1*
#166000
b1100 2
b1100 8
b1100 P
0Q
b10001 L
1N
b10011 K
b1 U
b100001 #
b100001 1
b100001 7
b100001 T
b1001 F
b11101 O
b11100 R
b10010 0
b10010 H
b10010 S
1,
#168000
0,
0*
#170000
b1101 2
b1101 8
b1101 P
b10001 L
b10011 K
0N
1Q
1"
0'
b11101 O
b11101 R
b10011 0
b10011 H
b10011 S
b1001 /
b1001 G
b1001 M
b10 U
b100010 #
b100010 1
b100010 7
b100010 T
1,
#172000
b10000 &
b10000 .
b10000 5
b10000 9
b1111 6
b1111 :
b1111 A
b11001 =
b11000 <
b10011 I
b10000 @
b1111 C
b1000 4
b1000 D
b1000 E
0,
1*
#174000
0!
b1000 F
0"
1'
1,
#176000
0,
0*
#178000
b10000 L
0N
b10001 K
b11110 O
1Q
b1000 /
b1000 G
b1000 M
b11 U
b100011 #
b100011 1
b100011 7
b100011 T
1!
1,
#180000
b10001 &
b10001 .
b10001 5
b10001 9
b0 6
b0 :
b0 A
b11011 =
b11001 <
b10001 @
b10000 C
b11000 4
b11000 D
b11000 E
b10011 3
b10011 >
b10011 J
0,
1*
#182000
b1110 2
b1110 8
b1110 P
0Q
b0 L
1N
b10000 K
b100 U
b100100 #
b100100 1
b100100 7
b100100 T
b11000 F
b11111 O
b11110 R
b10001 0
b10001 H
b10001 S
1,
#184000
0,
0*
#186000
1Q
b1111 2
b1111 8
b1111 P
b0 L
0N
b10000 K
1"
0'
b11111 O
b11111 R
b10000 0
b10000 H
b10000 S
b11000 /
b11000 G
b11000 M
b101 U
b100101 #
b100101 1
b100101 7
b100101 T
1,
#188000
b10010 &
b10010 .
b10010 5
b10010 9
b1 6
b1 :
b1 A
b11010 =
b11011 <
b10000 I
b10010 @
b10001 C
b11001 4
b11001 D
b11001 E
0,
1*
#190000
0!
b11001 F
0"
1'
1,
#192000
0,
0*
#194000
b1 L
b0 K
b0 O
1Q
b11001 /
b11001 G
b11001 M
b110 U
b100110 #
b100110 1
b100110 7
b100110 T
1!
1,
#196000
b10011 &
b10011 .
b10011 5
b10011 9
b10 6
b10 :
b10 A
b11110 =
b11010 <
b10011 @
b10010 C
b11011 4
b11011 D
b11011 E
b10000 3
b10000 >
b10000 J
0,
1*
#198000
b0 2
b0 8
b0 P
0Q
b11 L
1N
b1 K
b111 U
b100111 #
b100111 1
b100111 7
b100111 T
b11011 F
b1 O
b0 R
b0 0
b0 H
b0 S
1,
#200000
0,
0*
#202000
b1 2
b1 8
b1 P
b11 L
b1 K
0N
1Q
1"
0'
b1 O
b1 R
b1 0
b1 H
b1 S
b11011 /
b11011 G
b11011 M
b1000 U
b101000 #
b101000 1
b101000 7
b101000 T
1,
#204000
b10100 &
b10100 .
b10100 5
b10100 9
b11 6
b11 :
b11 A
b11111 =
b11110 <
b1 I
b10100 @
b10011 C
b11010 4
b11010 D
b11010 E
0,
1*
#206000
0!
b11010 F
0"
1'
1,
#208000
0,
0*
#210000
b10 L
0N
b11 K
b10 O
1Q
b11010 /
b11010 G
b11010 M
b1001 U
b101001 #
b101001 1
b101001 7
b101001 T
1!
1,
#212000
b10101 &
b10101 .
b10101 5
b10101 9
b100 6
b100 :
b100 A
b11101 =
b11111 <
b10101 @
b10100 C
b11110 4
b11110 D
b11110 E
b1 3
b1 >
b1 J
0,
1*
#214000
b10 2
b10 8
b10 P
0Q
b110 L
1N
b10 K
b1010 U
b101010 #
b101010 1
b101010 7
b101010 T
b11110 F
b11 O
b10 R
b11 0
b11 H
b11 S
1,
#216000
0,
0*
#218000
b11 2
b11 8
b11 P
b110 L
b10 K
0N
1Q
1"
0'
b11 O
b11 R
b10 0
b10 H
b10 S
b11110 /
b11110 G
b11110 M
b1011 U
b101011 #
b101011 1
b101011 7
b101011 T
1,
#220000
b10111 &
b10111 .
b10111 5
b10111 9
b101 6
b101 :
b101 A
b11100 =
b11101 <
b10 I
b10110 @
b10101 C
b11111 4
b11111 D
b11111 E
0,
1*
0)
#222000
0!
b11111 F
0"
1'
1,
#224000
0,
0*
#226000
0Q
b11111 /
b11111 G
b11111 M
1,
#228000
b11000 &
b11000 .
b11000 5
b11000 9
b110 6
b110 :
b110 A
b10100 =
b11100 <
b10111 @
b10110 C
b11101 4
b11101 D
b11101 E
b10 3
b10 >
b10 J
0,
1*
#230000
b11101 F
0'
1,
#232000
0,
0*
#234000
b11101 /
b11101 G
b11101 M
1,
#236000
b11010 &
b11010 .
b11010 5
b11010 9
b111 6
b111 :
b111 A
b10101 =
b10100 <
b11000 @
b10111 C
b11100 4
b11100 D
b11100 E
0,
1*
#238000
b11100 F
1,
#240000
0,
0*
#242000
b11100 /
b11100 G
b11100 M
1,
#244000
b11011 &
b11011 .
b11011 5
b11011 9
b1000 6
b1000 :
b1000 A
b10111 =
b10101 <
b11001 @
b11000 C
b10100 4
b10100 D
b10100 E
0,
1*
#246000
b10100 F
1,
#248000
0,
0*
#250000
b10100 /
b10100 G
b10100 M
1,
#252000
b11101 &
b11101 .
b11101 5
b11101 9
b1001 6
b1001 :
b1001 A
b10110 =
b10111 <
b11010 @
b11001 C
b10101 4
b10101 D
b10101 E
0,
1*
#254000
b10101 F
1,
#256000
0,
0*
#258000
b10101 /
b10101 G
b10101 M
1,
#260000
b11110 &
b11110 .
b11110 5
b11110 9
b1010 6
b1010 :
b1010 A
b10010 =
b10110 <
b11011 @
b11010 C
b10111 4
b10111 D
b10111 E
0,
1*
#262000
b10111 F
1,
#264000
0,
0*
#266000
b10111 /
b10111 G
b10111 M
1,
#268000
b100000 &
b100000 .
b100000 5
b100000 9
b1011 6
b1011 :
b1011 A
b10011 =
b10010 <
b11100 @
b11011 C
b10110 4
b10110 D
b10110 E
0,
1*
#270000
b10110 F
1,
#272000
0,
0*
#274000
b10110 /
b10110 G
b10110 M
1,
#276000
b100001 &
b100001 .
b100001 5
b100001 9
b1100 6
b1100 :
b1100 A
b10001 =
b10011 <
b11101 @
b11100 C
b10010 4
b10010 D
b10010 E
0,
1*
#278000
b10010 F
1,
#280000
0,
0*
#282000
b10010 /
b10010 G
b10010 M
1,
#284000
b100011 &
b100011 .
b100011 5
b100011 9
b1101 6
b1101 :
b1101 A
b10000 =
b10001 <
b11110 @
b11101 C
b10011 4
b10011 D
b10011 E
0,
1*
#286000
b10011 F
1,
#288000
0,
0*
#290000
b10011 /
b10011 G
b10011 M
1,
#292000
b100100 &
b100100 .
b100100 5
b100100 9
b1110 6
b1110 :
b1110 A
b0 =
b10000 <
b11111 @
b11110 C
b10001 4
b10001 D
b10001 E
0,
1*
#294000
b10001 F
1,
#296000
0,
0*
#298000
b10001 /
b10001 G
b10001 M
1,
#300000
b100110 &
b100110 .
b100110 5
b100110 9
b1111 6
b1111 :
b1111 A
b1 =
b0 <
b0 @
b11111 C
b10000 4
b10000 D
b10000 E
0,
1*
#302000
b10000 F
1,
#304000
0,
0*
#306000
b10000 /
b10000 G
b10000 M
1,
#308000
b100111 &
b100111 .
b100111 5
b100111 9
b0 6
b0 :
b0 A
0B
b11 =
b1 <
b1 @
b0 C
b0 4
b0 D
b0 E
0,
1*
#310000
b0 F
1,
#312000
0,
0*
#314000
b0 /
b0 G
b0 M
1,
#316000
b101001 &
b101001 .
b101001 5
b101001 9
b1 6
b1 :
b1 A
1B
b10 =
0?
b11 <
b10 @
b1 C
b1 4
b1 D
b1 E
0,
1*
#318000
b1 F
1,
#320000
0,
0*
#322000
b1 /
b1 G
b1 M
1,
#324000
b101010 &
b101010 .
b101010 5
b101010 9
b10 6
b10 :
b10 A
0B
b110 =
1?
b10 <
1(
b11 @
b10 C
b11 4
b11 D
b11 E
0,
1*
#326000
b11 F
1,
#328000
0,
0*
#330000
b11 /
b11 G
b11 M
1,
#332000
b10100 &
b10100 .
b10100 5
b10100 9
b11 6
b11 :
b11 A
b110 =
1?
b10 <
b11 @
b11 C
b10 4
b10 D
b10 E
1%
0(
0,
1*
#334000
b10 F
1,
#336000
0,
0*
#338000
b10 /
b10 G
b10 M
1,
#340000
0$
0,
1*
#342000
1,
#344000
0,
0*
#346000
1,
#348000
0,
1*
#350000
1,
#352000
0,
0*
#354000
1,
#356000
0,
1*
#358000
1,
#360000
0,
0*
#362000
1,
#364000
0,
1*
#366000
1,
#368000
0,
0*
#370000
1,
#372000
0,
1*
#374000
1,
#376000
0,
0*
#378000
1,
#380000
0,
1*
#382000
1,
#384000
0,
0*
#386000
1,
#388000
0,
1*
#390000
1,
#392000
0,
0*
#394000
1,
#396000
0,
1*
#398000
1,
#400000
0,
0*
#402000
1,
#404000
0,
1*
#406000
1,
#408000
0,
0*
#410000
1,
#412000
0,
1*
#414000
1,
#416000
0,
0*
#418000
1,
#420000
0,
1*
#422000
1,
#424000
0,
0*
#426000
1,
#428000
0,
1*
#430000
1,
#432000
0,
0*
#434000
1,
#436000
0,
1*
#438000
1,
#440000
0,
0*
#442000
1,
#444000
0,
1*
#446000
1,
#448000
0,
0*
#450000
1,
#452000
0,
1*
#454000
1,
#456000
0,
0*
#458000
1,
#460000
0,
1*
#462000
1,
#464000
0,
0*
#466000
1,
#468000
0,
1*
#470000
1,
#472000
0,
0*
#474000
1,
#476000
0,
1*
#478000
1,
#480000
0,
0*
#482000
1,
#484000
0,
1*
#486000
1,
#488000
0,
0*
#490000
1,
#492000
0,
1*
#494000
1,
#496000
0,
0*
#498000
1,
#500000
0,
1*
#502000
1,
#504000
0,
0*
#506000
1,
#508000
0,
1*
#510000
1,
#512000
0,
0*
#514000
1,
#516000
0,
1*
#518000
1,
#520000
0,
0*
#522000
1,
#524000
0,
1*
#526000
1,
#528000
0,
0*
#530000
1,
#532000
0,
1*
#534000
1,
#536000
0,
0*
#538000
1,
#540000
0,
1*
#542000
1,
#544000
0,
0*
#546000
1,
#548000
0,
1*
#550000
1,
#552000
0,
0*
#554000
1,
#556000
0,
1*
#558000
1,
#560000
0,
0*
#562000
1,
#564000
0,
1*
#566000
1,
#568000
0,
0*
#570000
1,
#572000
0,
1*
#574000
1,
#576000
0,
0*
#578000
1,
#580000
0,
1*
#582000
1,
#584000
0,
0*
#586000
1,
#588000
0,
1*
#590000
1,
#592000
0,
0*
#594000
1,
#596000
0,
1*
#598000
1,
#600000
0,
0*
#602000
1,
#604000
0,
1*
#606000
1,
#608000
0,
0*
#610000
1,
#612000
0,
1*
#614000
1,
#616000
0,
0*
#618000
1,
#620000
0,
1*
#622000
1,
#624000
0,
0*
#626000
1,
#628000
0,
1*
#630000
1,
#632000
0,
0*
#634000
1,
#636000
0,
1*
#638000
1,
#640000
0,
0*
#642000
1,
#644000
0,
1*
#646000
1,
#648000
0,
0*
#650000
1,
#652000
0,
1*
#654000
1,
#656000
0,
0*
#658000
1,
#660000
0,
1*
#662000
1,
#664000
0,
0*
#666000
1,
#668000
0,
1*
#670000
1,
#672000
0,
0*
#674000
1,
#676000
0,
1*
#678000
1,
#680000
0,
0*
#682000
1,
#684000
0,
1*
#686000
1,
#688000
0,
0*
#690000
1,
#692000
0,
1*
#694000
1,
#696000
0,
0*
#698000
1,
#700000
0,
1*
#702000
1,
#704000
0,
0*
#706000
1,
#708000
0,
1*
#710000
1,
#712000
0,
0*
#714000
1,
#716000
0,
1*
#718000
1,
#720000
0,
0*
#722000
1,
#724000
0,
1*
#726000
1,
#728000
0,
0*
#730000
1,
#732000
0,
1*
#734000
1,
#736000
0,
0*
#738000
1,
#740000
0,
1*
#742000
1,
#744000
0,
0*
#746000
1,
#748000
0,
1*
#750000
1,
#752000
0,
0*
#754000
1,
#756000
0,
1*
#758000
1,
#760000
0,
0*
#762000
1,
#764000
0,
1*
#766000
1,
#768000
0,
0*
#770000
1,
#772000
0,
1*
#774000
1,
#776000
0,
0*
#778000
1,
#780000
0,
1*
#782000
1,
#784000
0,
0*
#786000
1,
#788000
0,
1*
#790000
1,
#792000
0,
0*
#794000
1,
#796000
0,
1*
#798000
1,
#800000
0,
0*
#802000
1,
#804000
0,
1*
#806000
1,
#808000
0,
0*
#810000
1,
#812000
0,
1*
#814000
1,
#816000
0,
0*
#818000
1,
#820000
0,
1*
#822000
1,
#824000
0,
0*
#826000
1,
#828000
0,
1*
#830000
1,
#832000
0,
0*
#834000
1,
#836000
0,
1*
#838000
1,
#840000
0,
0*
#842000
1,
#844000
0,
1*
#846000
1,
#848000
0,
0*
#850000
1,
#852000
0,
1*
#854000
1,
#856000
0,
0*
#858000
1,
#860000
0,
1*
#862000
1,
#864000
0,
0*
#866000
1,
#868000
0,
1*
#870000
1,
#872000
0,
0*
#874000
1,
#876000
0,
1*
#878000
1,
#880000
0,
0*
#882000
1,
#884000
0,
1*
#886000
1,
#888000
0,
0*
#890000
1,
#892000
0,
1*
#894000
1,
#896000
0,
0*
#898000
1,
#900000
0,
1*
#902000
1,
#904000
0,
0*
#906000
1,
#908000
0,
1*
#910000
1,
#912000
0,
0*
#914000
1,
#916000
0,
1*
#918000
1,
#920000
0,
0*
#922000
1,
#924000
0,
1*
#926000
1,
#928000
0,
0*
#930000
1,
#932000
0,
1*
#934000
1,
#936000
0,
0*
#938000
1,
#940000
0,
1*
#942000
1,
#944000
0,
0*
#946000
1,
#948000
0,
1*
#950000
1,
#952000
0,
0*
#954000
1,
#956000
0,
1*
#958000
1,
#960000
0,
0*
#962000
1,
#964000
0,
1*
#966000
1,
#968000
0,
0*
#970000
1,
#972000
0,
1*
#974000
1,
#976000
0,
0*
#978000
1,
#980000
0,
1*
#982000
1,
#984000
0,
0*
#986000
1,
#988000
0,
1*
#990000
1,
#992000
0,
0*
#994000
1,
#996000
0,
1*
#998000
1,
#1000000
0,
0*
#1002000
1,
#1004000
0,
1*
#1006000
1,
#1008000
0,
0*
#1010000
1,
#1012000
0,
1*
#1014000
1,
#1016000
0,
0*
#1018000
1,
#1020000
0,
1*
#1022000
1,
#1024000
0,
0*
#1026000
1,
#1028000
0,
1*
#1030000
1,
#1032000
0,
0*
#1034000
1,
#1036000
0,
1*
#1038000
1,
#1040000
0,
0*
#1042000
1,
#1044000
0,
1*
#1046000
1,
#1048000
0,
0*
#1050000
1,
#1052000
0,
1*
#1054000
1,
#1056000
0,
0*
#1058000
1,
#1060000
0,
1*
#1062000
1,
#1064000
0,
0*
#1066000
1,
#1068000
0,
1*
#1070000
1,
#1072000
0,
0*
#1074000
1,
#1076000
0,
1*
#1078000
1,
#1080000
0,
0*
#1082000
1,
#1084000
0,
1*
#1086000
1,
#1088000
0,
0*
#1090000
1,
#1092000
0,
1*
#1094000
1,
#1096000
0,
0*
#1098000
1,
#1100000
0,
1*
#1102000
1,
#1104000
0,
0*
#1106000
1,
#1108000
0,
1*
#1110000
1,
#1112000
0,
0*
#1114000
1,
#1116000
0,
1*
#1118000
1,
#1120000
0,
0*
#1122000
1,
#1124000
0,
1*
#1126000
1,
#1128000
0,
0*
#1130000
1,
#1132000
0,
1*
#1134000
1,
#1136000
0,
0*
#1138000
1,
#1140000
0,
1*
#1142000
1,
#1144000
0,
0*
#1146000
1,
#1148000
0,
1*
#1150000
1,
#1152000
0,
0*
#1154000
1,
#1156000
0,
1*
#1158000
1,
#1160000
0,
0*
#1162000
1,
#1164000
0,
1*
#1166000
1,
#1168000
0,
0*
#1170000
1,
#1172000
0,
1*
#1174000
1,
#1176000
0,
0*
#1178000
1,
#1180000
0,
1*
#1182000
1,
#1184000
0,
0*
#1186000
1,
#1188000
0,
1*
#1190000
1,
#1192000
0,
0*
#1194000
1,
#1196000
0,
1*
#1198000
1,
#1200000
0,
0*
#1202000
1,
#1204000
0,
1*
#1206000
1,
#1208000
0,
0*
#1210000
1,
#1212000
0,
1*
#1214000
1,
#1216000
0,
0*
#1218000
1,
#1220000
0,
1*
#1222000
1,
#1224000
0,
0*
#1226000
1,
#1228000
0,
1*
#1230000
1,
#1232000
0,
0*
#1234000
1,
#1236000
0,
1*
#1238000
1,
#1240000
0,
0*
#1242000
1,
#1244000
0,
1*
#1246000
1,
#1248000
0,
0*
#1250000
1,
#1252000
0,
1*
#1254000
1,
#1256000
0,
0*
#1258000
1,
#1260000
0,
1*
#1262000
1,
#1264000
0,
0*
#1266000
1,
#1268000
0,
1*
#1270000
1,
#1272000
0,
0*
#1274000
1,
#1276000
0,
1*
#1278000
1,
#1280000
0,
0*
#1282000
1,
#1284000
0,
1*
#1286000
1,
#1288000
0,
0*
#1290000
1,
#1292000
0,
1*
#1294000
1,
#1296000
0,
0*
#1298000
1,
#1300000
0,
1*
#1302000
1,
#1304000
0,
0*
#1306000
1,
#1308000
0,
1*
#1310000
1,
#1312000
0,
0*
#1314000
1,
#1316000
0,
1*
#1318000
1,
#1320000
0,
0*
#1322000
1,
#1324000
0,
1*
#1326000
1,
#1328000
0,
0*
#1330000
1,
#1332000
0,
1*
#1334000
1,
#1336000
0,
0*
#1338000
1,
#1340000
0,
1*
#1342000
1,
#1344000
0,
0*
#1346000
1,
#1348000
0,
1*
#1350000
1,
#1352000
0,
0*
#1354000
1,
#1356000
0,
1*
#1358000
1,
#1360000
0,
0*
#1362000
1,
#1364000
0,
1*
#1366000
1,
#1368000
0,
0*
#1370000
1,
#1372000
0,
1*
#1374000
1,
#1376000
0,
0*
#1378000
1,
#1380000
0,
1*
#1382000
1,
#1384000
0,
0*
#1386000
1,
#1388000
0,
1*
#1390000
1,
#1392000
0,
0*
#1394000
1,
#1396000
0,
1*
#1398000
1,
#1400000
0,
0*
#1402000
1,
#1404000
0,
1*
#1406000
1,
#1408000
0,
0*
#1410000
1,
#1412000
0,
1*
#1414000
1,
#1416000
0,
0*
#1418000
1,
#1420000
0,
1*
#1422000
1,
#1424000
0,
0*
#1426000
1,
#1428000
0,
1*
#1430000
1,
#1432000
0,
0*
#1434000
1,
#1436000
0,
1*
#1438000
1,
#1440000
0,
0*
#1442000
1,
#1444000
0,
1*
#1446000
1,
#1448000
0,
0*
#1450000
1,
#1452000
0,
1*
#1454000
1,
#1456000
0,
0*
#1458000
1,
#1460000
0,
1*
#1462000
1,
#1464000
0,
0*
#1466000
1,
#1468000
0,
1*
#1470000
1,
#1472000
0,
0*
#1474000
1,
#1476000
0,
1*
#1478000
1,
#1480000
0,
0*
#1482000
1,
#1484000
0,
1*
#1486000
1,
#1488000
0,
0*
#1490000
1,
#1492000
0,
1*
#1494000
1,
#1496000
0,
0*
#1498000
1,
#1500000
0,
1*
#1502000
1,
#1504000
0,
0*
#1506000
1,
#1508000
0,
1*
#1510000
1,
#1512000
0,
0*
#1514000
1,
#1516000
0,
1*
#1518000
1,
#1520000
0,
0*
#1522000
1,
#1524000
0,
1*
#1526000
1,
#1528000
0,
0*
#1530000
1,
#1532000
0,
1*
#1534000
1,
#1536000
0,
0*
#1538000
1,
#1540000
0,
1*
#1542000
1,
#1544000
0,
0*
#1546000
1,
#1548000
0,
1*
#1550000
1,
#1552000
0,
0*
#1554000
1,
#1556000
0,
1*
#1558000
1,
#1560000
0,
0*
#1562000
1,
#1564000
0,
1*
#1566000
1,
#1568000
0,
0*
#1570000
1,
#1572000
0,
1*
#1574000
1,
#1576000
0,
0*
#1578000
1,
#1580000
0,
1*
#1582000
1,
#1584000
0,
0*
#1586000
1,
#1588000
0,
1*
#1590000
1,
#1592000
0,
0*
#1594000
1,
#1596000
0,
1*
#1598000
1,
#1600000
0,
0*
#1602000
1,
#1604000
0,
1*
#1606000
1,
#1608000
0,
0*
#1610000
1,
#1612000
0,
1*
#1614000
1,
#1616000
0,
0*
#1618000
1,
#1620000
0,
1*
#1622000
1,
#1624000
0,
0*
#1626000
1,
#1628000
0,
1*
#1630000
1,
#1632000
0,
0*
#1634000
1,
#1636000
0,
1*
#1638000
1,
#1640000
0,
0*
#1642000
1,
#1644000
0,
1*
#1646000
1,
#1648000
0,
0*
#1650000
1,
#1652000
0,
1*
#1654000
1,
#1656000
0,
0*
#1658000
1,
#1660000
0,
1*
#1662000
1,
#1664000
0,
0*
#1666000
1,
#1668000
0,
1*
#1670000
1,
#1672000
0,
0*
#1674000
1,
#1676000
0,
1*
#1678000
1,
#1680000
0,
0*
#1682000
1,
#1684000
0,
1*
#1686000
1,
#1688000
0,
0*
#1690000
1,
#1692000
0,
1*
#1694000
1,
#1696000
0,
0*
#1698000
1,
#1700000
0,
1*
#1702000
1,
#1704000
0,
0*
#1706000
1,
#1708000
0,
1*
#1710000
1,
#1712000
0,
0*
#1714000
1,
#1716000
0,
1*
#1718000
1,
#1720000
0,
0*
#1722000
1,
#1724000
0,
1*
#1726000
1,
#1728000
0,
0*
#1730000
1,
#1732000
0,
1*
#1734000
1,
#1736000
0,
0*
#1738000
1,
#1740000
0,
1*
#1742000
1,
#1744000
0,
0*
#1746000
1,
#1748000
0,
1*
#1750000
1,
#1752000
0,
0*
#1754000
1,
#1756000
0,
1*
#1758000
1,
#1760000
0,
0*
#1762000
1,
#1764000
0,
1*
#1766000
1,
#1768000
0,
0*
#1770000
1,
#1772000
0,
1*
#1774000
1,
#1776000
0,
0*
#1778000
1,
#1780000
0,
1*
#1782000
1,
#1784000
0,
0*
#1786000
1,
#1788000
0,
1*
#1790000
1,
#1792000
0,
0*
#1794000
1,
#1796000
0,
1*
#1798000
1,
#1800000
0,
0*
#1802000
1,
#1804000
0,
1*
#1806000
1,
#1808000
0,
0*
#1810000
1,
#1812000
0,
1*
#1814000
1,
#1816000
0,
0*
#1818000
1,
#1820000
0,
1*
#1822000
1,
#1824000
0,
0*
#1826000
1,
#1828000
0,
1*
#1830000
1,
#1832000
0,
0*
#1834000
1,
#1836000
0,
1*
#1838000
1,
#1840000
0,
0*
#1842000
1,
#1844000
0,
1*
#1846000
1,
#1848000
0,
0*
#1850000
1,
#1852000
0,
1*
#1854000
1,
#1856000
0,
0*
#1858000
1,
#1860000
0,
1*
#1862000
1,
#1864000
0,
0*
#1866000
1,
#1868000
0,
1*
#1870000
1,
#1872000
0,
0*
#1874000
1,
#1876000
0,
1*
#1878000
1,
#1880000
0,
0*
#1882000
1,
#1884000
0,
1*
#1886000
1,
#1888000
0,
0*
#1890000
1,
#1892000
0,
1*
#1894000
1,
#1896000
0,
0*
#1898000
1,
#1900000
0,
1*
#1902000
1,
#1904000
0,
0*
#1906000
1,
#1908000
0,
1*
#1910000
1,
#1912000
0,
0*
#1914000
1,
#1916000
0,
1*
#1918000
1,
#1920000
0,
0*
#1922000
1,
#1924000
0,
1*
#1926000
1,
#1928000
0,
0*
#1930000
1,
#1932000
0,
1*
#1934000
1,
#1936000
0,
0*
#1938000
1,
#1940000
0,
1*
#1942000
1,
#1944000
0,
0*
#1946000
1,
#1948000
0,
1*
#1950000
1,
#1952000
0,
0*
#1954000
1,
#1956000
0,
1*
#1958000
1,
#1960000
0,
0*
#1962000
1,
#1964000
0,
1*
#1966000
1,
#1968000
0,
0*
#1970000
1,
#1972000
0,
1*
#1974000
1,
#1976000
0,
0*
#1978000
1,
#1980000
0,
1*
#1982000
1,
#1984000
0,
0*
#1986000
1,
#1988000
0,
1*
#1990000
1,
#1992000
0,
0*
#1994000
1,
#1996000
0,
1*
#1998000
1,
#2000000
0,
0*
#2002000
1,
#2004000
0,
1*
#2006000
1,
#2008000
0,
0*
#2010000
1,
#2012000
0,
1*
#2014000
1,
#2016000
0,
0*
#2018000
1,
#2020000
0,
1*
#2022000
1,
#2024000
0,
0*
#2026000
1,
#2028000
0,
1*
#2030000
1,
#2032000
0,
0*
#2034000
1,
#2036000
0,
1*
#2038000
1,
#2040000
0,
0*
#2042000
1,
#2044000
0,
1*
#2046000
1,
#2048000
0,
0*
#2050000
1,
#2052000
0,
1*
#2054000
1,
#2056000
0,
0*
#2058000
1,
#2060000
0,
1*
#2062000
1,
#2064000
0,
0*
#2066000
1,
#2068000
0,
1*
#2070000
1,
#2072000
0,
0*
#2074000
1,
#2076000
0,
1*
#2078000
1,
#2080000
0,
0*
#2082000
1,
#2084000
0,
1*
#2086000
1,
#2088000
0,
0*
#2090000
1,
#2092000
0,
1*
#2094000
1,
#2096000
0,
0*
#2098000
1,
#2100000
0,
1*
#2102000
1,
#2104000
0,
0*
#2106000
1,
#2108000
0,
1*
#2110000
1,
#2112000
0,
0*
#2114000
1,
#2116000
0,
1*
#2118000
1,
#2120000
0,
0*
#2122000
1,
#2124000
0,
1*
#2126000
1,
#2128000
0,
0*
#2130000
1,
#2132000
0,
1*
#2134000
1,
#2136000
0,
0*
#2138000
1,
#2140000
0,
1*
#2142000
1,
#2144000
0,
0*
#2146000
1,
#2148000
0,
1*
#2150000
1,
#2152000
0,
0*
#2154000
1,
#2156000
0,
1*
#2158000
1,
#2160000
0,
0*
#2162000
1,
#2164000
0,
1*
#2166000
1,
#2168000
0,
0*
#2170000
1,
#2172000
0,
1*
#2174000
1,
#2176000
0,
0*
#2178000
1,
#2180000
0,
1*
#2182000
1,
#2184000
0,
0*
#2186000
1,
#2188000
0,
1*
#2190000
1,
#2192000
0,
0*
#2194000
1,
#2196000
0,
1*
#2198000
1,
#2200000
0,
0*
#2202000
1,
#2204000
0,
1*
#2206000
1,
#2208000
0,
0*
#2210000
1,
#2212000
0,
1*
#2214000
1,
#2216000
0,
0*
#2218000
1,
#2220000
0,
1*
1)
#2222000
b111 L
b110 K
b100 O
b1100 U
b101100 #
b101100 1
b101100 7
b101100 T
1!
1,
#2224000
0,
0*
#2226000
b100 2
b100 8
b100 P
b101 L
b111 K
b101100 &
b101100 .
b101100 5
b101100 9
b101 O
b100 R
b110 0
b110 H
b110 S
b1101 U
b101101 #
b101101 1
b101101 7
b101101 T
1,
#2228000
b110 I
0,
1*
#2230000
b101 2
b101 8
b101 P
b100 L
b101 K
b1110 U
b101110 #
b101110 1
b101110 7
b101110 T
b110 O
b101 R
b111 0
b111 H
b111 S
1,
#2232000
0,
0*
#2234000
b110 2
b110 8
b110 P
b1100 L
b100 K
b111 O
b110 R
b101 0
b101 H
b101 S
b1111 U
b101111 #
b101111 1
b101111 7
b101111 T
1,
#2236000
1B
0?
b110 3
b110 >
b110 J
b101 I
0,
1*
#2238000
b111 2
b111 8
b111 P
b1101 L
b1100 K
b0 U
b110000 #
b110000 1
b110000 7
b110000 T
b1000 O
b111 R
b100 0
b100 H
b100 S
1,
#2240000
0,
0*
#2242000
b1000 2
b1000 8
b1000 P
b1111 L
b1101 K
b1001 O
b1000 R
b1100 0
b1100 H
b1100 S
b1 U
b110001 #
b110001 1
b110001 7
b110001 T
1,
#2244000
0%
1(
0B
b101 3
b101 >
b101 J
b1100 I
0,
1*
#2246000
b1001 2
b1001 8
b1001 P
b1110 L
b1111 K
b10 U
b110010 #
b110010 1
b110010 7
b110010 T
b1010 O
b1001 R
b1101 0
b1101 H
b1101 S
1,
#2248000
0,
0*
#2250000
b1010 2
b1010 8
b1010 P
b1010 L
b1110 K
b1011 O
b1010 R
b1111 0
b1111 H
b1111 S
b11 U
b110011 #
b110011 1
b110011 7
b110011 T
1,
#2252000
b111 =
b110 <
b100 @
b1100 3
b1100 >
b1100 J
b1111 I
0(
1$
0,
1*
#2254000
b1011 2
b1011 8
b1011 P
b1011 L
b1010 K
b100 U
b110100 #
b110100 1
b110100 7
b110100 T
b1100 O
b1011 R
b1110 0
b1110 H
b1110 S
1,
#2256000
0,
0*
#2258000
b1100 2
b1100 8
b1100 P
b1001 L
b1011 K
b1101 O
b1100 R
b1010 0
b1010 H
b1010 S
b101 U
b110101 #
b110101 1
b110101 7
b110101 T
1,
#2260000
b101101 &
b101101 .
b101101 5
b101101 9
b100 6
b100 :
b100 A
b101 =
b111 <
b101 @
b100 C
b110 4
b110 D
b110 E
b1111 3
b1111 >
b1111 J
b1010 I
0,
1*
#2262000
b1101 2
b1101 8
b1101 P
b1000 L
b1001 K
b110 U
b110110 #
b110110 1
b110110 7
b110110 T
b110 F
b1110 O
b1101 R
b1011 0
b1011 H
b1011 S
1,
#2264000
0,
0*
#2266000
b1110 2
b1110 8
b1110 P
b11000 L
b1000 K
b1111 O
b1110 R
b1001 0
b1001 H
b1001 S
b110 /
b110 G
b110 M
b111 U
b110111 #
b110111 1
b110111 7
b110111 T
1,
#2268000
b101110 &
b101110 .
b101110 5
b101110 9
b101 6
b101 :
b101 A
b100 =
b101 <
b1010 3
b1010 >
b1010 J
b1001 I
b110 @
b101 C
b111 4
b111 D
b111 E
0,
1*
#2270000
b1111 2
b1111 8
b1111 P
b11001 L
b11000 K
b1000 U
b111000 #
b111000 1
b111000 7
b111000 T
b111 F
b10000 O
b1111 R
b1000 0
b1000 H
b1000 S
1,
#2272000
0,
0*
#2274000
b0 2
b0 8
b0 P
b11011 L
b11001 K
b10001 O
b10000 R
b11000 0
b11000 H
b11000 S
b111 /
b111 G
b111 M
b1001 U
b111001 #
b111001 1
b111001 7
b111001 T
1,
#2276000
b101111 &
b101111 .
b101111 5
b101111 9
b110 6
b110 :
b110 A
b1100 =
b100 <
b111 @
b110 C
b101 4
b101 D
b101 E
b1001 3
b1001 >
b1001 J
b11000 I
0,
1*
#2278000
b1 2
b1 8
b1 P
b11010 L
b11011 K
b1010 U
b111010 #
b111010 1
b111010 7
b111010 T
b101 F
b10010 O
b10001 R
b11001 0
b11001 H
b11001 S
1,
#2280000
0,
0*
#2282000
b10 2
b10 8
b10 P
0Q
b11110 L
b11010 K
b10011 O
b10010 R
b11011 0
b11011 H
b11011 S
b101 /
b101 G
b101 M
b1011 U
b111011 #
b111011 1
b111011 7
b111011 T
1,
#2284000
b110000 &
b110000 .
b110000 5
b110000 9
b111 6
b111 :
b111 A
b1101 =
b1100 <
b11000 3
b11000 >
b11000 J
b11011 I
b1000 @
b111 C
b100 4
b100 D
b100 E
0,
1*
#2286000
b11 2
b11 8
b11 P
b11111 L
0N
b11110 K
b1100 U
b111100 #
b111100 1
b111100 7
b111100 T
b100 F
b10100 O
b10011 R
b11010 0
b11010 H
b11010 S
1,
#2288000
0,
0*
#2290000
b100 2
b100 8
b100 P
0Q
b11101 L
b11111 K
b10101 O
b10100 R
b11110 0
b11110 H
b11110 S
b100 /
b100 G
b100 M
b1101 U
b111101 #
b111101 1
b111101 7
b111101 T
1,
#2292000
b110001 &
b110001 .
b110001 5
b110001 9
b1000 6
b1000 :
b1000 A
b1111 =
b1101 <
b1001 @
b1000 C
b1100 4
b1100 D
b1100 E
b11011 3
b11011 >
b11011 J
b11110 I
0,
1*
#2294000
b101 2
b101 8
b101 P
1Q
b11100 L
0N
b11101 K
b1110 U
b111110 #
b111110 1
b111110 7
b111110 T
b1100 F
b10110 O
b10101 R
b11111 0
b11111 H
b11111 S
1,
#2296000
0,
0*
#2298000
b110 2
b110 8
b110 P
1Q
b10100 L
0N
b11100 K
1'
b10111 O
b10110 R
b11101 0
b11101 H
b11101 S
b1100 /
b1100 G
b1100 M
b1111 U
b111111 #
b111111 1
b111111 7
b111111 T
1,
#2300000
b110010 &
b110010 .
b110010 5
b110010 9
b1001 6
b1001 :
b1001 A
b1110 =
b1111 <
b11110 3
b11110 >
b11110 J
b11101 I
b1010 @
b1001 C
b1101 4
b1101 D
b1101 E
0,
1*
#2302000
1N
b111 2
b111 8
b111 P
0Q
b10101 L
b10100 K
b0 U
b1000000 #
b1000000 1
b1000000 7
b1000000 T
b1101 F
b11000 O
b10111 R
b11100 0
b11100 H
b11100 S
1,
#2304000
0,
0*
#2306000
b1000 2
b1000 8
b1000 P
b10101 L
b10100 K
0N
1Q
1"
0'
b11000 O
b11000 R
b10100 0
b10100 H
b10100 S
b1101 /
b1101 G
b1101 M
b1 U
b1000001 #
b1000001 1
b1000001 7
b1000001 T
1,
#2308000
b110011 &
b110011 .
b110011 5
b110011 9
b1010 6
b1010 :
b1010 A
b1010 =
b1110 <
b1011 @
b1010 C
b1111 4
b1111 D
b1111 E
b11101 3
b11101 >
b11101 J
b10100 I
0,
1*
#2310000
0!
b1111 F
0"
1'
1,
#2312000
0,
0*
#2314000
b10111 L
b10101 K
b11001 O
1Q
b1111 /
b1111 G
b1111 M
b10 U
b1000010 #
b1000010 1
b1000010 7
b1000010 T
1!
1,
#2316000
b110100 &
b110100 .
b110100 5
b110100 9
b1011 6
b1011 :
b1011 A
b1011 =
b1010 <
b10100 3
b10100 >
b10100 J
b1100 @
b1011 C
b1110 4
b1110 D
b1110 E
0,
1*
#2318000
1N
b1001 2
b1001 8
b1001 P
0Q
b10110 L
b10111 K
b11 U
b1000011 #
b1000011 1
b1000011 7
b1000011 T
b1110 F
b11010 O
b11001 R
b10101 0
b10101 H
b10101 S
1,
#2320000
0,
0*
#2322000
b1010 2
b1010 8
b1010 P
b10110 L
b10111 K
0N
1Q
1"
0'
b11010 O
b11010 R
b10111 0
b10111 H
b10111 S
b1110 /
b1110 G
b1110 M
b100 U
b1000100 #
b1000100 1
b1000100 7
b1000100 T
1,
#2324000
b110101 &
b110101 .
b110101 5
b110101 9
b1100 6
b1100 :
b1100 A
b1001 =
b1011 <
b1101 @
b1100 C
b1010 4
b1010 D
b1010 E
b10111 I
0,
1*
#2326000
0!
b1010 F
0"
1'
1,
#2328000
0,
0*
#2330000
b10010 L
b10110 K
b11011 O
1Q
b1010 /
b1010 G
b1010 M
b101 U
b1000101 #
b1000101 1
b1000101 7
b1000101 T
1!
1,
#2332000
b110110 &
b110110 .
b110110 5
b110110 9
b1101 6
b1101 :
b1101 A
b1000 =
b1001 <
b10111 3
b10111 >
b10111 J
b1110 @
b1101 C
b1011 4
b1011 D
b1011 E
0,
1*
#2334000
1N
b1011 2
b1011 8
b1011 P
0Q
b10011 L
b10010 K
b110 U
b1000110 #
b1000110 1
b1000110 7
b1000110 T
b1011 F
b11100 O
b11011 R
b10110 0
b10110 H
b10110 S
1,
#2336000
0,
0*
#2338000
b1100 2
b1100 8
b1100 P
b10011 L
b10010 K
0N
1Q
1"
0'
b11100 O
b11100 R
b10010 0
b10010 H
b10010 S
b1011 /
b1011 G
b1011 M
b111 U
b1000111 #
b1000111 1
b1000111 7
b1000111 T
1,
#2340000
b110111 &
b110111 .
b110111 5
b110111 9
b1110 6
b1110 :
b1110 A
0B
b11000 =
b1000 <
b1111 @
b1110 C
b1001 4
b1001 D
b1001 E
b10010 I
0,
1*
#2342000
0!
b1001 F
0"
1'
1,
#2344000
0,
0*
#2346000
b10001 L
b10011 K
b11101 O
1Q
b1001 /
b1001 G
b1001 M
b1000 U
b1001000 #
b1001000 1
b1001000 7
b1001000 T
1!
1,
#2348000
b111000 &
b111000 .
b111000 5
b111000 9
b1111 6
b1111 :
b1111 A
b11001 =
b11000 <
b10010 3
b10010 >
b10010 J
b10000 @
b1111 C
b1000 4
b1000 D
b1000 E
0,
1*
#2350000
1N
b1101 2
b1101 8
b1101 P
0Q
b10000 L
b10001 K
b1001 U
b1001001 #
b1001001 1
b1001001 7
b1001001 T
b1000 F
b11110 O
b11101 R
b10011 0
b10011 H
b10011 S
1,
#2352000
0,
0*
#2354000
b1110 2
b1110 8
b1110 P
b10000 L
b10001 K
0N
1Q
1"
0'
b11110 O
b11110 R
b10001 0
b10001 H
b10001 S
b1000 /
b1000 G
b1000 M
b1010 U
b1001010 #
b1001010 1
b1001010 7
b1001010 T
1,
#2356000
b111001 &
b111001 .
b111001 5
b111001 9
b0 6
b0 :
b0 A
b11011 =
b11001 <
b10001 @
b10000 C
b11000 4
b11000 D
b11000 E
b10001 I
0,
1*
#2358000
0!
b11000 F
0"
1'
1,
#2360000
0,
0*
#2362000
b0 L
b10000 K
1Q
b11111 O
b11000 /
b11000 G
b11000 M
b1011 U
b1001011 #
b1001011 1
b1001011 7
b1001011 T
1!
1,
#2364000
b111010 &
b111010 .
b111010 5
b111010 9
b1 6
b1 :
b1 A
b11010 =
b11011 <
b10001 3
b10001 >
b10001 J
b10010 @
b10001 C
b11001 4
b11001 D
b11001 E
0,
1*
#2366000
1N
b1111 2
b1111 8
b1111 P
0Q
b1 L
b0 K
b1100 U
b1001100 #
b1001100 1
b1001100 7
b1001100 T
b11001 F
b0 O
b11111 R
b10000 0
b10000 H
b10000 S
1,
#2368000
0,
0*
#2370000
b0 2
b0 8
b0 P
b1 L
b0 K
0N
1Q
1"
0'
b0 O
b0 R
b0 0
b0 H
b0 S
b11001 /
b11001 G
b11001 M
b1101 U
b1001101 #
b1001101 1
b1001101 7
b1001101 T
1,
#2372000
b111011 &
b111011 .
b111011 5
b111011 9
b10 6
b10 :
b10 A
b11110 =
b11010 <
b10011 @
b10010 C
b11011 4
b11011 D
b11011 E
b0 I
0,
1*
#2374000
0!
b11011 F
0"
1'
1,
#2376000
0,
0*
#2378000
b11 L
b1 K
b1 O
1Q
b11011 /
b11011 G
b11011 M
b1110 U
b1001110 #
b1001110 1
b1001110 7
b1001110 T
1!
1,
#2380000
b111100 &
b111100 .
b111100 5
b111100 9
b11 6
b11 :
b11 A
b11111 =
b11110 <
b0 3
b0 >
b0 J
b10100 @
b10011 C
b11010 4
b11010 D
b11010 E
0,
1*
#2382000
1N
b1 2
b1 8
b1 P
0Q
b10 L
b11 K
b1111 U
b1001111 #
b1001111 1
b1001111 7
b1001111 T
b11010 F
b10 O
b1 R
b1 0
b1 H
b1 S
1,
#2384000
0,
0*
#2386000
b10 2
b10 8
b10 P
b10 L
b11 K
0N
1Q
1"
0'
b10 O
b10 R
b11 0
b11 H
b11 S
b11010 /
b11010 G
b11010 M
b0 U
b1010000 #
b1010000 1
b1010000 7
b1010000 T
1,
#2388000
b111101 &
b111101 .
b111101 5
b111101 9
b100 6
b100 :
b100 A
b11101 =
b11111 <
b10101 @
b10100 C
b11110 4
b11110 D
b11110 E
b11 I
0,
1*
#2390000
0!
b11110 F
0"
1'
1,
#2392000
0,
0*
#2394000
b110 L
b10 K
b11 O
1Q
b11110 /
b11110 G
b11110 M
b1 U
b1010001 #
b1010001 1
b1010001 7
b1010001 T
1!
1,
#2396000
b111110 &
b111110 .
b111110 5
b111110 9
b101 6
b101 :
b101 A
b11100 =
b11101 <
b11 3
b11 >
b11 J
b10110 @
b10101 C
b11111 4
b11111 D
b11111 E
0,
1*
#2398000
1N
b11 2
b11 8
b11 P
0Q
b111 L
b110 K
b10 U
b1010010 #
b1010010 1
b1010010 7
b1010010 T
b11111 F
b100 O
b11 R
b10 0
b10 H
b10 S
1,
#2400000
0,
0*
#2402000
b100 2
b100 8
b100 P
b111 L
b110 K
0N
1Q
1"
0'
b100 O
b100 R
b110 0
b110 H
b110 S
b11111 /
b11111 G
b11111 M
b11 U
b1010011 #
b1010011 1
b1010011 7
b1010011 T
1,
#2404000
b111111 &
b111111 .
b111111 5
b111111 9
b110 6
b110 :
b110 A
b10100 =
b11100 <
b10111 @
b10110 C
b11101 4
b11101 D
b11101 E
b110 I
0,
1*
#2406000
0!
b11101 F
0"
1'
1,
#2408000
0,
0*
#2410000
b101 L
b111 K
b101 O
1Q
b11101 /
b11101 G
b11101 M
b100 U
b1010100 #
b1010100 1
b1010100 7
b1010100 T
1!
1,
#2412000
b1000000 &
b1000000 .
b1000000 5
b1000000 9
b111 6
b111 :
b111 A
b10101 =
b10100 <
b110 3
b110 >
b110 J
b11000 @
b10111 C
b11100 4
b11100 D
b11100 E
0,
1*
#2414000
1N
b101 2
b101 8
b101 P
0Q
b100 L
b101 K
b101 U
b1010101 #
b1010101 1
b1010101 7
b1010101 T
b11100 F
b110 O
b101 R
b111 0
b111 H
b111 S
1,
#2416000
0,
0*
#2418000
b110 2
b110 8
b110 P
b100 L
b101 K
0N
1Q
1"
0'
b110 O
b110 R
b101 0
b101 H
b101 S
b11100 /
b11100 G
b11100 M
b110 U
b1010110 #
b1010110 1
b1010110 7
b1010110 T
1,
#2420000
b1000010 &
b1000010 .
b1000010 5
b1000010 9
b1000 6
b1000 :
b1000 A
b10111 =
b10101 <
b11001 @
b11000 C
b10100 4
b10100 D
b10100 E
b101 I
0,
1*
0)
#2422000
0!
b10100 F
0"
1'
1,
#2424000
0,
0*
#2426000
0Q
b10100 /
b10100 G
b10100 M
1,
#2428000
b1000011 &
b1000011 .
b1000011 5
b1000011 9
b1001 6
b1001 :
b1001 A
b10110 =
b10111 <
b101 3
b101 >
b101 J
b11010 @
b11001 C
b10101 4
b10101 D
b10101 E
0,
1*
#2430000
b10101 F
0'
1,
#2432000
0,
0*
#2434000
b10101 /
b10101 G
b10101 M
1,
#2436000
b1000101 &
b1000101 .
b1000101 5
b1000101 9
b1010 6
b1010 :
b1010 A
b10010 =
b10110 <
b11011 @
b11010 C
b10111 4
b10111 D
b10111 E
0,
1*
#2438000
b10111 F
1,
#2440000
0,
0*
#2442000
b10111 /
b10111 G
b10111 M
1,
#2444000
b1000110 &
b1000110 .
b1000110 5
b1000110 9
b1011 6
b1011 :
b1011 A
b10011 =
b10010 <
b11100 @
b11011 C
b10110 4
b10110 D
b10110 E
0,
1*
#2446000
b10110 F
1,
#2448000
0,
0*
#2450000
b10110 /
b10110 G
b10110 M
1,
#2452000
b1001000 &
b1001000 .
b1001000 5
b1001000 9
b1100 6
b1100 :
b1100 A
b10001 =
b10011 <
b11101 @
b11100 C
b10010 4
b10010 D
b10010 E
0,
1*
#2454000
b10010 F
1,
#2456000
0,
0*
#2458000
b10010 /
b10010 G
b10010 M
1,
#2460000
b1001001 &
b1001001 .
b1001001 5
b1001001 9
b1101 6
b1101 :
b1101 A
b10000 =
b10001 <
b11110 @
b11101 C
b10011 4
b10011 D
b10011 E
0,
1*
#2462000
b10011 F
1,
#2464000
0,
0*
#2466000
b10011 /
b10011 G
b10011 M
1,
#2468000
b1001011 &
b1001011 .
b1001011 5
b1001011 9
b1110 6
b1110 :
b1110 A
b0 =
b10000 <
b11111 @
b11110 C
b10001 4
b10001 D
b10001 E
0,
1*
#2470000
b10001 F
1,
#2472000
0,
0*
#2474000
b10001 /
b10001 G
b10001 M
1,
#2476000
b1001100 &
b1001100 .
b1001100 5
b1001100 9
b1111 6
b1111 :
b1111 A
b1 =
b0 <
b0 @
b11111 C
b10000 4
b10000 D
b10000 E
0,
1*
#2478000
b10000 F
1,
#2480000
0,
0*
#2482000
b10000 /
b10000 G
b10000 M
1,
#2484000
b1001110 &
b1001110 .
b1001110 5
b1001110 9
b0 6
b0 :
b0 A
b11 =
b1 <
b1 @
b0 C
b0 4
b0 D
b0 E
0,
1*
#2486000
b0 F
1,
#2488000
0,
0*
#2490000
b0 /
b0 G
b0 M
1,
#2492000
b1001111 &
b1001111 .
b1001111 5
b1001111 9
b1 6
b1 :
b1 A
b10 =
b11 <
b10 @
b1 C
b1 4
b1 D
b1 E
0,
1*
#2494000
b1 F
1,
#2496000
0,
0*
#2498000
b1 /
b1 G
b1 M
1,
#2500000
b1010001 &
b1010001 .
b1010001 5
b1010001 9
b10 6
b10 :
b10 A
0B
b110 =
b10 <
b11 @
b10 C
b11 4
b11 D
b11 E
0,
1*
#2502000
b11 F
1,
#2504000
0,
0*
#2506000
b11 /
b11 G
b11 M
1,
#2508000
b1010010 &
b1010010 .
b1010010 5
b1010010 9
b11 6
b11 :
b11 A
b111 =
0?
b110 <
b100 @
b11 C
b10 4
b10 D
b10 E
0,
1*
#2510000
b10 F
1,
#2512000
0,
0*
#2514000
b10 /
b10 G
b10 M
1,
#2516000
1B
b1010100 &
b1010100 .
b1010100 5
b1010100 9
b100 6
b100 :
b100 A
b101 =
b111 <
b101 @
b100 C
b110 4
b110 D
b110 E
0,
1*
#2518000
b110 F
1,
#2520000
0,
0*
#2522000
b110 /
b110 G
b110 M
1,
#2524000
1?
b1010101 &
b1010101 .
b1010101 5
b1010101 9
b101 6
b101 :
b101 A
0B
b100 =
b101 <
b110 @
b101 C
b111 4
b111 D
b111 E
1(
0,
1*
#2526000
b111 F
1,
#2528000
0,
0*
#2530000
b111 /
b111 G
b111 M
1,
#2532000
b111111 &
b111111 .
b111111 5
b111111 9
b110 6
b110 :
b110 A
b100 =
1?
b101 <
1%
0(
b110 @
b110 C
b101 4
b101 D
b101 E
0,
1*
#2534000
b101 F
1,
#2536000
0,
0*
#2538000
b101 /
b101 G
b101 M
1,
#2540000
0$
0,
1*
#2542000
1,
#2544000
0,
0*
#2546000
1,
#2548000
0,
1*
#2550000
1,
#2552000
0,
0*
#2554000
1,
#2556000
0,
1*
#2558000
1,
#2560000
0,
0*
#2562000
1,
#2564000
0,
1*
#2566000
1,
#2568000
0,
0*
#2570000
1,
#2572000
0,
1*
#2574000
1,
#2576000
0,
0*
#2578000
1,
#2580000
0,
1*
#2582000
1,
#2584000
0,
0*
#2586000
1,
#2588000
0,
1*
#2590000
1,
#2592000
0,
0*
#2594000
1,
#2596000
0,
1*
#2598000
1,
#2600000
0,
0*
#2602000
1,
#2604000
0,
1*
#2606000
1,
#2608000
0,
0*
#2610000
1,
#2612000
0,
1*
#2614000
1,
#2616000
0,
0*
#2618000
1,
#2620000
0,
1*
#2622000
1,
#2624000
0,
0*
#2626000
1,
#2628000
0,
1*
#2630000
1,
#2632000
0,
0*
#2634000
1,
#2636000
0,
1*
#2638000
1,
#2640000
0,
0*
#2642000
1,
#2644000
0,
1*
#2646000
1,
#2648000
0,
0*
#2650000
1,
#2652000
0,
1*
#2654000
1,
#2656000
0,
0*
#2658000
1,
#2660000
0,
1*
#2662000
1,
#2664000
0,
0*
#2666000
1,
#2668000
0,
1*
#2670000
1,
#2672000
0,
0*
#2674000
1,
#2676000
0,
1*
#2678000
1,
#2680000
0,
0*
#2682000
1,
#2684000
0,
1*
#2686000
1,
#2688000
0,
0*
#2690000
1,
#2692000
0,
1*
#2694000
1,
#2696000
0,
0*
#2698000
1,
#2700000
0,
1*
#2702000
1,
#2704000
0,
0*
#2706000
1,
#2708000
0,
1*
#2710000
1,
#2712000
0,
0*
#2714000
1,
#2716000
0,
1*
#2718000
1,
#2720000
0,
0*
#2722000
1,
#2724000
0,
1*
#2726000
1,
#2728000
0,
0*
#2730000
1,
#2732000
0,
1*
#2734000
1,
#2736000
0,
0*
#2738000
1,
#2740000
0,
1*
#2742000
1,
#2744000
0,
0*
#2746000
1,
#2748000
0,
1*
#2750000
1,
#2752000
0,
0*
#2754000
1,
#2756000
0,
1*
#2758000
1,
#2760000
0,
0*
#2762000
1,
#2764000
0,
1*
#2766000
1,
#2768000
0,
0*
#2770000
1,
#2772000
0,
1*
#2774000
1,
#2776000
0,
0*
#2778000
1,
#2780000
0,
1*
#2782000
1,
#2784000
0,
0*
#2786000
1,
#2788000
0,
1*
#2790000
1,
#2792000
0,
0*
#2794000
1,
#2796000
0,
1*
#2798000
1,
#2800000
0,
0*
#2802000
1,
#2804000
0,
1*
#2806000
1,
#2808000
0,
0*
#2810000
1,
#2812000
0,
1*
#2814000
1,
#2816000
0,
0*
#2818000
1,
#2820000
0,
1*
#2822000
1,
#2824000
0,
0*
#2826000
1,
#2828000
0,
1*
#2830000
1,
#2832000
0,
0*
#2834000
1,
#2836000
0,
1*
#2838000
1,
#2840000
0,
0*
#2842000
1,
#2844000
0,
1*
#2846000
1,
#2848000
0,
0*
#2850000
1,
#2852000
0,
1*
#2854000
1,
#2856000
0,
0*
#2858000
1,
#2860000
0,
1*
#2862000
1,
#2864000
0,
0*
#2866000
1,
#2868000
0,
1*
#2870000
1,
#2872000
0,
0*
#2874000
1,
#2876000
0,
1*
#2878000
1,
#2880000
0,
0*
#2882000
1,
#2884000
0,
1*
#2886000
1,
#2888000
0,
0*
#2890000
1,
#2892000
0,
1*
#2894000
1,
#2896000
0,
0*
#2898000
1,
#2900000
0,
1*
#2902000
1,
#2904000
0,
0*
#2906000
1,
#2908000
0,
1*
#2910000
1,
#2912000
0,
0*
#2914000
1,
#2916000
0,
1*
#2918000
1,
#2920000
0,
0*
#2922000
1,
#2924000
0,
1*
#2926000
1,
#2928000
0,
0*
#2930000
1,
#2932000
0,
1*
#2934000
1,
#2936000
0,
0*
#2938000
1,
#2940000
0,
1*
#2942000
1,
#2944000
0,
0*
#2946000
1,
#2948000
0,
1*
#2950000
1,
#2952000
0,
0*
#2954000
1,
#2956000
0,
1*
#2958000
1,
#2960000
0,
0*
#2962000
1,
#2964000
0,
1*
#2966000
1,
#2968000
0,
0*
#2970000
1,
#2972000
0,
1*
#2974000
1,
#2976000
0,
0*
#2978000
1,
#2980000
0,
1*
#2982000
1,
#2984000
0,
0*
#2986000
1,
#2988000
0,
1*
#2990000
1,
#2992000
0,
0*
#2994000
1,
#2996000
0,
1*
#2998000
1,
#3000000
0,
0*
#3002000
1,
#3004000
0,
1*
#3006000
1,
#3008000
0,
0*
#3010000
1,
#3012000
0,
1*
#3014000
1,
#3016000
0,
0*
#3018000
1,
#3020000
0,
1*
#3022000
1,
#3024000
0,
0*
#3026000
1,
#3028000
0,
1*
#3030000
1,
#3032000
0,
0*
#3034000
1,
#3036000
0,
1*
#3038000
1,
#3040000
0,
0*
#3042000
1,
#3044000
0,
1*
#3046000
1,
#3048000
0,
0*
#3050000
1,
#3052000
0,
1*
#3054000
1,
#3056000
0,
0*
#3058000
1,
#3060000
0,
1*
#3062000
1,
#3064000
0,
0*
#3066000
1,
#3068000
0,
1*
#3070000
1,
#3072000
0,
0*
#3074000
1,
#3076000
0,
1*
#3078000
1,
#3080000
0,
0*
#3082000
1,
#3084000
0,
1*
#3086000
1,
#3088000
0,
0*
#3090000
1,
#3092000
0,
1*
#3094000
1,
#3096000
0,
0*
#3098000
1,
#3100000
0,
1*
#3102000
1,
#3104000
0,
0*
#3106000
1,
#3108000
0,
1*
#3110000
1,
#3112000
0,
0*
#3114000
1,
#3116000
0,
1*
#3118000
1,
#3120000
0,
0*
#3122000
1,
#3124000
0,
1*
#3126000
1,
#3128000
0,
0*
#3130000
1,
#3132000
0,
1*
#3134000
1,
#3136000
0,
0*
#3138000
1,
#3140000
0,
1*
#3142000
1,
#3144000
0,
0*
#3146000
1,
#3148000
0,
1*
#3150000
1,
#3152000
0,
0*
#3154000
1,
#3156000
0,
1*
#3158000
1,
#3160000
0,
0*
#3162000
1,
#3164000
0,
1*
#3166000
1,
#3168000
0,
0*
#3170000
1,
#3172000
0,
1*
#3174000
1,
#3176000
0,
0*
#3178000
1,
#3180000
0,
1*
#3182000
1,
#3184000
0,
0*
#3186000
1,
#3188000
0,
1*
#3190000
1,
#3192000
0,
0*
#3194000
1,
#3196000
0,
1*
#3198000
1,
#3200000
0,
0*
#3202000
1,
#3204000
0,
1*
#3206000
1,
#3208000
0,
0*
#3210000
1,
#3212000
0,
1*
#3214000
1,
#3216000
0,
0*
#3218000
1,
#3220000
0,
1*
#3222000
1,
#3224000
0,
0*
#3226000
1,
#3228000
0,
1*
#3230000
1,
#3232000
0,
0*
#3234000
1,
#3236000
0,
1*
#3238000
1,
#3240000
0,
0*
#3242000
1,
#3244000
0,
1*
#3246000
1,
#3248000
0,
0*
#3250000
1,
#3252000
0,
1*
#3254000
1,
#3256000
0,
0*
#3258000
1,
#3260000
0,
1*
#3262000
1,
#3264000
0,
0*
#3266000
1,
#3268000
0,
1*
#3270000
1,
#3272000
0,
0*
#3274000
1,
#3276000
0,
1*
#3278000
1,
#3280000
0,
0*
#3282000
1,
#3284000
0,
1*
#3286000
1,
#3288000
0,
0*
#3290000
1,
#3292000
0,
1*
#3294000
1,
#3296000
0,
0*
#3298000
1,
#3300000
0,
1*
#3302000
1,
#3304000
0,
0*
#3306000
1,
#3308000
0,
1*
#3310000
1,
#3312000
0,
0*
#3314000
1,
#3316000
0,
1*
#3318000
1,
#3320000
0,
0*
#3322000
1,
#3324000
0,
1*
#3326000
1,
#3328000
0,
0*
#3330000
1,
#3332000
0,
1*
#3334000
1,
#3336000
0,
0*
#3338000
1,
#3340000
0,
1*
#3342000
1,
#3344000
0,
0*
#3346000
1,
#3348000
0,
1*
#3350000
1,
#3352000
0,
0*
#3354000
1,
#3356000
0,
1*
#3358000
1,
#3360000
0,
0*
#3362000
1,
#3364000
0,
1*
#3366000
1,
#3368000
0,
0*
#3370000
1,
#3372000
0,
1*
#3374000
1,
#3376000
0,
0*
#3378000
1,
#3380000
0,
1*
#3382000
1,
#3384000
0,
0*
#3386000
1,
#3388000
0,
1*
#3390000
1,
#3392000
0,
0*
#3394000
1,
#3396000
0,
1*
#3398000
1,
#3400000
0,
0*
#3402000
1,
#3404000
0,
1*
#3406000
1,
#3408000
0,
0*
#3410000
1,
#3412000
0,
1*
#3414000
1,
#3416000
0,
0*
#3418000
1,
#3420000
0,
1*
#3422000
1,
#3424000
0,
0*
#3426000
1,
#3428000
0,
1*
#3430000
1,
#3432000
0,
0*
#3434000
1,
#3436000
0,
1*
#3438000
1,
#3440000
0,
0*
#3442000
1,
#3444000
0,
1*
#3446000
1,
#3448000
0,
0*
#3450000
1,
#3452000
0,
1*
#3454000
1,
#3456000
0,
0*
#3458000
1,
#3460000
0,
1*
#3462000
1,
#3464000
0,
0*
#3466000
1,
#3468000
0,
1*
#3470000
1,
#3472000
0,
0*
#3474000
1,
#3476000
0,
1*
#3478000
1,
#3480000
0,
0*
#3482000
1,
#3484000
0,
1*
#3486000
1,
#3488000
0,
0*
#3490000
1,
#3492000
0,
1*
#3494000
1,
#3496000
0,
0*
#3498000
1,
#3500000
0,
1*
#3502000
1,
#3504000
0,
0*
#3506000
1,
#3508000
0,
1*
#3510000
1,
#3512000
0,
0*
#3514000
1,
#3516000
0,
1*
#3518000
1,
#3520000
0,
0*
#3522000
1,
#3524000
0,
1*
#3526000
1,
#3528000
0,
0*
#3530000
1,
#3532000
0,
1*
#3534000
1,
#3536000
0,
0*
#3538000
1,
#3540000
0,
1*
#3542000
1,
#3544000
0,
0*
#3546000
1,
#3548000
0,
1*
#3550000
1,
#3552000
0,
0*
#3554000
1,
#3556000
0,
1*
#3558000
1,
#3560000
0,
0*
#3562000
1,
#3564000
0,
1*
#3566000
1,
#3568000
0,
0*
#3570000
1,
#3572000
0,
1*
#3574000
1,
#3576000
0,
0*
#3578000
1,
#3580000
0,
1*
#3582000
1,
#3584000
0,
0*
#3586000
1,
#3588000
0,
1*
#3590000
1,
#3592000
0,
0*
#3594000
1,
#3596000
0,
1*
#3598000
1,
#3600000
0,
0*
#3602000
1,
#3604000
0,
1*
#3606000
1,
#3608000
0,
0*
#3610000
1,
#3612000
0,
1*
#3614000
1,
#3616000
0,
0*
#3618000
1,
#3620000
0,
1*
#3622000
1,
#3624000
0,
0*
#3626000
1,
#3628000
0,
1*
#3630000
1,
#3632000
0,
0*
#3634000
1,
#3636000
0,
1*
#3638000
1,
#3640000
0,
0*
#3642000
1,
#3644000
0,
1*
#3646000
1,
#3648000
0,
0*
#3650000
1,
#3652000
0,
1*
#3654000
1,
#3656000
0,
0*
#3658000
1,
#3660000
0,
1*
#3662000
1,
#3664000
0,
0*
#3666000
1,
#3668000
0,
1*
#3670000
1,
#3672000
0,
0*
#3674000
1,
#3676000
0,
1*
#3678000
1,
#3680000
0,
0*
#3682000
1,
#3684000
0,
1*
#3686000
1,
#3688000
0,
0*
#3690000
1,
#3692000
0,
1*
#3694000
1,
#3696000
0,
0*
#3698000
1,
#3700000
0,
1*
#3702000
1,
#3704000
0,
0*
#3706000
1,
#3708000
0,
1*
#3710000
1,
#3712000
0,
0*
#3714000
1,
#3716000
0,
1*
#3718000
1,
#3720000
0,
0*
#3722000
1,
#3724000
0,
1*
#3726000
1,
#3728000
0,
0*
#3730000
1,
#3732000
0,
1*
#3734000
1,
#3736000
0,
0*
#3738000
1,
#3740000
0,
1*
#3742000
1,
#3744000
0,
0*
#3746000
1,
#3748000
0,
1*
#3750000
1,
#3752000
0,
0*
#3754000
1,
#3756000
0,
1*
#3758000
1,
#3760000
0,
0*
#3762000
1,
#3764000
0,
1*
#3766000
1,
#3768000
0,
0*
#3770000
1,
#3772000
0,
1*
#3774000
1,
#3776000
0,
0*
#3778000
1,
#3780000
0,
1*
#3782000
1,
#3784000
0,
0*
#3786000
1,
#3788000
0,
1*
#3790000
1,
#3792000
0,
0*
#3794000
1,
#3796000
0,
1*
#3798000
1,
#3800000
0,
0*
#3802000
1,
#3804000
0,
1*
#3806000
1,
#3808000
0,
0*
#3810000
1,
#3812000
0,
1*
#3814000
1,
#3816000
0,
0*
#3818000
1,
#3820000
0,
1*
#3822000
1,
#3824000
0,
0*
#3826000
1,
#3828000
0,
1*
#3830000
1,
#3832000
0,
0*
#3834000
1,
#3836000
0,
1*
#3838000
1,
#3840000
0,
0*
#3842000
1,
#3844000
0,
1*
#3846000
1,
#3848000
0,
0*
#3850000
1,
#3852000
0,
1*
#3854000
1,
#3856000
0,
0*
#3858000
1,
#3860000
0,
1*
#3862000
1,
#3864000
0,
0*
#3866000
1,
#3868000
0,
1*
#3870000
1,
#3872000
0,
0*
#3874000
1,
#3876000
0,
1*
#3878000
1,
#3880000
0,
0*
#3882000
1,
#3884000
0,
1*
#3886000
1,
#3888000
0,
0*
#3890000
1,
#3892000
0,
1*
#3894000
1,
#3896000
0,
0*
#3898000
1,
#3900000
0,
1*
#3902000
1,
#3904000
0,
0*
#3906000
1,
#3908000
0,
1*
#3910000
1,
#3912000
0,
0*
#3914000
1,
#3916000
0,
1*
#3918000
1,
#3920000
0,
0*
#3922000
1,
#3924000
0,
1*
#3926000
1,
#3928000
0,
0*
#3930000
1,
#3932000
0,
1*
#3934000
1,
#3936000
0,
0*
#3938000
1,
#3940000
0,
1*
#3942000
1,
#3944000
0,
0*
#3946000
1,
#3948000
0,
1*
#3950000
1,
#3952000
0,
0*
#3954000
1,
#3956000
0,
1*
#3958000
1,
#3960000
0,
0*
#3962000
1,
#3964000
0,
1*
#3966000
1,
#3968000
0,
0*
#3970000
1,
#3972000
0,
1*
#3974000
1,
#3976000
0,
0*
#3978000
1,
#3980000
0,
1*
#3982000
1,
#3984000
0,
0*
#3986000
1,
#3988000
0,
1*
#3990000
1,
#3992000
0,
0*
#3994000
1,
#3996000
0,
1*
#3998000
1,
#4000000
0,
0*
#4002000
1,
#4004000
0,
1*
#4006000
1,
#4008000
0,
0*
#4010000
1,
#4012000
0,
1*
#4014000
1,
#4016000
0,
0*
#4018000
1,
#4020000
0,
1*
#4022000
1,
#4024000
0,
0*
#4026000
1,
#4028000
0,
1*
#4030000
1,
#4032000
0,
0*
#4034000
1,
#4036000
0,
1*
#4038000
1,
#4040000
0,
0*
#4042000
1,
#4044000
0,
1*
#4046000
1,
#4048000
0,
0*
#4050000
1,
#4052000
0,
1*
#4054000
1,
#4056000
0,
0*
#4058000
1,
#4060000
0,
1*
#4062000
1,
#4064000
0,
0*
#4066000
1,
#4068000
0,
1*
#4070000
1,
#4072000
0,
0*
#4074000
1,
#4076000
0,
1*
#4078000
1,
#4080000
0,
0*
#4082000
1,
#4084000
0,
1*
#4086000
1,
#4088000
0,
0*
#4090000
1,
#4092000
0,
1*
#4094000
1,
#4096000
0,
0*
#4098000
1,
#4100000
0,
1*
#4102000
1,
#4104000
0,
0*
#4106000
1,
#4108000
0,
1*
#4110000
1,
#4112000
0,
0*
#4114000
1,
#4116000
0,
1*
#4118000
1,
#4120000
0,
0*
#4122000
1,
#4124000
0,
1*
#4126000
1,
#4128000
0,
0*
#4130000
1,
#4132000
0,
1*
#4134000
1,
#4136000
0,
0*
#4138000
1,
#4140000
0,
1*
#4142000
1,
#4144000
0,
0*
#4146000
1,
#4148000
0,
1*
#4150000
1,
#4152000
0,
0*
#4154000
1,
#4156000
0,
1*
#4158000
1,
#4160000
0,
0*
#4162000
1,
#4164000
0,
1*
#4166000
1,
#4168000
0,
0*
#4170000
1,
#4172000
0,
1*
#4174000
1,
#4176000
0,
0*
#4178000
1,
#4180000
0,
1*
#4182000
1,
#4184000
0,
0*
#4186000
1,
#4188000
0,
1*
#4190000
1,
#4192000
0,
0*
#4194000
1,
#4196000
0,
1*
#4198000
1,
#4200000
0,
0*
#4202000
1,
#4204000
0,
1*
#4206000
1,
#4208000
0,
0*
#4210000
1,
#4212000
0,
1*
#4214000
1,
#4216000
0,
0*
#4218000
1,
#4220000
0,
1*
#4222000
1,
#4224000
0,
0*
#4226000
1,
#4228000
0,
1*
#4230000
1,
#4232000
0,
0*
#4234000
1,
#4236000
0,
1*
#4238000
1,
#4240000
0,
0*
#4242000
1,
#4244000
0,
1*
#4246000
1,
#4248000
0,
0*
#4250000
1,
#4252000
0,
1*
#4254000
1,
#4256000
0,
0*
#4258000
1,
#4260000
0,
1*
#4262000
1,
#4264000
0,
0*
#4266000
1,
#4268000
0,
1*
#4270000
1,
#4272000
0,
0*
#4274000
1,
#4276000
0,
1*
#4278000
1,
#4280000
0,
0*
#4282000
1,
#4284000
0,
1*
#4286000
1,
#4288000
0,
0*
#4290000
1,
#4292000
0,
1*
#4294000
1,
#4296000
0,
0*
#4298000
1,
#4300000
0,
1*
#4302000
1,
#4304000
0,
0*
#4306000
1,
#4308000
0,
1*
#4310000
1,
#4312000
0,
0*
#4314000
1,
#4316000
0,
1*
#4318000
1,
#4320000
0,
0*
#4322000
1,
#4324000
0,
1*
#4326000
1,
#4328000
0,
0*
#4330000
1,
#4332000
0,
1*
#4334000
1,
#4336000
0,
0*
#4338000
1,
#4340000
0,
1*
#4342000
1,
#4344000
0,
0*
#4346000
1,
#4348000
0,
1*
#4350000
1,
#4352000
0,
0*
#4354000
1,
#4356000
0,
1*
#4358000
1,
#4360000
0,
0*
#4362000
1,
#4364000
0,
1*
#4366000
1,
#4368000
0,
0*
#4370000
1,
#4372000
0,
1*
#4374000
1,
#4376000
0,
0*
#4378000
1,
#4380000
0,
1*
#4382000
1,
#4384000
0,
0*
#4386000
1,
#4388000
0,
1*
#4390000
1,
#4392000
0,
0*
#4394000
1,
#4396000
0,
1*
#4398000
1,
#4400000
0,
0*
#4402000
1,
#4404000
0,
1*
#4406000
1,
#4408000
0,
0*
#4410000
1,
#4412000
0,
1*
#4414000
1,
#4416000
0,
0*
#4418000
1,
#4420000
0,
1*
1)
#4422000
b1100 L
b100 K
b111 O
b111 U
b1010111 #
b1010111 1
b1010111 7
b1010111 T
1!
1,
#4424000
0,
0*
#4426000
b111 2
b111 8
b111 P
b1101 L
b1100 K
b1010111 &
b1010111 .
b1010111 5
b1010111 9
b1000 O
b111 R
b100 0
b100 H
b100 S
b1000 U
b1011000 #
b1011000 1
b1011000 7
b1011000 T
1,
#4428000
b100 I
0,
1*
#4430000
b1000 2
b1000 8
b1000 P
b1111 L
b1101 K
b1001 U
b1011001 #
b1011001 1
b1011001 7
b1011001 T
b1001 O
b1000 R
b1100 0
b1100 H
b1100 S
1,
#4432000
0,
0*
#4434000
b1001 2
b1001 8
b1001 P
b1110 L
b1111 K
b1010 O
b1001 R
b1101 0
b1101 H
b1101 S
b1010 U
b1011010 #
b1011010 1
b1011010 7
b1011010 T
1,
#4436000
1B
0?
b100 3
b100 >
b100 J
b1101 I
0,
1*
#4438000
b1010 2
b1010 8
b1010 P
b1010 L
b1110 K
b1011 U
b1011011 #
b1011011 1
b1011011 7
b1011011 T
b1011 O
b1010 R
b1111 0
b1111 H
b1111 S
1,
#4440000
0,
0*
#4442000
b1011 2
b1011 8
b1011 P
b1011 L
b1010 K
b1100 O
b1011 R
b1110 0
b1110 H
b1110 S
b1100 U
b1011100 #
b1011100 1
b1011100 7
b1011100 T
1,
#4444000
0B
b1101 3
b1101 >
b1101 J
b1110 I
0%
1(
0,
1*
#4446000
b1100 2
b1100 8
b1100 P
b1001 L
b1011 K
b1101 U
b1011101 #
b1011101 1
b1011101 7
b1011101 T
b1101 O
b1100 R
b1010 0
b1010 H
b1010 S
1,
#4448000
0,
0*
#4450000
b1101 2
b1101 8
b1101 P
b1000 L
b1001 K
b1110 O
b1101 R
b1011 0
b1011 H
b1011 S
b1110 U
b1011110 #
b1011110 1
b1011110 7
b1011110 T
1,
#4452000
b1100 =
b100 <
b111 @
1$
0(
b1110 3
b1110 >
b1110 J
b1011 I
0,
1*
#4454000
b1110 2
b1110 8
b1110 P
b11000 L
b1000 K
b1111 U
b1011111 #
b1011111 1
b1011111 7
b1011111 T
b1111 O
b1110 R
b1001 0
b1001 H
b1001 S
1,
#4456000
0,
0*
#4458000
b1111 2
b1111 8
b1111 P
b11001 L
b11000 K
b10000 O
b1111 R
b1000 0
b1000 H
b1000 S
b0 U
b1100000 #
b1100000 1
b1100000 7
b1100000 T
1,
#4460000
b1011000 &
b1011000 .
b1011000 5
b1011000 9
b111 6
b111 :
b111 A
b1101 =
0?
b1100 <
b1011 3
b1011 >
b1011 J
b1000 I
b1000 @
b111 C
b100 4
b100 D
b100 E
0,
1*
#4462000
b0 2
b0 8
b0 P
b11011 L
b11001 K
b1 U
b1100001 #
b1100001 1
b1100001 7
b1100001 T
b100 F
b10001 O
b10000 R
b11000 0
b11000 H
b11000 S
1,
#4464000
0,
0*
#4466000
b1 2
b1 8
b1 P
b11010 L
b11011 K
b10010 O
b10001 R
b11001 0
b11001 H
b11001 S
b100 /
b100 G
b100 M
b10 U
b1100010 #
b1100010 1
b1100010 7
b1100010 T
1,
#4468000
b1011001 &
b1011001 .
b1011001 5
b1011001 9
b1000 6
b1000 :
b1000 A
b1111 =
b1101 <
b1001 @
b1000 C
b1100 4
b1100 D
b1100 E
b1000 3
b1000 >
b1000 J
b11001 I
0,
1*
#4470000
b10 2
b10 8
b10 P
b11110 L
b11010 K
b11 U
b1100011 #
b1100011 1
b1100011 7
b1100011 T
b1100 F
b10011 O
b10010 R
b11011 0
b11011 H
b11011 S
1,
#4472000
0,
0*
#4474000
b11 2
b11 8
b11 P
b11111 L
b11110 K
b10100 O
b10011 R
b11010 0
b11010 H
b11010 S
b1100 /
b1100 G
b1100 M
b100 U
b1100100 #
b1100100 1
b1100100 7
b1100100 T
1,
#4476000
b1011010 &
b1011010 .
b1011010 5
b1011010 9
b1001 6
b1001 :
b1001 A
b1110 =
b1111 <
b11001 3
b11001 >
b11001 J
b11010 I
b1010 @
b1001 C
b1101 4
b1101 D
b1101 E
0,
1*
#4478000
b100 2
b100 8
b100 P
b11101 L
b11111 K
b101 U
b1100101 #
b1100101 1
b1100101 7
b1100101 T
b1101 F
b10101 O
b10100 R
b11110 0
b11110 H
b11110 S
1,
#4480000
0,
0*
#4482000
b101 2
b101 8
b101 P
b11100 L
b11101 K
b10110 O
b10101 R
b11111 0
b11111 H
b11111 S
b1101 /
b1101 G
b1101 M
b110 U
b1100110 #
b1100110 1
b1100110 7
b1100110 T
1,
#4484000
b1011011 &
b1011011 .
b1011011 5
b1011011 9
b1010 6
b1010 :
b1010 A
b1010 =
b1110 <
b1011 @
b1010 C
b1111 4
b1111 D
b1111 E
b11010 3
b11010 >
b11010 J
b11111 I
0,
1*
#4486000
b110 2
b110 8
b110 P
b10100 L
b11100 K
b111 U
b1100111 #
b1100111 1
b1100111 7
b1100111 T
b1111 F
b10111 O
b10110 R
b11101 0
b11101 H
b11101 S
1,
#4488000
0,
0*
#4490000
b111 2
b111 8
b111 P
b10101 L
b10100 K
b11000 O
b10111 R
b11100 0
b11100 H
b11100 S
b1111 /
b1111 G
b1111 M
b1000 U
b1101000 #
b1101000 1
b1101000 7
b1101000 T
1,
#4492000
b1011100 &
b1011100 .
b1011100 5
b1011100 9
b1011 6
b1011 :
b1011 A
b1011 =
b1010 <
b11111 3
b11111 >
b11111 J
b11100 I
b1100 @
b1011 C
b1110 4
b1110 D
b1110 E
0,
1*
#4494000
1Q
b1000 2
b1000 8
b1000 P
b10111 L
b10101 K
b1001 U
b1101001 #
b1101001 1
b1101001 7
b1101001 T
b1110 F
b11001 O
b11000 R
b10100 0
b10100 H
b10100 S
1,
#4496000
0,
0*
#4498000
b1001 2
b1001 8
b1001 P
b10110 L
0N
b10111 K
1Q
1'
b11010 O
b11001 R
b10101 0
b10101 H
b10101 S
b1110 /
b1110 G
b1110 M
b1010 U
b1101010 #
b1101010 1
b1101010 7
b1101010 T
1,
#4500000
b1011101 &
b1011101 .
b1011101 5
b1011101 9
b1100 6
b1100 :
b1100 A
b1001 =
b1011 <
b1101 @
b1100 C
b1010 4
b1010 D
b1010 E
b11100 3
b11100 >
b11100 J
b10101 I
0,
1*
#4502000
b1010 2
b1010 8
b1010 P
0Q
b10010 L
1N
b10110 K
b1011 U
b1101011 #
b1101011 1
b1101011 7
b1101011 T
b1010 F
b11011 O
b11010 R
b10111 0
b10111 H
b10111 S
1,
#4504000
0,
0*
#4506000
b1011 2
b1011 8
b1011 P
b10010 L
b10110 K
0N
1Q
1"
0'
b11011 O
b11011 R
b10110 0
b10110 H
b10110 S
b1010 /
b1010 G
b1010 M
b1100 U
b1101100 #
b1101100 1
b1101100 7
b1101100 T
1,
#4508000
b1011110 &
b1011110 .
b1011110 5
b1011110 9
b1101 6
b1101 :
b1101 A
b1000 =
b1001 <
b10101 3
b10101 >
b10101 J
b10110 I
b1110 @
b1101 C
b1011 4
b1011 D
b1011 E
0,
1*
#4510000
0!
b1011 F
0"
1'
1,
#4512000
0,
0*
#4514000
b10011 L
b10010 K
b11100 O
1Q
b1011 /
b1011 G
b1011 M
b1101 U
b1101101 #
b1101101 1
b1101101 7
b1101101 T
1!
1,
#4516000
b1011111 &
b1011111 .
b1011111 5
b1011111 9
b1110 6
b1110 :
b1110 A
b11000 =
b1000 <
b1111 @
b1110 C
b1001 4
b1001 D
b1001 E
b10110 3
b10110 >
b10110 J
0,
1*
#4518000
b1100 2
b1100 8
b1100 P
0Q
b10001 L
1N
b10011 K
b1110 U
b1101110 #
b1101110 1
b1101110 7
b1101110 T
b1001 F
b11101 O
b11100 R
b10010 0
b10010 H
b10010 S
1,
#4520000
0,
0*
#4522000
b1101 2
b1101 8
b1101 P
b10001 L
b10011 K
0N
1Q
1"
0'
b11101 O
b11101 R
b10011 0
b10011 H
b10011 S
b1001 /
b1001 G
b1001 M
b1111 U
b1101111 #
b1101111 1
b1101111 7
b1101111 T
1,
#4524000
b1100000 &
b1100000 .
b1100000 5
b1100000 9
b1111 6
b1111 :
b1111 A
b11001 =
b11000 <
b10011 I
b10000 @
b1111 C
b1000 4
b1000 D
b1000 E
0,
1*
#4526000
0!
b1000 F
0"
1'
1,
#4528000
0,
0*
#4530000
b10000 L
0N
b10001 K
b11110 O
1Q
b1000 /
b1000 G
b1000 M
b0 U
b1110000 #
b1110000 1
b1110000 7
b1110000 T
1!
1,
#4532000
b1100001 &
b1100001 .
b1100001 5
b1100001 9
b0 6
b0 :
b0 A
b11011 =
b11001 <
b10001 @
b10000 C
b11000 4
b11000 D
b11000 E
b10011 3
b10011 >
b10011 J
0,
1*
#4534000
b1110 2
b1110 8
b1110 P
0Q
b0 L
1N
b10000 K
b1 U
b1110001 #
b1110001 1
b1110001 7
b1110001 T
b11000 F
b11111 O
b11110 R
b10001 0
b10001 H
b10001 S
1,
#4536000
0,
0*
#4538000
1Q
b1111 2
b1111 8
b1111 P
b0 L
0N
b10000 K
1"
0'
b11111 O
b11111 R
b10000 0
b10000 H
b10000 S
b11000 /
b11000 G
b11000 M
b10 U
b1110010 #
b1110010 1
b1110010 7
b1110010 T
1,
#4540000
b1100010 &
b1100010 .
b1100010 5
b1100010 9
b1 6
b1 :
b1 A
b11010 =
b11011 <
b10000 I
b10010 @
b10001 C
b11001 4
b11001 D
b11001 E
0,
1*
#4542000
0!
b11001 F
0"
1'
1,
#4544000
0,
0*
#4546000
b1 L
b0 K
b0 O
1Q
b11001 /
b11001 G
b11001 M
b11 U
b1110011 #
b1110011 1
b1110011 7
b1110011 T
1!
1,
#4548000
b1100011 &
b1100011 .
b1100011 5
b1100011 9
b10 6
b10 :
b10 A
b11110 =
b11010 <
b10011 @
b10010 C
b11011 4
b11011 D
b11011 E
b10000 3
b10000 >
b10000 J
0,
1*
#4550000
b0 2
b0 8
b0 P
0Q
b11 L
1N
b1 K
b100 U
b1110100 #
b1110100 1
b1110100 7
b1110100 T
b11011 F
b1 O
b0 R
b0 0
b0 H
b0 S
1,
#4552000
0,
0*
#4554000
b1 2
b1 8
b1 P
b11 L
b1 K
0N
1Q
1"
0'
b1 O
b1 R
b1 0
b1 H
b1 S
b11011 /
b11011 G
b11011 M
b101 U
b1110101 #
b1110101 1
b1110101 7
b1110101 T
1,
#4556000
b1100100 &
b1100100 .
b1100100 5
b1100100 9
b11 6
b11 :
b11 A
b11111 =
b11110 <
b1 I
b10100 @
b10011 C
b11010 4
b11010 D
b11010 E
0,
1*
#4558000
0!
b11010 F
0"
1'
1,
#4560000
0,
0*
#4562000
b10 L
0N
b11 K
b10 O
1Q
b11010 /
b11010 G
b11010 M
b110 U
b1110110 #
b1110110 1
b1110110 7
b1110110 T
1!
1,
#4564000
b1100101 &
b1100101 .
b1100101 5
b1100101 9
b100 6
b100 :
b100 A
b11101 =
b11111 <
b10101 @
b10100 C
b11110 4
b11110 D
b11110 E
b1 3
b1 >
b1 J
0,
1*
#4566000
b10 2
b10 8
b10 P
0Q
b110 L
1N
b10 K
b111 U
b1110111 #
b1110111 1
b1110111 7
b1110111 T
b11110 F
b11 O
b10 R
b11 0
b11 H
b11 S
1,
#4568000
0,
0*
#4570000
b11 2
b11 8
b11 P
b110 L
b10 K
0N
1Q
1"
0'
b11 O
b11 R
b10 0
b10 H
b10 S
b11110 /
b11110 G
b11110 M
b1000 U
b1111000 #
b1111000 1
b1111000 7
b1111000 T
1,
#4572000
b1100110 &
b1100110 .
b1100110 5
b1100110 9
b101 6
b101 :
b101 A
b11100 =
b11101 <
b10 I
b10110 @
b10101 C
b11111 4
b11111 D
b11111 E
0,
1*
#4574000
0!
b11111 F
0"
1'
1,
#4576000
0,
0*
#4578000
b111 L
b110 K
b100 O
1Q
b11111 /
b11111 G
b11111 M
b1001 U
b1111001 #
b1111001 1
b1111001 7
b1111001 T
1!
1,
#4580000
b1100111 &
b1100111 .
b1100111 5
b1100111 9
b110 6
b110 :
b110 A
b10100 =
b11100 <
b10111 @
b10110 C
b11101 4
b11101 D
b11101 E
b10 3
b10 >
b10 J
0,
1*
#4582000
b100 2
b100 8
b100 P
0Q
b101 L
1N
b111 K
b1010 U
b1111010 #
b1111010 1
b1111010 7
b1111010 T
b11101 F
b101 O
b100 R
b110 0
b110 H
b110 S
1,
#4584000
0,
0*
#4586000
b101 2
b101 8
b101 P
b101 L
b111 K
0N
1Q
1"
0'
b101 O
b101 R
b111 0
b111 H
b111 S
b11101 /
b11101 G
b11101 M
b1011 U
b1111011 #
b1111011 1
b1111011 7
b1111011 T
1,
#4588000
b1101000 &
b1101000 .
b1101000 5
b1101000 9
b111 6
b111 :
b111 A
b10101 =
b10100 <
b111 I
b11000 @
b10111 C
b11100 4
b11100 D
b11100 E
0,
1*
#4590000
0!
b11100 F
0"
1'
1,
#4592000
0,
0*
#4594000
b100 L
0N
b101 K
b110 O
1Q
b11100 /
b11100 G
b11100 M
b1100 U
b1111100 #
b1111100 1
b1111100 7
b1111100 T
1!
1,
#4596000
b1101001 &
b1101001 .
b1101001 5
b1101001 9
b1000 6
b1000 :
b1000 A
b10111 =
b10101 <
b11001 @
b11000 C
b10100 4
b10100 D
b10100 E
b111 3
b111 >
b111 J
0,
1*
#4598000
b110 2
b110 8
b110 P
0Q
b1100 L
1N
b100 K
b1101 U
b1111101 #
b1111101 1
b1111101 7
b1111101 T
b10100 F
b111 O
b110 R
b101 0
b101 H
b101 S
1,
#4600000
0,
0*
#4602000
1Q
b111 2
b111 8
b111 P
b1100 L
0N
b100 K
1"
0'
b111 O
b111 R
b100 0
b100 H
b100 S
b10100 /
b10100 G
b10100 M
b1110 U
b1111110 #
b1111110 1
b1111110 7
b1111110 T
1,
#4604000
b1101010 &
b1101010 .
b1101010 5
b1101010 9
b1001 6
b1001 :
b1001 A
b10110 =
b10111 <
b100 I
b11010 @
b11001 C
b10101 4
b10101 D
b10101 E
0,
1*
#4606000
0!
b10101 F
0"
1'
1,
#4608000
0,
0*
#4610000
b1101 L
b1100 K
b1000 O
1Q
b10101 /
b10101 G
b10101 M
b1111 U
b1111111 #
b1111111 1
b1111111 7
b1111111 T
1!
1,
#4612000
b1101011 &
b1101011 .
b1101011 5
b1101011 9
b1010 6
b1010 :
b1010 A
b10010 =
b10110 <
b11011 @
b11010 C
b10111 4
b10111 D
b10111 E
b100 3
b100 >
b100 J
0,
1*
#4614000
b1000 2
b1000 8
b1000 P
0Q
b1111 L
1N
b1101 K
b0 U
b10000000 #
b10000000 1
b10000000 7
b10000000 T
b10111 F
b1001 O
b1000 R
b1100 0
b1100 H
b1100 S
1,
#4616000
0,
0*
#4618000
b1001 2
b1001 8
b1001 P
b1111 L
b1101 K
0N
1Q
1"
0'
b1001 O
b1001 R
b1101 0
b1101 H
b1101 S
b10111 /
b10111 G
b10111 M
b1 U
b10000001 #
b10000001 1
b10000001 7
b10000001 T
1,
#4620000
b1101101 &
b1101101 .
b1101101 5
b1101101 9
b1011 6
b1011 :
b1011 A
b10011 =
b10010 <
b1101 I
b11100 @
b11011 C
b10110 4
b10110 D
b10110 E
0,
1*
0)
#4622000
0!
b10110 F
0"
1'
1,
#4624000
0,
0*
#4626000
0Q
b10110 /
b10110 G
b10110 M
1,
#4628000
b1101110 &
b1101110 .
b1101110 5
b1101110 9
b1100 6
b1100 :
b1100 A
b10001 =
b10011 <
b11101 @
b11100 C
b10010 4
b10010 D
b10010 E
b1101 3
b1101 >
b1101 J
0,
1*
#4630000
b10010 F
0'
1,
#4632000
0,
0*
#4634000
b10010 /
b10010 G
b10010 M
1,
#4636000
b1110000 &
b1110000 .
b1110000 5
b1110000 9
b1101 6
b1101 :
b1101 A
b10000 =
b10001 <
b11110 @
b11101 C
b10011 4
b10011 D
b10011 E
0,
1*
#4638000
b10011 F
1,
#4640000
0,
0*
#4642000
b10011 /
b10011 G
b10011 M
1,
#4644000
b1110001 &
b1110001 .
b1110001 5
b1110001 9
b1110 6
b1110 :
b1110 A
b0 =
b10000 <
b11111 @
b11110 C
b10001 4
b10001 D
b10001 E
0,
1*
#4646000
b10001 F
1,
#4648000
0,
0*
#4650000
b10001 /
b10001 G
b10001 M
1,
#4652000
b1110011 &
b1110011 .
b1110011 5
b1110011 9
b1111 6
b1111 :
b1111 A
b1 =
b0 <
b0 @
b11111 C
b10000 4
b10000 D
b10000 E
0,
1*
#4654000
b10000 F
1,
#4656000
0,
0*
#4658000
b10000 /
b10000 G
b10000 M
1,
#4660000
b1110100 &
b1110100 .
b1110100 5
b1110100 9
b0 6
b0 :
b0 A
b11 =
b1 <
b1 @
b0 C
b0 4
b0 D
b0 E
0,
1*
#4662000
b0 F
1,
#4664000
0,
0*
#4666000
b0 /
b0 G
b0 M
1,
#4668000
b1110110 &
b1110110 .
b1110110 5
b1110110 9
b1 6
b1 :
b1 A
b10 =
b11 <
b10 @
b1 C
b1 4
b1 D
b1 E
0,
1*
#4670000
b1 F
1,
#4672000
0,
0*
#4674000
b1 /
b1 G
b1 M
1,
#4676000
b1110111 &
b1110111 .
b1110111 5
b1110111 9
b10 6
b10 :
b10 A
b110 =
b10 <
b11 @
b10 C
b11 4
b11 D
b11 E
0,
1*
#4678000
b11 F
1,
#4680000
0,
0*
#4682000
b11 /
b11 G
b11 M
1,
#4684000
b1111001 &
b1111001 .
b1111001 5
b1111001 9
b11 6
b11 :
b11 A
b111 =
b110 <
b100 @
b11 C
b10 4
b10 D
b10 E
0,
1*
#4686000
b10 F
1,
#4688000
0,
0*
#4690000
b10 /
b10 G
b10 M
1,
#4692000
b1111010 &
b1111010 .
b1111010 5
b1111010 9
b100 6
b100 :
b100 A
b101 =
b111 <
b101 @
b100 C
b110 4
b110 D
b110 E
0,
1*
#4694000
b110 F
1,
#4696000
0,
0*
#4698000
b110 /
b110 G
b110 M
1,
#4700000
b1111100 &
b1111100 .
b1111100 5
b1111100 9
b101 6
b101 :
b101 A
b100 =
b101 <
b110 @
b101 C
b111 4
b111 D
b111 E
0,
1*
#4702000
b111 F
1,
#4704000
0,
0*
#4706000
b111 /
b111 G
b111 M
1,
#4708000
b1111101 &
b1111101 .
b1111101 5
b1111101 9
b110 6
b110 :
b110 A
b1100 =
b100 <
b111 @
b110 C
b101 4
b101 D
b101 E
0,
1*
#4710000
b101 F
1,
#4712000
0,
0*
#4714000
b101 /
b101 G
b101 M
1,
#4716000
b1111111 &
b1111111 .
b1111111 5
b1111111 9
b111 6
b111 :
b111 A
1B
b1101 =
b1100 <
b1000 @
b111 C
b100 4
b100 D
b100 E
0,
1*
#4718000
b100 F
1,
#4720000
0,
0*
#4722000
b100 /
b100 G
b100 M
1,
#4724000
b10000000 &
b10000000 .
b10000000 5
b10000000 9
b1000 6
b1000 :
b1000 A
0B
b1111 =
1?
b1101 <
1(
b1001 @
b1000 C
b1100 4
b1100 D
b1100 E
0,
1*
#4726000
b1100 F
1,
#4728000
0,
0*
#4730000
b1100 /
b1100 G
b1100 M
1,
#4732000
b1101010 &
b1101010 .
b1101010 5
b1101010 9
b1001 6
b1001 :
b1001 A
b1111 =
1?
b1101 <
b1001 @
b1001 C
b1101 4
b1101 D
b1101 E
1%
0(
0,
1*
#4734000
b1101 F
1,
#4736000
0,
0*
#4738000
b1101 /
b1101 G
b1101 M
1,
#4740000
0$
0,
1*
#4742000
1,
#4744000
0,
0*
#4746000
1,
#4748000
0,
1*
#4750000
1,
#4752000
0,
0*
#4754000
1,
#4756000
0,
1*
#4758000
1,
#4760000
0,
0*
#4762000
1,
#4764000
0,
1*
#4766000
1,
#4768000
0,
0*
#4770000
1,
#4772000
0,
1*
#4774000
1,
#4776000
0,
0*
#4778000
1,
#4780000
0,
1*
#4782000
1,
#4784000
0,
0*
#4786000
1,
#4788000
0,
1*
#4790000
1,
#4792000
0,
0*
#4794000
1,
#4796000
0,
1*
#4798000
1,
#4800000
0,
0*
#4802000
1,
#4804000
0,
1*
#4806000
1,
#4808000
0,
0*
#4810000
1,
#4812000
0,
1*
#4814000
1,
#4816000
0,
0*
#4818000
1,
#4820000
0,
1*
#4822000
1,
#4824000
0,
0*
#4826000
1,
#4828000
0,
1*
#4830000
1,
#4832000
0,
0*
#4834000
1,
#4836000
0,
1*
#4838000
1,
#4840000
0,
0*
#4842000
1,
#4844000
0,
1*
#4846000
1,
#4848000
0,
0*
#4850000
1,
#4852000
0,
1*
#4854000
1,
#4856000
0,
0*
#4858000
1,
#4860000
0,
1*
#4862000
1,
#4864000
0,
0*
#4866000
1,
#4868000
0,
1*
#4870000
1,
#4872000
0,
0*
#4874000
1,
#4876000
0,
1*
#4878000
1,
#4880000
0,
0*
#4882000
1,
#4884000
0,
1*
#4886000
1,
#4888000
0,
0*
#4890000
1,
#4892000
0,
1*
#4894000
1,
#4896000
0,
0*
#4898000
1,
#4900000
0,
1*
#4902000
1,
#4904000
0,
0*
#4906000
1,
#4908000
0,
1*
#4910000
1,
#4912000
0,
0*
#4914000
1,
#4916000
0,
1*
#4918000
1,
#4920000
0,
0*
#4922000
1,
#4924000
0,
1*
#4926000
1,
#4928000
0,
0*
#4930000
1,
#4932000
0,
1*
#4934000
1,
#4936000
0,
0*
#4938000
1,
#4940000
0,
1*
#4942000
1,
#4944000
0,
0*
#4946000
1,
#4948000
0,
1*
#4950000
1,
#4952000
0,
0*
#4954000
1,
#4956000
0,
1*
#4958000
1,
#4960000
0,
0*
#4962000
1,
#4964000
0,
1*
#4966000
1,
#4968000
0,
0*
#4970000
1,
#4972000
0,
1*
#4974000
1,
#4976000
0,
0*
#4978000
1,
#4980000
0,
1*
#4982000
1,
#4984000
0,
0*
#4986000
1,
#4988000
0,
1*
#4990000
1,
#4992000
0,
0*
#4994000
1,
#4996000
0,
1*
#4998000
1,
#5000000
0,
0*
#5002000
1,
#5004000
0,
1*
#5006000
1,
#5008000
0,
0*
#5010000
1,
#5012000
0,
1*
#5014000
1,
#5016000
0,
0*
#5018000
1,
#5020000
0,
1*
#5022000
1,
#5024000
0,
0*
#5026000
1,
#5028000
0,
1*
#5030000
1,
#5032000
0,
0*
#5034000
1,
#5036000
0,
1*
#5038000
1,
#5040000
0,
0*
#5042000
1,
#5044000
0,
1*
#5046000
1,
#5048000
0,
0*
#5050000
1,
#5052000
0,
1*
#5054000
1,
#5056000
0,
0*
#5058000
1,
#5060000
0,
1*
#5062000
1,
#5064000
0,
0*
#5066000
1,
#5068000
0,
1*
#5070000
1,
#5072000
0,
0*
#5074000
1,
#5076000
0,
1*
#5078000
1,
#5080000
0,
0*
#5082000
1,
#5084000
0,
1*
#5086000
1,
#5088000
0,
0*
#5090000
1,
#5092000
0,
1*
#5094000
1,
#5096000
0,
0*
#5098000
1,
#5100000
0,
1*
#5102000
1,
#5104000
0,
0*
#5106000
1,
#5108000
0,
1*
#5110000
1,
#5112000
0,
0*
#5114000
1,
#5116000
0,
1*
#5118000
1,
#5120000
0,
0*
#5122000
1,
#5124000
0,
1*
#5126000
1,
#5128000
0,
0*
#5130000
1,
#5132000
0,
1*
#5134000
1,
#5136000
0,
0*
#5138000
1,
#5140000
0,
1*
#5142000
1,
#5144000
0,
0*
#5146000
1,
#5148000
0,
1*
#5150000
1,
#5152000
0,
0*
#5154000
1,
#5156000
0,
1*
#5158000
1,
#5160000
0,
0*
#5162000
1,
#5164000
0,
1*
#5166000
1,
#5168000
0,
0*
#5170000
1,
#5172000
0,
1*
#5174000
1,
#5176000
0,
0*
#5178000
1,
#5180000
0,
1*
#5182000
1,
#5184000
0,
0*
#5186000
1,
#5188000
0,
1*
#5190000
1,
#5192000
0,
0*
#5194000
1,
#5196000
0,
1*
#5198000
1,
#5200000
0,
0*
#5202000
1,
#5204000
0,
1*
#5206000
1,
#5208000
0,
0*
#5210000
1,
#5212000
0,
1*
#5214000
1,
#5216000
0,
0*
#5218000
1,
#5220000
0,
1*
#5222000
1,
#5224000
0,
0*
#5226000
1,
#5228000
0,
1*
#5230000
1,
#5232000
0,
0*
#5234000
1,
#5236000
0,
1*
#5238000
1,
#5240000
0,
0*
#5242000
1,
#5244000
0,
1*
#5246000
1,
#5248000
0,
0*
#5250000
1,
#5252000
0,
1*
#5254000
1,
#5256000
0,
0*
#5258000
1,
#5260000
0,
1*
#5262000
1,
#5264000
0,
0*
#5266000
1,
#5268000
0,
1*
#5270000
1,
#5272000
0,
0*
#5274000
1,
#5276000
0,
1*
#5278000
1,
#5280000
0,
0*
#5282000
1,
#5284000
0,
1*
#5286000
1,
#5288000
0,
0*
#5290000
1,
#5292000
0,
1*
#5294000
1,
#5296000
0,
0*
#5298000
1,
#5300000
0,
1*
#5302000
1,
#5304000
0,
0*
#5306000
1,
#5308000
0,
1*
#5310000
1,
#5312000
0,
0*
#5314000
1,
#5316000
0,
1*
#5318000
1,
#5320000
0,
0*
#5322000
1,
#5324000
0,
1*
#5326000
1,
#5328000
0,
0*
#5330000
1,
#5332000
0,
1*
#5334000
1,
#5336000
0,
0*
#5338000
1,
#5340000
0,
1*
#5342000
1,
#5344000
0,
0*
#5346000
1,
#5348000
0,
1*
#5350000
1,
#5352000
0,
0*
#5354000
1,
#5356000
0,
1*
#5358000
1,
#5360000
0,
0*
#5362000
1,
#5364000
0,
1*
#5366000
1,
#5368000
0,
0*
#5370000
1,
#5372000
0,
1*
#5374000
1,
#5376000
0,
0*
#5378000
1,
#5380000
0,
1*
#5382000
1,
#5384000
0,
0*
#5386000
1,
#5388000
0,
1*
#5390000
1,
#5392000
0,
0*
#5394000
1,
#5396000
0,
1*
#5398000
1,
#5400000
0,
0*
#5402000
1,
#5404000
0,
1*
#5406000
1,
#5408000
0,
0*
#5410000
1,
#5412000
0,
1*
#5414000
1,
#5416000
0,
0*
#5418000
1,
#5420000
0,
1*
#5422000
1,
#5424000
0,
0*
#5426000
1,
#5428000
0,
1*
#5430000
1,
#5432000
0,
0*
#5434000
1,
#5436000
0,
1*
#5438000
1,
#5440000
0,
0*
#5442000
1,
#5444000
0,
1*
#5446000
1,
#5448000
0,
0*
#5450000
1,
#5452000
0,
1*
#5454000
1,
#5456000
0,
0*
#5458000
1,
#5460000
0,
1*
#5462000
1,
#5464000
0,
0*
#5466000
1,
#5468000
0,
1*
#5470000
1,
#5472000
0,
0*
#5474000
1,
#5476000
0,
1*
#5478000
1,
#5480000
0,
0*
#5482000
1,
#5484000
0,
1*
#5486000
1,
#5488000
0,
0*
#5490000
1,
#5492000
0,
1*
#5494000
1,
#5496000
0,
0*
#5498000
1,
#5500000
0,
1*
#5502000
1,
#5504000
0,
0*
#5506000
1,
#5508000
0,
1*
#5510000
1,
#5512000
0,
0*
#5514000
1,
#5516000
0,
1*
#5518000
1,
#5520000
0,
0*
#5522000
1,
#5524000
0,
1*
#5526000
1,
#5528000
0,
0*
#5530000
1,
#5532000
0,
1*
#5534000
1,
#5536000
0,
0*
#5538000
1,
#5540000
0,
1*
#5542000
1,
#5544000
0,
0*
#5546000
1,
#5548000
0,
1*
#5550000
1,
#5552000
0,
0*
#5554000
1,
#5556000
0,
1*
#5558000
1,
#5560000
0,
0*
#5562000
1,
#5564000
0,
1*
#5566000
1,
#5568000
0,
0*
#5570000
1,
#5572000
0,
1*
#5574000
1,
#5576000
0,
0*
#5578000
1,
#5580000
0,
1*
#5582000
1,
#5584000
0,
0*
#5586000
1,
#5588000
0,
1*
#5590000
1,
#5592000
0,
0*
#5594000
1,
#5596000
0,
1*
#5598000
1,
#5600000
0,
0*
#5602000
1,
#5604000
0,
1*
#5606000
1,
#5608000
0,
0*
#5610000
1,
#5612000
0,
1*
#5614000
1,
#5616000
0,
0*
#5618000
1,
#5620000
0,
1*
#5622000
1,
#5624000
0,
0*
#5626000
1,
#5628000
0,
1*
#5630000
1,
#5632000
0,
0*
#5634000
1,
#5636000
0,
1*
#5638000
1,
#5640000
0,
0*
#5642000
1,
#5644000
0,
1*
#5646000
1,
#5648000
0,
0*
#5650000
1,
#5652000
0,
1*
#5654000
1,
#5656000
0,
0*
#5658000
1,
#5660000
0,
1*
#5662000
1,
#5664000
0,
0*
#5666000
1,
#5668000
0,
1*
#5670000
1,
#5672000
0,
0*
#5674000
1,
#5676000
0,
1*
#5678000
1,
#5680000
0,
0*
#5682000
1,
#5684000
0,
1*
#5686000
1,
#5688000
0,
0*
#5690000
1,
#5692000
0,
1*
#5694000
1,
#5696000
0,
0*
#5698000
1,
#5700000
0,
1*
#5702000
1,
#5704000
0,
0*
#5706000
1,
#5708000
0,
1*
#5710000
1,
#5712000
0,
0*
#5714000
1,
#5716000
0,
1*
#5718000
1,
#5720000
0,
0*
#5722000
1,
#5724000
0,
1*
#5726000
1,
#5728000
0,
0*
#5730000
1,
#5732000
0,
1*
#5734000
1,
#5736000
0,
0*
#5738000
1,
#5740000
0,
1*
#5742000
1,
#5744000
0,
0*
#5746000
1,
#5748000
0,
1*
#5750000
1,
#5752000
0,
0*
#5754000
1,
#5756000
0,
1*
#5758000
1,
#5760000
0,
0*
#5762000
1,
#5764000
0,
1*
#5766000
1,
#5768000
0,
0*
#5770000
1,
#5772000
0,
1*
#5774000
1,
#5776000
0,
0*
#5778000
1,
#5780000
0,
1*
#5782000
1,
#5784000
0,
0*
#5786000
1,
#5788000
0,
1*
#5790000
1,
#5792000
0,
0*
#5794000
1,
#5796000
0,
1*
#5798000
1,
#5800000
0,
0*
#5802000
1,
#5804000
0,
1*
#5806000
1,
#5808000
0,
0*
#5810000
1,
#5812000
0,
1*
#5814000
1,
#5816000
0,
0*
#5818000
1,
#5820000
0,
1*
#5822000
1,
#5824000
0,
0*
#5826000
1,
#5828000
0,
1*
#5830000
1,
#5832000
0,
0*
#5834000
1,
#5836000
0,
1*
#5838000
1,
#5840000
0,
0*
#5842000
1,
#5844000
0,
1*
#5846000
1,
#5848000
0,
0*
#5850000
1,
#5852000
0,
1*
#5854000
1,
#5856000
0,
0*
#5858000
1,
#5860000
0,
1*
#5862000
1,
#5864000
0,
0*
#5866000
1,
#5868000
0,
1*
#5870000
1,
#5872000
0,
0*
#5874000
1,
#5876000
0,
1*
#5878000
1,
#5880000
0,
0*
#5882000
1,
#5884000
0,
1*
#5886000
1,
#5888000
0,
0*
#5890000
1,
#5892000
0,
1*
#5894000
1,
#5896000
0,
0*
#5898000
1,
#5900000
0,
1*
#5902000
1,
#5904000
0,
0*
#5906000
1,
#5908000
0,
1*
#5910000
1,
#5912000
0,
0*
#5914000
1,
#5916000
0,
1*
#5918000
1,
#5920000
0,
0*
#5922000
1,
#5924000
0,
1*
#5926000
1,
#5928000
0,
0*
#5930000
1,
#5932000
0,
1*
#5934000
1,
#5936000
0,
0*
#5938000
1,
#5940000
0,
1*
#5942000
1,
#5944000
0,
0*
#5946000
1,
#5948000
0,
1*
#5950000
1,
#5952000
0,
0*
#5954000
1,
#5956000
0,
1*
#5958000
1,
#5960000
0,
0*
#5962000
1,
#5964000
0,
1*
#5966000
1,
#5968000
0,
0*
#5970000
1,
#5972000
0,
1*
#5974000
1,
#5976000
0,
0*
#5978000
1,
#5980000
0,
1*
#5982000
1,
#5984000
0,
0*
#5986000
1,
#5988000
0,
1*
#5990000
1,
#5992000
0,
0*
#5994000
1,
#5996000
0,
1*
#5998000
1,
#6000000
0,
0*
#6002000
1,
#6004000
0,
1*
#6006000
1,
#6008000
0,
0*
#6010000
1,
#6012000
0,
1*
#6014000
1,
#6016000
0,
0*
#6018000
1,
#6020000
0,
1*
#6022000
1,
#6024000
0,
0*
#6026000
1,
#6028000
0,
1*
#6030000
1,
#6032000
0,
0*
#6034000
1,
#6036000
0,
1*
#6038000
1,
#6040000
0,
0*
#6042000
1,
#6044000
0,
1*
#6046000
1,
#6048000
0,
0*
#6050000
1,
#6052000
0,
1*
#6054000
1,
#6056000
0,
0*
#6058000
1,
#6060000
0,
1*
#6062000
1,
#6064000
0,
0*
#6066000
1,
#6068000
0,
1*
#6070000
1,
#6072000
0,
0*
#6074000
1,
#6076000
0,
1*
#6078000
1,
#6080000
0,
0*
#6082000
1,
#6084000
0,
1*
#6086000
1,
#6088000
0,
0*
#6090000
1,
#6092000
0,
1*
#6094000
1,
#6096000
0,
0*
#6098000
1,
#6100000
0,
1*
#6102000
1,
#6104000
0,
0*
#6106000
1,
#6108000
0,
1*
#6110000
1,
#6112000
0,
0*
#6114000
1,
#6116000
0,
1*
#6118000
1,
#6120000
0,
0*
#6122000
1,
#6124000
0,
1*
#6126000
1,
#6128000
0,
0*
#6130000
1,
#6132000
0,
1*
#6134000
1,
#6136000
0,
0*
#6138000
1,
#6140000
0,
1*
#6142000
1,
#6144000
0,
0*
#6146000
1,
#6148000
0,
1*
#6150000
1,
#6152000
0,
0*
#6154000
1,
#6156000
0,
1*
#6158000
1,
#6160000
0,
0*
#6162000
1,
#6164000
0,
1*
#6166000
1,
#6168000
0,
0*
#6170000
1,
#6172000
0,
1*
#6174000
1,
#6176000
0,
0*
#6178000
1,
#6180000
0,
1*
#6182000
1,
#6184000
0,
0*
#6186000
1,
#6188000
0,
1*
#6190000
1,
#6192000
0,
0*
#6194000
1,
#6196000
0,
1*
#6198000
1,
#6200000
0,
0*
#6202000
1,
#6204000
0,
1*
#6206000
1,
#6208000
0,
0*
#6210000
1,
#6212000
0,
1*
#6214000
1,
#6216000
0,
0*
#6218000
1,
#6220000
0,
1*
#6222000
1,
#6224000
0,
0*
#6226000
1,
#6228000
0,
1*
#6230000
1,
#6232000
0,
0*
#6234000
1,
#6236000
0,
1*
#6238000
1,
#6240000
0,
0*
#6242000
1,
#6244000
0,
1*
#6246000
1,
#6248000
0,
0*
#6250000
1,
#6252000
0,
1*
#6254000
1,
#6256000
0,
0*
#6258000
1,
#6260000
0,
1*
#6262000
1,
#6264000
0,
0*
#6266000
1,
#6268000
0,
1*
#6270000
1,
#6272000
0,
0*
#6274000
1,
#6276000
0,
1*
#6278000
1,
#6280000
0,
0*
#6282000
1,
#6284000
0,
1*
#6286000
1,
#6288000
0,
0*
#6290000
1,
#6292000
0,
1*
#6294000
1,
#6296000
0,
0*
#6298000
1,
#6300000
0,
1*
#6302000
1,
#6304000
0,
0*
#6306000
1,
#6308000
0,
1*
#6310000
1,
#6312000
0,
0*
#6314000
1,
#6316000
0,
1*
#6318000
1,
#6320000
0,
0*
#6322000
1,
#6324000
0,
1*
#6326000
1,
#6328000
0,
0*
#6330000
1,
#6332000
0,
1*
#6334000
1,
#6336000
0,
0*
#6338000
1,
#6340000
0,
1*
#6342000
1,
#6344000
0,
0*
#6346000
1,
#6348000
0,
1*
#6350000
1,
#6352000
0,
0*
#6354000
1,
#6356000
0,
1*
#6358000
1,
#6360000
0,
0*
#6362000
1,
#6364000
0,
1*
#6366000
1,
#6368000
0,
0*
#6370000
1,
#6372000
0,
1*
#6374000
1,
#6376000
0,
0*
#6378000
1,
#6380000
0,
1*
#6382000
1,
#6384000
0,
0*
#6386000
1,
#6388000
0,
1*
#6390000
1,
#6392000
0,
0*
#6394000
1,
#6396000
0,
1*
#6398000
1,
#6400000
0,
0*
#6402000
1,
#6404000
0,
1*
#6406000
1,
#6408000
0,
0*
#6410000
1,
#6412000
0,
1*
#6414000
1,
#6416000
0,
0*
#6418000
1,
#6420000
0,
1*
#6422000
1,
#6424000
0,
0*
#6426000
1,
#6428000
0,
1*
#6430000
1,
#6432000
0,
0*
#6434000
1,
#6436000
0,
1*
#6438000
1,
#6440000
0,
0*
#6442000
1,
#6444000
0,
1*
#6446000
1,
#6448000
0,
0*
#6450000
1,
#6452000
0,
1*
#6454000
1,
#6456000
0,
0*
#6458000
1,
#6460000
0,
1*
#6462000
1,
#6464000
0,
0*
#6466000
1,
#6468000
0,
1*
#6470000
1,
#6472000
0,
0*
#6474000
1,
#6476000
0,
1*
#6478000
1,
#6480000
0,
0*
#6482000
1,
#6484000
0,
1*
#6486000
1,
#6488000
0,
0*
#6490000
1,
#6492000
0,
1*
#6494000
1,
#6496000
0,
0*
#6498000
1,
#6500000
0,
1*
#6502000
1,
#6504000
0,
0*
#6506000
1,
#6508000
0,
1*
#6510000
1,
#6512000
0,
0*
#6514000
1,
#6516000
0,
1*
#6518000
1,
#6520000
0,
0*
#6522000
1,
#6524000
0,
1*
#6526000
1,
#6528000
0,
0*
#6530000
1,
#6532000
0,
1*
#6534000
1,
#6536000
0,
0*
#6538000
1,
#6540000
0,
1*
#6542000
1,
#6544000
0,
0*
#6546000
1,
#6548000
0,
1*
#6550000
1,
#6552000
0,
0*
#6554000
1,
#6556000
0,
1*
#6558000
1,
#6560000
0,
0*
#6562000
1,
#6564000
0,
1*
#6566000
1,
#6568000
0,
0*
#6570000
1,
#6572000
0,
1*
#6574000
1,
#6576000
0,
0*
#6578000
1,
#6580000
0,
1*
#6582000
1,
#6584000
0,
0*
#6586000
1,
#6588000
0,
1*
#6590000
1,
#6592000
0,
0*
#6594000
1,
#6596000
0,
1*
#6598000
1,
#6600000
0,
0*
#6602000
1,
#6604000
0,
1*
#6606000
1,
#6608000
0,
0*
#6610000
1,
#6612000
0,
1*
#6614000
1,
#6616000
0,
0*
#6618000
1,
#6620000
0,
1*
1)
#6622000
b1110 L
b1111 K
b1010 O
b10 U
b10000010 #
b10000010 1
b10000010 7
b10000010 T
1!
1,
#6624000
0,
0*
#6626000
b1010 2
b1010 8
b1010 P
b1010 L
b1110 K
b10000010 &
b10000010 .
b10000010 5
b10000010 9
b1011 O
b1010 R
b1111 0
b1111 H
b1111 S
b11 U
b10000011 #
b10000011 1
b10000011 7
b10000011 T
1,
#6628000
b1111 I
0,
1*
#6630000
b1011 2
b1011 8
b1011 P
b1011 L
b1010 K
b100 U
b10000100 #
b10000100 1
b10000100 7
b10000100 T
b1100 O
b1011 R
b1110 0
b1110 H
b1110 S
1,
#6632000
0,
0*
#6634000
b1100 2
b1100 8
b1100 P
b1001 L
b1011 K
b1101 O
b1100 R
b1010 0
b1010 H
b1010 S
b101 U
b10000101 #
b10000101 1
b10000101 7
b10000101 T
1,
#6636000
1B
0?
b1111 3
b1111 >
b1111 J
b1010 I
0,
1*
#6638000
b1101 2
b1101 8
b1101 P
b1000 L
b1001 K
b110 U
b10000110 #
b10000110 1
b10000110 7
b10000110 T
b1110 O
b1101 R
b1011 0
b1011 H
b1011 S
1,
#6640000
0,
0*
#6642000
b1110 2
b1110 8
b1110 P
b11000 L
b1000 K
b1111 O
b1110 R
b1001 0
b1001 H
b1001 S
b111 U
b10000111 #
b10000111 1
b10000111 7
b10000111 T
1,
#6644000
0%
1(
0B
b1010 3
b1010 >
b1010 J
b1001 I
0,
1*
#6646000
b1111 2
b1111 8
b1111 P
b11001 L
b11000 K
b1000 U
b10001000 #
b10001000 1
b10001000 7
b10001000 T
b10000 O
b1111 R
b1000 0
b1000 H
b1000 S
1,
#6648000
0,
0*
#6650000
b0 2
b0 8
b0 P
b11011 L
b11001 K
b10001 O
b10000 R
b11000 0
b11000 H
b11000 S
b1001 U
b10001001 #
b10001001 1
b10001001 7
b10001001 T
1,
#6652000
b1110 =
b1111 <
b1010 @
b1001 3
b1001 >
b1001 J
b11000 I
0(
1$
0,
1*
#6654000
b1 2
b1 8
b1 P
b11010 L
b11011 K
b1010 U
b10001010 #
b10001010 1
b10001010 7
b10001010 T
b10010 O
b10001 R
b11001 0
b11001 H
b11001 S
1,
#6656000
0,
0*
#6658000
b10 2
b10 8
b10 P
b11110 L
b11010 K
b10011 O
b10010 R
b11011 0
b11011 H
b11011 S
b1011 U
b10001011 #
b10001011 1
b10001011 7
b10001011 T
1,
#6660000
b10000011 &
b10000011 .
b10000011 5
b10000011 9
b1010 6
b1010 :
b1010 A
b1010 =
b1110 <
b1011 @
b1010 C
b1111 4
b1111 D
b1111 E
b11000 3
b11000 >
b11000 J
b11011 I
0,
1*
#6662000
b11 2
b11 8
b11 P
b11111 L
b11110 K
b1100 U
b10001100 #
b10001100 1
b10001100 7
b10001100 T
b1111 F
b10100 O
b10011 R
b11010 0
b11010 H
b11010 S
1,
#6664000
0,
0*
#6666000
b100 2
b100 8
b100 P
b11101 L
b11111 K
b10101 O
b10100 R
b11110 0
b11110 H
b11110 S
b1111 /
b1111 G
b1111 M
b1101 U
b10001101 #
b10001101 1
b10001101 7
b10001101 T
1,
#6668000
b10000100 &
b10000100 .
b10000100 5
b10000100 9
b1011 6
b1011 :
b1011 A
b1011 =
b1010 <
b11011 3
b11011 >
b11011 J
b11110 I
b1100 @
b1011 C
b1110 4
b1110 D
b1110 E
0,
1*
#6670000
b101 2
b101 8
b101 P
b11100 L
b11101 K
b1110 U
b10001110 #
b10001110 1
b10001110 7
b10001110 T
b1110 F
b10110 O
b10101 R
b11111 0
b11111 H
b11111 S
1,
#6672000
0,
0*
#6674000
b110 2
b110 8
b110 P
b10100 L
b11100 K
b10111 O
b10110 R
b11101 0
b11101 H
b11101 S
b1110 /
b1110 G
b1110 M
b1111 U
b10001111 #
b10001111 1
b10001111 7
b10001111 T
1,
#6676000
b10000101 &
b10000101 .
b10000101 5
b10000101 9
b1100 6
b1100 :
b1100 A
b1001 =
b1011 <
b1101 @
b1100 C
b1010 4
b1010 D
b1010 E
b11110 3
b11110 >
b11110 J
b11101 I
0,
1*
#6678000
b111 2
b111 8
b111 P
b10101 L
b10100 K
b0 U
b10010000 #
b10010000 1
b10010000 7
b10010000 T
b1010 F
b11000 O
b10111 R
b11100 0
b11100 H
b11100 S
1,
#6680000
0,
0*
#6682000
b1000 2
b1000 8
b1000 P
b10111 L
b10101 K
b11001 O
b11000 R
b10100 0
b10100 H
b10100 S
b1010 /
b1010 G
b1010 M
b1 U
b10010001 #
b10010001 1
b10010001 7
b10010001 T
1,
#6684000
b10000110 &
b10000110 .
b10000110 5
b10000110 9
b1101 6
b1101 :
b1101 A
b1000 =
b1001 <
b11101 3
b11101 >
b11101 J
b10100 I
b1110 @
b1101 C
b1011 4
b1011 D
b1011 E
0,
1*
#6686000
b1001 2
b1001 8
b1001 P
b10110 L
b10111 K
b10 U
b10010010 #
b10010010 1
b10010010 7
b10010010 T
b1011 F
b11010 O
b11001 R
b10101 0
b10101 H
b10101 S
1,
#6688000
0,
0*
#6690000
b1010 2
b1010 8
b1010 P
b10010 L
b10110 K
b11011 O
b11010 R
b10111 0
b10111 H
b10111 S
b1011 /
b1011 G
b1011 M
b11 U
b10010011 #
b10010011 1
b10010011 7
b10010011 T
1,
#6692000
b10000111 &
b10000111 .
b10000111 5
b10000111 9
b1110 6
b1110 :
b1110 A
b11000 =
b1000 <
b1111 @
b1110 C
b1001 4
b1001 D
b1001 E
b10100 3
b10100 >
b10100 J
b10111 I
0,
1*
#6694000
b1011 2
b1011 8
b1011 P
1Q
b10011 L
b10010 K
b100 U
b10010100 #
b10010100 1
b10010100 7
b10010100 T
b1001 F
b11100 O
b11011 R
b10110 0
b10110 H
b10110 S
1,
#6696000
0,
0*
#6698000
b1100 2
b1100 8
b1100 P
b10001 L
b10011 K
1Q
1'
b11101 O
b11100 R
b10010 0
b10010 H
b10010 S
b1001 /
b1001 G
b1001 M
b101 U
b10010101 #
b10010101 1
b10010101 7
b10010101 T
1,
#6700000
b10001000 &
b10001000 .
b10001000 5
b10001000 9
b1111 6
b1111 :
b1111 A
b11001 =
0?
b11000 <
b10111 3
b10111 >
b10111 J
b10010 I
b10000 @
b1111 C
b1000 4
b1000 D
b1000 E
0,
1*
#6702000
1N
b1101 2
b1101 8
b1101 P
0Q
b10000 L
b10001 K
b110 U
b10010110 #
b10010110 1
b10010110 7
b10010110 T
b1000 F
b11110 O
b11101 R
b10011 0
b10011 H
b10011 S
1,
#6704000
0,
0*
#6706000
b1110 2
b1110 8
b1110 P
b10000 L
b10001 K
0N
1Q
1"
0'
b11110 O
b11110 R
b10001 0
b10001 H
b10001 S
b1000 /
b1000 G
b1000 M
b111 U
b10010111 #
b10010111 1
b10010111 7
b10010111 T
1,
#6708000
b10001001 &
b10001001 .
b10001001 5
b10001001 9
b0 6
b0 :
b0 A
b11011 =
b11001 <
b10001 @
b10000 C
b11000 4
b11000 D
b11000 E
b10010 3
b10010 >
b10010 J
b10001 I
0,
1*
#6710000
0!
b11000 F
0"
1'
1,
#6712000
0,
0*
#6714000
b0 L
b10000 K
1Q
b11111 O
b11000 /
b11000 G
b11000 M
b1000 U
b10011000 #
b10011000 1
b10011000 7
b10011000 T
1!
1,
#6716000
b10001010 &
b10001010 .
b10001010 5
b10001010 9
b1 6
b1 :
b1 A
b11010 =
b11011 <
b10001 3
b10001 >
b10001 J
b10010 @
b10001 C
b11001 4
b11001 D
b11001 E
0,
1*
#6718000
1N
b1111 2
b1111 8
b1111 P
0Q
b1 L
b0 K
b1001 U
b10011001 #
b10011001 1
b10011001 7
b10011001 T
b11001 F
b0 O
b11111 R
b10000 0
b10000 H
b10000 S
1,
#6720000
0,
0*
#6722000
b0 2
b0 8
b0 P
b1 L
b0 K
0N
1Q
1"
0'
b0 O
b0 R
b0 0
b0 H
b0 S
b11001 /
b11001 G
b11001 M
b1010 U
b10011010 #
b10011010 1
b10011010 7
b10011010 T
1,
#6724000
b10001011 &
b10001011 .
b10001011 5
b10001011 9
b10 6
b10 :
b10 A
b11110 =
b11010 <
b10011 @
b10010 C
b11011 4
b11011 D
b11011 E
b0 I
0,
1*
#6726000
0!
b11011 F
0"
1'
1,
#6728000
0,
0*
#6730000
b11 L
b1 K
b1 O
1Q
b11011 /
b11011 G
b11011 M
b1011 U
b10011011 #
b10011011 1
b10011011 7
b10011011 T
1!
1,
#6732000
b10001100 &
b10001100 .
b10001100 5
b10001100 9
b11 6
b11 :
b11 A
b11111 =
b11110 <
b0 3
b0 >
b0 J
b10100 @
b10011 C
b11010 4
b11010 D
b11010 E
0,
1*
#6734000
1N
b1 2
b1 8
b1 P
0Q
b10 L
b11 K
b1100 U
b10011100 #
b10011100 1
b10011100 7
b10011100 T
b11010 F
b10 O
b1 R
b1 0
b1 H
b1 S
1,
#6736000
0,
0*
#6738000
b10 2
b10 8
b10 P
b10 L
b11 K
0N
1Q
1"
0'
b10 O
b10 R
b11 0
b11 H
b11 S
b11010 /
b11010 G
b11010 M
b1101 U
b10011101 #
b10011101 1
b10011101 7
b10011101 T
1,
#6740000
b10001101 &
b10001101 .
b10001101 5
b10001101 9
b100 6
b100 :
b100 A
b11101 =
b11111 <
b10101 @
b10100 C
b11110 4
b11110 D
b11110 E
b11 I
0,
1*
#6742000
0!
b11110 F
0"
1'
1,
#6744000
0,
0*
#6746000
b110 L
b10 K
b11 O
1Q
b11110 /
b11110 G
b11110 M
b1110 U
b10011110 #
b10011110 1
b10011110 7
b10011110 T
1!
1,
#6748000
b10001110 &
b10001110 .
b10001110 5
b10001110 9
b101 6
b101 :
b101 A
b11100 =
b11101 <
b11 3
b11 >
b11 J
b10110 @
b10101 C
b11111 4
b11111 D
b11111 E
0,
1*
#6750000
1N
b11 2
b11 8
b11 P
0Q
b111 L
b110 K
b1111 U
b10011111 #
b10011111 1
b10011111 7
b10011111 T
b11111 F
b100 O
b11 R
b10 0
b10 H
b10 S
1,
#6752000
0,
0*
#6754000
b100 2
b100 8
b100 P
b111 L
b110 K
0N
1Q
1"
0'
b100 O
b100 R
b110 0
b110 H
b110 S
b11111 /
b11111 G
b11111 M
b0 U
b10100000 #
b10100000 1
b10100000 7
b10100000 T
1,
#6756000
b10001111 &
b10001111 .
b10001111 5
b10001111 9
b110 6
b110 :
b110 A
b10100 =
b11100 <
b10111 @
b10110 C
b11101 4
b11101 D
b11101 E
b110 I
0,
1*
#6758000
0!
b11101 F
0"
1'
1,
#6760000
0,
0*
#6762000
b101 L
b111 K
b101 O
1Q
b11101 /
b11101 G
b11101 M
b1 U
b10100001 #
b10100001 1
b10100001 7
b10100001 T
1!
1,
#6764000
b10010000 &
b10010000 .
b10010000 5
b10010000 9
b111 6
b111 :
b111 A
b10101 =
b10100 <
b110 3
b110 >
b110 J
b11000 @
b10111 C
b11100 4
b11100 D
b11100 E
0,
1*
#6766000
1N
b101 2
b101 8
b101 P
0Q
b100 L
b101 K
b10 U
b10100010 #
b10100010 1
b10100010 7
b10100010 T
b11100 F
b110 O
b101 R
b111 0
b111 H
b111 S
1,
#6768000
0,
0*
#6770000
b110 2
b110 8
b110 P
b100 L
b101 K
0N
1Q
1"
0'
b110 O
b110 R
b101 0
b101 H
b101 S
b11100 /
b11100 G
b11100 M
b11 U
b10100011 #
b10100011 1
b10100011 7
b10100011 T
1,
#6772000
b10010001 &
b10010001 .
b10010001 5
b10010001 9
b1000 6
b1000 :
b1000 A
b10111 =
b10101 <
b11001 @
b11000 C
b10100 4
b10100 D
b10100 E
b101 I
0,
1*
#6774000
0!
b10100 F
0"
1'
1,
#6776000
0,
0*
#6778000
b1100 L
b100 K
1Q
b111 O
b10100 /
b10100 G
b10100 M
b100 U
b10100100 #
b10100100 1
b10100100 7
b10100100 T
1!
1,
#6780000
b10010010 &
b10010010 .
b10010010 5
b10010010 9
b1001 6
b1001 :
b1001 A
b10110 =
b10111 <
b101 3
b101 >
b101 J
b11010 @
b11001 C
b10101 4
b10101 D
b10101 E
0,
1*
#6782000
1N
b111 2
b111 8
b111 P
0Q
b1101 L
b1100 K
b101 U
b10100101 #
b10100101 1
b10100101 7
b10100101 T
b10101 F
b1000 O
b111 R
b100 0
b100 H
b100 S
1,
#6784000
0,
0*
#6786000
b1000 2
b1000 8
b1000 P
b1101 L
b1100 K
0N
1Q
1"
0'
b1000 O
b1000 R
b1100 0
b1100 H
b1100 S
b10101 /
b10101 G
b10101 M
b110 U
b10100110 #
b10100110 1
b10100110 7
b10100110 T
1,
#6788000
b10010011 &
b10010011 .
b10010011 5
b10010011 9
b1010 6
b1010 :
b1010 A
b10010 =
b10110 <
b11011 @
b11010 C
b10111 4
b10111 D
b10111 E
b1100 I
0,
1*
#6790000
0!
b10111 F
0"
1'
1,
#6792000
0,
0*
#6794000
b1111 L
b1101 K
b1001 O
1Q
b10111 /
b10111 G
b10111 M
b111 U
b10100111 #
b10100111 1
b10100111 7
b10100111 T
1!
1,
#6796000
b10010100 &
b10010100 .
b10010100 5
b10010100 9
b1011 6
b1011 :
b1011 A
b10011 =
b10010 <
b1100 3
b1100 >
b1100 J
b11100 @
b11011 C
b10110 4
b10110 D
b10110 E
0,
1*
#6798000
1N
b1001 2
b1001 8
b1001 P
0Q
b1110 L
b1111 K
b1000 U
b10101000 #
b10101000 1
b10101000 7
b10101000 T
b10110 F
b1010 O
b1001 R
b1101 0
b1101 H
b1101 S
1,
#6800000
0,
0*
#6802000
b1010 2
b1010 8
b1010 P
b1110 L
b1111 K
0N
1Q
1"
0'
b1010 O
b1010 R
b1111 0
b1111 H
b1111 S
b10110 /
b10110 G
b10110 M
b1001 U
b10101001 #
b10101001 1
b10101001 7
b10101001 T
1,
#6804000
b10010101 &
b10010101 .
b10010101 5
b10010101 9
b1100 6
b1100 :
b1100 A
b10001 =
b10011 <
b11101 @
b11100 C
b10010 4
b10010 D
b10010 E
b1111 I
0,
1*
#6806000
0!
b10010 F
0"
1'
1,
#6808000
0,
0*
#6810000
b1010 L
b1110 K
b1011 O
1Q
b10010 /
b10010 G
b10010 M
b1010 U
b10101010 #
b10101010 1
b10101010 7
b10101010 T
1!
1,
#6812000
b10010110 &
b10010110 .
b10010110 5
b10010110 9
b1101 6
b1101 :
b1101 A
b10000 =
b10001 <
b1111 3
b1111 >
b1111 J
b11110 @
b11101 C
b10011 4
b10011 D
b10011 E
0,
1*
#6814000
1N
b1011 2
b1011 8
b1011 P
0Q
b1011 L
b1010 K
b1011 U
b10101011 #
b10101011 1
b10101011 7
b10101011 T
b10011 F
b1100 O
b1011 R
b1110 0
b1110 H
b1110 S
1,
#6816000
0,
0*
#6818000
b1100 2
b1100 8
b1100 P
b1011 L
b1010 K
0N
1Q
1"
0'
b1100 O
b1100 R
b1010 0
b1010 H
b1010 S
b10011 /
b10011 G
b10011 M
b1100 U
b10101100 #
b10101100 1
b10101100 7
b10101100 T
1,
#6820000
b10011000 &
b10011000 .
b10011000 5
b10011000 9
b1110 6
b1110 :
b1110 A
0B
b0 =
b10000 <
b11111 @
b11110 C
b10001 4
b10001 D
b10001 E
b1010 I
0,
1*
0)
#6822000
0!
b10001 F
0"
1'
1,
#6824000
0,
0*
#6826000
0Q
b10001 /
b10001 G
b10001 M
1,
#6828000
b10011001 &
b10011001 .
b10011001 5
b10011001 9
b1111 6
b1111 :
b1111 A
b1 =
b0 <
b1010 3
b1010 >
b1010 J
b0 @
b11111 C
b10000 4
b10000 D
b10000 E
0,
1*
#6830000
b10000 F
0'
1,
#6832000
0,
0*
#6834000
b10000 /
b10000 G
b10000 M
1,
#6836000
b10011011 &
b10011011 .
b10011011 5
b10011011 9
b0 6
b0 :
b0 A
b11 =
b1 <
b1 @
b0 C
b0 4
b0 D
b0 E
0,
1*
#6838000
b0 F
1,
#6840000
0,
0*
#6842000
b0 /
b0 G
b0 M
1,
#6844000
b10011100 &
b10011100 .
b10011100 5
b10011100 9
b1 6
b1 :
b1 A
b10 =
b11 <
b10 @
b1 C
b1 4
b1 D
b1 E
0,
1*
#6846000
b1 F
1,
#6848000
0,
0*
#6850000
b1 /
b1 G
b1 M
1,
#6852000
b10011110 &
b10011110 .
b10011110 5
b10011110 9
b10 6
b10 :
b10 A
b110 =
b10 <
b11 @
b10 C
b11 4
b11 D
b11 E
0,
1*
#6854000
b11 F
1,
#6856000
0,
0*
#6858000
b11 /
b11 G
b11 M
1,
#6860000
b10011111 &
b10011111 .
b10011111 5
b10011111 9
b11 6
b11 :
b11 A
b111 =
b110 <
b100 @
b11 C
b10 4
b10 D
b10 E
0,
1*
#6862000
b10 F
1,
#6864000
0,
0*
#6866000
b10 /
b10 G
b10 M
1,
#6868000
b10100001 &
b10100001 .
b10100001 5
b10100001 9
b100 6
b100 :
b100 A
b101 =
b111 <
b101 @
b100 C
b110 4
b110 D
b110 E
0,
1*
#6870000
b110 F
1,
#6872000
0,
0*
#6874000
b110 /
b110 G
b110 M
1,
#6876000
b10100010 &
b10100010 .
b10100010 5
b10100010 9
b101 6
b101 :
b101 A
b100 =
b101 <
b110 @
b101 C
b111 4
b111 D
b111 E
0,
1*
#6878000
b111 F
1,
#6880000
0,
0*
#6882000
b111 /
b111 G
b111 M
1,
#6884000
b10100100 &
b10100100 .
b10100100 5
b10100100 9
b110 6
b110 :
b110 A
b1100 =
b100 <
b111 @
b110 C
b101 4
b101 D
b101 E
0,
1*
#6886000
b101 F
1,
#6888000
0,
0*
#6890000
b101 /
b101 G
b101 M
1,
#6892000
b10100101 &
b10100101 .
b10100101 5
b10100101 9
b111 6
b111 :
b111 A
b1101 =
b1100 <
b1000 @
b111 C
b100 4
b100 D
b100 E
0,
1*
#6894000
b100 F
1,
#6896000
0,
0*
#6898000
b100 /
b100 G
b100 M
1,
#6900000
b10100111 &
b10100111 .
b10100111 5
b10100111 9
b1000 6
b1000 :
b1000 A
b1111 =
b1101 <
b1001 @
b1000 C
b1100 4
b1100 D
b1100 E
0,
1*
#6902000
b1100 F
1,
#6904000
0,
0*
#6906000
b1100 /
b1100 G
b1100 M
1,
#6908000
b10101000 &
b10101000 .
b10101000 5
b10101000 9
b1001 6
b1001 :
b1001 A
b1110 =
b1111 <
b1010 @
b1001 C
b1101 4
b1101 D
b1101 E
0,
1*
#6910000
b1101 F
1,
#6912000
0,
0*
#6914000
b1101 /
b1101 G
b1101 M
1,
#6916000
1B
b10101010 &
b10101010 .
b10101010 5
b10101010 9
b1010 6
b1010 :
b1010 A
b1010 =
b1110 <
b1011 @
b1010 C
b1111 4
b1111 D
b1111 E
0,
1*
#6918000
b1111 F
1,
#6920000
0,
0*
#6922000
b1111 /
b1111 G
b1111 M
1,
#6924000
1?
b10101011 &
b10101011 .
b10101011 5
b10101011 9
b1011 6
b1011 :
b1011 A
0B
b1011 =
b1010 <
b1100 @
b1011 C
b1110 4
b1110 D
b1110 E
1(
0,
1*
#6926000
b1110 F
1,
#6928000
0,
0*
#6930000
b1110 /
b1110 G
b1110 M
1,
#6932000
0B
b10010101 &
b10010101 .
b10010101 5
b10010101 9
b1100 6
b1100 :
b1100 A
b1011 =
1?
b1010 <
1%
0(
b1100 @
b1100 C
b1010 4
b1010 D
b1010 E
0,
1*
#6934000
b1010 F
1,
#6936000
0,
0*
#6938000
b1010 /
b1010 G
b1010 M
1,
#6940000
0$
0,
1*
#6942000
1,
#6944000
0,
0*
#6946000
1,
#6948000
0,
1*
#6950000
1,
#6952000
0,
0*
#6954000
1,
#6956000
0,
1*
#6958000
1,
#6960000
0,
0*
#6962000
1,
#6964000
0,
1*
#6966000
1,
#6968000
0,
0*
#6970000
1,
#6972000
0,
1*
#6974000
1,
#6976000
0,
0*
#6978000
1,
#6980000
0,
1*
#6982000
1,
#6984000
0,
0*
#6986000
1,
#6988000
0,
1*
#6990000
1,
#6992000
0,
0*
#6994000
1,
#6996000
0,
1*
#6998000
1,
#7000000
0,
0*
#7002000
1,
#7004000
0,
1*
#7006000
1,
#7008000
0,
0*
#7010000
1,
#7012000
0,
1*
#7014000
1,
#7016000
0,
0*
#7018000
1,
#7020000
0,
1*
#7022000
1,
#7024000
0,
0*
#7026000
1,
#7028000
0,
1*
#7030000
1,
#7032000
0,
0*
#7034000
1,
#7036000
0,
1*
#7038000
1,
#7040000
0,
0*
#7042000
1,
#7044000
0,
1*
#7046000
1,
#7048000
0,
0*
#7050000
1,
#7052000
0,
1*
#7054000
1,
#7056000
0,
0*
#7058000
1,
#7060000
0,
1*
#7062000
1,
#7064000
0,
0*
#7066000
1,
#7068000
0,
1*
#7070000
1,
#7072000
0,
0*
#7074000
1,
#7076000
0,
1*
#7078000
1,
#7080000
0,
0*
#7082000
1,
#7084000
0,
1*
#7086000
1,
#7088000
0,
0*
#7090000
1,
#7092000
0,
1*
#7094000
1,
#7096000
0,
0*
#7098000
1,
#7100000
0,
1*
#7102000
1,
#7104000
0,
0*
#7106000
1,
#7108000
0,
1*
#7110000
1,
#7112000
0,
0*
#7114000
1,
#7116000
0,
1*
#7118000
1,
#7120000
0,
0*
#7122000
1,
#7124000
0,
1*
#7126000
1,
#7128000
0,
0*
#7130000
1,
#7132000
0,
1*
#7134000
1,
#7136000
0,
0*
#7138000
1,
#7140000
0,
1*
#7142000
1,
#7144000
0,
0*
#7146000
1,
#7148000
0,
1*
#7150000
1,
#7152000
0,
0*
#7154000
1,
#7156000
0,
1*
#7158000
1,
#7160000
0,
0*
#7162000
1,
#7164000
0,
1*
#7166000
1,
#7168000
0,
0*
#7170000
1,
#7172000
0,
1*
#7174000
1,
#7176000
0,
0*
#7178000
1,
#7180000
0,
1*
#7182000
1,
#7184000
0,
0*
#7186000
1,
#7188000
0,
1*
#7190000
1,
#7192000
0,
0*
#7194000
1,
#7196000
0,
1*
#7198000
1,
#7200000
0,
0*
#7202000
1,
#7204000
0,
1*
#7206000
1,
#7208000
0,
0*
#7210000
1,
#7212000
0,
1*
#7214000
1,
#7216000
0,
0*
#7218000
1,
#7220000
0,
1*
#7222000
1,
#7224000
0,
0*
#7226000
1,
#7228000
0,
1*
#7230000
1,
#7232000
0,
0*
#7234000
1,
#7236000
0,
1*
#7238000
1,
#7240000
0,
0*
#7242000
1,
#7244000
0,
1*
#7246000
1,
#7248000
0,
0*
#7250000
1,
#7252000
0,
1*
#7254000
1,
#7256000
0,
0*
#7258000
1,
#7260000
0,
1*
#7262000
1,
#7264000
0,
0*
#7266000
1,
#7268000
0,
1*
#7270000
1,
#7272000
0,
0*
#7274000
1,
#7276000
0,
1*
#7278000
1,
#7280000
0,
0*
#7282000
1,
#7284000
0,
1*
#7286000
1,
#7288000
0,
0*
#7290000
1,
#7292000
0,
1*
#7294000
1,
#7296000
0,
0*
#7298000
1,
#7300000
0,
1*
#7302000
1,
#7304000
0,
0*
#7306000
1,
#7308000
0,
1*
#7310000
1,
#7312000
0,
0*
#7314000
1,
#7316000
0,
1*
#7318000
1,
#7320000
0,
0*
#7322000
1,
#7324000
0,
1*
#7326000
1,
#7328000
0,
0*
#7330000
1,
#7332000
0,
1*
#7334000
1,
#7336000
0,
0*
#7338000
1,
#7340000
0,
1*
#7342000
1,
#7344000
0,
0*
#7346000
1,
#7348000
0,
1*
#7350000
1,
#7352000
0,
0*
#7354000
1,
#7356000
0,
1*
#7358000
1,
#7360000
0,
0*
#7362000
1,
#7364000
0,
1*
#7366000
1,
#7368000
0,
0*
#7370000
1,
#7372000
0,
1*
#7374000
1,
#7376000
0,
0*
#7378000
1,
#7380000
0,
1*
#7382000
1,
#7384000
0,
0*
#7386000
1,
#7388000
0,
1*
#7390000
1,
#7392000
0,
0*
#7394000
1,
#7396000
0,
1*
#7398000
1,
#7400000
0,
0*
#7402000
1,
#7404000
0,
1*
#7406000
1,
#7408000
0,
0*
#7410000
1,
#7412000
0,
1*
#7414000
1,
#7416000
0,
0*
#7418000
1,
#7420000
0,
1*
#7422000
1,
#7424000
0,
0*
#7426000
1,
#7428000
0,
1*
#7430000
1,
#7432000
0,
0*
#7434000
1,
#7436000
0,
1*
#7438000
1,
#7440000
0,
0*
#7442000
1,
#7444000
0,
1*
#7446000
1,
#7448000
0,
0*
#7450000
1,
#7452000
0,
1*
#7454000
1,
#7456000
0,
0*
#7458000
1,
#7460000
0,
1*
#7462000
1,
#7464000
0,
0*
#7466000
1,
#7468000
0,
1*
#7470000
1,
#7472000
0,
0*
#7474000
1,
#7476000
0,
1*
#7478000
1,
#7480000
0,
0*
#7482000
1,
#7484000
0,
1*
#7486000
1,
#7488000
0,
0*
#7490000
1,
#7492000
0,
1*
#7494000
1,
#7496000
0,
0*
#7498000
1,
#7500000
0,
1*
#7502000
1,
#7504000
0,
0*
#7506000
1,
#7508000
0,
1*
#7510000
1,
#7512000
0,
0*
#7514000
1,
#7516000
0,
1*
#7518000
1,
#7520000
0,
0*
#7522000
1,
#7524000
0,
1*
#7526000
1,
#7528000
0,
0*
#7530000
1,
#7532000
0,
1*
#7534000
1,
#7536000
0,
0*
#7538000
1,
#7540000
0,
1*
#7542000
1,
#7544000
0,
0*
#7546000
1,
#7548000
0,
1*
#7550000
1,
#7552000
0,
0*
#7554000
1,
#7556000
0,
1*
#7558000
1,
#7560000
0,
0*
#7562000
1,
#7564000
0,
1*
#7566000
1,
#7568000
0,
0*
#7570000
1,
#7572000
0,
1*
#7574000
1,
#7576000
0,
0*
#7578000
1,
#7580000
0,
1*
#7582000
1,
#7584000
0,
0*
#7586000
1,
#7588000
0,
1*
#7590000
1,
#7592000
0,
0*
#7594000
1,
#7596000
0,
1*
#7598000
1,
#7600000
0,
0*
#7602000
1,
#7604000
0,
1*
#7606000
1,
#7608000
0,
0*
#7610000
1,
#7612000
0,
1*
#7614000
1,
#7616000
0,
0*
#7618000
1,
#7620000
0,
1*
#7622000
1,
#7624000
0,
0*
#7626000
1,
#7628000
0,
1*
#7630000
1,
#7632000
0,
0*
#7634000
1,
#7636000
0,
1*
#7638000
1,
#7640000
0,
0*
#7642000
1,
#7644000
0,
1*
#7646000
1,
#7648000
0,
0*
#7650000
1,
#7652000
0,
1*
#7654000
1,
#7656000
0,
0*
#7658000
1,
#7660000
0,
1*
#7662000
1,
#7664000
0,
0*
#7666000
1,
#7668000
0,
1*
#7670000
1,
#7672000
0,
0*
#7674000
1,
#7676000
0,
1*
#7678000
1,
#7680000
0,
0*
#7682000
1,
#7684000
0,
1*
#7686000
1,
#7688000
0,
0*
#7690000
1,
#7692000
0,
1*
#7694000
1,
#7696000
0,
0*
#7698000
1,
#7700000
0,
1*
#7702000
1,
#7704000
0,
0*
#7706000
1,
#7708000
0,
1*
#7710000
1,
#7712000
0,
0*
#7714000
1,
#7716000
0,
1*
#7718000
1,
#7720000
0,
0*
#7722000
1,
#7724000
0,
1*
#7726000
1,
#7728000
0,
0*
#7730000
1,
#7732000
0,
1*
#7734000
1,
#7736000
0,
0*
#7738000
1,
#7740000
0,
1*
#7742000
1,
#7744000
0,
0*
#7746000
1,
#7748000
0,
1*
#7750000
1,
#7752000
0,
0*
#7754000
1,
#7756000
0,
1*
#7758000
1,
#7760000
0,
0*
#7762000
1,
#7764000
0,
1*
#7766000
1,
#7768000
0,
0*
#7770000
1,
#7772000
0,
1*
#7774000
1,
#7776000
0,
0*
#7778000
1,
#7780000
0,
1*
#7782000
1,
#7784000
0,
0*
#7786000
1,
#7788000
0,
1*
#7790000
1,
#7792000
0,
0*
#7794000
1,
#7796000
0,
1*
#7798000
1,
#7800000
0,
0*
#7802000
1,
#7804000
0,
1*
#7806000
1,
#7808000
0,
0*
#7810000
1,
#7812000
0,
1*
#7814000
1,
#7816000
0,
0*
#7818000
1,
#7820000
0,
1*
#7822000
1,
#7824000
0,
0*
#7826000
1,
#7828000
0,
1*
#7830000
1,
#7832000
0,
0*
#7834000
1,
#7836000
0,
1*
#7838000
1,
#7840000
0,
0*
#7842000
1,
#7844000
0,
1*
#7846000
1,
#7848000
0,
0*
#7850000
1,
#7852000
0,
1*
#7854000
1,
#7856000
0,
0*
#7858000
1,
#7860000
0,
1*
#7862000
1,
#7864000
0,
0*
#7866000
1,
#7868000
0,
1*
#7870000
1,
#7872000
0,
0*
#7874000
1,
#7876000
0,
1*
#7878000
1,
#7880000
0,
0*
#7882000
1,
#7884000
0,
1*
#7886000
1,
#7888000
0,
0*
#7890000
1,
#7892000
0,
1*
#7894000
1,
#7896000
0,
0*
#7898000
1,
#7900000
0,
1*
#7902000
1,
#7904000
0,
0*
#7906000
1,
#7908000
0,
1*
#7910000
1,
#7912000
0,
0*
#7914000
1,
#7916000
0,
1*
#7918000
1,
#7920000
0,
0*
#7922000
1,
#7924000
0,
1*
#7926000
1,
#7928000
0,
0*
#7930000
1,
#7932000
0,
1*
#7934000
1,
#7936000
0,
0*
#7938000
1,
#7940000
0,
1*
#7942000
1,
#7944000
0,
0*
#7946000
1,
#7948000
0,
1*
#7950000
1,
#7952000
0,
0*
#7954000
1,
#7956000
0,
1*
#7958000
1,
#7960000
0,
0*
#7962000
1,
#7964000
0,
1*
#7966000
1,
#7968000
0,
0*
#7970000
1,
#7972000
0,
1*
#7974000
1,
#7976000
0,
0*
#7978000
1,
#7980000
0,
1*
#7982000
1,
#7984000
0,
0*
#7986000
1,
#7988000
0,
1*
#7990000
1,
#7992000
0,
0*
#7994000
1,
#7996000
0,
1*
#7998000
1,
#8000000
0,
0*
#8002000
1,
#8004000
0,
1*
#8006000
1,
#8008000
0,
0*
#8010000
1,
#8012000
0,
1*
#8014000
1,
#8016000
0,
0*
#8018000
1,
#8020000
0,
1*
#8022000
1,
#8024000
0,
0*
#8026000
1,
#8028000
0,
1*
#8030000
1,
#8032000
0,
0*
#8034000
1,
#8036000
0,
1*
#8038000
1,
#8040000
0,
0*
#8042000
1,
#8044000
0,
1*
#8046000
1,
#8048000
0,
0*
#8050000
1,
#8052000
0,
1*
#8054000
1,
#8056000
0,
0*
#8058000
1,
#8060000
0,
1*
#8062000
1,
#8064000
0,
0*
#8066000
1,
#8068000
0,
1*
#8070000
1,
#8072000
0,
0*
#8074000
1,
#8076000
0,
1*
#8078000
1,
#8080000
0,
0*
#8082000
1,
#8084000
0,
1*
#8086000
1,
#8088000
0,
0*
#8090000
1,
#8092000
0,
1*
#8094000
1,
#8096000
0,
0*
#8098000
1,
#8100000
0,
1*
#8102000
1,
#8104000
0,
0*
#8106000
1,
#8108000
0,
1*
#8110000
1,
#8112000
0,
0*
#8114000
1,
#8116000
0,
1*
#8118000
1,
#8120000
0,
0*
#8122000
1,
#8124000
0,
1*
#8126000
1,
#8128000
0,
0*
#8130000
1,
#8132000
0,
1*
#8134000
1,
#8136000
0,
0*
#8138000
1,
#8140000
0,
1*
#8142000
1,
#8144000
0,
0*
#8146000
1,
#8148000
0,
1*
#8150000
1,
#8152000
0,
0*
#8154000
1,
#8156000
0,
1*
#8158000
1,
#8160000
0,
0*
#8162000
1,
#8164000
0,
1*
#8166000
1,
#8168000
0,
0*
#8170000
1,
#8172000
0,
1*
#8174000
1,
#8176000
0,
0*
#8178000
1,
#8180000
0,
1*
#8182000
1,
#8184000
0,
0*
#8186000
1,
#8188000
0,
1*
#8190000
1,
#8192000
0,
0*
#8194000
1,
#8196000
0,
1*
#8198000
1,
#8200000
0,
0*
#8202000
1,
#8204000
0,
1*
#8206000
1,
#8208000
0,
0*
#8210000
1,
#8212000
0,
1*
#8214000
1,
#8216000
0,
0*
#8218000
1,
#8220000
0,
1*
#8222000
1,
#8224000
0,
0*
#8226000
1,
#8228000
0,
1*
#8230000
1,
#8232000
0,
0*
#8234000
1,
#8236000
0,
1*
#8238000
1,
#8240000
0,
0*
#8242000
1,
#8244000
0,
1*
#8246000
1,
#8248000
0,
0*
#8250000
1,
#8252000
0,
1*
#8254000
1,
#8256000
0,
0*
#8258000
1,
#8260000
0,
1*
#8262000
1,
#8264000
0,
0*
#8266000
1,
#8268000
0,
1*
#8270000
1,
#8272000
0,
0*
#8274000
1,
#8276000
0,
1*
#8278000
1,
#8280000
0,
0*
#8282000
1,
#8284000
0,
1*
#8286000
1,
#8288000
0,
0*
#8290000
1,
#8292000
0,
1*
#8294000
1,
#8296000
0,
0*
#8298000
1,
#8300000
0,
1*
#8302000
1,
#8304000
0,
0*
#8306000
1,
#8308000
0,
1*
#8310000
1,
#8312000
0,
0*
#8314000
1,
#8316000
0,
1*
#8318000
1,
#8320000
0,
0*
#8322000
1,
#8324000
0,
1*
#8326000
1,
#8328000
0,
0*
#8330000
1,
#8332000
0,
1*
#8334000
1,
#8336000
0,
0*
#8338000
1,
#8340000
0,
1*
#8342000
1,
#8344000
0,
0*
#8346000
1,
#8348000
0,
1*
#8350000
1,
#8352000
0,
0*
#8354000
1,
#8356000
0,
1*
#8358000
1,
#8360000
0,
0*
#8362000
1,
#8364000
0,
1*
#8366000
1,
#8368000
0,
0*
#8370000
1,
#8372000
0,
1*
#8374000
1,
#8376000
0,
0*
#8378000
1,
#8380000
0,
1*
#8382000
1,
#8384000
0,
0*
#8386000
1,
#8388000
0,
1*
#8390000
1,
#8392000
0,
0*
#8394000
1,
#8396000
0,
1*
#8398000
1,
#8400000
0,
0*
#8402000
1,
#8404000
0,
1*
#8406000
1,
#8408000
0,
0*
#8410000
1,
#8412000
0,
1*
#8414000
1,
#8416000
0,
0*
#8418000
1,
#8420000
0,
1*
#8422000
1,
#8424000
0,
0*
#8426000
1,
#8428000
0,
1*
#8430000
1,
#8432000
0,
0*
#8434000
1,
#8436000
0,
1*
#8438000
1,
#8440000
0,
0*
#8442000
1,
#8444000
0,
1*
#8446000
1,
#8448000
0,
0*
#8450000
1,
#8452000
0,
1*
#8454000
1,
#8456000
0,
0*
#8458000
1,
#8460000
0,
1*
#8462000
1,
#8464000
0,
0*
#8466000
1,
#8468000
0,
1*
#8470000
1,
#8472000
0,
0*
#8474000
1,
#8476000
0,
1*
#8478000
1,
#8480000
0,
0*
#8482000
1,
#8484000
0,
1*
#8486000
1,
#8488000
0,
0*
#8490000
1,
#8492000
0,
1*
#8494000
1,
#8496000
0,
0*
#8498000
1,
#8500000
0,
1*
#8502000
1,
#8504000
0,
0*
#8506000
1,
#8508000
0,
1*
#8510000
1,
#8512000
0,
0*
#8514000
1,
#8516000
0,
1*
#8518000
1,
#8520000
0,
0*
#8522000
1,
#8524000
0,
1*
#8526000
1,
#8528000
0,
0*
#8530000
1,
#8532000
0,
1*
#8534000
1,
#8536000
0,
0*
#8538000
1,
#8540000
0,
1*
#8542000
1,
#8544000
0,
0*
#8546000
1,
#8548000
0,
1*
#8550000
1,
#8552000
0,
0*
#8554000
1,
#8556000
0,
1*
#8558000
1,
#8560000
0,
0*
#8562000
1,
#8564000
0,
1*
#8566000
1,
#8568000
0,
0*
#8570000
1,
#8572000
0,
1*
#8574000
1,
#8576000
0,
0*
#8578000
1,
#8580000
0,
1*
#8582000
1,
#8584000
0,
0*
#8586000
1,
#8588000
0,
1*
#8590000
1,
#8592000
0,
0*
#8594000
1,
#8596000
0,
1*
#8598000
1,
#8600000
0,
0*
#8602000
1,
#8604000
0,
1*
#8606000
1,
#8608000
0,
0*
#8610000
1,
#8612000
0,
1*
#8614000
1,
#8616000
0,
0*
#8618000
1,
#8620000
0,
1*
#8622000
1,
#8624000
0,
0*
#8626000
1,
#8628000
0,
1*
#8630000
1,
#8632000
0,
0*
#8634000
1,
#8636000
0,
1*
#8638000
1,
#8640000
0,
0*
#8642000
1,
#8644000
0,
1*
#8646000
1,
#8648000
0,
0*
#8650000
1,
#8652000
0,
1*
#8654000
1,
#8656000
0,
0*
#8658000
1,
#8660000
0,
1*
#8662000
1,
#8664000
0,
0*
#8666000
1,
#8668000
0,
1*
#8670000
1,
#8672000
0,
0*
#8674000
1,
#8676000
0,
1*
#8678000
1,
#8680000
0,
0*
#8682000
1,
#8684000
0,
1*
#8686000
1,
#8688000
0,
0*
#8690000
1,
#8692000
0,
1*
#8694000
1,
#8696000
0,
0*
#8698000
1,
#8700000
0,
1*
#8702000
1,
#8704000
0,
0*
#8706000
1,
#8708000
0,
1*
#8710000
1,
#8712000
0,
0*
#8714000
1,
#8716000
0,
1*
#8718000
1,
#8720000
0,
0*
#8722000
1,
#8724000
0,
1*
#8726000
1,
#8728000
0,
0*
#8730000
1,
#8732000
0,
1*
#8734000
1,
#8736000
0,
0*
#8738000
1,
#8740000
0,
1*
#8742000
1,
#8744000
0,
0*
#8746000
1,
#8748000
0,
1*
#8750000
1,
#8752000
0,
0*
#8754000
1,
#8756000
0,
1*
#8758000
1,
#8760000
0,
0*
#8762000
1,
#8764000
0,
1*
#8766000
1,
#8768000
0,
0*
#8770000
1,
#8772000
0,
1*
#8774000
1,
#8776000
0,
0*
#8778000
1,
#8780000
0,
1*
#8782000
1,
#8784000
0,
0*
#8786000
1,
#8788000
0,
1*
#8790000
1,
#8792000
0,
0*
#8794000
1,
#8796000
0,
1*
#8798000
1,
#8800000
0,
0*
#8802000
1,
#8804000
0,
1*
#8806000
1,
#8808000
0,
0*
#8810000
1,
#8812000
0,
1*
#8814000
1,
#8816000
0,
0*
#8818000
1,
#8820000
0,
1*
1)
#8822000
b1001 L
b1011 K
b1101 O
b1101 U
b10101101 #
b10101101 1
b10101101 7
b10101101 T
1!
1,
#8824000
0,
0*
#8826000
b1101 2
b1101 8
b1101 P
b1000 L
b1001 K
b10101101 &
b10101101 .
b10101101 5
b10101101 9
b1110 O
b1101 R
b1011 0
b1011 H
b1011 S
b1110 U
b10101110 #
b10101110 1
b10101110 7
b10101110 T
1,
#8828000
b1011 I
0,
1*
#8830000
b1110 2
b1110 8
b1110 P
b11000 L
b1000 K
b1111 U
b10101111 #
b10101111 1
b10101111 7
b10101111 T
b1111 O
b1110 R
b1001 0
b1001 H
b1001 S
1,
#8832000
0,
0*
#8834000
b1111 2
b1111 8
b1111 P
b11001 L
b11000 K
b10000 O
b1111 R
b1000 0
b1000 H
b1000 S
b0 U
b10110000 #
b10110000 1
b10110000 7
b10110000 T
1,
#8836000
1B
0?
b1011 3
b1011 >
b1011 J
b1000 I
0,
1*
#8838000
b0 2
b0 8
b0 P
b11011 L
b11001 K
b1 U
b10110001 #
b10110001 1
b10110001 7
b10110001 T
b10001 O
b10000 R
b11000 0
b11000 H
b11000 S
1,
#8840000
0,
0*
#8842000
b1 2
b1 8
b1 P
b11010 L
b11011 K
b10010 O
b10001 R
b11001 0
b11001 H
b11001 S
b10 U
b10110010 #
b10110010 1
b10110010 7
b10110010 T
1,
#8844000
0B
b1000 3
b1000 >
b1000 J
b11001 I
0%
1(
0,
1*
#8846000
b10 2
b10 8
b10 P
b11110 L
b11010 K
b11 U
b10110011 #
b10110011 1
b10110011 7
b10110011 T
b10011 O
b10010 R
b11011 0
b11011 H
b11011 S
1,
#8848000
0,
0*
#8850000
b11 2
b11 8
b11 P
b11111 L
b11110 K
b10100 O
b10011 R
b11010 0
b11010 H
b11010 S
b100 U
b10110100 #
b10110100 1
b10110100 7
b10110100 T
1,
#8852000
b1001 =
b1011 <
b1101 @
1$
0(
b11001 3
b11001 >
b11001 J
b11010 I
0,
1*
#8854000
b100 2
b100 8
b100 P
b11101 L
b11111 K
b101 U
b10110101 #
b10110101 1
b10110101 7
b10110101 T
b10101 O
b10100 R
b11110 0
b11110 H
b11110 S
1,
#8856000
0,
0*
#8858000
b101 2
b101 8
b101 P
b11100 L
b11101 K
b10110 O
b10101 R
b11111 0
b11111 H
b11111 S
b110 U
b10110110 #
b10110110 1
b10110110 7
b10110110 T
1,
#8860000
b10101110 &
b10101110 .
b10101110 5
b10101110 9
b1101 6
b1101 :
b1101 A
b1000 =
b1001 <
b11010 3
b11010 >
b11010 J
b11111 I
b1110 @
b1101 C
b1011 4
b1011 D
b1011 E
0,
1*
#8862000
b110 2
b110 8
b110 P
b10100 L
b11100 K
b111 U
b10110111 #
b10110111 1
b10110111 7
b10110111 T
b1011 F
b10111 O
b10110 R
b11101 0
b11101 H
b11101 S
1,
#8864000
0,
0*
#8866000
b111 2
b111 8
b111 P
b10101 L
0N
b10100 K
b11000 O
b10111 R
b11100 0
b11100 H
b11100 S
b1011 /
b1011 G
b1011 M
b1000 U
b10111000 #
b10111000 1
b10111000 7
b10111000 T
1,
#8868000
b10101111 &
b10101111 .
b10101111 5
b10101111 9
b1110 6
b1110 :
b1110 A
b11000 =
b1000 <
b1111 @
b1110 C
b1001 4
b1001 D
b1001 E
b11111 3
b11111 >
b11111 J
b11100 I
0,
1*
#8870000
b1000 2
b1000 8
b1000 P
b10111 L
b10101 K
b1001 U
b10111001 #
b10111001 1
b10111001 7
b10111001 T
b1001 F
b11001 O
b11000 R
b10100 0
b10100 H
b10100 S
1,
#8872000
0,
0*
#8874000
b1001 2
b1001 8
b1001 P
b10110 L
b10111 K
b11010 O
b11001 R
b10101 0
b10101 H
b10101 S
b1001 /
b1001 G
b1001 M
b1010 U
b10111010 #
b10111010 1
b10111010 7
b10111010 T
1,
#8876000
b10110000 &
b10110000 .
b10110000 5
b10110000 9
b1111 6
b1111 :
b1111 A
b11001 =
b11000 <
b11100 3
b11100 >
b11100 J
b10101 I
b10000 @
b1111 C
b1000 4
b1000 D
b1000 E
0,
1*
#8878000
b1010 2
b1010 8
b1010 P
0Q
b10010 L
b10110 K
b1011 U
b10111011 #
b10111011 1
b10111011 7
b10111011 T
b1000 F
b11011 O
b11010 R
b10111 0
b10111 H
b10111 S
1,
#8880000
0,
0*
#8882000
b1011 2
b1011 8
b1011 P
b10011 L
b10010 K
b11100 O
b11011 R
b10110 0
b10110 H
b10110 S
b1000 /
b1000 G
b1000 M
b1100 U
b10111100 #
b10111100 1
b10111100 7
b10111100 T
1,
#8884000
b10110001 &
b10110001 .
b10110001 5
b10110001 9
b0 6
b0 :
b0 A
b11011 =
b11001 <
b10001 @
b10000 C
b11000 4
b11000 D
b11000 E
b10101 3
b10101 >
b10101 J
b10110 I
0,
1*
#8886000
b1100 2
b1100 8
b1100 P
0Q
b10001 L
b10011 K
b1101 U
b10111101 #
b10111101 1
b10111101 7
b10111101 T
b11000 F
b11101 O
b11100 R
b10010 0
b10010 H
b10010 S
1,
#8888000
0,
0*
#8890000
b1101 2
b1101 8
b1101 P
0Q
b10000 L
0N
b10001 K
b11110 O
b11101 R
b10011 0
b10011 H
b10011 S
b11000 /
b11000 G
b11000 M
b1110 U
b10111110 #
b10111110 1
b10111110 7
b10111110 T
1,
#8892000
b10110010 &
b10110010 .
b10110010 5
b10110010 9
b1 6
b1 :
b1 A
b11010 =
b11011 <
b10110 3
b10110 >
b10110 J
b10011 I
b10010 @
b10001 C
b11001 4
b11001 D
b11001 E
0,
1*
#8894000
1Q
b1110 2
b1110 8
b1110 P
b0 L
b10000 K
b1111 U
b10111111 #
b10111111 1
b10111111 7
b10111111 T
b11001 F
b11111 O
b11110 R
b10001 0
b10001 H
b10001 S
1,
#8896000
0,
0*
#8898000
b1111 2
b1111 8
b1111 P
b1 L
b0 K
1Q
1'
b0 O
b11111 R
b10000 0
b10000 H
b10000 S
b11001 /
b11001 G
b11001 M
b0 U
b11000000 #
b11000000 1
b11000000 7
b11000000 T
1,
#8900000
b10110011 &
b10110011 .
b10110011 5
b10110011 9
b10 6
b10 :
b10 A
b11110 =
b11010 <
b10011 @
b10010 C
b11011 4
b11011 D
b11011 E
b10011 3
b10011 >
b10011 J
b10000 I
0,
1*
#8902000
b0 2
b0 8
b0 P
0Q
b11 L
1N
b1 K
b1 U
b11000001 #
b11000001 1
b11000001 7
b11000001 T
b11011 F
b1 O
b0 R
b0 0
b0 H
b0 S
1,
#8904000
0,
0*
#8906000
b1 2
b1 8
b1 P
b11 L
b1 K
0N
1Q
1"
0'
b1 O
b1 R
b1 0
b1 H
b1 S
b11011 /
b11011 G
b11011 M
b10 U
b11000010 #
b11000010 1
b11000010 7
b11000010 T
1,
#8908000
b10110100 &
b10110100 .
b10110100 5
b10110100 9
b11 6
b11 :
b11 A
b11111 =
b11110 <
b10000 3
b10000 >
b10000 J
b1 I
b10100 @
b10011 C
b11010 4
b11010 D
b11010 E
0,
1*
#8910000
0!
b11010 F
0"
1'
1,
#8912000
0,
0*
#8914000
b10 L
0N
b11 K
b10 O
1Q
b11010 /
b11010 G
b11010 M
b11 U
b11000011 #
b11000011 1
b11000011 7
b11000011 T
1!
1,
#8916000
b10110101 &
b10110101 .
b10110101 5
b10110101 9
b100 6
b100 :
b100 A
b11101 =
b11111 <
b10101 @
b10100 C
b11110 4
b11110 D
b11110 E
b1 3
b1 >
b1 J
0,
1*
#8918000
b10 2
b10 8
b10 P
0Q
b110 L
1N
b10 K
b100 U
b11000100 #
b11000100 1
b11000100 7
b11000100 T
b11110 F
b11 O
b10 R
b11 0
b11 H
b11 S
1,
#8920000
0,
0*
#8922000
b11 2
b11 8
b11 P
b110 L
b10 K
0N
1Q
1"
0'
b11 O
b11 R
b10 0
b10 H
b10 S
b11110 /
b11110 G
b11110 M
b101 U
b11000101 #
b11000101 1
b11000101 7
b11000101 T
1,
#8924000
b10110110 &
b10110110 .
b10110110 5
b10110110 9
b101 6
b101 :
b101 A
b11100 =
b11101 <
b10 I
b10110 @
b10101 C
b11111 4
b11111 D
b11111 E
0,
1*
#8926000
0!
b11111 F
0"
1'
1,
#8928000
0,
0*
#8930000
b111 L
b110 K
b100 O
1Q
b11111 /
b11111 G
b11111 M
b110 U
b11000110 #
b11000110 1
b11000110 7
b11000110 T
1!
1,
#8932000
b10110111 &
b10110111 .
b10110111 5
b10110111 9
b110 6
b110 :
b110 A
b10100 =
b11100 <
b10111 @
b10110 C
b11101 4
b11101 D
b11101 E
b10 3
b10 >
b10 J
0,
1*
#8934000
b100 2
b100 8
b100 P
0Q
b101 L
1N
b111 K
b111 U
b11000111 #
b11000111 1
b11000111 7
b11000111 T
b11101 F
b101 O
b100 R
b110 0
b110 H
b110 S
1,
#8936000
0,
0*
#8938000
b101 2
b101 8
b101 P
b101 L
b111 K
0N
1Q
1"
0'
b101 O
b101 R
b111 0
b111 H
b111 S
b11101 /
b11101 G
b11101 M
b1000 U
b11001000 #
b11001000 1
b11001000 7
b11001000 T
1,
#8940000
b10111000 &
b10111000 .
b10111000 5
b10111000 9
b111 6
b111 :
b111 A
b10101 =
b10100 <
b111 I
b11000 @
b10111 C
b11100 4
b11100 D
b11100 E
0,
1*
#8942000
0!
b11100 F
0"
1'
1,
#8944000
0,
0*
#8946000
b100 L
0N
b101 K
b110 O
1Q
b11100 /
b11100 G
b11100 M
b1001 U
b11001001 #
b11001001 1
b11001001 7
b11001001 T
1!
1,
#8948000
b10111001 &
b10111001 .
b10111001 5
b10111001 9
b1000 6
b1000 :
b1000 A
b10111 =
b10101 <
b11001 @
b11000 C
b10100 4
b10100 D
b10100 E
b111 3
b111 >
b111 J
0,
1*
#8950000
b110 2
b110 8
b110 P
0Q
b1100 L
1N
b100 K
b1010 U
b11001010 #
b11001010 1
b11001010 7
b11001010 T
b10100 F
b111 O
b110 R
b101 0
b101 H
b101 S
1,
#8952000
0,
0*
#8954000
1Q
b111 2
b111 8
b111 P
b1100 L
0N
b100 K
1"
0'
b111 O
b111 R
b100 0
b100 H
b100 S
b10100 /
b10100 G
b10100 M
b1011 U
b11001011 #
b11001011 1
b11001011 7
b11001011 T
1,
#8956000
b10111010 &
b10111010 .
b10111010 5
b10111010 9
b1001 6
b1001 :
b1001 A
b10110 =
b10111 <
b100 I
b11010 @
b11001 C
b10101 4
b10101 D
b10101 E
0,
1*
#8958000
0!
b10101 F
0"
1'
1,
#8960000
0,
0*
#8962000
b1101 L
b1100 K
b1000 O
1Q
b10101 /
b10101 G
b10101 M
b1100 U
b11001100 #
b11001100 1
b11001100 7
b11001100 T
1!
1,
#8964000
b10111011 &
b10111011 .
b10111011 5
b10111011 9
b1010 6
b1010 :
b1010 A
b10010 =
b10110 <
b11011 @
b11010 C
b10111 4
b10111 D
b10111 E
b100 3
b100 >
b100 J
0,
1*
#8966000
b1000 2
b1000 8
b1000 P
0Q
b1111 L
1N
b1101 K
b1101 U
b11001101 #
b11001101 1
b11001101 7
b11001101 T
b10111 F
b1001 O
b1000 R
b1100 0
b1100 H
b1100 S
1,
#8968000
0,
0*
#8970000
b1001 2
b1001 8
b1001 P
b1111 L
b1101 K
0N
1Q
1"
0'
b1001 O
b1001 R
b1101 0
b1101 H
b1101 S
b10111 /
b10111 G
b10111 M
b1110 U
b11001110 #
b11001110 1
b11001110 7
b11001110 T
1,
#8972000
b10111100 &
b10111100 .
b10111100 5
b10111100 9
b1011 6
b1011 :
b1011 A
b10011 =
b10010 <
b1101 I
b11100 @
b11011 C
b10110 4
b10110 D
b10110 E
0,
1*
#8974000
0!
b10110 F
0"
1'
1,
#8976000
0,
0*
#8978000
b1110 L
0N
b1111 K
b1010 O
1Q
b10110 /
b10110 G
b10110 M
b1111 U
b11001111 #
b11001111 1
b11001111 7
b11001111 T
1!
1,
#8980000
b10111101 &
b10111101 .
b10111101 5
b10111101 9
b1100 6
b1100 :
b1100 A
b10001 =
b10011 <
b11101 @
b11100 C
b10010 4
b10010 D
b10010 E
b1101 3
b1101 >
b1101 J
0,
1*
#8982000
b1010 2
b1010 8
b1010 P
0Q
b1010 L
1N
b1110 K
b0 U
b11010000 #
b11010000 1
b11010000 7
b11010000 T
b10010 F
b1011 O
b1010 R
b1111 0
b1111 H
b1111 S
1,
#8984000
0,
0*
#8986000
b1011 2
b1011 8
b1011 P
b1010 L
b1110 K
0N
1Q
1"
0'
b1011 O
b1011 R
b1110 0
b1110 H
b1110 S
b10010 /
b10010 G
b10010 M
b1 U
b11010001 #
b11010001 1
b11010001 7
b11010001 T
1,
#8988000
b10111110 &
b10111110 .
b10111110 5
b10111110 9
b1101 6
b1101 :
b1101 A
b10000 =
b10001 <
b1110 I
b11110 @
b11101 C
b10011 4
b10011 D
b10011 E
0,
1*
#8990000
0!
b10011 F
0"
1'
1,
#8992000
0,
0*
#8994000
b1011 L
b1010 K
b1100 O
1Q
b10011 /
b10011 G
b10011 M
b10 U
b11010010 #
b11010010 1
b11010010 7
b11010010 T
1!
1,
#8996000
b10111111 &
b10111111 .
b10111111 5
b10111111 9
b1110 6
b1110 :
b1110 A
b0 =
b10000 <
b11111 @
b11110 C
b10001 4
b10001 D
b10001 E
b1110 3
b1110 >
b1110 J
0,
1*
#8998000
b1100 2
b1100 8
b1100 P
0Q
b1001 L
1N
b1011 K
b11 U
b11010011 #
b11010011 1
b11010011 7
b11010011 T
b10001 F
b1101 O
b1100 R
b1010 0
b1010 H
b1010 S
1,
#9000000
0,
0*
#9002000
b1101 2
b1101 8
b1101 P
b1001 L
b1011 K
0N
1Q
1"
0'
b1101 O
b1101 R
b1011 0
b1011 H
b1011 S
b10001 /
b10001 G
b10001 M
b100 U
b11010100 #
b11010100 1
b11010100 7
b11010100 T
1,
#9004000
b11000000 &
b11000000 .
b11000000 5
b11000000 9
b1111 6
b1111 :
b1111 A
b1 =
b0 <
b1011 I
b0 @
b11111 C
b10000 4
b10000 D
b10000 E
0,
1*
#9006000
0!
b10000 F
0"
1'
1,
#9008000
0,
0*
#9010000
b1000 L
0N
b1001 K
b1110 O
1Q
b10000 /
b10000 G
b10000 M
b101 U
b11010101 #
b11010101 1
b11010101 7
b11010101 T
1!
1,
#9012000
b11000001 &
b11000001 .
b11000001 5
b11000001 9
b0 6
b0 :
b0 A
b11 =
b1 <
b1 @
b0 C
b0 4
b0 D
b0 E
b1011 3
b1011 >
b1011 J
0,
1*
#9014000
b1110 2
b1110 8
b1110 P
0Q
b11000 L
1N
b1000 K
b110 U
b11010110 #
b11010110 1
b11010110 7
b11010110 T
b0 F
b1111 O
b1110 R
b1001 0
b1001 H
b1001 S
1,
#9016000
0,
0*
#9018000
1Q
b1111 2
b1111 8
b1111 P
b11000 L
0N
b1000 K
1"
0'
b1111 O
b1111 R
b1000 0
b1000 H
b1000 S
b0 /
b0 G
b0 M
b111 U
b11010111 #
b11010111 1
b11010111 7
b11010111 T
1,
#9020000
b11000011 &
b11000011 .
b11000011 5
b11000011 9
b1 6
b1 :
b1 A
b10 =
b11 <
b1000 I
b10 @
b1 C
b1 4
b1 D
b1 E
0,
1*
0)
#9022000
0!
b1 F
0"
1'
1,
#9024000
0,
0*
#9026000
0Q
b1 /
b1 G
b1 M
1,
#9028000
b11000100 &
b11000100 .
b11000100 5
b11000100 9
b10 6
b10 :
b10 A
b110 =
b10 <
b11 @
b10 C
b11 4
b11 D
b11 E
b1000 3
b1000 >
b1000 J
0,
1*
#9030000
b11 F
0'
1,
#9032000
0,
0*
#9034000
b11 /
b11 G
b11 M
1,
#9036000
b11000110 &
b11000110 .
b11000110 5
b11000110 9
b11 6
b11 :
b11 A
b111 =
b110 <
b100 @
b11 C
b10 4
b10 D
b10 E
0,
1*
#9038000
b10 F
1,
#9040000
0,
0*
#9042000
b10 /
b10 G
b10 M
1,
#9044000
b11000111 &
b11000111 .
b11000111 5
b11000111 9
b100 6
b100 :
b100 A
b101 =
b111 <
b101 @
b100 C
b110 4
b110 D
b110 E
0,
1*
#9046000
b110 F
1,
#9048000
0,
0*
#9050000
b110 /
b110 G
b110 M
1,
#9052000
b11001001 &
b11001001 .
b11001001 5
b11001001 9
b101 6
b101 :
b101 A
b100 =
b101 <
b110 @
b101 C
b111 4
b111 D
b111 E
0,
1*
#9054000
b111 F
1,
#9056000
0,
0*
#9058000
b111 /
b111 G
b111 M
1,
#9060000
b11001010 &
b11001010 .
b11001010 5
b11001010 9
b110 6
b110 :
b110 A
b1100 =
b100 <
b111 @
b110 C
b101 4
b101 D
b101 E
0,
1*
#9062000
b101 F
1,
#9064000
0,
0*
#9066000
b101 /
b101 G
b101 M
1,
#9068000
b11001100 &
b11001100 .
b11001100 5
b11001100 9
b111 6
b111 :
b111 A
b1101 =
b1100 <
b1000 @
b111 C
b100 4
b100 D
b100 E
0,
1*
#9070000
b100 F
1,
#9072000
0,
0*
#9074000
b100 /
b100 G
b100 M
1,
#9076000
b11001101 &
b11001101 .
b11001101 5
b11001101 9
b1000 6
b1000 :
b1000 A
b1111 =
b1101 <
b1001 @
b1000 C
b1100 4
b1100 D
b1100 E
0,
1*
#9078000
b1100 F
1,
#9080000
0,
0*
#9082000
b1100 /
b1100 G
b1100 M
1,
#9084000
b11001111 &
b11001111 .
b11001111 5
b11001111 9
b1001 6
b1001 :
b1001 A
b1110 =
b1111 <
b1010 @
b1001 C
b1101 4
b1101 D
b1101 E
0,
1*
#9086000
b1101 F
1,
#9088000
0,
0*
#9090000
b1101 /
b1101 G
b1101 M
1,
#9092000
b11010000 &
b11010000 .
b11010000 5
b11010000 9
b1010 6
b1010 :
b1010 A
b1010 =
b1110 <
b1011 @
b1010 C
b1111 4
b1111 D
b1111 E
0,
1*
#9094000
b1111 F
1,
#9096000
0,
0*
#9098000
b1111 /
b1111 G
b1111 M
1,
#9100000
b11010010 &
b11010010 .
b11010010 5
b11010010 9
b1011 6
b1011 :
b1011 A
b1011 =
b1010 <
b1100 @
b1011 C
b1110 4
b1110 D
b1110 E
0,
1*
#9102000
b1110 F
1,
#9104000
0,
0*
#9106000
b1110 /
b1110 G
b1110 M
1,
#9108000
b11010011 &
b11010011 .
b11010011 5
b11010011 9
b1100 6
b1100 :
b1100 A
0B
b1001 =
b1011 <
b1101 @
b1100 C
b1010 4
b1010 D
b1010 E
0,
1*
#9110000
b1010 F
1,
#9112000
0,
0*
#9114000
b1010 /
b1010 G
b1010 M
1,
#9116000
b11010101 &
b11010101 .
b11010101 5
b11010101 9
b1101 6
b1101 :
b1101 A
1B
b1000 =
0?
b1001 <
b1110 @
b1101 C
b1011 4
b1011 D
b1011 E
0,
1*
#9118000
b1011 F
1,
#9120000
0,
0*
#9122000
b1011 /
b1011 G
b1011 M
1,
#9124000
b11010110 &
b11010110 .
b11010110 5
b11010110 9
b1110 6
b1110 :
b1110 A
0B
b11000 =
1?
b1000 <
1(
b1111 @
b1110 C
b1001 4
b1001 D
b1001 E
0,
1*
#9126000
b1001 F
1,
#9128000
0,
0*
#9130000
b1001 /
b1001 G
b1001 M
1,
#9132000
b11000000 &
b11000000 .
b11000000 5
b11000000 9
b1111 6
b1111 :
b1111 A
b11000 =
1?
b1000 <
b1111 @
b1111 C
b1000 4
b1000 D
b1000 E
1%
0(
0,
1*
#9134000
b1000 F
1,
#9136000
0,
0*
#9138000
b1000 /
b1000 G
b1000 M
1,
#9140000
0$
0,
1*
#9142000
1,
#9144000
0,
0*
#9146000
1,
#9148000
0,
1*
#9150000
1,
#9152000
0,
0*
#9154000
1,
#9156000
0,
1*
#9158000
1,
#9160000
0,
0*
#9162000
1,
#9164000
0,
1*
#9166000
1,
#9168000
0,
0*
#9170000
1,
#9172000
0,
1*
#9174000
1,
#9176000
0,
0*
#9178000
1,
#9180000
0,
1*
#9182000
1,
#9184000
0,
0*
#9186000
1,
#9188000
0,
1*
#9190000
1,
#9192000
0,
0*
#9194000
1,
#9196000
0,
1*
#9198000
1,
#9200000
0,
0*
#9202000
1,
#9204000
0,
1*
#9206000
1,
#9208000
0,
0*
#9210000
1,
#9212000
0,
1*
#9214000
1,
#9216000
0,
0*
#9218000
1,
#9220000
0,
1*
#9222000
1,
#9224000
0,
0*
#9226000
1,
#9228000
0,
1*
#9230000
1,
#9232000
0,
0*
#9234000
1,
#9236000
0,
1*
#9238000
1,
#9240000
0,
0*
#9242000
1,
#9244000
0,
1*
#9246000
1,
#9248000
0,
0*
#9250000
1,
#9252000
0,
1*
#9254000
1,
#9256000
0,
0*
#9258000
1,
#9260000
0,
1*
#9262000
1,
#9264000
0,
0*
#9266000
1,
#9268000
0,
1*
#9270000
1,
#9272000
0,
0*
#9274000
1,
#9276000
0,
1*
#9278000
1,
#9280000
0,
0*
#9282000
1,
#9284000
0,
1*
#9286000
1,
#9288000
0,
0*
#9290000
1,
#9292000
0,
1*
#9294000
1,
#9296000
0,
0*
#9298000
1,
#9300000
0,
1*
#9302000
1,
#9304000
0,
0*
#9306000
1,
#9308000
0,
1*
#9310000
1,
#9312000
0,
0*
#9314000
1,
#9316000
0,
1*
#9318000
1,
#9320000
0,
0*
#9322000
1,
#9324000
0,
1*
#9326000
1,
#9328000
0,
0*
#9330000
1,
#9332000
0,
1*
#9334000
1,
#9336000
0,
0*
#9338000
1,
#9340000
0,
1*
#9342000
1,
#9344000
0,
0*
#9346000
1,
#9348000
0,
1*
#9350000
1,
#9352000
0,
0*
#9354000
1,
#9356000
0,
1*
#9358000
1,
#9360000
0,
0*
#9362000
1,
#9364000
0,
1*
#9366000
1,
#9368000
0,
0*
#9370000
1,
#9372000
0,
1*
#9374000
1,
#9376000
0,
0*
#9378000
1,
#9380000
0,
1*
#9382000
1,
#9384000
0,
0*
#9386000
1,
#9388000
0,
1*
#9390000
1,
#9392000
0,
0*
#9394000
1,
#9396000
0,
1*
#9398000
1,
#9400000
0,
0*
#9402000
1,
#9404000
0,
1*
#9406000
1,
#9408000
0,
0*
#9410000
1,
#9412000
0,
1*
#9414000
1,
#9416000
0,
0*
#9418000
1,
#9420000
0,
1*
#9422000
1,
#9424000
0,
0*
#9426000
1,
#9428000
0,
1*
#9430000
1,
#9432000
0,
0*
#9434000
1,
#9436000
0,
1*
#9438000
1,
#9440000
0,
0*
#9442000
1,
#9444000
0,
1*
#9446000
1,
#9448000
0,
0*
#9450000
1,
#9452000
0,
1*
#9454000
1,
#9456000
0,
0*
#9458000
1,
#9460000
0,
1*
#9462000
1,
#9464000
0,
0*
#9466000
1,
#9468000
0,
1*
#9470000
1,
#9472000
0,
0*
#9474000
1,
#9476000
0,
1*
#9478000
1,
#9480000
0,
0*
#9482000
1,
#9484000
0,
1*
#9486000
1,
#9488000
0,
0*
#9490000
1,
#9492000
0,
1*
#9494000
1,
#9496000
0,
0*
#9498000
1,
#9500000
0,
1*
#9502000
1,
#9504000
0,
0*
#9506000
1,
#9508000
0,
1*
#9510000
1,
#9512000
0,
0*
#9514000
1,
#9516000
0,
1*
#9518000
1,
#9520000
0,
0*
#9522000
1,
#9524000
0,
1*
#9526000
1,
#9528000
0,
0*
#9530000
1,
#9532000
0,
1*
#9534000
1,
#9536000
0,
0*
#9538000
1,
#9540000
0,
1*
#9542000
1,
#9544000
0,
0*
#9546000
1,
#9548000
0,
1*
#9550000
1,
#9552000
0,
0*
#9554000
1,
#9556000
0,
1*
#9558000
1,
#9560000
0,
0*
#9562000
1,
#9564000
0,
1*
#9566000
1,
#9568000
0,
0*
#9570000
1,
#9572000
0,
1*
#9574000
1,
#9576000
0,
0*
#9578000
1,
#9580000
0,
1*
#9582000
1,
#9584000
0,
0*
#9586000
1,
#9588000
0,
1*
#9590000
1,
#9592000
0,
0*
#9594000
1,
#9596000
0,
1*
#9598000
1,
#9600000
0,
0*
#9602000
1,
#9604000
0,
1*
#9606000
1,
#9608000
0,
0*
#9610000
1,
#9612000
0,
1*
#9614000
1,
#9616000
0,
0*
#9618000
1,
#9620000
0,
1*
#9622000
1,
#9624000
0,
0*
#9626000
1,
#9628000
0,
1*
#9630000
1,
#9632000
0,
0*
#9634000
1,
#9636000
0,
1*
#9638000
1,
#9640000
0,
0*
#9642000
1,
#9644000
0,
1*
#9646000
1,
#9648000
0,
0*
#9650000
1,
#9652000
0,
1*
#9654000
1,
#9656000
0,
0*
#9658000
1,
#9660000
0,
1*
#9662000
1,
#9664000
0,
0*
#9666000
1,
#9668000
0,
1*
#9670000
1,
#9672000
0,
0*
#9674000
1,
#9676000
0,
1*
#9678000
1,
#9680000
0,
0*
#9682000
1,
#9684000
0,
1*
#9686000
1,
#9688000
0,
0*
#9690000
1,
#9692000
0,
1*
#9694000
1,
#9696000
0,
0*
#9698000
1,
#9700000
0,
1*
#9702000
1,
#9704000
0,
0*
#9706000
1,
#9708000
0,
1*
#9710000
1,
#9712000
0,
0*
#9714000
1,
#9716000
0,
1*
#9718000
1,
#9720000
0,
0*
#9722000
1,
#9724000
0,
1*
#9726000
1,
#9728000
0,
0*
#9730000
1,
#9732000
0,
1*
#9734000
1,
#9736000
0,
0*
#9738000
1,
#9740000
0,
1*
#9742000
1,
#9744000
0,
0*
#9746000
1,
#9748000
0,
1*
#9750000
1,
#9752000
0,
0*
#9754000
1,
#9756000
0,
1*
#9758000
1,
#9760000
0,
0*
#9762000
1,
#9764000
0,
1*
#9766000
1,
#9768000
0,
0*
#9770000
1,
#9772000
0,
1*
#9774000
1,
#9776000
0,
0*
#9778000
1,
#9780000
0,
1*
#9782000
1,
#9784000
0,
0*
#9786000
1,
#9788000
0,
1*
#9790000
1,
#9792000
0,
0*
#9794000
1,
#9796000
0,
1*
#9798000
1,
#9800000
0,
0*
#9802000
1,
#9804000
0,
1*
#9806000
1,
#9808000
0,
0*
#9810000
1,
#9812000
0,
1*
#9814000
1,
#9816000
0,
0*
#9818000
1,
#9820000
0,
1*
#9822000
1,
#9824000
0,
0*
#9826000
1,
#9828000
0,
1*
#9830000
1,
#9832000
0,
0*
#9834000
1,
#9836000
0,
1*
#9838000
1,
#9840000
0,
0*
#9842000
1,
#9844000
0,
1*
#9846000
1,
#9848000
0,
0*
#9850000
1,
#9852000
0,
1*
#9854000
1,
#9856000
0,
0*
#9858000
1,
#9860000
0,
1*
#9862000
1,
#9864000
0,
0*
#9866000
1,
#9868000
0,
1*
#9870000
1,
#9872000
0,
0*
#9874000
1,
#9876000
0,
1*
#9878000
1,
#9880000
0,
0*
#9882000
1,
#9884000
0,
1*
#9886000
1,
#9888000
0,
0*
#9890000
1,
#9892000
0,
1*
#9894000
1,
#9896000
0,
0*
#9898000
1,
#9900000
0,
1*
#9902000
1,
#9904000
0,
0*
#9906000
1,
#9908000
0,
1*
#9910000
1,
#9912000
0,
0*
#9914000
1,
#9916000
0,
1*
#9918000
1,
#9920000
0,
0*
#9922000
1,
#9924000
0,
1*
#9926000
1,
#9928000
0,
0*
#9930000
1,
#9932000
0,
1*
#9934000
1,
#9936000
0,
0*
#9938000
1,
#9940000
0,
1*
#9942000
1,
#9944000
0,
0*
#9946000
1,
#9948000
0,
1*
#9950000
1,
#9952000
0,
0*
#9954000
1,
#9956000
0,
1*
#9958000
1,
#9960000
0,
0*
#9962000
1,
#9964000
0,
1*
#9966000
1,
#9968000
0,
0*
#9970000
1,
#9972000
0,
1*
#9974000
1,
#9976000
0,
0*
#9978000
1,
#9980000
0,
1*
#9982000
1,
#9984000
0,
0*
#9986000
1,
#9988000
0,
1*
#9990000
1,
#9992000
0,
0*
#9994000
1,
#9996000
0,
1*
#9998000
1,
#10000000
0,
0*
#10002000
1,
#10004000
0,
1*
#10006000
1,
#10008000
0,
0*
#10010000
1,
#10012000
0,
1*
#10014000
1,
#10016000
0,
0*
#10018000
1,
#10020000
0,
1*
#10022000
1,
#10024000
0,
0*
#10026000
1,
#10028000
0,
1*
#10030000
1,
#10032000
0,
0*
#10034000
1,
#10036000
0,
1*
#10038000
1,
#10040000
0,
0*
#10042000
1,
#10044000
0,
1*
#10046000
1,
#10048000
0,
0*
#10050000
1,
#10052000
0,
1*
#10054000
1,
#10056000
0,
0*
#10058000
1,
#10060000
0,
1*
#10062000
1,
#10064000
0,
0*
#10066000
1,
#10068000
0,
1*
#10070000
1,
#10072000
0,
0*
#10074000
1,
#10076000
0,
1*
#10078000
1,
#10080000
0,
0*
#10082000
1,
#10084000
0,
1*
#10086000
1,
#10088000
0,
0*
#10090000
1,
#10092000
0,
1*
#10094000
1,
#10096000
0,
0*
#10098000
1,
#10100000
0,
1*
#10102000
1,
#10104000
0,
0*
#10106000
1,
#10108000
0,
1*
#10110000
1,
#10112000
0,
0*
#10114000
1,
#10116000
0,
1*
#10118000
1,
#10120000
0,
0*
#10122000
1,
#10124000
0,
1*
#10126000
1,
#10128000
0,
0*
#10130000
1,
#10132000
0,
1*
#10134000
1,
#10136000
0,
0*
#10138000
1,
#10140000
0,
1*
#10142000
1,
#10144000
0,
0*
#10146000
1,
#10148000
0,
1*
#10150000
1,
#10152000
0,
0*
#10154000
1,
#10156000
0,
1*
#10158000
1,
#10160000
0,
0*
#10162000
1,
#10164000
0,
1*
#10166000
1,
#10168000
0,
0*
#10170000
1,
#10172000
0,
1*
#10174000
1,
#10176000
0,
0*
#10178000
1,
#10180000
0,
1*
#10182000
1,
#10184000
0,
0*
#10186000
1,
#10188000
0,
1*
#10190000
1,
#10192000
0,
0*
#10194000
1,
#10196000
0,
1*
#10198000
1,
#10200000
0,
0*
#10202000
1,
#10204000
0,
1*
#10206000
1,
#10208000
0,
0*
#10210000
1,
#10212000
0,
1*
#10214000
1,
#10216000
0,
0*
#10218000
1,
#10220000
0,
1*
#10222000
1,
#10224000
0,
0*
#10226000
1,
#10228000
0,
1*
#10230000
1,
#10232000
0,
0*
#10234000
1,
#10236000
0,
1*
#10238000
1,
#10240000
0,
0*
#10242000
1,
#10244000
0,
1*
#10246000
1,
#10248000
0,
0*
#10250000
1,
#10252000
0,
1*
#10254000
1,
#10256000
0,
0*
#10258000
1,
#10260000
0,
1*
#10262000
1,
#10264000
0,
0*
#10266000
1,
#10268000
0,
1*
#10270000
1,
#10272000
0,
0*
#10274000
1,
#10276000
0,
1*
#10278000
1,
#10280000
0,
0*
#10282000
1,
#10284000
0,
1*
#10286000
1,
#10288000
0,
0*
#10290000
1,
#10292000
0,
1*
#10294000
1,
#10296000
0,
0*
#10298000
1,
#10300000
0,
1*
#10302000
1,
#10304000
0,
0*
#10306000
1,
#10308000
0,
1*
#10310000
1,
#10312000
0,
0*
#10314000
1,
#10316000
0,
1*
#10318000
1,
#10320000
0,
0*
#10322000
1,
#10324000
0,
1*
#10326000
1,
#10328000
0,
0*
#10330000
1,
#10332000
0,
1*
#10334000
1,
#10336000
0,
0*
#10338000
1,
#10340000
0,
1*
#10342000
1,
#10344000
0,
0*
#10346000
1,
#10348000
0,
1*
#10350000
1,
#10352000
0,
0*
#10354000
1,
#10356000
0,
1*
#10358000
1,
#10360000
0,
0*
#10362000
1,
#10364000
0,
1*
#10366000
1,
#10368000
0,
0*
#10370000
1,
#10372000
0,
1*
#10374000
1,
#10376000
0,
0*
#10378000
1,
#10380000
0,
1*
#10382000
1,
#10384000
0,
0*
#10386000
1,
#10388000
0,
1*
#10390000
1,
#10392000
0,
0*
#10394000
1,
#10396000
0,
1*
#10398000
1,
#10400000
0,
0*
#10402000
1,
#10404000
0,
1*
#10406000
1,
#10408000
0,
0*
#10410000
1,
#10412000
0,
1*
#10414000
1,
#10416000
0,
0*
#10418000
1,
#10420000
0,
1*
#10422000
1,
#10424000
0,
0*
#10426000
1,
#10428000
0,
1*
#10430000
1,
#10432000
0,
0*
#10434000
1,
#10436000
0,
1*
#10438000
1,
#10440000
0,
0*
#10442000
1,
#10444000
0,
1*
#10446000
1,
#10448000
0,
0*
#10450000
1,
#10452000
0,
1*
#10454000
1,
#10456000
0,
0*
#10458000
1,
#10460000
0,
1*
#10462000
1,
#10464000
0,
0*
#10466000
1,
#10468000
0,
1*
#10470000
1,
#10472000
0,
0*
#10474000
1,
#10476000
0,
1*
#10478000
1,
#10480000
0,
0*
#10482000
1,
#10484000
0,
1*
#10486000
1,
#10488000
0,
0*
#10490000
1,
#10492000
0,
1*
#10494000
1,
#10496000
0,
0*
#10498000
1,
#10500000
0,
1*
#10502000
1,
#10504000
0,
0*
#10506000
1,
#10508000
0,
1*
#10510000
1,
#10512000
0,
0*
#10514000
1,
#10516000
0,
1*
#10518000
1,
#10520000
0,
0*
#10522000
1,
#10524000
0,
1*
#10526000
1,
#10528000
0,
0*
#10530000
1,
#10532000
0,
1*
#10534000
1,
#10536000
0,
0*
#10538000
1,
#10540000
0,
1*
#10542000
1,
#10544000
0,
0*
#10546000
1,
#10548000
0,
1*
#10550000
1,
#10552000
0,
0*
#10554000
1,
#10556000
0,
1*
#10558000
1,
#10560000
0,
0*
#10562000
1,
#10564000
0,
1*
#10566000
1,
#10568000
0,
0*
#10570000
1,
#10572000
0,
1*
#10574000
1,
#10576000
0,
0*
#10578000
1,
#10580000
0,
1*
#10582000
1,
#10584000
0,
0*
#10586000
1,
#10588000
0,
1*
#10590000
1,
#10592000
0,
0*
#10594000
1,
#10596000
0,
1*
#10598000
1,
#10600000
0,
0*
#10602000
1,
#10604000
0,
1*
#10606000
1,
#10608000
0,
0*
#10610000
1,
#10612000
0,
1*
#10614000
1,
#10616000
0,
0*
#10618000
1,
#10620000
0,
1*
#10622000
1,
#10624000
0,
0*
#10626000
1,
#10628000
0,
1*
#10630000
1,
#10632000
0,
0*
#10634000
1,
#10636000
0,
1*
#10638000
1,
#10640000
0,
0*
#10642000
1,
#10644000
0,
1*
#10646000
1,
#10648000
0,
0*
#10650000
1,
#10652000
0,
1*
#10654000
1,
#10656000
0,
0*
#10658000
1,
#10660000
0,
1*
#10662000
1,
#10664000
0,
0*
#10666000
1,
#10668000
0,
1*
#10670000
1,
#10672000
0,
0*
#10674000
1,
#10676000
0,
1*
#10678000
1,
#10680000
0,
0*
#10682000
1,
#10684000
0,
1*
#10686000
1,
#10688000
0,
0*
#10690000
1,
#10692000
0,
1*
#10694000
1,
#10696000
0,
0*
#10698000
1,
#10700000
0,
1*
#10702000
1,
#10704000
0,
0*
#10706000
1,
#10708000
0,
1*
#10710000
1,
#10712000
0,
0*
#10714000
1,
#10716000
0,
1*
#10718000
1,
#10720000
0,
0*
#10722000
1,
#10724000
0,
1*
#10726000
1,
#10728000
0,
0*
#10730000
1,
#10732000
0,
1*
#10734000
1,
#10736000
0,
0*
#10738000
1,
#10740000
0,
1*
#10742000
1,
#10744000
0,
0*
#10746000
1,
#10748000
0,
1*
#10750000
1,
#10752000
0,
0*
#10754000
1,
#10756000
0,
1*
#10758000
1,
#10760000
0,
0*
#10762000
1,
#10764000
0,
1*
#10766000
1,
#10768000
0,
0*
#10770000
1,
#10772000
0,
1*
#10774000
1,
#10776000
0,
0*
#10778000
1,
#10780000
0,
1*
#10782000
1,
#10784000
0,
0*
#10786000
1,
#10788000
0,
1*
#10790000
1,
#10792000
0,
0*
#10794000
1,
#10796000
0,
1*
#10798000
1,
#10800000
0,
0*
#10802000
1,
#10804000
0,
1*
#10806000
1,
#10808000
0,
0*
#10810000
1,
#10812000
0,
1*
#10814000
1,
#10816000
0,
0*
#10818000
1,
#10820000
0,
1*
#10822000
1,
#10824000
0,
0*
#10826000
1,
#10828000
0,
1*
#10830000
1,
#10832000
0,
0*
#10834000
1,
#10836000
0,
1*
#10838000
1,
#10840000
0,
0*
#10842000
1,
#10844000
0,
1*
#10846000
1,
#10848000
0,
0*
#10850000
1,
#10852000
0,
1*
#10854000
1,
#10856000
0,
0*
#10858000
1,
#10860000
0,
1*
#10862000
1,
#10864000
0,
0*
#10866000
1,
#10868000
0,
1*
#10870000
1,
#10872000
0,
0*
#10874000
1,
#10876000
0,
1*
#10878000
1,
#10880000
0,
0*
#10882000
1,
#10884000
0,
1*
#10886000
1,
#10888000
0,
0*
#10890000
1,
#10892000
0,
1*
#10894000
1,
#10896000
0,
0*
#10898000
1,
#10900000
0,
1*
#10902000
1,
#10904000
0,
0*
#10906000
1,
#10908000
0,
1*
#10910000
1,
#10912000
0,
0*
#10914000
1,
#10916000
0,
1*
#10918000
1,
#10920000
0,
0*
#10922000
1,
#10924000
0,
1*
#10926000
1,
#10928000
0,
0*
#10930000
1,
#10932000
0,
1*
#10934000
1,
#10936000
0,
0*
#10938000
1,
#10940000
0,
1*
#10942000
1,
#10944000
0,
0*
#10946000
1,
#10948000
0,
1*
#10950000
1,
#10952000
0,
0*
#10954000
1,
#10956000
0,
1*
#10958000
1,
#10960000
0,
0*
#10962000
1,
#10964000
0,
1*
#10966000
1,
#10968000
0,
0*
#10970000
1,
#10972000
0,
1*
#10974000
1,
#10976000
0,
0*
#10978000
1,
#10980000
0,
1*
#10982000
1,
#10984000
0,
0*
#10986000
1,
#10988000
0,
1*
#10990000
1,
#10992000
0,
0*
#10994000
1,
#10996000
0,
1*
#10998000
1,
#11000000
0,
0*
#11002000
1,
#11004000
0,
1*
#11006000
1,
#11008000
0,
0*
#11010000
1,
#11012000
0,
1*
#11014000
1,
#11016000
0,
0*
#11018000
1,
#11020000
0,
1*
1)
#11022000
b11001 L
b11000 K
b10000 O
b1000 U
b11011000 #
b11011000 1
b11011000 7
b11011000 T
1!
1,
#11024000
0,
0*
#11026000
b0 2
b0 8
b0 P
b11011 L
b11001 K
b11011000 &
b11011000 .
b11011000 5
b11011000 9
b10001 O
b10000 R
b11000 0
b11000 H
b11000 S
b1001 U
b11011001 #
b11011001 1
b11011001 7
b11011001 T
1,
#11028000
b11000 I
0,
1*
#11030000
b1 2
b1 8
b1 P
b11010 L
b11011 K
b1010 U
b11011010 #
b11011010 1
b11011010 7
b11011010 T
b10010 O
b10001 R
b11001 0
b11001 H
b11001 S
1,
#11032000
0,
0*
#11034000
b10 2
b10 8
b10 P
b11110 L
b11010 K
b10011 O
b10010 R
b11011 0
b11011 H
b11011 S
b1011 U
b11011011 #
b11011011 1
b11011011 7
b11011011 T
1,
#11036000
1B
0?
b11000 3
b11000 >
b11000 J
b11011 I
0,
1*
#11038000
b11 2
b11 8
b11 P
b11111 L
b11110 K
b1100 U
b11011100 #
b11011100 1
b11011100 7
b11011100 T
b10100 O
b10011 R
b11010 0
b11010 H
b11010 S
1,
#11040000
0,
0*
#11042000
b100 2
b100 8
b100 P
b11101 L
b11111 K
b10101 O
b10100 R
b11110 0
b11110 H
b11110 S
b1101 U
b11011101 #
b11011101 1
b11011101 7
b11011101 T
1,
#11044000
0%
1(
0B
b11011 3
b11011 >
b11011 J
b11110 I
0,
1*
#11046000
b101 2
b101 8
b101 P
b11100 L
b11101 K
b1110 U
b11011110 #
b11011110 1
b11011110 7
b11011110 T
b10110 O
b10101 R
b11111 0
b11111 H
b11111 S
1,
#11048000
0,
0*
#11050000
b110 2
b110 8
b110 P
b10100 L
b11100 K
b10111 O
b10110 R
b11101 0
b11101 H
b11101 S
b1111 U
b11011111 #
b11011111 1
b11011111 7
b11011111 T
1,
#11052000
b11001 =
b11000 <
b10000 @
b11110 3
b11110 >
b11110 J
b11101 I
0(
1$
0,
1*
#11054000
b111 2
b111 8
b111 P
b10101 L
b10100 K
b0 U
b11100000 #
b11100000 1
b11100000 7
b11100000 T
b11000 O
b10111 R
b11100 0
b11100 H
b11100 S
1,
#11056000
0,
0*
#11058000
b1000 2
b1000 8
b1000 P
b10111 L
b10101 K
b11001 O
b11000 R
b10100 0
b10100 H
b10100 S
b1 U
b11100001 #
b11100001 1
b11100001 7
b11100001 T
1,
#11060000
b11011001 &
b11011001 .
b11011001 5
b11011001 9
b0 6
b0 :
b0 A
b11011 =
b11001 <
b10001 @
b10000 C
b11000 4
b11000 D
b11000 E
b11101 3
b11101 >
b11101 J
b10100 I
0,
1*
#11062000
b1001 2
b1001 8
b1001 P
b10110 L
b10111 K
b10 U
b11100010 #
b11100010 1
b11100010 7
b11100010 T
b11000 F
b11010 O
b11001 R
b10101 0
b10101 H
b10101 S
1,
#11064000
0,
0*
#11066000
b1010 2
b1010 8
b1010 P
b10010 L
b10110 K
b11011 O
b11010 R
b10111 0
b10111 H
b10111 S
b11000 /
b11000 G
b11000 M
b11 U
b11100011 #
b11100011 1
b11100011 7
b11100011 T
1,
#11068000
b11011010 &
b11011010 .
b11011010 5
b11011010 9
b1 6
b1 :
b1 A
b11010 =
b11011 <
b10100 3
b10100 >
b10100 J
b10111 I
b10010 @
b10001 C
b11001 4
b11001 D
b11001 E
0,
1*
#11070000
b1011 2
b1011 8
b1011 P
b10011 L
b10010 K
b100 U
b11100100 #
b11100100 1
b11100100 7
b11100100 T
b11001 F
b11100 O
b11011 R
b10110 0
b10110 H
b10110 S
1,
#11072000
0,
0*
#11074000
b1100 2
b1100 8
b1100 P
b10001 L
b10011 K
b11101 O
b11100 R
b10010 0
b10010 H
b10010 S
b11001 /
b11001 G
b11001 M
b101 U
b11100101 #
b11100101 1
b11100101 7
b11100101 T
1,
#11076000
b11011011 &
b11011011 .
b11011011 5
b11011011 9
b10 6
b10 :
b10 A
b11110 =
b11010 <
b10011 @
b10010 C
b11011 4
b11011 D
b11011 E
b10111 3
b10111 >
b10111 J
b10010 I
0,
1*
#11078000
b1101 2
b1101 8
b1101 P
b10000 L
b10001 K
b110 U
b11100110 #
b11100110 1
b11100110 7
b11100110 T
b11011 F
b11110 O
b11101 R
b10011 0
b10011 H
b10011 S
1,
#11080000
0,
0*
#11082000
b1110 2
b1110 8
b1110 P
b0 L
b10000 K
b11111 O
b11110 R
b10001 0
b10001 H
b10001 S
b11011 /
b11011 G
b11011 M
b111 U
b11100111 #
b11100111 1
b11100111 7
b11100111 T
1,
#11084000
b11011100 &
b11011100 .
b11011100 5
b11011100 9
b11 6
b11 :
b11 A
b11111 =
b11110 <
b10010 3
b10010 >
b10010 J
b10001 I
b10100 @
b10011 C
b11010 4
b11010 D
b11010 E
0,
1*
#11086000
b1111 2
b1111 8
b1111 P
b1 L
b0 K
b1000 U
b11101000 #
b11101000 1
b11101000 7
b11101000 T
b11010 F
b0 O
b11111 R
b10000 0
b10000 H
b10000 S
1,
#11088000
0,
0*
#11090000
b0 2
b0 8
b0 P
0Q
b11 L
b1 K
b1 O
b0 R
b0 0
b0 H
b0 S
b11010 /
b11010 G
b11010 M
b1001 U
b11101001 #
b11101001 1
b11101001 7
b11101001 T
1,
#11092000
b11011101 &
b11011101 .
b11011101 5
b11011101 9
b100 6
b100 :
b100 A
b11101 =
b11111 <
b10101 @
b10100 C
b11110 4
b11110 D
b11110 E
b10001 3
b10001 >
b10001 J
b0 I
0,
1*
#11094000
b1 2
b1 8
b1 P
1Q
b10 L
0N
b11 K
b1010 U
b11101010 #
b11101010 1
b11101010 7
b11101010 T
b11110 F
b10 O
b1 R
b1 0
b1 H
b1 S
1,
#11096000
0,
0*
#11098000
b10 2
b10 8
b10 P
b110 L
b10 K
1Q
1'
b11 O
b10 R
b11 0
b11 H
b11 S
b11110 /
b11110 G
b11110 M
b1011 U
b11101011 #
b11101011 1
b11101011 7
b11101011 T
1,
#11100000
b11011110 &
b11011110 .
b11011110 5
b11011110 9
b101 6
b101 :
b101 A
b11100 =
b11101 <
b0 3
b0 >
b0 J
b11 I
b10110 @
b10101 C
b11111 4
b11111 D
b11111 E
0,
1*
#11102000
1N
b11 2
b11 8
b11 P
0Q
b111 L
b110 K
b1100 U
b11101100 #
b11101100 1
b11101100 7
b11101100 T
b11111 F
b100 O
b11 R
b10 0
b10 H
b10 S
1,
#11104000
0,
0*
#11106000
b100 2
b100 8
b100 P
b111 L
b110 K
0N
1Q
1"
0'
b100 O
b100 R
b110 0
b110 H
b110 S
b11111 /
b11111 G
b11111 M
b1101 U
b11101101 #
b11101101 1
b11101101 7
b11101101 T
1,
#11108000
b11011111 &
b11011111 .
b11011111 5
b11011111 9
b110 6
b110 :
b110 A
b10100 =
b11100 <
b10111 @
b10110 C
b11101 4
b11101 D
b11101 E
b11 3
b11 >
b11 J
b110 I
0,
1*
#11110000
0!
b11101 F
0"
1'
1,
#11112000
0,
0*
#11114000
b101 L
b111 K
b101 O
1Q
b11101 /
b11101 G
b11101 M
b1110 U
b11101110 #
b11101110 1
b11101110 7
b11101110 T
1!
1,
#11116000
b11100000 &
b11100000 .
b11100000 5
b11100000 9
b111 6
b111 :
b111 A
b10101 =
b10100 <
b110 3
b110 >
b110 J
b11000 @
b10111 C
b11100 4
b11100 D
b11100 E
0,
1*
#11118000
1N
b101 2
b101 8
b101 P
0Q
b100 L
b101 K
b1111 U
b11101111 #
b11101111 1
b11101111 7
b11101111 T
b11100 F
b110 O
b101 R
b111 0
b111 H
b111 S
1,
#11120000
0,
0*
#11122000
b110 2
b110 8
b110 P
b100 L
b101 K
0N
1Q
1"
0'
b110 O
b110 R
b101 0
b101 H
b101 S
b11100 /
b11100 G
b11100 M
b0 U
b11110000 #
b11110000 1
b11110000 7
b11110000 T
1,
#11124000
b11100001 &
b11100001 .
b11100001 5
b11100001 9
b1000 6
b1000 :
b1000 A
b10111 =
b10101 <
b11001 @
b11000 C
b10100 4
b10100 D
b10100 E
b101 I
0,
1*
#11126000
0!
b10100 F
0"
1'
1,
#11128000
0,
0*
#11130000
b1100 L
b100 K
1Q
b111 O
b10100 /
b10100 G
b10100 M
b1 U
b11110001 #
b11110001 1
b11110001 7
b11110001 T
1!
1,
#11132000
b11100010 &
b11100010 .
b11100010 5
b11100010 9
b1001 6
b1001 :
b1001 A
b10110 =
b10111 <
b101 3
b101 >
b101 J
b11010 @
b11001 C
b10101 4
b10101 D
b10101 E
0,
1*
#11134000
1N
b111 2
b111 8
b111 P
0Q
b1101 L
b1100 K
b10 U
b11110010 #
b11110010 1
b11110010 7
b11110010 T
b10101 F
b1000 O
b111 R
b100 0
b100 H
b100 S
1,
#11136000
0,
0*
#11138000
b1000 2
b1000 8
b1000 P
b1101 L
b1100 K
0N
1Q
1"
0'
b1000 O
b1000 R
b1100 0
b1100 H
b1100 S
b10101 /
b10101 G
b10101 M
b11 U
b11110011 #
b11110011 1
b11110011 7
b11110011 T
1,
#11140000
b11100011 &
b11100011 .
b11100011 5
b11100011 9
b1010 6
b1010 :
b1010 A
b10010 =
b10110 <
b11011 @
b11010 C
b10111 4
b10111 D
b10111 E
b1100 I
0,
1*
#11142000
0!
b10111 F
0"
1'
1,
#11144000
0,
0*
#11146000
b1111 L
b1101 K
b1001 O
1Q
b10111 /
b10111 G
b10111 M
b100 U
b11110100 #
b11110100 1
b11110100 7
b11110100 T
1!
1,
#11148000
b11100100 &
b11100100 .
b11100100 5
b11100100 9
b1011 6
b1011 :
b1011 A
b10011 =
b10010 <
b1100 3
b1100 >
b1100 J
b11100 @
b11011 C
b10110 4
b10110 D
b10110 E
0,
1*
#11150000
1N
b1001 2
b1001 8
b1001 P
0Q
b1110 L
b1111 K
b101 U
b11110101 #
b11110101 1
b11110101 7
b11110101 T
b10110 F
b1010 O
b1001 R
b1101 0
b1101 H
b1101 S
1,
#11152000
0,
0*
#11154000
b1010 2
b1010 8
b1010 P
b1110 L
b1111 K
0N
1Q
1"
0'
b1010 O
b1010 R
b1111 0
b1111 H
b1111 S
b10110 /
b10110 G
b10110 M
b110 U
b11110110 #
b11110110 1
b11110110 7
b11110110 T
1,
#11156000
b11100101 &
b11100101 .
b11100101 5
b11100101 9
b1100 6
b1100 :
b1100 A
b10001 =
b10011 <
b11101 @
b11100 C
b10010 4
b10010 D
b10010 E
b1111 I
0,
1*
#11158000
0!
b10010 F
0"
1'
1,
#11160000
0,
0*
#11162000
b1010 L
b1110 K
b1011 O
1Q
b10010 /
b10010 G
b10010 M
b111 U
b11110111 #
b11110111 1
b11110111 7
b11110111 T
1!
1,
#11164000
b11100110 &
b11100110 .
b11100110 5
b11100110 9
b1101 6
b1101 :
b1101 A
b10000 =
b10001 <
b1111 3
b1111 >
b1111 J
b11110 @
b11101 C
b10011 4
b10011 D
b10011 E
0,
1*
#11166000
1N
b1011 2
b1011 8
b1011 P
0Q
b1011 L
b1010 K
b1000 U
b11111000 #
b11111000 1
b11111000 7
b11111000 T
b10011 F
b1100 O
b1011 R
b1110 0
b1110 H
b1110 S
1,
#11168000
0,
0*
#11170000
b1100 2
b1100 8
b1100 P
b1011 L
b1010 K
0N
1Q
1"
0'
b1100 O
b1100 R
b1010 0
b1010 H
b1010 S
b10011 /
b10011 G
b10011 M
b1001 U
b11111001 #
b11111001 1
b11111001 7
b11111001 T
1,
#11172000
b11100111 &
b11100111 .
b11100111 5
b11100111 9
b1110 6
b1110 :
b1110 A
0B
b0 =
b10000 <
b11111 @
b11110 C
b10001 4
b10001 D
b10001 E
b1010 I
0,
1*
#11174000
0!
b10001 F
0"
1'
1,
#11176000
0,
0*
#11178000
b1001 L
b1011 K
b1101 O
1Q
b10001 /
b10001 G
b10001 M
b1010 U
b11111010 #
b11111010 1
b11111010 7
b11111010 T
1!
1,
#11180000
b11101000 &
b11101000 .
b11101000 5
b11101000 9
b1111 6
b1111 :
b1111 A
b1 =
b0 <
b1010 3
b1010 >
b1010 J
b0 @
b11111 C
b10000 4
b10000 D
b10000 E
0,
1*
#11182000
1N
b1101 2
b1101 8
b1101 P
0Q
b1000 L
b1001 K
b1011 U
b11111011 #
b11111011 1
b11111011 7
b11111011 T
b10000 F
b1110 O
b1101 R
b1011 0
b1011 H
b1011 S
1,
#11184000
0,
0*
#11186000
b1110 2
b1110 8
b1110 P
b1000 L
b1001 K
0N
1Q
1"
0'
b1110 O
b1110 R
b1001 0
b1001 H
b1001 S
b10000 /
b10000 G
b10000 M
b1100 U
b11111100 #
b11111100 1
b11111100 7
b11111100 T
1,
#11188000
b11101001 &
b11101001 .
b11101001 5
b11101001 9
b0 6
b0 :
b0 A
b11 =
b1 <
b1 @
b0 C
b0 4
b0 D
b0 E
b1001 I
0,
1*
#11190000
0!
b0 F
0"
1'
1,
#11192000
0,
0*
#11194000
b11000 L
b1000 K
1Q
b1111 O
b0 /
b0 G
b0 M
b1101 U
b11111101 #
b11111101 1
b11111101 7
b11111101 T
1!
1,
#11196000
b11101010 &
b11101010 .
b11101010 5
b11101010 9
b1 6
b1 :
b1 A
b10 =
b11 <
b1001 3
b1001 >
b1001 J
b10 @
b1 C
b1 4
b1 D
b1 E
0,
1*
#11198000
1N
b1111 2
b1111 8
b1111 P
0Q
b11001 L
b11000 K
b1110 U
b11111110 #
b11111110 1
b11111110 7
b11111110 T
b1 F
b10000 O
b1111 R
b1000 0
b1000 H
b1000 S
1,
#11200000
0,
0*
#11202000
b0 2
b0 8
b0 P
b11001 L
b11000 K
0N
1Q
1"
0'
b10000 O
b10000 R
b11000 0
b11000 H
b11000 S
b1 /
b1 G
b1 M
b1111 U
b11111111 #
b11111111 1
b11111111 7
b11111111 T
1,
#11204000
b11101011 &
b11101011 .
b11101011 5
b11101011 9
b10 6
b10 :
b10 A
b110 =
b10 <
b11 @
b10 C
b11 4
b11 D
b11 E
b11000 I
0,
1*
#11206000
0!
b11 F
0"
1'
1,
#11208000
0,
0*
#11210000
b11011 L
b11001 K
b10001 O
1Q
b11 /
b11 G
b11 M
b0 U
b0 #
b0 1
b0 7
b0 T
1!
1,
#11212000
b11101100 &
b11101100 .
b11101100 5
b11101100 9
b11 6
b11 :
b11 A
b111 =
b110 <
b11000 3
b11000 >
b11000 J
b100 @
b11 C
b10 4
b10 D
b10 E
0,
1*
#11214000
1N
b1 2
b1 8
b1 P
0Q
b11010 L
b11011 K
b1 U
b1 #
b1 1
b1 7
b1 T
b10 F
b10010 O
b10001 R
b11001 0
b11001 H
b11001 S
1,
#11216000
0,
0*
#11218000
b10 2
b10 8
b10 P
b11010 L
b11011 K
0N
1Q
1"
0'
b10010 O
b10010 R
b11011 0
b11011 H
b11011 S
b10 /
b10 G
b10 M
b10 U
b10 #
b10 1
b10 7
b10 T
1,
#11220000
b11101110 &
b11101110 .
b11101110 5
b11101110 9
b100 6
b100 :
b100 A
b101 =
b111 <
b101 @
b100 C
b110 4
b110 D
b110 E
b11011 I
0,
1*
0)
#11222000
0!
b110 F
0"
1'
1,
#11224000
0,
0*
#11226000
0Q
b110 /
b110 G
b110 M
1,
#11228000
b11101111 &
b11101111 .
b11101111 5
b11101111 9
b101 6
b101 :
b101 A
b100 =
b101 <
b11011 3
b11011 >
b11011 J
b110 @
b101 C
b111 4
b111 D
b111 E
0,
1*
#11230000
b111 F
0'
1,
#11232000
0,
0*
#11234000
b111 /
b111 G
b111 M
1,
#11236000
b11110001 &
b11110001 .
b11110001 5
b11110001 9
b110 6
b110 :
b110 A
b1100 =
b100 <
b111 @
b110 C
b101 4
b101 D
b101 E
0,
1*
#11238000
b101 F
1,
#11240000
0,
0*
#11242000
b101 /
b101 G
b101 M
1,
#11244000
b11110010 &
b11110010 .
b11110010 5
b11110010 9
b111 6
b111 :
b111 A
b1101 =
b1100 <
b1000 @
b111 C
b100 4
b100 D
b100 E
0,
1*
#11246000
b100 F
1,
#11248000
0,
0*
#11250000
b100 /
b100 G
b100 M
1,
#11252000
b11110100 &
b11110100 .
b11110100 5
b11110100 9
b1000 6
b1000 :
b1000 A
b1111 =
b1101 <
b1001 @
b1000 C
b1100 4
b1100 D
b1100 E
0,
1*
#11254000
b1100 F
1,
#11256000
0,
0*
#11258000
b1100 /
b1100 G
b1100 M
1,
#11260000
b11110101 &
b11110101 .
b11110101 5
b11110101 9
b1001 6
b1001 :
b1001 A
b1110 =
b1111 <
b1010 @
b1001 C
b1101 4
b1101 D
b1101 E
0,
1*
#11262000
b1101 F
1,
#11264000
0,
0*
#11266000
b1101 /
b1101 G
b1101 M
1,
#11268000
b11110111 &
b11110111 .
b11110111 5
b11110111 9
b1010 6
b1010 :
b1010 A
b1010 =
b1110 <
b1011 @
b1010 C
b1111 4
b1111 D
b1111 E
0,
1*
#11270000
b1111 F
1,
#11272000
0,
0*
#11274000
b1111 /
b1111 G
b1111 M
1,
#11276000
b11111000 &
b11111000 .
b11111000 5
b11111000 9
b1011 6
b1011 :
b1011 A
b1011 =
b1010 <
b1100 @
b1011 C
b1110 4
b1110 D
b1110 E
0,
1*
#11278000
b1110 F
1,
#11280000
0,
0*
#11282000
b1110 /
b1110 G
b1110 M
1,
#11284000
b11111010 &
b11111010 .
b11111010 5
b11111010 9
b1100 6
b1100 :
b1100 A
b1001 =
b1011 <
b1101 @
b1100 C
b1010 4
b1010 D
b1010 E
0,
1*
#11286000
b1010 F
1,
#11288000
0,
0*
#11290000
b1010 /
b1010 G
b1010 M
1,
#11292000
b11111011 &
b11111011 .
b11111011 5
b11111011 9
b1101 6
b1101 :
b1101 A
b1000 =
b1001 <
b1110 @
b1101 C
b1011 4
b1011 D
b1011 E
0,
1*
#11294000
b1011 F
1,
#11296000
0,
0*
#11298000
b1011 /
b1011 G
b1011 M
1,
#11300000
b11111101 &
b11111101 .
b11111101 5
b11111101 9
b1110 6
b1110 :
b1110 A
b11000 =
b1000 <
b1111 @
b1110 C
b1001 4
b1001 D
b1001 E
0,
1*
#11302000
b1001 F
1,
#11304000
0,
0*
#11306000
b1001 /
b1001 G
b1001 M
1,
#11308000
b11111110 &
b11111110 .
b11111110 5
b11111110 9
b1111 6
b1111 :
b1111 A
b11001 =
b11000 <
b10000 @
b1111 C
b1000 4
b1000 D
b1000 E
0,
1*
#11310000
b1000 F
1,
#11312000
0,
0*
#11314000
b1000 /
b1000 G
b1000 M
1,
#11316000
1B
b0 &
b0 .
b0 5
b0 9
b0 6
b0 :
b0 A
b11011 =
b11001 <
b10001 @
b10000 C
b11000 4
b11000 D
b11000 E
0,
1*
#11318000
b11000 F
1,
#11320000
0,
0*
#11322000
b11000 /
b11000 G
b11000 M
1,
#11324000
1?
b1 &
b1 .
b1 5
b1 9
b1 6
b1 :
b1 A
0B
b11010 =
b11011 <
b10010 @
b10001 C
b11001 4
b11001 D
b11001 E
1(
0,
1*
#11326000
b11001 F
1,
#11328000
0,
0*
#11330000
b11001 /
b11001 G
b11001 M
1,
#11332000
b11101011 &
b11101011 .
b11101011 5
b11101011 9
b10 6
b10 :
b10 A
b11010 =
1?
b11011 <
1%
0(
b10010 @
b10010 C
b11011 4
b11011 D
b11011 E
0,
1*
#11334000
b11011 F
1,
#11336000
0,
0*
#11338000
b11011 /
b11011 G
b11011 M
1,
#11340000
0$
0,
1*
#11342000
1,
#11344000
0,
0*
#11346000
1,
#11348000
0,
1*
#11350000
1,
#11352000
0,
0*
#11354000
1,
#11356000
0,
1*
#11358000
1,
#11360000
0,
0*
#11362000
1,
#11364000
0,
1*
#11366000
1,
#11368000
0,
0*
#11370000
1,
#11372000
0,
1*
#11374000
1,
#11376000
0,
0*
#11378000
1,
#11380000
0,
1*
#11382000
1,
#11384000
0,
0*
#11386000
1,
#11388000
0,
1*
#11390000
1,
#11392000
0,
0*
#11394000
1,
#11396000
0,
1*
#11398000
1,
#11400000
0,
0*
#11402000
1,
#11404000
0,
1*
#11406000
1,
#11408000
0,
0*
#11410000
1,
#11412000
0,
1*
#11414000
1,
#11416000
0,
0*
#11418000
1,
#11420000
0,
1*
#11422000
1,
#11424000
0,
0*
#11426000
1,
#11428000
0,
1*
#11430000
1,
#11432000
0,
0*
#11434000
1,
#11436000
0,
1*
#11438000
1,
#11440000
0,
0*
#11442000
1,
#11444000
0,
1*
#11446000
1,
#11448000
0,
0*
#11450000
1,
#11452000
0,
1*
#11454000
1,
#11456000
0,
0*
#11458000
1,
#11460000
0,
1*
#11462000
1,
#11464000
0,
0*
#11466000
1,
#11468000
0,
1*
#11470000
1,
#11472000
0,
0*
#11474000
1,
#11476000
0,
1*
#11478000
1,
#11480000
0,
0*
#11482000
1,
#11484000
0,
1*
#11486000
1,
#11488000
0,
0*
#11490000
1,
#11492000
0,
1*
#11494000
1,
#11496000
0,
0*
#11498000
1,
#11500000
0,
1*
#11502000
1,
#11504000
0,
0*
#11506000
1,
#11508000
0,
1*
#11510000
1,
#11512000
0,
0*
#11514000
1,
#11516000
0,
1*
#11518000
1,
#11520000
0,
0*
#11522000
1,
#11524000
0,
1*
#11526000
1,
#11528000
0,
0*
#11530000
1,
#11532000
0,
1*
#11534000
1,
#11536000
0,
0*
#11538000
1,
#11540000
0,
1*
#11542000
1,
#11544000
0,
0*
#11546000
1,
#11548000
0,
1*
#11550000
1,
#11552000
0,
0*
#11554000
1,
#11556000
0,
1*
#11558000
1,
#11560000
0,
0*
#11562000
1,
#11564000
0,
1*
#11566000
1,
#11568000
0,
0*
#11570000
1,
#11572000
0,
1*
#11574000
1,
#11576000
0,
0*
#11578000
1,
#11580000
0,
1*
#11582000
1,
#11584000
0,
0*
#11586000
1,
#11588000
0,
1*
#11590000
1,
#11592000
0,
0*
#11594000
1,
#11596000
0,
1*
#11598000
1,
#11600000
0,
0*
#11602000
1,
#11604000
0,
1*
#11606000
1,
#11608000
0,
0*
#11610000
1,
#11612000
0,
1*
#11614000
1,
#11616000
0,
0*
#11618000
1,
#11620000
0,
1*
#11622000
1,
#11624000
0,
0*
#11626000
1,
#11628000
0,
1*
#11630000
1,
#11632000
0,
0*
#11634000
1,
#11636000
0,
1*
#11638000
1,
#11640000
0,
0*
#11642000
1,
#11644000
0,
1*
#11646000
1,
#11648000
0,
0*
#11650000
1,
#11652000
0,
1*
#11654000
1,
#11656000
0,
0*
#11658000
1,
#11660000
0,
1*
#11662000
1,
#11664000
0,
0*
#11666000
1,
#11668000
0,
1*
#11670000
1,
#11672000
0,
0*
#11674000
1,
#11676000
0,
1*
#11678000
1,
#11680000
0,
0*
#11682000
1,
#11684000
0,
1*
#11686000
1,
#11688000
0,
0*
#11690000
1,
#11692000
0,
1*
#11694000
1,
#11696000
0,
0*
#11698000
1,
#11700000
0,
1*
#11702000
1,
#11704000
0,
0*
#11706000
1,
#11708000
0,
1*
#11710000
1,
#11712000
0,
0*
#11714000
1,
#11716000
0,
1*
#11718000
1,
#11720000
0,
0*
#11722000
1,
#11724000
0,
1*
#11726000
1,
#11728000
0,
0*
#11730000
1,
#11732000
0,
1*
#11734000
1,
#11736000
0,
0*
#11738000
1,
#11740000
0,
1*
#11742000
1,
#11744000
0,
0*
#11746000
1,
#11748000
0,
1*
#11750000
1,
#11752000
0,
0*
#11754000
1,
#11756000
0,
1*
#11758000
1,
#11760000
0,
0*
#11762000
1,
#11764000
0,
1*
#11766000
1,
#11768000
0,
0*
#11770000
1,
#11772000
0,
1*
#11774000
1,
#11776000
0,
0*
#11778000
1,
#11780000
0,
1*
#11782000
1,
#11784000
0,
0*
#11786000
1,
#11788000
0,
1*
#11790000
1,
#11792000
0,
0*
#11794000
1,
#11796000
0,
1*
#11798000
1,
#11800000
0,
0*
#11802000
1,
#11804000
0,
1*
#11806000
1,
#11808000
0,
0*
#11810000
1,
#11812000
0,
1*
#11814000
1,
#11816000
0,
0*
#11818000
1,
#11820000
0,
1*
#11822000
1,
#11824000
0,
0*
#11826000
1,
#11828000
0,
1*
#11830000
1,
#11832000
0,
0*
#11834000
1,
#11836000
0,
1*
#11838000
1,
#11840000
0,
0*
#11842000
1,
#11844000
0,
1*
#11846000
1,
#11848000
0,
0*
#11850000
1,
#11852000
0,
1*
#11854000
1,
#11856000
0,
0*
#11858000
1,
#11860000
0,
1*
#11862000
1,
#11864000
0,
0*
#11866000
1,
#11868000
0,
1*
#11870000
1,
#11872000
0,
0*
#11874000
1,
#11876000
0,
1*
#11878000
1,
#11880000
0,
0*
#11882000
1,
#11884000
0,
1*
#11886000
1,
#11888000
0,
0*
#11890000
1,
#11892000
0,
1*
#11894000
1,
#11896000
0,
0*
#11898000
1,
#11900000
0,
1*
#11902000
1,
#11904000
0,
0*
#11906000
1,
#11908000
0,
1*
#11910000
1,
#11912000
0,
0*
#11914000
1,
#11916000
0,
1*
#11918000
1,
#11920000
0,
0*
#11922000
1,
#11924000
0,
1*
#11926000
1,
#11928000
0,
0*
#11930000
1,
#11932000
0,
1*
#11934000
1,
#11936000
0,
0*
#11938000
1,
#11940000
0,
1*
#11942000
1,
#11944000
0,
0*
#11946000
1,
#11948000
0,
1*
#11950000
1,
#11952000
0,
0*
#11954000
1,
#11956000
0,
1*
#11958000
1,
#11960000
0,
0*
#11962000
1,
#11964000
0,
1*
#11966000
1,
#11968000
0,
0*
#11970000
1,
#11972000
0,
1*
#11974000
1,
#11976000
0,
0*
#11978000
1,
#11980000
0,
1*
#11982000
1,
#11984000
0,
0*
#11986000
1,
#11988000
0,
1*
#11990000
1,
#11992000
0,
0*
#11994000
1,
#11996000
0,
1*
#11998000
1,
#12000000
0,
0*
#12002000
1,
#12004000
0,
1*
#12006000
1,
#12008000
0,
0*
#12010000
1,
#12012000
0,
1*
#12014000
1,
#12016000
0,
0*
#12018000
1,
#12020000
0,
1*
#12022000
1,
#12024000
0,
0*
#12026000
1,
#12028000
0,
1*
#12030000
1,
#12032000
0,
0*
#12034000
1,
#12036000
0,
1*
#12038000
1,
#12040000
0,
0*
#12042000
1,
#12044000
0,
1*
#12046000
1,
#12048000
0,
0*
#12050000
1,
#12052000
0,
1*
#12054000
1,
#12056000
0,
0*
#12058000
1,
#12060000
0,
1*
#12062000
1,
#12064000
0,
0*
#12066000
1,
#12068000
0,
1*
#12070000
1,
#12072000
0,
0*
#12074000
1,
#12076000
0,
1*
#12078000
1,
#12080000
0,
0*
#12082000
1,
#12084000
0,
1*
#12086000
1,
#12088000
0,
0*
#12090000
1,
#12092000
0,
1*
#12094000
1,
#12096000
0,
0*
#12098000
1,
#12100000
0,
1*
#12102000
1,
#12104000
0,
0*
#12106000
1,
#12108000
0,
1*
#12110000
1,
#12112000
0,
0*
#12114000
1,
#12116000
0,
1*
#12118000
1,
#12120000
0,
0*
#12122000
1,
#12124000
0,
1*
#12126000
1,
#12128000
0,
0*
#12130000
1,
#12132000
0,
1*
#12134000
1,
#12136000
0,
0*
#12138000
1,
#12140000
0,
1*
#12142000
1,
#12144000
0,
0*
#12146000
1,
#12148000
0,
1*
#12150000
1,
#12152000
0,
0*
#12154000
1,
#12156000
0,
1*
#12158000
1,
#12160000
0,
0*
#12162000
1,
#12164000
0,
1*
#12166000
1,
#12168000
0,
0*
#12170000
1,
#12172000
0,
1*
#12174000
1,
#12176000
0,
0*
#12178000
1,
#12180000
0,
1*
#12182000
1,
#12184000
0,
0*
#12186000
1,
#12188000
0,
1*
#12190000
1,
#12192000
0,
0*
#12194000
1,
#12196000
0,
1*
#12198000
1,
#12200000
0,
0*
#12202000
1,
#12204000
0,
1*
#12206000
1,
#12208000
0,
0*
#12210000
1,
#12212000
0,
1*
#12214000
1,
#12216000
0,
0*
#12218000
1,
#12220000
0,
1*
#12222000
1,
#12224000
0,
0*
#12226000
1,
#12228000
0,
1*
#12230000
1,
#12232000
0,
0*
#12234000
1,
#12236000
0,
1*
#12238000
1,
#12240000
0,
0*
#12242000
1,
#12244000
0,
1*
#12246000
1,
#12248000
0,
0*
#12250000
1,
#12252000
0,
1*
#12254000
1,
#12256000
0,
0*
#12258000
1,
#12260000
0,
1*
#12262000
1,
#12264000
0,
0*
#12266000
1,
#12268000
0,
1*
#12270000
1,
#12272000
0,
0*
#12274000
1,
#12276000
0,
1*
#12278000
1,
#12280000
0,
0*
#12282000
1,
#12284000
0,
1*
#12286000
1,
#12288000
0,
0*
#12290000
1,
#12292000
0,
1*
#12294000
1,
#12296000
0,
0*
#12298000
1,
#12300000
0,
1*
#12302000
1,
#12304000
0,
0*
#12306000
1,
#12308000
0,
1*
#12310000
1,
#12312000
0,
0*
#12314000
1,
#12316000
0,
1*
#12318000
1,
#12320000
0,
0*
#12322000
1,
#12324000
0,
1*
#12326000
1,
#12328000
0,
0*
#12330000
1,
#12332000
0,
1*
#12334000
1,
#12336000
0,
0*
#12338000
1,
#12340000
0,
1*
#12342000
1,
#12344000
0,
0*
#12346000
1,
#12348000
0,
1*
#12350000
1,
#12352000
0,
0*
#12354000
1,
#12356000
0,
1*
#12358000
1,
#12360000
0,
0*
#12362000
1,
#12364000
0,
1*
#12366000
1,
#12368000
0,
0*
#12370000
1,
#12372000
0,
1*
#12374000
1,
#12376000
0,
0*
#12378000
1,
#12380000
0,
1*
#12382000
1,
#12384000
0,
0*
#12386000
1,
#12388000
0,
1*
#12390000
1,
#12392000
0,
0*
#12394000
1,
#12396000
0,
1*
#12398000
1,
#12400000
0,
0*
#12402000
1,
#12404000
0,
1*
#12406000
1,
#12408000
0,
0*
#12410000
1,
#12412000
0,
1*
#12414000
1,
#12416000
0,
0*
#12418000
1,
#12420000
0,
1*
#12422000
1,
#12424000
0,
0*
#12426000
1,
#12428000
0,
1*
#12430000
1,
#12432000
0,
0*
#12434000
1,
#12436000
0,
1*
#12438000
1,
#12440000
0,
0*
#12442000
1,
#12444000
0,
1*
#12446000
1,
#12448000
0,
0*
#12450000
1,
#12452000
0,
1*
#12454000
1,
#12456000
0,
0*
#12458000
1,
#12460000
0,
1*
#12462000
1,
#12464000
0,
0*
#12466000
1,
#12468000
0,
1*
#12470000
1,
#12472000
0,
0*
#12474000
1,
#12476000
0,
1*
#12478000
1,
#12480000
0,
0*
#12482000
1,
#12484000
0,
1*
#12486000
1,
#12488000
0,
0*
#12490000
1,
#12492000
0,
1*
#12494000
1,
#12496000
0,
0*
#12498000
1,
#12500000
0,
1*
#12502000
1,
#12504000
0,
0*
#12506000
1,
#12508000
0,
1*
#12510000
1,
#12512000
0,
0*
#12514000
1,
#12516000
0,
1*
#12518000
1,
#12520000
0,
0*
#12522000
1,
#12524000
0,
1*
#12526000
1,
#12528000
0,
0*
#12530000
1,
#12532000
0,
1*
#12534000
1,
#12536000
0,
0*
#12538000
1,
#12540000
0,
1*
#12542000
1,
#12544000
0,
0*
#12546000
1,
#12548000
0,
1*
#12550000
1,
#12552000
0,
0*
#12554000
1,
#12556000
0,
1*
#12558000
1,
#12560000
0,
0*
#12562000
1,
#12564000
0,
1*
#12566000
1,
#12568000
0,
0*
#12570000
1,
#12572000
0,
1*
#12574000
1,
#12576000
0,
0*
#12578000
1,
#12580000
0,
1*
#12582000
1,
#12584000
0,
0*
#12586000
1,
#12588000
0,
1*
#12590000
1,
#12592000
0,
0*
#12594000
1,
#12596000
0,
1*
#12598000
1,
#12600000
0,
0*
#12602000
1,
#12604000
0,
1*
#12606000
1,
#12608000
0,
0*
#12610000
1,
#12612000
0,
1*
#12614000
1,
#12616000
0,
0*
#12618000
1,
#12620000
0,
1*
#12622000
1,
#12624000
0,
0*
#12626000
1,
#12628000
0,
1*
#12630000
1,
#12632000
0,
0*
#12634000
1,
#12636000
0,
1*
#12638000
1,
#12640000
0,
0*
#12642000
1,
#12644000
0,
1*
#12646000
1,
#12648000
0,
0*
#12650000
1,
#12652000
0,
1*
#12654000
1,
#12656000
0,
0*
#12658000
1,
#12660000
0,
1*
#12662000
1,
#12664000
0,
0*
#12666000
1,
#12668000
0,
1*
#12670000
1,
#12672000
0,
0*
#12674000
1,
#12676000
0,
1*
#12678000
1,
#12680000
0,
0*
#12682000
1,
#12684000
0,
1*
#12686000
1,
#12688000
0,
0*
#12690000
1,
#12692000
0,
1*
#12694000
1,
#12696000
0,
0*
#12698000
1,
#12700000
0,
1*
#12702000
1,
#12704000
0,
0*
#12706000
1,
#12708000
0,
1*
#12710000
1,
#12712000
0,
0*
#12714000
1,
#12716000
0,
1*
#12718000
1,
#12720000
0,
0*
#12722000
1,
#12724000
0,
1*
#12726000
1,
#12728000
0,
0*
#12730000
1,
#12732000
0,
1*
#12734000
1,
#12736000
0,
0*
#12738000
1,
#12740000
0,
1*
#12742000
1,
#12744000
0,
0*
#12746000
1,
#12748000
0,
1*
#12750000
1,
#12752000
0,
0*
#12754000
1,
#12756000
0,
1*
#12758000
1,
#12760000
0,
0*
#12762000
1,
#12764000
0,
1*
#12766000
1,
#12768000
0,
0*
#12770000
1,
#12772000
0,
1*
#12774000
1,
#12776000
0,
0*
#12778000
1,
#12780000
0,
1*
#12782000
1,
#12784000
0,
0*
#12786000
1,
#12788000
0,
1*
#12790000
1,
#12792000
0,
0*
#12794000
1,
#12796000
0,
1*
#12798000
1,
#12800000
0,
0*
#12802000
1,
#12804000
0,
1*
#12806000
1,
#12808000
0,
0*
#12810000
1,
#12812000
0,
1*
#12814000
1,
#12816000
0,
0*
#12818000
1,
#12820000
0,
1*
#12822000
1,
#12824000
0,
0*
#12826000
1,
#12828000
0,
1*
#12830000
1,
#12832000
0,
0*
#12834000
1,
#12836000
0,
1*
#12838000
1,
#12840000
0,
0*
#12842000
1,
#12844000
0,
1*
#12846000
1,
#12848000
0,
0*
#12850000
1,
#12852000
0,
1*
#12854000
1,
#12856000
0,
0*
#12858000
1,
#12860000
0,
1*
#12862000
1,
#12864000
0,
0*
#12866000
1,
#12868000
0,
1*
#12870000
1,
#12872000
0,
0*
#12874000
1,
#12876000
0,
1*
#12878000
1,
#12880000
0,
0*
#12882000
1,
#12884000
0,
1*
#12886000
1,
#12888000
0,
0*
#12890000
1,
#12892000
0,
1*
#12894000
1,
#12896000
0,
0*
#12898000
1,
#12900000
0,
1*
#12902000
1,
#12904000
0,
0*
#12906000
1,
#12908000
0,
1*
#12910000
1,
#12912000
0,
0*
#12914000
1,
#12916000
0,
1*
#12918000
1,
#12920000
0,
0*
#12922000
1,
#12924000
0,
1*
#12926000
1,
#12928000
0,
0*
#12930000
1,
#12932000
0,
1*
#12934000
1,
#12936000
0,
0*
#12938000
1,
#12940000
0,
1*
#12942000
1,
#12944000
0,
0*
#12946000
1,
#12948000
0,
1*
#12950000
1,
#12952000
0,
0*
#12954000
1,
#12956000
0,
1*
#12958000
1,
#12960000
0,
0*
#12962000
1,
#12964000
0,
1*
#12966000
1,
#12968000
0,
0*
#12970000
1,
#12972000
0,
1*
#12974000
1,
#12976000
0,
0*
#12978000
1,
#12980000
0,
1*
#12982000
1,
#12984000
0,
0*
#12986000
1,
#12988000
0,
1*
#12990000
1,
#12992000
0,
0*
#12994000
1,
#12996000
0,
1*
#12998000
1,
#13000000
0,
0*
#13002000
1,
#13004000
0,
1*
#13006000
1,
#13008000
0,
0*
#13010000
1,
#13012000
0,
1*
#13014000
1,
#13016000
0,
0*
#13018000
1,
#13020000
0,
1*
#13022000
1,
#13024000
0,
0*
#13026000
1,
#13028000
0,
1*
#13030000
1,
#13032000
0,
0*
#13034000
1,
#13036000
0,
1*
#13038000
1,
#13040000
0,
0*
#13042000
1,
#13044000
0,
1*
#13046000
1,
#13048000
0,
0*
#13050000
1,
#13052000
0,
1*
#13054000
1,
#13056000
0,
0*
#13058000
1,
#13060000
0,
1*
#13062000
1,
#13064000
0,
0*
#13066000
1,
#13068000
0,
1*
#13070000
1,
#13072000
0,
0*
#13074000
1,
#13076000
0,
1*
#13078000
1,
#13080000
0,
0*
#13082000
1,
#13084000
0,
1*
#13086000
1,
#13088000
0,
0*
#13090000
1,
#13092000
0,
1*
#13094000
1,
#13096000
0,
0*
#13098000
1,
#13100000
0,
1*
#13102000
1,
#13104000
0,
0*
#13106000
1,
#13108000
0,
1*
#13110000
1,
#13112000
0,
0*
#13114000
1,
#13116000
0,
1*
#13118000
1,
#13120000
0,
0*
#13122000
1,
#13124000
0,
1*
#13126000
1,
#13128000
0,
0*
#13130000
1,
#13132000
0,
1*
#13134000
1,
#13136000
0,
0*
#13138000
1,
#13140000
0,
1*
#13142000
1,
#13144000
0,
0*
#13146000
1,
#13148000
0,
1*
#13150000
1,
#13152000
0,
0*
#13154000
1,
#13156000
0,
1*
#13158000
1,
#13160000
0,
0*
#13162000
1,
#13164000
0,
1*
#13166000
1,
#13168000
0,
0*
#13170000
1,
#13172000
0,
1*
#13174000
1,
#13176000
0,
0*
#13178000
1,
#13180000
0,
1*
#13182000
1,
#13184000
0,
0*
#13186000
1,
#13188000
0,
1*
#13190000
1,
#13192000
0,
0*
#13194000
1,
#13196000
0,
1*
#13198000
1,
#13200000
0,
0*
#13202000
1,
#13204000
0,
1*
#13206000
1,
#13208000
0,
0*
#13210000
1,
#13212000
0,
1*
#13214000
1,
#13216000
0,
0*
#13218000
1,
#13220000
0,
1*
1)
#13222000
b11110 L
b11010 K
b10011 O
b11 U
b11 #
b11 1
b11 7
b11 T
1!
1,
#13224000
0,
0*
#13226000
b11 2
b11 8
b11 P
b11111 L
b11110 K
b11 &
b11 .
b11 5
b11 9
b10100 O
b10011 R
b11010 0
b11010 H
b11010 S
b100 U
b100 #
b100 1
b100 7
b100 T
1,
#13228000
b11010 I
0,
1*
#13230000
b100 2
b100 8
b100 P
b11101 L
b11111 K
b101 U
b101 #
b101 1
b101 7
b101 T
b10101 O
b10100 R
b11110 0
b11110 H
b11110 S
1,
#13232000
0,
0*
#13234000
b101 2
b101 8
b101 P
b11100 L
b11101 K
b10110 O
b10101 R
b11111 0
b11111 H
b11111 S
b110 U
b110 #
b110 1
b110 7
b110 T
1,
#13236000
1B
0?
b11010 3
b11010 >
b11010 J
b11111 I
0,
1*
#13238000
b110 2
b110 8
b110 P
b10100 L
b11100 K
b111 U
b111 #
b111 1
b111 7
b111 T
b10111 O
b10110 R
b11101 0
b11101 H
b11101 S
1,
#13240000
0,
0*
#13242000
b111 2
b111 8
b111 P
b10101 L
b10100 K
b11000 O
b10111 R
b11100 0
b11100 H
b11100 S
b1000 U
b1000 #
b1000 1
b1000 7
b1000 T
1,
#13244000
0B
b11111 3
b11111 >
b11111 J
b11100 I
0%
1(
0,
1*
#13246000
b1000 2
b1000 8
b1000 P
b10111 L
b10101 K
b1001 U
b1001 #
b1001 1
b1001 7
b1001 T
b11001 O
b11000 R
b10100 0
b10100 H
b10100 S
1,
#13248000
0,
0*
#13250000
b1001 2
b1001 8
b1001 P
b10110 L
b10111 K
b11010 O
b11001 R
b10101 0
b10101 H
b10101 S
b1010 U
b1010 #
b1010 1
b1010 7
b1010 T
1,
#13252000
b11110 =
b11010 <
b10011 @
1$
0(
b11100 3
b11100 >
b11100 J
b10101 I
0,
1*
#13254000
b1010 2
b1010 8
b1010 P
b10010 L
b10110 K
b1011 U
b1011 #
b1011 1
b1011 7
b1011 T
b11011 O
b11010 R
b10111 0
b10111 H
b10111 S
1,
#13256000
0,
0*
#13258000
b1011 2
b1011 8
b1011 P
b10011 L
b10010 K
b11100 O
b11011 R
b10110 0
b10110 H
b10110 S
b1100 U
b1100 #
b1100 1
b1100 7
b1100 T
1,
#13260000
b100 &
b100 .
b100 5
b100 9
b11 6
b11 :
b11 A
b11111 =
b11110 <
b10101 3
b10101 >
b10101 J
b10110 I
b10100 @
b10011 C
b11010 4
b11010 D
b11010 E
0,
1*
#13262000
b1100 2
b1100 8
b1100 P
b10001 L
b10011 K
b1101 U
b1101 #
b1101 1
b1101 7
b1101 T
b11010 F
b11101 O
b11100 R
b10010 0
b10010 H
b10010 S
1,
#13264000
0,
0*
#13266000
b1101 2
b1101 8
b1101 P
b10000 L
b10001 K
b11110 O
b11101 R
b10011 0
b10011 H
b10011 S
b11010 /
b11010 G
b11010 M
b1110 U
b1110 #
b1110 1
b1110 7
b1110 T
1,
#13268000
b101 &
b101 .
b101 5
b101 9
b100 6
b100 :
b100 A
b11101 =
b11111 <
b10101 @
b10100 C
b11110 4
b11110 D
b11110 E
b10110 3
b10110 >
b10110 J
b10011 I
0,
1*
#13270000
b1110 2
b1110 8
b1110 P
b0 L
b10000 K
b1111 U
b1111 #
b1111 1
b1111 7
b1111 T
b11110 F
b11111 O
b11110 R
b10001 0
b10001 H
b10001 S
1,
#13272000
0,
0*
#13274000
b1111 2
b1111 8
b1111 P
b1 L
b0 K
b0 O
b11111 R
b10000 0
b10000 H
b10000 S
b11110 /
b11110 G
b11110 M
b0 U
b10000 #
b10000 1
b10000 7
b10000 T
1,
#13276000
b110 &
b110 .
b110 5
b110 9
b101 6
b101 :
b101 A
b11100 =
b11101 <
b10011 3
b10011 >
b10011 J
b10000 I
b10110 @
b10101 C
b11111 4
b11111 D
b11111 E
0,
1*
#13278000
b0 2
b0 8
b0 P
b11 L
b1 K
b1 U
b10001 #
b10001 1
b10001 7
b10001 T
b11111 F
b1 O
b0 R
b0 0
b0 H
b0 S
1,
#13280000
0,
0*
#13282000
b1 2
b1 8
b1 P
b10 L
b11 K
b10 O
b1 R
b1 0
b1 H
b1 S
b11111 /
b11111 G
b11111 M
b10 U
b10010 #
b10010 1
b10010 7
b10010 T
1,
#13284000
b111 &
b111 .
b111 5
b111 9
b110 6
b110 :
b110 A
b10100 =
b11100 <
b10111 @
b10110 C
b11101 4
b11101 D
b11101 E
b10000 3
b10000 >
b10000 J
b1 I
0,
1*
#13286000
b10 2
b10 8
b10 P
b110 L
b10 K
b11 U
b10011 #
b10011 1
b10011 7
b10011 T
b11101 F
b11 O
b10 R
b11 0
b11 H
b11 S
1,
#13288000
0,
0*
#13290000
b11 2
b11 8
b11 P
b111 L
0N
b110 K
b100 O
b11 R
b10 0
b10 H
b10 S
b11101 /
b11101 G
b11101 M
b100 U
b10100 #
b10100 1
b10100 7
b10100 T
1,
#13292000
b1000 &
b1000 .
b1000 5
b1000 9
b111 6
b111 :
b111 A
b10101 =
b10100 <
b1 3
b1 >
b1 J
b10 I
b11000 @
b10111 C
b11100 4
b11100 D
b11100 E
0,
1*
#13294000
1Q
b100 2
b100 8
b100 P
b101 L
b111 K
b101 U
b10101 #
b10101 1
b10101 7
b10101 T
b11100 F
b101 O
b100 R
b110 0
b110 H
b110 S
1,
#13296000
0,
0*
#13298000
b101 2
b101 8
b101 P
b100 L
0N
b101 K
1Q
1'
b110 O
b101 R
b111 0
b111 H
b111 S
b11100 /
b11100 G
b11100 M
b110 U
b10110 #
b10110 1
b10110 7
b10110 T
1,
#13300000
b1001 &
b1001 .
b1001 5
b1001 9
b1000 6
b1000 :
b1000 A
b10111 =
b10101 <
b11001 @
b11000 C
b10100 4
b10100 D
b10100 E
b10 3
b10 >
b10 J
b111 I
0,
1*
#13302000
b110 2
b110 8
b110 P
0Q
b1100 L
1N
b100 K
b111 U
b10111 #
b10111 1
b10111 7
b10111 T
b10100 F
b111 O
b110 R
b101 0
b101 H
b101 S
1,
#13304000
0,
0*
#13306000
1Q
b111 2
b111 8
b111 P
b1100 L
0N
b100 K
1"
0'
b111 O
b111 R
b100 0
b100 H
b100 S
b10100 /
b10100 G
b10100 M
b1000 U
b11000 #
b11000 1
b11000 7
b11000 T
1,
#13308000
b1010 &
b1010 .
b1010 5
b1010 9
b1001 6
b1001 :
b1001 A
b10110 =
b10111 <
b111 3
b111 >
b111 J
b100 I
b11010 @
b11001 C
b10101 4
b10101 D
b10101 E
0,
1*
#13310000
0!
b10101 F
0"
1'
1,
#13312000
0,
0*
#13314000
b1101 L
b1100 K
b1000 O
1Q
b10101 /
b10101 G
b10101 M
b1001 U
b11001 #
b11001 1
b11001 7
b11001 T
1!
1,
#13316000
b1011 &
b1011 .
b1011 5
b1011 9
b1010 6
b1010 :
b1010 A
b10010 =
b10110 <
b11011 @
b11010 C
b10111 4
b10111 D
b10111 E
b100 3
b100 >
b100 J
0,
1*
#13318000
b1000 2
b1000 8
b1000 P
0Q
b1111 L
1N
b1101 K
b1010 U
b11010 #
b11010 1
b11010 7
b11010 T
b10111 F
b1001 O
b1000 R
b1100 0
b1100 H
b1100 S
1,
#13320000
0,
0*
#13322000
b1001 2
b1001 8
b1001 P
b1111 L
b1101 K
0N
1Q
1"
0'
b1001 O
b1001 R
b1101 0
b1101 H
b1101 S
b10111 /
b10111 G
b10111 M
b1011 U
b11011 #
b11011 1
b11011 7
b11011 T
1,
#13324000
b1100 &
b1100 .
b1100 5
b1100 9
b1011 6
b1011 :
b1011 A
b10011 =
b10010 <
b1101 I
b11100 @
b11011 C
b10110 4
b10110 D
b10110 E
0,
1*
#13326000
0!
b10110 F
0"
1'
1,
#13328000
0,
0*
#13330000
b1110 L
0N
b1111 K
b1010 O
1Q
b10110 /
b10110 G
b10110 M
b1100 U
b11100 #
b11100 1
b11100 7
b11100 T
1!
1,
#13332000
b1101 &
b1101 .
b1101 5
b1101 9
b1100 6
b1100 :
b1100 A
b10001 =
b10011 <
b11101 @
b11100 C
b10010 4
b10010 D
b10010 E
b1101 3
b1101 >
b1101 J
0,
1*
#13334000
b1010 2
b1010 8
b1010 P
0Q
b1010 L
1N
b1110 K
b1101 U
b11101 #
b11101 1
b11101 7
b11101 T
b10010 F
b1011 O
b1010 R
b1111 0
b1111 H
b1111 S
1,
#13336000
0,
0*
#13338000
b1011 2
b1011 8
b1011 P
b1010 L
b1110 K
0N
1Q
1"
0'
b1011 O
b1011 R
b1110 0
b1110 H
b1110 S
b10010 /
b10010 G
b10010 M
b1110 U
b11110 #
b11110 1
b11110 7
b11110 T
1,
#13340000
b1110 &
b1110 .
b1110 5
b1110 9
b1101 6
b1101 :
b1101 A
b10000 =
b10001 <
b1110 I
b11110 @
b11101 C
b10011 4
b10011 D
b10011 E
0,
1*
#13342000
0!
b10011 F
0"
1'
1,
#13344000
0,
0*
#13346000
b1011 L
b1010 K
b1100 O
1Q
b10011 /
b10011 G
b10011 M
b1111 U
b11111 #
b11111 1
b11111 7
b11111 T
1!
1,
#13348000
b1111 &
b1111 .
b1111 5
b1111 9
b1110 6
b1110 :
b1110 A
b0 =
b10000 <
b11111 @
b11110 C
b10001 4
b10001 D
b10001 E
b1110 3
b1110 >
b1110 J
0,
1*
#13350000
b1100 2
b1100 8
b1100 P
0Q
b1001 L
1N
b1011 K
b0 U
b100000 #
b100000 1
b100000 7
b100000 T
b10001 F
b1101 O
b1100 R
b1010 0
b1010 H
b1010 S
1,
#13352000
0,
0*
#13354000
b1101 2
b1101 8
b1101 P
b1001 L
b1011 K
0N
1Q
1"
0'
b1101 O
b1101 R
b1011 0
b1011 H
b1011 S
b10001 /
b10001 G
b10001 M
b1 U
b100001 #
b100001 1
b100001 7
b100001 T
1,
#13356000
b10000 &
b10000 .
b10000 5
b10000 9
b1111 6
b1111 :
b1111 A
b1 =
b0 <
b1011 I
b0 @
b11111 C
b10000 4
b10000 D
b10000 E
0,
1*
#13358000
0!
b10000 F
0"
1'
1,
#13360000
0,
0*
#13362000
b1000 L
0N
b1001 K
b1110 O
1Q
b10000 /
b10000 G
b10000 M
b10 U
b100010 #
b100010 1
b100010 7
b100010 T
1!
1,
#13364000
b10001 &
b10001 .
b10001 5
b10001 9
b0 6
b0 :
b0 A
b11 =
b1 <
b1 @
b0 C
b0 4
b0 D
b0 E
b1011 3
b1011 >
b1011 J
0,
1*
#13366000
b1110 2
b1110 8
b1110 P
0Q
b11000 L
1N
b1000 K
b11 U
b100011 #
b100011 1
b100011 7
b100011 T
b0 F
b1111 O
b1110 R
b1001 0
b1001 H
b1001 S
1,
#13368000
0,
0*
#13370000
1Q
b1111 2
b1111 8
b1111 P
b11000 L
0N
b1000 K
1"
0'
b1111 O
b1111 R
b1000 0
b1000 H
b1000 S
b0 /
b0 G
b0 M
b100 U
b100100 #
b100100 1
b100100 7
b100100 T
1,
#13372000
b10010 &
b10010 .
b10010 5
b10010 9
b1 6
b1 :
b1 A
b10 =
b11 <
b1000 I
b10 @
b1 C
b1 4
b1 D
b1 E
0,
1*
#13374000
0!
b1 F
0"
1'
1,
#13376000
0,
0*
#13378000
b11001 L
b11000 K
b10000 O
1Q
b1 /
b1 G
b1 M
b101 U
b100101 #
b100101 1
b100101 7
b100101 T
1!
1,
#13380000
b10011 &
b10011 .
b10011 5
b10011 9
b10 6
b10 :
b10 A
b110 =
b10 <
b11 @
b10 C
b11 4
b11 D
b11 E
b1000 3
b1000 >
b1000 J
0,
1*
#13382000
b0 2
b0 8
b0 P
0Q
b11011 L
1N
b11001 K
b110 U
b100110 #
b100110 1
b100110 7
b100110 T
b11 F
b10001 O
b10000 R
b11000 0
b11000 H
b11000 S
1,
#13384000
0,
0*
#13386000
b1 2
b1 8
b1 P
b11011 L
b11001 K
0N
1Q
1"
0'
b10001 O
b10001 R
b11001 0
b11001 H
b11001 S
b11 /
b11 G
b11 M
b111 U
b100111 #
b100111 1
b100111 7
b100111 T
1,
#13388000
b10100 &
b10100 .
b10100 5
b10100 9
b11 6
b11 :
b11 A
b111 =
b110 <
b11001 I
b100 @
b11 C
b10 4
b10 D
b10 E
0,
1*
#13390000
0!
b10 F
0"
1'
1,
#13392000
0,
0*
#13394000
b11010 L
0N
b11011 K
b10010 O
1Q
b10 /
b10 G
b10 M
b1000 U
b101000 #
b101000 1
b101000 7
b101000 T
1!
1,
#13396000
b10101 &
b10101 .
b10101 5
b10101 9
b100 6
b100 :
b100 A
b101 =
b111 <
b101 @
b100 C
b110 4
b110 D
b110 E
b11001 3
b11001 >
b11001 J
0,
1*
#13398000
b10 2
b10 8
b10 P
0Q
b11110 L
1N
b11010 K
b1001 U
b101001 #
b101001 1
b101001 7
b101001 T
b110 F
b10011 O
b10010 R
b11011 0
b11011 H
b11011 S
1,
#13400000
0,
0*
#13402000
b11 2
b11 8
b11 P
b11110 L
b11010 K
0N
1Q
1"
0'
b10011 O
b10011 R
b11010 0
b11010 H
b11010 S
b110 /
b110 G
b110 M
b1010 U
b101010 #
b101010 1
b101010 7
b101010 T
1,
#13404000
b10110 &
b10110 .
b10110 5
b10110 9
b101 6
b101 :
b101 A
b100 =
b101 <
b11010 I
b110 @
b101 C
b111 4
b111 D
b111 E
0,
1*
#13406000
0!
b111 F
0"
1'
1,
#13408000
0,
0*
#13410000
b11111 L
b11110 K
b10100 O
1Q
b111 /
b111 G
b111 M
b1011 U
b101011 #
b101011 1
b101011 7
b101011 T
1!
1,
#13412000
b10111 &
b10111 .
b10111 5
b10111 9
b110 6
b110 :
b110 A
b1100 =
b100 <
b111 @
b110 C
b101 4
b101 D
b101 E
b11010 3
b11010 >
b11010 J
0,
1*
#13414000
b100 2
b100 8
b100 P
0Q
b11101 L
1N
b11111 K
b1100 U
b101100 #
b101100 1
b101100 7
b101100 T
b101 F
b10101 O
b10100 R
b11110 0
b11110 H
b11110 S
1,
#13416000
0,
0*
#13418000
b101 2
b101 8
b101 P
b11101 L
b11111 K
0N
1Q
1"
0'
b10101 O
b10101 R
b11111 0
b11111 H
b11111 S
b101 /
b101 G
b101 M
b1101 U
b101101 #
b101101 1
b101101 7
b101101 T
1,
#13420000
b11001 &
b11001 .
b11001 5
b11001 9
b111 6
b111 :
b111 A
b1101 =
b1100 <
b11111 I
b1000 @
b111 C
b100 4
b100 D
b100 E
0,
1*
0)
#13422000
0!
b100 F
0"
1'
1,
#13424000
0,
0*
#13426000
0Q
b100 /
b100 G
b100 M
1,
#13428000
b11010 &
b11010 .
b11010 5
b11010 9
b1000 6
b1000 :
b1000 A
b1111 =
b1101 <
b1001 @
b1000 C
b1100 4
b1100 D
b1100 E
b11111 3
b11111 >
b11111 J
0,
1*
#13430000
b1100 F
0'
1,
#13432000
0,
0*
#13434000
b1100 /
b1100 G
b1100 M
1,
#13436000
b11100 &
b11100 .
b11100 5
b11100 9
b1001 6
b1001 :
b1001 A
b1110 =
b1111 <
b1010 @
b1001 C
b1101 4
b1101 D
b1101 E
0,
1*
#13438000
b1101 F
1,
#13440000
0,
0*
#13442000
b1101 /
b1101 G
b1101 M
1,
#13444000
b11101 &
b11101 .
b11101 5
b11101 9
b1010 6
b1010 :
b1010 A
b1010 =
b1110 <
b1011 @
b1010 C
b1111 4
b1111 D
b1111 E
0,
1*
#13446000
b1111 F
1,
#13448000
0,
0*
#13450000
b1111 /
b1111 G
b1111 M
1,
#13452000
b11111 &
b11111 .
b11111 5
b11111 9
b1011 6
b1011 :
b1011 A
b1011 =
b1010 <
b1100 @
b1011 C
b1110 4
b1110 D
b1110 E
0,
1*
#13454000
b1110 F
1,
#13456000
0,
0*
#13458000
b1110 /
b1110 G
b1110 M
1,
#13460000
b100000 &
b100000 .
b100000 5
b100000 9
b1100 6
b1100 :
b1100 A
b1001 =
b1011 <
b1101 @
b1100 C
b1010 4
b1010 D
b1010 E
0,
1*
#13462000
b1010 F
1,
#13464000
0,
0*
#13466000
b1010 /
b1010 G
b1010 M
1,
#13468000
b100010 &
b100010 .
b100010 5
b100010 9
b1101 6
b1101 :
b1101 A
b1000 =
b1001 <
b1110 @
b1101 C
b1011 4
b1011 D
b1011 E
0,
1*
#13470000
b1011 F
1,
#13472000
0,
0*
#13474000
b1011 /
b1011 G
b1011 M
1,
#13476000
b100011 &
b100011 .
b100011 5
b100011 9
b1110 6
b1110 :
b1110 A
b11000 =
b1000 <
b1111 @
b1110 C
b1001 4
b1001 D
b1001 E
0,
1*
#13478000
b1001 F
1,
#13480000
0,
0*
#13482000
b1001 /
b1001 G
b1001 M
1,
#13484000
b100101 &
b100101 .
b100101 5
b100101 9
b1111 6
b1111 :
b1111 A
b11001 =
b11000 <
b10000 @
b1111 C
b1000 4
b1000 D
b1000 E
0,
1*
#13486000
b1000 F
1,
#13488000
0,
0*
#13490000
b1000 /
b1000 G
b1000 M
1,
#13492000
b100110 &
b100110 .
b100110 5
b100110 9
b0 6
b0 :
b0 A
b11011 =
b11001 <
b10001 @
b10000 C
b11000 4
b11000 D
b11000 E
0,
1*
#13494000
b11000 F
1,
#13496000
0,
0*
#13498000
b11000 /
b11000 G
b11000 M
1,
#13500000
b101000 &
b101000 .
b101000 5
b101000 9
b1 6
b1 :
b1 A
b11010 =
b11011 <
b10010 @
b10001 C
b11001 4
b11001 D
b11001 E
0,
1*
#13502000
b11001 F
1,
#13504000
0,
0*
#13506000
b11001 /
b11001 G
b11001 M
1,
#13508000
b101001 &
b101001 .
b101001 5
b101001 9
b10 6
b10 :
b10 A
b11110 =
b11010 <
b10011 @
b10010 C
b11011 4
b11011 D
b11011 E
0,
1*
#13510000
b11011 F
1,
#13512000
0,
0*
#13514000
b11011 /
b11011 G
b11011 M
1,
#13516000
b101011 &
b101011 .
b101011 5
b101011 9
b11 6
b11 :
b11 A
1B
b11111 =
b11110 <
b10100 @
b10011 C
b11010 4
b11010 D
b11010 E
0,
1*
#13518000
b11010 F
1,
#13520000
0,
0*
#13522000
b11010 /
b11010 G
b11010 M
1,
#13524000
b101100 &
b101100 .
b101100 5
b101100 9
b100 6
b100 :
b100 A
0B
b11101 =
1?
b11111 <
1(
b10101 @
b10100 C
b11110 4
b11110 D
b11110 E
0,
1*
#13526000
b11110 F
1,
#13528000
0,
0*
#13530000
b11110 /
b11110 G
b11110 M
1,
#13532000
b10110 &
b10110 .
b10110 5
b10110 9
b101 6
b101 :
b101 A
b11101 =
1?
b11111 <
b10101 @
b10101 C
b11111 4
b11111 D
b11111 E
1%
0(
0,
1*
#13534000
b11111 F
1,
#13536000
0,
0*
#13538000
b11111 /
b11111 G
b11111 M
1,
#13540000
0$
0,
1*
#13542000
1,
#13544000
0,
0*
#13546000
1,
#13548000
0,
1*
#13550000
1,
#13552000
0,
0*
#13554000
1,
#13556000
0,
1*
#13558000
1,
#13560000
0,
0*
#13562000
1,
#13564000
0,
1*
#13566000
1,
#13568000
0,
0*
#13570000
1,
#13572000
0,
1*
#13574000
1,
#13576000
0,
0*
#13578000
1,
#13580000
0,
1*
#13582000
1,
#13584000
0,
0*
#13586000
1,
#13588000
0,
1*
#13590000
1,
#13592000
0,
0*
#13594000
1,
#13596000
0,
1*
#13598000
1,
#13600000
0,
0*
#13602000
1,
#13604000
0,
1*
#13606000
1,
#13608000
0,
0*
#13610000
1,
#13612000
0,
1*
#13614000
1,
#13616000
0,
0*
#13618000
1,
#13620000
0,
1*
#13622000
1,
#13624000
0,
0*
#13626000
1,
#13628000
0,
1*
#13630000
1,
#13632000
0,
0*
#13634000
1,
#13636000
0,
1*
#13638000
1,
#13640000
0,
0*
#13642000
1,
#13644000
0,
1*
#13646000
1,
#13648000
0,
0*
#13650000
1,
#13652000
0,
1*
#13654000
1,
#13656000
0,
0*
#13658000
1,
#13660000
0,
1*
#13662000
1,
#13664000
0,
0*
#13666000
1,
#13668000
0,
1*
#13670000
1,
#13672000
0,
0*
#13674000
1,
#13676000
0,
1*
#13678000
1,
#13680000
0,
0*
#13682000
1,
#13684000
0,
1*
#13686000
1,
#13688000
0,
0*
#13690000
1,
#13692000
0,
1*
#13694000
1,
#13696000
0,
0*
#13698000
1,
#13700000
0,
1*
#13702000
1,
#13704000
0,
0*
#13706000
1,
#13708000
0,
1*
#13710000
1,
#13712000
0,
0*
#13714000
1,
#13716000
0,
1*
#13718000
1,
#13720000
0,
0*
#13722000
1,
#13724000
0,
1*
#13726000
1,
#13728000
0,
0*
#13730000
1,
#13732000
0,
1*
#13734000
1,
#13736000
0,
0*
#13738000
1,
#13740000
0,
1*
#13742000
1,
#13744000
0,
0*
#13746000
1,
#13748000
0,
1*
#13750000
1,
#13752000
0,
0*
#13754000
1,
#13756000
0,
1*
#13758000
1,
#13760000
0,
0*
#13762000
1,
#13764000
0,
1*
#13766000
1,
#13768000
0,
0*
#13770000
1,
#13772000
0,
1*
#13774000
1,
#13776000
0,
0*
#13778000
1,
#13780000
0,
1*
#13782000
1,
#13784000
0,
0*
#13786000
1,
#13788000
0,
1*
#13790000
1,
#13792000
0,
0*
#13794000
1,
#13796000
0,
1*
#13798000
1,
#13800000
0,
0*
#13802000
1,
#13804000
0,
1*
#13806000
1,
#13808000
0,
0*
#13810000
1,
#13812000
0,
1*
#13814000
1,
#13816000
0,
0*
#13818000
1,
#13820000
0,
1*
#13822000
1,
#13824000
0,
0*
#13826000
1,
#13828000
0,
1*
#13830000
1,
#13832000
0,
0*
#13834000
1,
#13836000
0,
1*
#13838000
1,
#13840000
0,
0*
#13842000
1,
#13844000
0,
1*
#13846000
1,
#13848000
0,
0*
#13850000
1,
#13852000
0,
1*
#13854000
1,
#13856000
0,
0*
#13858000
1,
#13860000
0,
1*
#13862000
1,
#13864000
0,
0*
#13866000
1,
#13868000
0,
1*
#13870000
1,
#13872000
0,
0*
#13874000
1,
#13876000
0,
1*
#13878000
1,
#13880000
0,
0*
#13882000
1,
#13884000
0,
1*
#13886000
1,
#13888000
0,
0*
#13890000
1,
#13892000
0,
1*
#13894000
1,
#13896000
0,
0*
#13898000
1,
#13900000
0,
1*
#13902000
1,
#13904000
0,
0*
#13906000
1,
#13908000
0,
1*
#13910000
1,
#13912000
0,
0*
#13914000
1,
#13916000
0,
1*
#13918000
1,
#13920000
0,
0*
#13922000
1,
#13924000
0,
1*
#13926000
1,
#13928000
0,
0*
#13930000
1,
#13932000
0,
1*
#13934000
1,
#13936000
0,
0*
#13938000
1,
#13940000
0,
1*
#13942000
1,
#13944000
0,
0*
#13946000
1,
#13948000
0,
1*
#13950000
1,
#13952000
0,
0*
#13954000
1,
#13956000
0,
1*
#13958000
1,
#13960000
0,
0*
#13962000
1,
#13964000
0,
1*
#13966000
1,
#13968000
0,
0*
#13970000
1,
#13972000
0,
1*
#13974000
1,
#13976000
0,
0*
#13978000
1,
#13980000
0,
1*
#13982000
1,
#13984000
0,
0*
#13986000
1,
#13988000
0,
1*
#13990000
1,
#13992000
0,
0*
#13994000
1,
#13996000
0,
1*
#13998000
1,
#14000000
0,
0*
#14002000
1,
#14004000
0,
1*
#14006000
1,
#14008000
0,
0*
#14010000
1,
#14012000
0,
1*
#14014000
1,
#14016000
0,
0*
#14018000
1,
#14020000
0,
1*
#14022000
1,
#14024000
0,
0*
#14026000
1,
#14028000
0,
1*
#14030000
1,
#14032000
0,
0*
#14034000
1,
#14036000
0,
1*
#14038000
1,
#14040000
0,
0*
#14042000
1,
#14044000
0,
1*
#14046000
1,
#14048000
0,
0*
#14050000
1,
#14052000
0,
1*
#14054000
1,
#14056000
0,
0*
#14058000
1,
#14060000
0,
1*
#14062000
1,
#14064000
0,
0*
#14066000
1,
#14068000
0,
1*
#14070000
1,
#14072000
0,
0*
#14074000
1,
#14076000
0,
1*
#14078000
1,
#14080000
0,
0*
#14082000
1,
#14084000
0,
1*
#14086000
1,
#14088000
0,
0*
#14090000
1,
#14092000
0,
1*
#14094000
1,
#14096000
0,
0*
#14098000
1,
#14100000
0,
1*
#14102000
1,
#14104000
0,
0*
#14106000
1,
#14108000
0,
1*
#14110000
1,
#14112000
0,
0*
#14114000
1,
#14116000
0,
1*
#14118000
1,
#14120000
0,
0*
#14122000
1,
#14124000
0,
1*
#14126000
1,
#14128000
0,
0*
#14130000
1,
#14132000
0,
1*
#14134000
1,
#14136000
0,
0*
#14138000
1,
#14140000
0,
1*
#14142000
1,
#14144000
0,
0*
#14146000
1,
#14148000
0,
1*
#14150000
1,
#14152000
0,
0*
#14154000
1,
#14156000
0,
1*
#14158000
1,
#14160000
0,
0*
#14162000
1,
#14164000
0,
1*
#14166000
1,
#14168000
0,
0*
#14170000
1,
#14172000
0,
1*
#14174000
1,
#14176000
0,
0*
#14178000
1,
#14180000
0,
1*
#14182000
1,
#14184000
0,
0*
#14186000
1,
#14188000
0,
1*
#14190000
1,
#14192000
0,
0*
#14194000
1,
#14196000
0,
1*
#14198000
1,
#14200000
0,
0*
#14202000
1,
#14204000
0,
1*
#14206000
1,
#14208000
0,
0*
#14210000
1,
#14212000
0,
1*
#14214000
1,
#14216000
0,
0*
#14218000
1,
#14220000
0,
1*
#14222000
1,
#14224000
0,
0*
#14226000
1,
#14228000
0,
1*
#14230000
1,
#14232000
0,
0*
#14234000
1,
#14236000
0,
1*
#14238000
1,
#14240000
0,
0*
#14242000
1,
#14244000
0,
1*
#14246000
1,
#14248000
0,
0*
#14250000
1,
#14252000
0,
1*
#14254000
1,
#14256000
0,
0*
#14258000
1,
#14260000
0,
1*
#14262000
1,
#14264000
0,
0*
#14266000
1,
#14268000
0,
1*
#14270000
1,
#14272000
0,
0*
#14274000
1,
#14276000
0,
1*
#14278000
1,
#14280000
0,
0*
#14282000
1,
#14284000
0,
1*
#14286000
1,
#14288000
0,
0*
#14290000
1,
#14292000
0,
1*
#14294000
1,
#14296000
0,
0*
#14298000
1,
#14300000
0,
1*
#14302000
1,
#14304000
0,
0*
#14306000
1,
#14308000
0,
1*
#14310000
1,
#14312000
0,
0*
#14314000
1,
#14316000
0,
1*
#14318000
1,
#14320000
0,
0*
#14322000
1,
#14324000
0,
1*
#14326000
1,
#14328000
0,
0*
#14330000
1,
#14332000
0,
1*
#14334000
1,
#14336000
0,
0*
#14338000
1,
#14340000
0,
1*
#14342000
1,
#14344000
0,
0*
#14346000
1,
#14348000
0,
1*
#14350000
1,
#14352000
0,
0*
#14354000
1,
#14356000
0,
1*
#14358000
1,
#14360000
0,
0*
#14362000
1,
#14364000
0,
1*
#14366000
1,
#14368000
0,
0*
#14370000
1,
#14372000
0,
1*
#14374000
1,
#14376000
0,
0*
#14378000
1,
#14380000
0,
1*
#14382000
1,
#14384000
0,
0*
#14386000
1,
#14388000
0,
1*
#14390000
1,
#14392000
0,
0*
#14394000
1,
#14396000
0,
1*
#14398000
1,
#14400000
0,
0*
#14402000
1,
#14404000
0,
1*
#14406000
1,
#14408000
0,
0*
#14410000
1,
#14412000
0,
1*
#14414000
1,
#14416000
0,
0*
#14418000
1,
#14420000
0,
1*
#14422000
1,
#14424000
0,
0*
#14426000
1,
#14428000
0,
1*
#14430000
1,
#14432000
0,
0*
#14434000
1,
#14436000
0,
1*
#14438000
1,
#14440000
0,
0*
#14442000
1,
#14444000
0,
1*
#14446000
1,
#14448000
0,
0*
#14450000
1,
#14452000
0,
1*
#14454000
1,
#14456000
0,
0*
#14458000
1,
#14460000
0,
1*
#14462000
1,
#14464000
0,
0*
#14466000
1,
#14468000
0,
1*
#14470000
1,
#14472000
0,
0*
#14474000
1,
#14476000
0,
1*
#14478000
1,
#14480000
0,
0*
#14482000
1,
#14484000
0,
1*
#14486000
1,
#14488000
0,
0*
#14490000
1,
#14492000
0,
1*
#14494000
1,
#14496000
0,
0*
#14498000
1,
#14500000
0,
1*
#14502000
1,
#14504000
0,
0*
#14506000
1,
#14508000
0,
1*
#14510000
1,
#14512000
0,
0*
#14514000
1,
#14516000
0,
1*
#14518000
1,
#14520000
0,
0*
#14522000
1,
#14524000
0,
1*
#14526000
1,
#14528000
0,
0*
#14530000
1,
#14532000
0,
1*
#14534000
1,
#14536000
0,
0*
#14538000
1,
#14540000
0,
1*
#14542000
1,
#14544000
0,
0*
#14546000
1,
#14548000
0,
1*
#14550000
1,
#14552000
0,
0*
#14554000
1,
#14556000
0,
1*
#14558000
1,
#14560000
0,
0*
#14562000
1,
#14564000
0,
1*
#14566000
1,
#14568000
0,
0*
#14570000
1,
#14572000
0,
1*
#14574000
1,
#14576000
0,
0*
#14578000
1,
#14580000
0,
1*
#14582000
1,
#14584000
0,
0*
#14586000
1,
#14588000
0,
1*
#14590000
1,
#14592000
0,
0*
#14594000
1,
#14596000
0,
1*
#14598000
1,
#14600000
0,
0*
#14602000
1,
#14604000
0,
1*
#14606000
1,
#14608000
0,
0*
#14610000
1,
#14612000
0,
1*
#14614000
1,
#14616000
0,
0*
#14618000
1,
#14620000
0,
1*
#14622000
1,
#14624000
0,
0*
#14626000
1,
#14628000
0,
1*
#14630000
1,
#14632000
0,
0*
#14634000
1,
#14636000
0,
1*
#14638000
1,
#14640000
0,
0*
#14642000
1,
#14644000
0,
1*
#14646000
1,
#14648000
0,
0*
#14650000
1,
#14652000
0,
1*
#14654000
1,
#14656000
0,
0*
#14658000
1,
#14660000
0,
1*
#14662000
1,
#14664000
0,
0*
#14666000
1,
#14668000
0,
1*
#14670000
1,
#14672000
0,
0*
#14674000
1,
#14676000
0,
1*
#14678000
1,
#14680000
0,
0*
#14682000
1,
#14684000
0,
1*
#14686000
1,
#14688000
0,
0*
#14690000
1,
#14692000
0,
1*
#14694000
1,
#14696000
0,
0*
#14698000
1,
#14700000
0,
1*
#14702000
1,
#14704000
0,
0*
#14706000
1,
#14708000
0,
1*
#14710000
1,
#14712000
0,
0*
#14714000
1,
#14716000
0,
1*
#14718000
1,
#14720000
0,
0*
#14722000
1,
#14724000
0,
1*
#14726000
1,
#14728000
0,
0*
#14730000
1,
#14732000
0,
1*
#14734000
1,
#14736000
0,
0*
#14738000
1,
#14740000
0,
1*
#14742000
1,
#14744000
0,
0*
#14746000
1,
#14748000
0,
1*
#14750000
1,
#14752000
0,
0*
#14754000
1,
#14756000
0,
1*
#14758000
1,
#14760000
0,
0*
#14762000
1,
#14764000
0,
1*
#14766000
1,
#14768000
0,
0*
#14770000
1,
#14772000
0,
1*
#14774000
1,
#14776000
0,
0*
#14778000
1,
#14780000
0,
1*
#14782000
1,
#14784000
0,
0*
#14786000
1,
#14788000
0,
1*
#14790000
1,
#14792000
0,
0*
#14794000
1,
#14796000
0,
1*
#14798000
1,
#14800000
0,
0*
#14802000
1,
#14804000
0,
1*
#14806000
1,
#14808000
0,
0*
#14810000
1,
#14812000
0,
1*
#14814000
1,
#14816000
0,
0*
#14818000
1,
#14820000
0,
1*
#14822000
1,
#14824000
0,
0*
#14826000
1,
#14828000
0,
1*
#14830000
1,
#14832000
0,
0*
#14834000
1,
#14836000
0,
1*
#14838000
1,
#14840000
0,
0*
#14842000
1,
#14844000
0,
1*
#14846000
1,
#14848000
0,
0*
#14850000
1,
#14852000
0,
1*
#14854000
1,
#14856000
0,
0*
#14858000
1,
#14860000
0,
1*
#14862000
1,
#14864000
0,
0*
#14866000
1,
#14868000
0,
1*
#14870000
1,
#14872000
0,
0*
#14874000
1,
#14876000
0,
1*
#14878000
1,
#14880000
0,
0*
#14882000
1,
#14884000
0,
1*
#14886000
1,
#14888000
0,
0*
#14890000
1,
#14892000
0,
1*
#14894000
1,
#14896000
0,
0*
#14898000
1,
#14900000
0,
1*
#14902000
1,
#14904000
0,
0*
#14906000
1,
#14908000
0,
1*
#14910000
1,
#14912000
0,
0*
#14914000
1,
#14916000
0,
1*
#14918000
1,
#14920000
0,
0*
#14922000
1,
#14924000
0,
1*
#14926000
1,
#14928000
0,
0*
#14930000
1,
#14932000
0,
1*
#14934000
1,
#14936000
0,
0*
#14938000
1,
#14940000
0,
1*
#14942000
1,
#14944000
0,
0*
#14946000
1,
#14948000
0,
1*
#14950000
1,
#14952000
0,
0*
#14954000
1,
#14956000
0,
1*
#14958000
1,
#14960000
0,
0*
#14962000
1,
#14964000
0,
1*
#14966000
1,
#14968000
0,
0*
#14970000
1,
#14972000
0,
1*
#14974000
1,
#14976000
0,
0*
#14978000
1,
#14980000
0,
1*
#14982000
1,
#14984000
0,
0*
#14986000
1,
#14988000
0,
1*
#14990000
1,
#14992000
0,
0*
#14994000
1,
#14996000
0,
1*
#14998000
1,
#15000000
0,
0*
#15002000
1,
#15004000
0,
1*
#15006000
1,
#15008000
0,
0*
#15010000
1,
#15012000
0,
1*
#15014000
1,
#15016000
0,
0*
#15018000
1,
#15020000
0,
1*
#15022000
1,
#15024000
0,
0*
#15026000
1,
#15028000
0,
1*
#15030000
1,
#15032000
0,
0*
#15034000
1,
#15036000
0,
1*
#15038000
1,
#15040000
0,
0*
#15042000
1,
#15044000
0,
1*
#15046000
1,
#15048000
0,
0*
#15050000
1,
#15052000
0,
1*
#15054000
1,
#15056000
0,
0*
#15058000
1,
#15060000
0,
1*
#15062000
1,
#15064000
0,
0*
#15066000
1,
#15068000
0,
1*
#15070000
1,
#15072000
0,
0*
#15074000
1,
#15076000
0,
1*
#15078000
1,
#15080000
0,
0*
#15082000
1,
#15084000
0,
1*
#15086000
1,
#15088000
0,
0*
#15090000
1,
#15092000
0,
1*
#15094000
1,
#15096000
0,
0*
#15098000
1,
#15100000
0,
1*
#15102000
1,
#15104000
0,
0*
#15106000
1,
#15108000
0,
1*
#15110000
1,
#15112000
0,
0*
#15114000
1,
#15116000
0,
1*
#15118000
1,
#15120000
0,
0*
#15122000
1,
#15124000
0,
1*
#15126000
1,
#15128000
0,
0*
#15130000
1,
#15132000
0,
1*
#15134000
1,
#15136000
0,
0*
#15138000
1,
#15140000
0,
1*
#15142000
1,
#15144000
0,
0*
#15146000
1,
#15148000
0,
1*
#15150000
1,
#15152000
0,
0*
#15154000
1,
#15156000
0,
1*
#15158000
1,
#15160000
0,
0*
#15162000
1,
#15164000
0,
1*
#15166000
1,
#15168000
0,
0*
#15170000
1,
#15172000
0,
1*
#15174000
1,
#15176000
0,
0*
#15178000
1,
#15180000
0,
1*
#15182000
1,
#15184000
0,
0*
#15186000
1,
#15188000
0,
1*
#15190000
1,
#15192000
0,
0*
#15194000
1,
#15196000
0,
1*
#15198000
1,
#15200000
0,
0*
#15202000
1,
#15204000
0,
1*
#15206000
1,
#15208000
0,
0*
#15210000
1,
#15212000
0,
1*
#15214000
1,
#15216000
0,
0*
#15218000
1,
#15220000
0,
1*
#15222000
1,
#15224000
0,
0*
#15226000
1,
#15228000
0,
1*
#15230000
1,
#15232000
0,
0*
#15234000
1,
#15236000
0,
1*
#15238000
1,
#15240000
0,
0*
#15242000
1,
#15244000
0,
1*
#15246000
1,
#15248000
0,
0*
#15250000
1,
#15252000
0,
1*
#15254000
1,
#15256000
0,
0*
#15258000
1,
#15260000
0,
1*
#15262000
1,
#15264000
0,
0*
#15266000
1,
#15268000
0,
1*
#15270000
1,
#15272000
0,
0*
#15274000
1,
#15276000
0,
1*
#15278000
1,
#15280000
0,
0*
#15282000
1,
#15284000
0,
1*
#15286000
1,
#15288000
0,
0*
#15290000
1,
#15292000
0,
1*
#15294000
1,
#15296000
0,
0*
#15298000
1,
#15300000
0,
1*
#15302000
1,
#15304000
0,
0*
#15306000
1,
#15308000
0,
1*
#15310000
1,
#15312000
0,
0*
#15314000
1,
#15316000
0,
1*
#15318000
1,
#15320000
0,
0*
#15322000
1,
#15324000
0,
1*
#15326000
1,
#15328000
0,
0*
#15330000
1,
#15332000
0,
1*
#15334000
1,
#15336000
0,
0*
#15338000
1,
#15340000
0,
1*
#15342000
1,
#15344000
0,
0*
#15346000
1,
#15348000
0,
1*
#15350000
1,
#15352000
0,
0*
#15354000
1,
#15356000
0,
1*
#15358000
1,
#15360000
0,
0*
#15362000
1,
#15364000
0,
1*
#15366000
1,
#15368000
0,
0*
#15370000
1,
#15372000
0,
1*
#15374000
1,
#15376000
0,
0*
#15378000
1,
#15380000
0,
1*
#15382000
1,
#15384000
0,
0*
#15386000
1,
#15388000
0,
1*
#15390000
1,
#15392000
0,
0*
#15394000
1,
#15396000
0,
1*
#15398000
1,
#15400000
0,
0*
#15402000
1,
#15404000
0,
1*
#15406000
1,
#15408000
0,
0*
#15410000
1,
#15412000
0,
1*
#15414000
1,
#15416000
0,
0*
#15418000
1,
#15420000
0,
1*
1)
#15422000
b11100 L
b11101 K
b10110 O
b1110 U
b101110 #
b101110 1
b101110 7
b101110 T
1!
1,
#15424000
0,
0*
#15426000
b110 2
b110 8
b110 P
b10100 L
b11100 K
b101110 &
b101110 .
b101110 5
b101110 9
b10111 O
b10110 R
b11101 0
b11101 H
b11101 S
b1111 U
b101111 #
b101111 1
b101111 7
b101111 T
1,
#15428000
b11101 I
0,
1*
#15430000
b111 2
b111 8
b111 P
b10101 L
b10100 K
b0 U
b110000 #
b110000 1
b110000 7
b110000 T
b11000 O
b10111 R
b11100 0
b11100 H
b11100 S
1,
#15432000
0,
0*
#15434000
b1000 2
b1000 8
b1000 P
b10111 L
b10101 K
b11001 O
b11000 R
b10100 0
b10100 H
b10100 S
b1 U
b110001 #
b110001 1
b110001 7
b110001 T
1,
#15436000
1B
0?
b11101 3
b11101 >
b11101 J
b10100 I
0,
1*
#15438000
b1001 2
b1001 8
b1001 P
b10110 L
b10111 K
b10 U
b110010 #
b110010 1
b110010 7
b110010 T
b11010 O
b11001 R
b10101 0
b10101 H
b10101 S
1,
#15440000
0,
0*
#15442000
b1010 2
b1010 8
b1010 P
b10010 L
b10110 K
b11011 O
b11010 R
b10111 0
b10111 H
b10111 S
b11 U
b110011 #
b110011 1
b110011 7
b110011 T
1,
#15444000
0%
1(
0B
b10100 3
b10100 >
b10100 J
b10111 I
0,
1*
#15446000
b1011 2
b1011 8
b1011 P
b10011 L
b10010 K
b100 U
b110100 #
b110100 1
b110100 7
b110100 T
b11100 O
b11011 R
b10110 0
b10110 H
b10110 S
1,
#15448000
0,
0*
#15450000
b1100 2
b1100 8
b1100 P
b10001 L
b10011 K
b11101 O
b11100 R
b10010 0
b10010 H
b10010 S
b101 U
b110101 #
b110101 1
b110101 7
b110101 T
1,
#15452000
b11100 =
b11101 <
b10110 @
b10111 3
b10111 >
b10111 J
b10010 I
0(
1$
0,
1*
#15454000
b1101 2
b1101 8
b1101 P
b10000 L
b10001 K
b110 U
b110110 #
b110110 1
b110110 7
b110110 T
b11110 O
b11101 R
b10011 0
b10011 H
b10011 S
1,
#15456000
0,
0*
#15458000
b1110 2
b1110 8
b1110 P
b0 L
b10000 K
b11111 O
b11110 R
b10001 0
b10001 H
b10001 S
b111 U
b110111 #
b110111 1
b110111 7
b110111 T
1,
#15460000
b101111 &
b101111 .
b101111 5
b101111 9
b110 6
b110 :
b110 A
b10100 =
b11100 <
b10111 @
b10110 C
b11101 4
b11101 D
b11101 E
b10010 3
b10010 >
b10010 J
b10001 I
0,
1*
#15462000
b1111 2
b1111 8
b1111 P
b1 L
b0 K
b1000 U
b111000 #
b111000 1
b111000 7
b111000 T
b11101 F
b0 O
b11111 R
b10000 0
b10000 H
b10000 S
1,
#15464000
0,
0*
#15466000
b0 2
b0 8
b0 P
b11 L
b1 K
b1 O
b0 R
b0 0
b0 H
b0 S
b11101 /
b11101 G
b11101 M
b1001 U
b111001 #
b111001 1
b111001 7
b111001 T
1,
#15468000
b110000 &
b110000 .
b110000 5
b110000 9
b111 6
b111 :
b111 A
b10101 =
b10100 <
b10001 3
b10001 >
b10001 J
b0 I
b11000 @
b10111 C
b11100 4
b11100 D
b11100 E
0,
1*
#15470000
b1 2
b1 8
b1 P
b10 L
b11 K
b1010 U
b111010 #
b111010 1
b111010 7
b111010 T
b11100 F
b10 O
b1 R
b1 0
b1 H
b1 S
1,
#15472000
0,
0*
#15474000
b10 2
b10 8
b10 P
b110 L
b10 K
b11 O
b10 R
b11 0
b11 H
b11 S
b11100 /
b11100 G
b11100 M
b1011 U
b111011 #
b111011 1
b111011 7
b111011 T
1,
#15476000
b110001 &
b110001 .
b110001 5
b110001 9
b1000 6
b1000 :
b1000 A
b10111 =
b10101 <
b11001 @
b11000 C
b10100 4
b10100 D
b10100 E
b0 3
b0 >
b0 J
b11 I
0,
1*
#15478000
b11 2
b11 8
b11 P
b111 L
b110 K
b1100 U
b111100 #
b111100 1
b111100 7
b111100 T
b10100 F
b100 O
b11 R
b10 0
b10 H
b10 S
1,
#15480000
0,
0*
#15482000
b100 2
b100 8
b100 P
0Q
b101 L
b111 K
b101 O
b100 R
b110 0
b110 H
b110 S
b10100 /
b10100 G
b10100 M
b1101 U
b111101 #
b111101 1
b111101 7
b111101 T
1,
#15484000
b110010 &
b110010 .
b110010 5
b110010 9
b1001 6
b1001 :
b1001 A
b10110 =
b10111 <
b11 3
b11 >
b11 J
b110 I
b11010 @
b11001 C
b10101 4
b10101 D
b10101 E
0,
1*
#15486000
b101 2
b101 8
b101 P
b100 L
b101 K
b1110 U
b111110 #
b111110 1
b111110 7
b111110 T
b10101 F
b110 O
b101 R
b111 0
b111 H
b111 S
1,
#15488000
0,
0*
#15490000
b110 2
b110 8
b110 P
b1100 L
b100 K
b111 O
b110 R
b101 0
b101 H
b101 S
b10101 /
b10101 G
b10101 M
b1111 U
b111111 #
b111111 1
b111111 7
b111111 T
1,
#15492000
b110011 &
b110011 .
b110011 5
b110011 9
b1010 6
b1010 :
b1010 A
b10010 =
b10110 <
b11011 @
b11010 C
b10111 4
b10111 D
b10111 E
b110 3
b110 >
b110 J
b101 I
0,
1*
#15494000
b111 2
b111 8
b111 P
1Q
b1101 L
b1100 K
b0 U
b1000000 #
b1000000 1
b1000000 7
b1000000 T
b10111 F
b1000 O
b111 R
b100 0
b100 H
b100 S
1,
#15496000
0,
0*
#15498000
b1000 2
b1000 8
b1000 P
b1111 L
b1101 K
1Q
1'
b1001 O
b1000 R
b1100 0
b1100 H
b1100 S
b10111 /
b10111 G
b10111 M
b1 U
b1000001 #
b1000001 1
b1000001 7
b1000001 T
1,
#15500000
b110100 &
b110100 .
b110100 5
b110100 9
b1011 6
b1011 :
b1011 A
b10011 =
b10010 <
b101 3
b101 >
b101 J
b1100 I
b11100 @
b11011 C
b10110 4
b10110 D
b10110 E
0,
1*
#15502000
1N
b1001 2
b1001 8
b1001 P
0Q
b1110 L
b1111 K
b10 U
b1000010 #
b1000010 1
b1000010 7
b1000010 T
b10110 F
b1010 O
b1001 R
b1101 0
b1101 H
b1101 S
1,
#15504000
0,
0*
#15506000
b1010 2
b1010 8
b1010 P
b1110 L
b1111 K
0N
1Q
1"
0'
b1010 O
b1010 R
b1111 0
b1111 H
b1111 S
b10110 /
b10110 G
b10110 M
b11 U
b1000011 #
b1000011 1
b1000011 7
b1000011 T
1,
#15508000
b110101 &
b110101 .
b110101 5
b110101 9
b1100 6
b1100 :
b1100 A
b10001 =
b10011 <
b11101 @
b11100 C
b10010 4
b10010 D
b10010 E
b1100 3
b1100 >
b1100 J
b1111 I
0,
1*
#15510000
0!
b10010 F
0"
1'
1,
#15512000
0,
0*
#15514000
b1010 L
b1110 K
b1011 O
1Q
b10010 /
b10010 G
b10010 M
b100 U
b1000100 #
b1000100 1
b1000100 7
b1000100 T
1!
1,
#15516000
b110110 &
b110110 .
b110110 5
b110110 9
b1101 6
b1101 :
b1101 A
b10000 =
b10001 <
b1111 3
b1111 >
b1111 J
b11110 @
b11101 C
b10011 4
b10011 D
b10011 E
0,
1*
#15518000
1N
b1011 2
b1011 8
b1011 P
0Q
b1011 L
b1010 K
b101 U
b1000101 #
b1000101 1
b1000101 7
b1000101 T
b10011 F
b1100 O
b1011 R
b1110 0
b1110 H
b1110 S
1,
#15520000
0,
0*
#15522000
b1100 2
b1100 8
b1100 P
b1011 L
b1010 K
0N
1Q
1"
0'
b1100 O
b1100 R
b1010 0
b1010 H
b1010 S
b10011 /
b10011 G
b10011 M
b110 U
b1000110 #
b1000110 1
b1000110 7
b1000110 T
1,
#15524000
b110111 &
b110111 .
b110111 5
b110111 9
b1110 6
b1110 :
b1110 A
0B
b0 =
b10000 <
b11111 @
b11110 C
b10001 4
b10001 D
b10001 E
b1010 I
0,
1*
#15526000
0!
b10001 F
0"
1'
1,
#15528000
0,
0*
#15530000
b1001 L
b1011 K
b1101 O
1Q
b10001 /
b10001 G
b10001 M
b111 U
b1000111 #
b1000111 1
b1000111 7
b1000111 T
1!
1,
#15532000
b111000 &
b111000 .
b111000 5
b111000 9
b1111 6
b1111 :
b1111 A
b1 =
b0 <
b1010 3
b1010 >
b1010 J
b0 @
b11111 C
b10000 4
b10000 D
b10000 E
0,
1*
#15534000
1N
b1101 2
b1101 8
b1101 P
0Q
b1000 L
b1001 K
b1000 U
b1001000 #
b1001000 1
b1001000 7
b1001000 T
b10000 F
b1110 O
b1101 R
b1011 0
b1011 H
b1011 S
1,
#15536000
0,
0*
#15538000
b1110 2
b1110 8
b1110 P
b1000 L
b1001 K
0N
1Q
1"
0'
b1110 O
b1110 R
b1001 0
b1001 H
b1001 S
b10000 /
b10000 G
b10000 M
b1001 U
b1001001 #
b1001001 1
b1001001 7
b1001001 T
1,
#15540000
b111001 &
b111001 .
b111001 5
b111001 9
b0 6
b0 :
b0 A
b11 =
b1 <
b1 @
b0 C
b0 4
b0 D
b0 E
b1001 I
0,
1*
#15542000
0!
b0 F
0"
1'
1,
#15544000
0,
0*
#15546000
b11000 L
b1000 K
1Q
b1111 O
b0 /
b0 G
b0 M
b1010 U
b1001010 #
b1001010 1
b1001010 7
b1001010 T
1!
1,
#15548000
b111010 &
b111010 .
b111010 5
b111010 9
b1 6
b1 :
b1 A
b10 =
b11 <
b1001 3
b1001 >
b1001 J
b10 @
b1 C
b1 4
b1 D
b1 E
0,
1*
#15550000
1N
b1111 2
b1111 8
b1111 P
0Q
b11001 L
b11000 K
b1011 U
b1001011 #
b1001011 1
b1001011 7
b1001011 T
b1 F
b10000 O
b1111 R
b1000 0
b1000 H
b1000 S
1,
#15552000
0,
0*
#15554000
b0 2
b0 8
b0 P
b11001 L
b11000 K
0N
1Q
1"
0'
b10000 O
b10000 R
b11000 0
b11000 H
b11000 S
b1 /
b1 G
b1 M
b1100 U
b1001100 #
b1001100 1
b1001100 7
b1001100 T
1,
#15556000
b111011 &
b111011 .
b111011 5
b111011 9
b10 6
b10 :
b10 A
b110 =
b10 <
b11 @
b10 C
b11 4
b11 D
b11 E
b11000 I
0,
1*
#15558000
0!
b11 F
0"
1'
1,
#15560000
0,
0*
#15562000
b11011 L
b11001 K
b10001 O
1Q
b11 /
b11 G
b11 M
b1101 U
b1001101 #
b1001101 1
b1001101 7
b1001101 T
1!
1,
#15564000
b111100 &
b111100 .
b111100 5
b111100 9
b11 6
b11 :
b11 A
b111 =
b110 <
b11000 3
b11000 >
b11000 J
b100 @
b11 C
b10 4
b10 D
b10 E
0,
1*
#15566000
1N
b1 2
b1 8
b1 P
0Q
b11010 L
b11011 K
b1110 U
b1001110 #
b1001110 1
b1001110 7
b1001110 T
b10 F
b10010 O
b10001 R
b11001 0
b11001 H
b11001 S
1,
#15568000
0,
0*
#15570000
b10 2
b10 8
b10 P
b11010 L
b11011 K
0N
1Q
1"
0'
b10010 O
b10010 R
b11011 0
b11011 H
b11011 S
b10 /
b10 G
b10 M
b1111 U
b1001111 #
b1001111 1
b1001111 7
b1001111 T
1,
#15572000
b111101 &
b111101 .
b111101 5
b111101 9
b100 6
b100 :
b100 A
b101 =
b111 <
b101 @
b100 C
b110 4
b110 D
b110 E
b11011 I
0,
1*
#15574000
0!
b110 F
0"
1'
1,
#15576000
0,
0*
#15578000
b11110 L
b11010 K
b10011 O
1Q
b110 /
b110 G
b110 M
b0 U
b1010000 #
b1010000 1
b1010000 7
b1010000 T
1!
1,
#15580000
b111110 &
b111110 .
b111110 5
b111110 9
b101 6
b101 :
b101 A
b100 =
b101 <
b11011 3
b11011 >
b11011 J
b110 @
b101 C
b111 4
b111 D
b111 E
0,
1*
#15582000
1N
b11 2
b11 8
b11 P
0Q
b11111 L
b11110 K
b1 U
b1010001 #
b1010001 1
b1010001 7
b1010001 T
b111 F
b10100 O
b10011 R
b11010 0
b11010 H
b11010 S
1,
#15584000
0,
0*
#15586000
b100 2
b100 8
b100 P
b11111 L
b11110 K
0N
1Q
1"
0'
b10100 O
b10100 R
b11110 0
b11110 H
b11110 S
b111 /
b111 G
b111 M
b10 U
b1010010 #
b1010010 1
b1010010 7
b1010010 T
1,
#15588000
b111111 &
b111111 .
b111111 5
b111111 9
b110 6
b110 :
b110 A
b1100 =
b100 <
b111 @
b110 C
b101 4
b101 D
b101 E
b11110 I
0,
1*
#15590000
0!
b101 F
0"
1'
1,
#15592000
0,
0*
#15594000
b11101 L
b11111 K
b10101 O
1Q
b101 /
b101 G
b101 M
b11 U
b1010011 #
b1010011 1
b1010011 7
b1010011 T
1!
1,
#15596000
b1000000 &
b1000000 .
b1000000 5
b1000000 9
b111 6
b111 :
b111 A
b1101 =
b1100 <
b11110 3
b11110 >
b11110 J
b1000 @
b111 C
b100 4
b100 D
b100 E
0,
1*
#15598000
1N
b101 2
b101 8
b101 P
0Q
b11100 L
b11101 K
b100 U
b1010100 #
b1010100 1
b1010100 7
b1010100 T
b100 F
b10110 O
b10101 R
b11111 0
b11111 H
b11111 S
1,
#15600000
0,
0*
#15602000
b110 2
b110 8
b110 P
b11100 L
b11101 K
0N
1Q
1"
0'
b10110 O
b10110 R
b11101 0
b11101 H
b11101 S
b100 /
b100 G
b100 M
b101 U
b1010101 #
b1010101 1
b1010101 7
b1010101 T
1,
#15604000
b1000001 &
b1000001 .
b1000001 5
b1000001 9
b1000 6
b1000 :
b1000 A
b1111 =
b1101 <
b1001 @
b1000 C
b1100 4
b1100 D
b1100 E
b11101 I
0,
1*
#15606000
0!
b1100 F
0"
1'
1,
#15608000
0,
0*
#15610000
b10100 L
b11100 K
1Q
b10111 O
b1100 /
b1100 G
b1100 M
b110 U
b1010110 #
b1010110 1
b1010110 7
b1010110 T
1!
1,
#15612000
b1000010 &
b1000010 .
b1000010 5
b1000010 9
b1001 6
b1001 :
b1001 A
b1110 =
b1111 <
b11101 3
b11101 >
b11101 J
b1010 @
b1001 C
b1101 4
b1101 D
b1101 E
0,
1*
#15614000
1N
b111 2
b111 8
b111 P
0Q
b10101 L
b10100 K
b111 U
b1010111 #
b1010111 1
b1010111 7
b1010111 T
b1101 F
b11000 O
b10111 R
b11100 0
b11100 H
b11100 S
1,
#15616000
0,
0*
#15618000
b1000 2
b1000 8
b1000 P
b10101 L
b10100 K
0N
1Q
1"
0'
b11000 O
b11000 R
b10100 0
b10100 H
b10100 S
b1101 /
b1101 G
b1101 M
b1000 U
b1011000 #
b1011000 1
b1011000 7
b1011000 T
1,
#15620000
b1000100 &
b1000100 .
b1000100 5
b1000100 9
b1010 6
b1010 :
b1010 A
b1010 =
b1110 <
b1011 @
b1010 C
b1111 4
b1111 D
b1111 E
b10100 I
0,
1*
0)
#15622000
0!
b1111 F
0"
1'
1,
#15624000
0,
0*
#15626000
0Q
b1111 /
b1111 G
b1111 M
1,
#15628000
b1000101 &
b1000101 .
b1000101 5
b1000101 9
b1011 6
b1011 :
b1011 A
b1011 =
b1010 <
b10100 3
b10100 >
b10100 J
b1100 @
b1011 C
b1110 4
b1110 D
b1110 E
0,
1*
#15630000
b1110 F
0'
1,
#15632000
0,
0*
#15634000
b1110 /
b1110 G
b1110 M
1,
#15636000
b1000111 &
b1000111 .
b1000111 5
b1000111 9
b1100 6
b1100 :
b1100 A
b1001 =
b1011 <
b1101 @
b1100 C
b1010 4
b1010 D
b1010 E
0,
1*
#15638000
b1010 F
1,
#15640000
0,
0*
#15642000
b1010 /
b1010 G
b1010 M
1,
#15644000
b1001000 &
b1001000 .
b1001000 5
b1001000 9
b1101 6
b1101 :
b1101 A
b1000 =
b1001 <
b1110 @
b1101 C
b1011 4
b1011 D
b1011 E
0,
1*
#15646000
b1011 F
1,
#15648000
0,
0*
#15650000
b1011 /
b1011 G
b1011 M
1,
#15652000
b1001010 &
b1001010 .
b1001010 5
b1001010 9
b1110 6
b1110 :
b1110 A
b11000 =
b1000 <
b1111 @
b1110 C
b1001 4
b1001 D
b1001 E
0,
1*
#15654000
b1001 F
1,
#15656000
0,
0*
#15658000
b1001 /
b1001 G
b1001 M
1,
#15660000
b1001011 &
b1001011 .
b1001011 5
b1001011 9
b1111 6
b1111 :
b1111 A
b11001 =
b11000 <
b10000 @
b1111 C
b1000 4
b1000 D
b1000 E
0,
1*
#15662000
b1000 F
1,
#15664000
0,
0*
#15666000
b1000 /
b1000 G
b1000 M
1,
#15668000
b1001101 &
b1001101 .
b1001101 5
b1001101 9
b0 6
b0 :
b0 A
b11011 =
b11001 <
b10001 @
b10000 C
b11000 4
b11000 D
b11000 E
0,
1*
#15670000
b11000 F
1,
#15672000
0,
0*
#15674000
b11000 /
b11000 G
b11000 M
1,
#15676000
b1001110 &
b1001110 .
b1001110 5
b1001110 9
b1 6
b1 :
b1 A
b11010 =
b11011 <
b10010 @
b10001 C
b11001 4
b11001 D
b11001 E
0,
1*
#15678000
b11001 F
1,
#15680000
0,
0*
#15682000
b11001 /
b11001 G
b11001 M
1,
#15684000
b1010000 &
b1010000 .
b1010000 5
b1010000 9
b10 6
b10 :
b10 A
b11110 =
b11010 <
b10011 @
b10010 C
b11011 4
b11011 D
b11011 E
0,
1*
#15686000
b11011 F
1,
#15688000
0,
0*
#15690000
b11011 /
b11011 G
b11011 M
1,
#15692000
b1010001 &
b1010001 .
b1010001 5
b1010001 9
b11 6
b11 :
b11 A
b11111 =
b11110 <
b10100 @
b10011 C
b11010 4
b11010 D
b11010 E
0,
1*
#15694000
b11010 F
1,
#15696000
0,
0*
#15698000
b11010 /
b11010 G
b11010 M
1,
#15700000
b1010011 &
b1010011 .
b1010011 5
b1010011 9
b100 6
b100 :
b100 A
b11101 =
b11111 <
b10101 @
b10100 C
b11110 4
b11110 D
b11110 E
0,
1*
#15702000
b11110 F
1,
#15704000
0,
0*
#15706000
b11110 /
b11110 G
b11110 M
1,
#15708000
b1010100 &
b1010100 .
b1010100 5
b1010100 9
b101 6
b101 :
b101 A
b11100 =
b11101 <
b10110 @
b10101 C
b11111 4
b11111 D
b11111 E
0,
1*
#15710000
b11111 F
1,
#15712000
0,
0*
#15714000
b11111 /
b11111 G
b11111 M
1,
#15716000
1B
b1010110 &
b1010110 .
b1010110 5
b1010110 9
b110 6
b110 :
b110 A
b10100 =
b11100 <
b10111 @
b10110 C
b11101 4
b11101 D
b11101 E
0,
1*
#15718000
b11101 F
1,
#15720000
0,
0*
#15722000
b11101 /
b11101 G
b11101 M
1,
#15724000
1?
b1010111 &
b1010111 .
b1010111 5
b1010111 9
b111 6
b111 :
b111 A
0B
b10101 =
b10100 <
b11000 @
b10111 C
b11100 4
b11100 D
b11100 E
1(
0,
1*
#15726000
b11100 F
1,
#15728000
0,
0*
#15730000
b11100 /
b11100 G
b11100 M
1,
#15732000
0B
b1000001 &
b1000001 .
b1000001 5
b1000001 9
b1000 6
b1000 :
b1000 A
b10101 =
1?
b10100 <
1%
0(
b11000 @
b11000 C
b10100 4
b10100 D
b10100 E
0,
1*
#15734000
b10100 F
1,
#15736000
0,
0*
#15738000
b10100 /
b10100 G
b10100 M
1,
#15740000
0$
0,
1*
#15742000
1,
#15744000
0,
0*
#15746000
1,
#15748000
0,
1*
#15750000
1,
#15752000
0,
0*
#15754000
1,
#15756000
0,
1*
#15758000
1,
#15760000
0,
0*
#15762000
1,
#15764000
0,
1*
#15766000
1,
#15768000
0,
0*
#15770000
1,
#15772000
0,
1*
#15774000
1,
#15776000
0,
0*
#15778000
1,
#15780000
0,
1*
#15782000
1,
#15784000
0,
0*
#15786000
1,
#15788000
0,
1*
#15790000
1,
#15792000
0,
0*
#15794000
1,
#15796000
0,
1*
#15798000
1,
#15800000
0,
0*
#15802000
1,
#15804000
0,
1*
#15806000
1,
#15808000
0,
0*
#15810000
1,
#15812000
0,
1*
#15814000
1,
#15816000
0,
0*
#15818000
1,
#15820000
0,
1*
#15822000
1,
#15824000
0,
0*
#15826000
1,
#15828000
0,
1*
#15830000
1,
#15832000
0,
0*
#15834000
1,
#15836000
0,
1*
#15838000
1,
#15840000
0,
0*
#15842000
1,
#15844000
0,
1*
#15846000
1,
#15848000
0,
0*
#15850000
1,
#15852000
0,
1*
#15854000
1,
#15856000
0,
0*
#15858000
1,
#15860000
0,
1*
#15862000
1,
#15864000
0,
0*
#15866000
1,
#15868000
0,
1*
#15870000
1,
#15872000
0,
0*
#15874000
1,
#15876000
0,
1*
#15878000
1,
#15880000
0,
0*
#15882000
1,
#15884000
0,
1*
#15886000
1,
#15888000
0,
0*
#15890000
1,
#15892000
0,
1*
#15894000
1,
#15896000
0,
0*
#15898000
1,
#15900000
0,
1*
#15902000
1,
#15904000
0,
0*
#15906000
1,
#15908000
0,
1*
#15910000
1,
#15912000
0,
0*
#15914000
1,
#15916000
0,
1*
#15918000
1,
#15920000
0,
0*
#15922000
1,
#15924000
0,
1*
#15926000
1,
#15928000
0,
0*
#15930000
1,
#15932000
0,
1*
#15934000
1,
#15936000
0,
0*
#15938000
1,
#15940000
0,
1*
#15942000
1,
#15944000
0,
0*
#15946000
1,
#15948000
0,
1*
#15950000
1,
#15952000
0,
0*
#15954000
1,
#15956000
0,
1*
#15958000
1,
#15960000
0,
0*
#15962000
1,
#15964000
0,
1*
#15966000
1,
#15968000
0,
0*
#15970000
1,
#15972000
0,
1*
#15974000
1,
#15976000
0,
0*
#15978000
1,
#15980000
0,
1*
#15982000
1,
#15984000
0,
0*
#15986000
1,
#15988000
0,
1*
#15990000
1,
#15992000
0,
0*
#15994000
1,
#15996000
0,
1*
#15998000
1,
#16000000
0,
0*
#16002000
1,
#16004000
0,
1*
#16006000
1,
#16008000
0,
0*
#16010000
1,
#16012000
0,
1*
#16014000
1,
#16016000
0,
0*
#16018000
1,
#16020000
0,
1*
#16022000
1,
#16024000
0,
0*
#16026000
1,
#16028000
0,
1*
#16030000
1,
#16032000
0,
0*
#16034000
1,
#16036000
0,
1*
#16038000
1,
#16040000
0,
0*
#16042000
1,
#16044000
0,
1*
#16046000
1,
#16048000
0,
0*
#16050000
1,
#16052000
0,
1*
#16054000
1,
#16056000
0,
0*
#16058000
1,
#16060000
0,
1*
#16062000
1,
#16064000
0,
0*
#16066000
1,
#16068000
0,
1*
#16070000
1,
#16072000
0,
0*
#16074000
1,
#16076000
0,
1*
#16078000
1,
#16080000
0,
0*
#16082000
1,
#16084000
0,
1*
#16086000
1,
#16088000
0,
0*
#16090000
1,
#16092000
0,
1*
#16094000
1,
#16096000
0,
0*
#16098000
1,
#16100000
0,
1*
#16102000
1,
#16104000
0,
0*
#16106000
1,
#16108000
0,
1*
#16110000
1,
#16112000
0,
0*
#16114000
1,
#16116000
0,
1*
#16118000
1,
#16120000
0,
0*
#16122000
1,
#16124000
0,
1*
#16126000
1,
#16128000
0,
0*
#16130000
1,
#16132000
0,
1*
#16134000
1,
#16136000
0,
0*
#16138000
1,
#16140000
0,
1*
#16142000
1,
#16144000
0,
0*
#16146000
1,
#16148000
0,
1*
#16150000
1,
#16152000
0,
0*
#16154000
1,
#16156000
0,
1*
#16158000
1,
#16160000
0,
0*
#16162000
1,
#16164000
0,
1*
#16166000
1,
#16168000
0,
0*
#16170000
1,
#16172000
0,
1*
#16174000
1,
#16176000
0,
0*
#16178000
1,
#16180000
0,
1*
#16182000
1,
#16184000
0,
0*
#16186000
1,
#16188000
0,
1*
#16190000
1,
#16192000
0,
0*
#16194000
1,
#16196000
0,
1*
#16198000
1,
#16200000
0,
0*
#16202000
1,
#16204000
0,
1*
#16206000
1,
#16208000
0,
0*
#16210000
1,
#16212000
0,
1*
#16214000
1,
#16216000
0,
0*
#16218000
1,
#16220000
0,
1*
#16222000
1,
#16224000
0,
0*
#16226000
1,
#16228000
0,
1*
#16230000
1,
#16232000
0,
0*
#16234000
1,
#16236000
0,
1*
#16238000
1,
#16240000
0,
0*
#16242000
1,
#16244000
0,
1*
#16246000
1,
#16248000
0,
0*
#16250000
1,
#16252000
0,
1*
#16254000
1,
#16256000
0,
0*
#16258000
1,
#16260000
0,
1*
#16262000
1,
#16264000
0,
0*
#16266000
1,
#16268000
0,
1*
#16270000
1,
#16272000
0,
0*
#16274000
1,
#16276000
0,
1*
#16278000
1,
#16280000
0,
0*
#16282000
1,
#16284000
0,
1*
#16286000
1,
#16288000
0,
0*
#16290000
1,
#16292000
0,
1*
#16294000
1,
#16296000
0,
0*
#16298000
1,
#16300000
0,
1*
#16302000
1,
#16304000
0,
0*
#16306000
1,
#16308000
0,
1*
#16310000
1,
#16312000
0,
0*
#16314000
1,
#16316000
0,
1*
#16318000
1,
#16320000
0,
0*
#16322000
1,
#16324000
0,
1*
#16326000
1,
#16328000
0,
0*
#16330000
1,
#16332000
0,
1*
#16334000
1,
#16336000
0,
0*
#16338000
1,
#16340000
0,
1*
#16342000
1,
#16344000
0,
0*
#16346000
1,
#16348000
0,
1*
#16350000
1,
#16352000
0,
0*
#16354000
1,
#16356000
0,
1*
#16358000
1,
#16360000
0,
0*
#16362000
1,
#16364000
0,
1*
#16366000
1,
#16368000
0,
0*
#16370000
1,
#16372000
0,
1*
#16374000
1,
#16376000
0,
0*
#16378000
1,
#16380000
0,
1*
#16382000
1,
#16384000
0,
0*
#16386000
1,
#16388000
0,
1*
#16390000
1,
#16392000
0,
0*
#16394000
1,
#16396000
0,
1*
#16398000
1,
#16400000
0,
0*
#16402000
1,
#16404000
0,
1*
#16406000
1,
#16408000
0,
0*
#16410000
1,
#16412000
0,
1*
#16414000
1,
#16416000
0,
0*
#16418000
1,
#16420000
0,
1*
#16422000
1,
#16424000
0,
0*
#16426000
1,
#16428000
0,
1*
#16430000
1,
#16432000
0,
0*
#16434000
1,
#16436000
0,
1*
#16438000
1,
#16440000
0,
0*
#16442000
1,
#16444000
0,
1*
#16446000
1,
#16448000
0,
0*
#16450000
1,
#16452000
0,
1*
#16454000
1,
#16456000
0,
0*
#16458000
1,
#16460000
0,
1*
#16462000
1,
#16464000
0,
0*
#16466000
1,
#16468000
0,
1*
#16470000
1,
#16472000
0,
0*
#16474000
1,
#16476000
0,
1*
#16478000
1,
#16480000
0,
0*
#16482000
1,
#16484000
0,
1*
#16486000
1,
#16488000
0,
0*
#16490000
1,
#16492000
0,
1*
#16494000
1,
#16496000
0,
0*
#16498000
1,
#16500000
0,
1*
#16502000
1,
#16504000
0,
0*
#16506000
1,
#16508000
0,
1*
#16510000
1,
#16512000
0,
0*
#16514000
1,
#16516000
0,
1*
#16518000
1,
#16520000
0,
0*
#16522000
1,
#16524000
0,
1*
#16526000
1,
#16528000
0,
0*
#16530000
1,
#16532000
0,
1*
#16534000
1,
#16536000
0,
0*
#16538000
1,
#16540000
0,
1*
#16542000
1,
#16544000
0,
0*
#16546000
1,
#16548000
0,
1*
#16550000
1,
#16552000
0,
0*
#16554000
1,
#16556000
0,
1*
#16558000
1,
#16560000
0,
0*
#16562000
1,
#16564000
0,
1*
#16566000
1,
#16568000
0,
0*
#16570000
1,
#16572000
0,
1*
#16574000
1,
#16576000
0,
0*
#16578000
1,
#16580000
0,
1*
#16582000
1,
#16584000
0,
0*
#16586000
1,
#16588000
0,
1*
#16590000
1,
#16592000
0,
0*
#16594000
1,
#16596000
0,
1*
#16598000
1,
#16600000
0,
0*
#16602000
1,
#16604000
0,
1*
#16606000
1,
#16608000
0,
0*
#16610000
1,
#16612000
0,
1*
#16614000
1,
#16616000
0,
0*
#16618000
1,
#16620000
0,
1*
#16622000
1,
#16624000
0,
0*
#16626000
1,
#16628000
0,
1*
#16630000
1,
#16632000
0,
0*
#16634000
1,
#16636000
0,
1*
#16638000
1,
#16640000
0,
0*
#16642000
1,
#16644000
0,
1*
#16646000
1,
#16648000
0,
0*
#16650000
1,
#16652000
0,
1*
#16654000
1,
#16656000
0,
0*
#16658000
1,
#16660000
0,
1*
#16662000
1,
#16664000
0,
0*
#16666000
1,
#16668000
0,
1*
#16670000
1,
#16672000
0,
0*
#16674000
1,
#16676000
0,
1*
#16678000
1,
#16680000
0,
0*
#16682000
1,
#16684000
0,
1*
#16686000
1,
#16688000
0,
0*
#16690000
1,
#16692000
0,
1*
#16694000
1,
#16696000
0,
0*
#16698000
1,
#16700000
0,
1*
#16702000
1,
#16704000
0,
0*
#16706000
1,
#16708000
0,
1*
#16710000
1,
#16712000
0,
0*
#16714000
1,
#16716000
0,
1*
#16718000
1,
#16720000
0,
0*
#16722000
1,
#16724000
0,
1*
#16726000
1,
#16728000
0,
0*
#16730000
1,
#16732000
0,
1*
#16734000
1,
#16736000
0,
0*
#16738000
1,
#16740000
0,
1*
#16742000
1,
#16744000
0,
0*
#16746000
1,
#16748000
0,
1*
#16750000
1,
#16752000
0,
0*
#16754000
1,
#16756000
0,
1*
#16758000
1,
#16760000
0,
0*
#16762000
1,
#16764000
0,
1*
#16766000
1,
#16768000
0,
0*
#16770000
1,
#16772000
0,
1*
#16774000
1,
#16776000
0,
0*
#16778000
1,
#16780000
0,
1*
#16782000
1,
#16784000
0,
0*
#16786000
1,
#16788000
0,
1*
#16790000
1,
#16792000
0,
0*
#16794000
1,
#16796000
0,
1*
#16798000
1,
#16800000
0,
0*
#16802000
1,
#16804000
0,
1*
#16806000
1,
#16808000
0,
0*
#16810000
1,
#16812000
0,
1*
#16814000
1,
#16816000
0,
0*
#16818000
1,
#16820000
0,
1*
#16822000
1,
#16824000
0,
0*
#16826000
1,
#16828000
0,
1*
#16830000
1,
#16832000
0,
0*
#16834000
1,
#16836000
0,
1*
#16838000
1,
#16840000
0,
0*
#16842000
1,
#16844000
0,
1*
#16846000
1,
#16848000
0,
0*
#16850000
1,
#16852000
0,
1*
#16854000
1,
#16856000
0,
0*
#16858000
1,
#16860000
0,
1*
#16862000
1,
#16864000
0,
0*
#16866000
1,
#16868000
0,
1*
#16870000
1,
#16872000
0,
0*
#16874000
1,
#16876000
0,
1*
#16878000
1,
#16880000
0,
0*
#16882000
1,
#16884000
0,
1*
#16886000
1,
#16888000
0,
0*
#16890000
1,
#16892000
0,
1*
#16894000
1,
#16896000
0,
0*
#16898000
1,
#16900000
0,
1*
#16902000
1,
#16904000
0,
0*
#16906000
1,
#16908000
0,
1*
#16910000
1,
#16912000
0,
0*
#16914000
1,
#16916000
0,
1*
#16918000
1,
#16920000
0,
0*
#16922000
1,
#16924000
0,
1*
#16926000
1,
#16928000
0,
0*
#16930000
1,
#16932000
0,
1*
#16934000
1,
#16936000
0,
0*
#16938000
1,
#16940000
0,
1*
#16942000
1,
#16944000
0,
0*
#16946000
1,
#16948000
0,
1*
#16950000
1,
#16952000
0,
0*
#16954000
1,
#16956000
0,
1*
#16958000
1,
#16960000
0,
0*
#16962000
1,
#16964000
0,
1*
#16966000
1,
#16968000
0,
0*
#16970000
1,
#16972000
0,
1*
#16974000
1,
#16976000
0,
0*
#16978000
1,
#16980000
0,
1*
#16982000
1,
#16984000
0,
0*
#16986000
1,
#16988000
0,
1*
#16990000
1,
#16992000
0,
0*
#16994000
1,
#16996000
0,
1*
#16998000
1,
#17000000
0,
0*
#17002000
1,
#17004000
0,
1*
#17006000
1,
#17008000
0,
0*
#17010000
1,
#17012000
0,
1*
#17014000
1,
#17016000
0,
0*
#17018000
1,
#17020000
0,
1*
#17022000
1,
#17024000
0,
0*
#17026000
1,
#17028000
0,
1*
#17030000
1,
#17032000
0,
0*
#17034000
1,
#17036000
0,
1*
#17038000
1,
#17040000
0,
0*
#17042000
1,
#17044000
0,
1*
#17046000
1,
#17048000
0,
0*
#17050000
1,
#17052000
0,
1*
#17054000
1,
#17056000
0,
0*
#17058000
1,
#17060000
0,
1*
#17062000
1,
#17064000
0,
0*
#17066000
1,
#17068000
0,
1*
#17070000
1,
#17072000
0,
0*
#17074000
1,
#17076000
0,
1*
#17078000
1,
#17080000
0,
0*
#17082000
1,
#17084000
0,
1*
#17086000
1,
#17088000
0,
0*
#17090000
1,
#17092000
0,
1*
#17094000
1,
#17096000
0,
0*
#17098000
1,
#17100000
0,
1*
#17102000
1,
#17104000
0,
0*
#17106000
1,
#17108000
0,
1*
#17110000
1,
#17112000
0,
0*
#17114000
1,
#17116000
0,
1*
#17118000
1,
#17120000
0,
0*
#17122000
1,
#17124000
0,
1*
#17126000
1,
#17128000
0,
0*
#17130000
1,
#17132000
0,
1*
#17134000
1,
#17136000
0,
0*
#17138000
1,
#17140000
0,
1*
#17142000
1,
#17144000
0,
0*
#17146000
1,
#17148000
0,
1*
#17150000
1,
#17152000
0,
0*
#17154000
1,
#17156000
0,
1*
#17158000
1,
#17160000
0,
0*
#17162000
1,
#17164000
0,
1*
#17166000
1,
#17168000
0,
0*
#17170000
1,
#17172000
0,
1*
#17174000
1,
#17176000
0,
0*
#17178000
1,
#17180000
0,
1*
#17182000
1,
#17184000
0,
0*
#17186000
1,
#17188000
0,
1*
#17190000
1,
#17192000
0,
0*
#17194000
1,
#17196000
0,
1*
#17198000
1,
#17200000
0,
0*
#17202000
1,
#17204000
0,
1*
#17206000
1,
#17208000
0,
0*
#17210000
1,
#17212000
0,
1*
#17214000
1,
#17216000
0,
0*
#17218000
1,
#17220000
0,
1*
#17222000
1,
#17224000
0,
0*
#17226000
1,
#17228000
0,
1*
#17230000
1,
#17232000
0,
0*
#17234000
1,
#17236000
0,
1*
#17238000
1,
#17240000
0,
0*
#17242000
1,
#17244000
0,
1*
#17246000
1,
#17248000
0,
0*
#17250000
1,
#17252000
0,
1*
#17254000
1,
#17256000
0,
0*
#17258000
1,
#17260000
0,
1*
#17262000
1,
#17264000
0,
0*
#17266000
1,
#17268000
0,
1*
#17270000
1,
#17272000
0,
0*
#17274000
1,
#17276000
0,
1*
#17278000
1,
#17280000
0,
0*
#17282000
1,
#17284000
0,
1*
#17286000
1,
#17288000
0,
0*
#17290000
1,
#17292000
0,
1*
#17294000
1,
#17296000
0,
0*
#17298000
1,
#17300000
0,
1*
#17302000
1,
#17304000
0,
0*
#17306000
1,
#17308000
0,
1*
#17310000
1,
#17312000
0,
0*
#17314000
1,
#17316000
0,
1*
#17318000
1,
#17320000
0,
0*
#17322000
1,
#17324000
0,
1*
#17326000
1,
#17328000
0,
0*
#17330000
1,
#17332000
0,
1*
#17334000
1,
#17336000
0,
0*
#17338000
1,
#17340000
0,
1*
#17342000
1,
#17344000
0,
0*
#17346000
1,
#17348000
0,
1*
#17350000
1,
#17352000
0,
0*
#17354000
1,
#17356000
0,
1*
#17358000
1,
#17360000
0,
0*
#17362000
1,
#17364000
0,
1*
#17366000
1,
#17368000
0,
0*
#17370000
1,
#17372000
0,
1*
#17374000
1,
#17376000
0,
0*
#17378000
1,
#17380000
0,
1*
#17382000
1,
#17384000
0,
0*
#17386000
1,
#17388000
0,
1*
#17390000
1,
#17392000
0,
0*
#17394000
1,
#17396000
0,
1*
#17398000
1,
#17400000
0,
0*
#17402000
1,
#17404000
0,
1*
#17406000
1,
#17408000
0,
0*
#17410000
1,
#17412000
0,
1*
#17414000
1,
#17416000
0,
0*
#17418000
1,
#17420000
0,
1*
#17422000
1,
#17424000
0,
0*
#17426000
1,
#17428000
0,
1*
#17430000
1,
#17432000
0,
0*
#17434000
1,
#17436000
0,
1*
#17438000
1,
#17440000
0,
0*
#17442000
1,
#17444000
0,
1*
#17446000
1,
#17448000
0,
0*
#17450000
1,
#17452000
0,
1*
#17454000
1,
#17456000
0,
0*
#17458000
1,
#17460000
0,
1*
#17462000
1,
#17464000
0,
0*
#17466000
1,
#17468000
0,
1*
#17470000
1,
#17472000
0,
0*
#17474000
1,
#17476000
0,
1*
#17478000
1,
#17480000
0,
0*
#17482000
1,
#17484000
0,
1*
#17486000
1,
#17488000
0,
0*
#17490000
1,
#17492000
0,
1*
#17494000
1,
#17496000
0,
0*
#17498000
1,
#17500000
0,
1*
#17502000
1,
#17504000
0,
0*
#17506000
1,
#17508000
0,
1*
#17510000
1,
#17512000
0,
0*
#17514000
1,
#17516000
0,
1*
#17518000
1,
#17520000
0,
0*
#17522000
1,
#17524000
0,
1*
#17526000
1,
#17528000
0,
0*
#17530000
1,
#17532000
0,
1*
#17534000
1,
#17536000
0,
0*
#17538000
1,
#17540000
0,
1*
#17542000
1,
#17544000
0,
0*
#17546000
1,
#17548000
0,
1*
#17550000
1,
#17552000
0,
0*
#17554000
1,
#17556000
0,
1*
#17558000
1,
#17560000
0,
0*
#17562000
1,
#17564000
0,
1*
#17566000
1,
#17568000
0,
0*
#17570000
1,
#17572000
0,
1*
#17574000
1,
#17576000
0,
0*
#17578000
1,
#17580000
0,
1*
#17582000
1,
#17584000
0,
0*
#17586000
1,
#17588000
0,
1*
#17590000
1,
#17592000
0,
0*
#17594000
1,
#17596000
0,
1*
#17598000
1,
#17600000
0,
0*
#17602000
1,
#17604000
0,
1*
#17606000
1,
#17608000
0,
0*
#17610000
1,
#17612000
0,
1*
#17614000
1,
#17616000
0,
0*
#17618000
1,
#17620000
0,
1*
1)
#17622000
b10111 L
b10101 K
b11001 O
b1001 U
b1011001 #
b1011001 1
b1011001 7
b1011001 T
1!
1,
#17624000
0,
0*
#17626000
b1001 2
b1001 8
b1001 P
b10110 L
b10111 K
b1011001 &
b1011001 .
b1011001 5
b1011001 9
b11010 O
b11001 R
b10101 0
b10101 H
b10101 S
b1010 U
b1011010 #
b1011010 1
b1011010 7
b1011010 T
1,
#17628000
b10101 I
0,
1*
#17630000
b1010 2
b1010 8
b1010 P
b10010 L
b10110 K
b1011 U
b1011011 #
b1011011 1
b1011011 7
b1011011 T
b11011 O
b11010 R
b10111 0
b10111 H
b10111 S
1,
#17632000
0,
0*
#17634000
b1011 2
b1011 8
b1011 P
b10011 L
b10010 K
b11100 O
b11011 R
b10110 0
b10110 H
b10110 S
b1100 U
b1011100 #
b1011100 1
b1011100 7
b1011100 T
1,
#17636000
1B
0?
b10101 3
b10101 >
b10101 J
b10110 I
0,
1*
#17638000
b1100 2
b1100 8
b1100 P
b10001 L
b10011 K
b1101 U
b1011101 #
b1011101 1
b1011101 7
b1011101 T
b11101 O
b11100 R
b10010 0
b10010 H
b10010 S
1,
#17640000
0,
0*
#17642000
b1101 2
b1101 8
b1101 P
b10000 L
b10001 K
b11110 O
b11101 R
b10011 0
b10011 H
b10011 S
b1110 U
b1011110 #
b1011110 1
b1011110 7
b1011110 T
1,
#17644000
0B
b10110 3
b10110 >
b10110 J
b10011 I
0%
1(
0,
1*
#17646000
b1110 2
b1110 8
b1110 P
b0 L
b10000 K
b1111 U
b1011111 #
b1011111 1
b1011111 7
b1011111 T
b11111 O
b11110 R
b10001 0
b10001 H
b10001 S
1,
#17648000
0,
0*
#17650000
b1111 2
b1111 8
b1111 P
b1 L
b0 K
b0 O
b11111 R
b10000 0
b10000 H
b10000 S
b0 U
b1100000 #
b1100000 1
b1100000 7
b1100000 T
1,
#17652000
b10111 =
b10101 <
b11001 @
1$
0(
b10011 3
b10011 >
b10011 J
b10000 I
0,
1*
#17654000
b0 2
b0 8
b0 P
b11 L
b1 K
b1 U
b1100001 #
b1100001 1
b1100001 7
b1100001 T
b1 O
b0 R
b0 0
b0 H
b0 S
1,
#17656000
0,
0*
#17658000
b1 2
b1 8
b1 P
b10 L
b11 K
b10 O
b1 R
b1 0
b1 H
b1 S
b10 U
b1100010 #
b1100010 1
b1100010 7
b1100010 T
1,
#17660000
b1011010 &
b1011010 .
b1011010 5
b1011010 9
b1001 6
b1001 :
b1001 A
b10110 =
b10111 <
b10000 3
b10000 >
b10000 J
b1 I
b11010 @
b11001 C
b10101 4
b10101 D
b10101 E
0,
1*
#17662000
b10 2
b10 8
b10 P
b110 L
b10 K
b11 U
b1100011 #
b1100011 1
b1100011 7
b1100011 T
b10101 F
b11 O
b10 R
b11 0
b11 H
b11 S
1,
#17664000
0,
0*
#17666000
b11 2
b11 8
b11 P
b111 L
b110 K
b100 O
b11 R
b10 0
b10 H
b10 S
b10101 /
b10101 G
b10101 M
b100 U
b1100100 #
b1100100 1
b1100100 7
b1100100 T
1,
#17668000
b1011011 &
b1011011 .
b1011011 5
b1011011 9
b1010 6
b1010 :
b1010 A
b10010 =
b10110 <
b11011 @
b11010 C
b10111 4
b10111 D
b10111 E
b1 3
b1 >
b1 J
b10 I
0,
1*
#17670000
b100 2
b100 8
b100 P
b101 L
b111 K
b101 U
b1100101 #
b1100101 1
b1100101 7
b1100101 T
b10111 F
b101 O
b100 R
b110 0
b110 H
b110 S
1,
#17672000
0,
0*
#17674000
b101 2
b101 8
b101 P
b100 L
b101 K
b110 O
b101 R
b111 0
b111 H
b111 S
b10111 /
b10111 G
b10111 M
b110 U
b1100110 #
b1100110 1
b1100110 7
b1100110 T
1,
#17676000
b1011100 &
b1011100 .
b1011100 5
b1011100 9
b1011 6
b1011 :
b1011 A
b10011 =
b10010 <
b10 3
b10 >
b10 J
b111 I
b11100 @
b11011 C
b10110 4
b10110 D
b10110 E
0,
1*
#17678000
b110 2
b110 8
b110 P
b1100 L
b100 K
b111 U
b1100111 #
b1100111 1
b1100111 7
b1100111 T
b10110 F
b111 O
b110 R
b101 0
b101 H
b101 S
1,
#17680000
0,
0*
#17682000
b111 2
b111 8
b111 P
b1101 L
b1100 K
b1000 O
b111 R
b100 0
b100 H
b100 S
b10110 /
b10110 G
b10110 M
b1000 U
b1101000 #
b1101000 1
b1101000 7
b1101000 T
1,
#17684000
b1011101 &
b1011101 .
b1011101 5
b1011101 9
b1100 6
b1100 :
b1100 A
b10001 =
b10011 <
b11101 @
b11100 C
b10010 4
b10010 D
b10010 E
b111 3
b111 >
b111 J
b100 I
0,
1*
#17686000
b1000 2
b1000 8
b1000 P
0Q
b1111 L
b1101 K
b1001 U
b1101001 #
b1101001 1
b1101001 7
b1101001 T
b10010 F
b1001 O
b1000 R
b1100 0
b1100 H
b1100 S
1,
#17688000
0,
0*
#17690000
b1001 2
b1001 8
b1001 P
b1110 L
b1111 K
b1010 O
b1001 R
b1101 0
b1101 H
b1101 S
b10010 /
b10010 G
b10010 M
b1010 U
b1101010 #
b1101010 1
b1101010 7
b1101010 T
1,
#17692000
b1011110 &
b1011110 .
b1011110 5
b1011110 9
b1101 6
b1101 :
b1101 A
b10000 =
b10001 <
b100 3
b100 >
b100 J
b1101 I
b11110 @
b11101 C
b10011 4
b10011 D
b10011 E
0,
1*
#17694000
1Q
b1010 2
b1010 8
b1010 P
b1010 L
b1110 K
b1011 U
b1101011 #
b1101011 1
b1101011 7
b1101011 T
b10011 F
b1011 O
b1010 R
b1111 0
b1111 H
b1111 S
1,
#17696000
0,
0*
#17698000
b1011 2
b1011 8
b1011 P
b1011 L
b1010 K
1Q
1'
b1100 O
b1011 R
b1110 0
b1110 H
b1110 S
b10011 /
b10011 G
b10011 M
b1100 U
b1101100 #
b1101100 1
b1101100 7
b1101100 T
1,
#17700000
b1011111 &
b1011111 .
b1011111 5
b1011111 9
b1110 6
b1110 :
b1110 A
b0 =
b10000 <
b11111 @
b11110 C
b10001 4
b10001 D
b10001 E
b1101 3
b1101 >
b1101 J
b1110 I
0,
1*
#17702000
b1100 2
b1100 8
b1100 P
0Q
b1001 L
1N
b1011 K
b1101 U
b1101101 #
b1101101 1
b1101101 7
b1101101 T
b10001 F
b1101 O
b1100 R
b1010 0
b1010 H
b1010 S
1,
#17704000
0,
0*
#17706000
b1101 2
b1101 8
b1101 P
b1001 L
b1011 K
0N
1Q
1"
0'
b1101 O
b1101 R
b1011 0
b1011 H
b1011 S
b10001 /
b10001 G
b10001 M
b1110 U
b1101110 #
b1101110 1
b1101110 7
b1101110 T
1,
#17708000
b1100000 &
b1100000 .
b1100000 5
b1100000 9
b1111 6
b1111 :
b1111 A
b1 =
b0 <
b1110 3
b1110 >
b1110 J
b1011 I
b0 @
b11111 C
b10000 4
b10000 D
b10000 E
0,
1*
#17710000
0!
b10000 F
0"
1'
1,
#17712000
0,
0*
#17714000
b1000 L
0N
b1001 K
b1110 O
1Q
b10000 /
b10000 G
b10000 M
b1111 U
b1101111 #
b1101111 1
b1101111 7
b1101111 T
1!
1,
#17716000
b1100001 &
b1100001 .
b1100001 5
b1100001 9
b0 6
b0 :
b0 A
b11 =
b1 <
b1 @
b0 C
b0 4
b0 D
b0 E
b1011 3
b1011 >
b1011 J
0,
1*
#17718000
b1110 2
b1110 8
b1110 P
0Q
b11000 L
1N
b1000 K
b0 U
b1110000 #
b1110000 1
b1110000 7
b1110000 T
b0 F
b1111 O
b1110 R
b1001 0
b1001 H
b1001 S
1,
#17720000
0,
0*
#17722000
1Q
b1111 2
b1111 8
b1111 P
b11000 L
0N
b1000 K
1"
0'
b1111 O
b1111 R
b1000 0
b1000 H
b1000 S
b0 /
b0 G
b0 M
b1 U
b1110001 #
b1110001 1
b1110001 7
b1110001 T
1,
#17724000
b1100010 &
b1100010 .
b1100010 5
b1100010 9
b1 6
b1 :
b1 A
b10 =
b11 <
b1000 I
b10 @
b1 C
b1 4
b1 D
b1 E
0,
1*
#17726000
0!
b1 F
0"
1'
1,
#17728000
0,
0*
#17730000
b11001 L
b11000 K
b10000 O
1Q
b1 /
b1 G
b1 M
b10 U
b1110010 #
b1110010 1
b1110010 7
b1110010 T
1!
1,
#17732000
b1100011 &
b1100011 .
b1100011 5
b1100011 9
b10 6
b10 :
b10 A
b110 =
b10 <
b11 @
b10 C
b11 4
b11 D
b11 E
b1000 3
b1000 >
b1000 J
0,
1*
#17734000
b0 2
b0 8
b0 P
0Q
b11011 L
1N
b11001 K
b11 U
b1110011 #
b1110011 1
b1110011 7
b1110011 T
b11 F
b10001 O
b10000 R
b11000 0
b11000 H
b11000 S
1,
#17736000
0,
0*
#17738000
b1 2
b1 8
b1 P
b11011 L
b11001 K
0N
1Q
1"
0'
b10001 O
b10001 R
b11001 0
b11001 H
b11001 S
b11 /
b11 G
b11 M
b100 U
b1110100 #
b1110100 1
b1110100 7
b1110100 T
1,
#17740000
b1100100 &
b1100100 .
b1100100 5
b1100100 9
b11 6
b11 :
b11 A
b111 =
b110 <
b11001 I
b100 @
b11 C
b10 4
b10 D
b10 E
0,
1*
#17742000
0!
b10 F
0"
1'
1,
#17744000
0,
0*
#17746000
b11010 L
0N
b11011 K
b10010 O
1Q
b10 /
b10 G
b10 M
b101 U
b1110101 #
b1110101 1
b1110101 7
b1110101 T
1!
1,
#17748000
b1100101 &
b1100101 .
b1100101 5
b1100101 9
b100 6
b100 :
b100 A
b101 =
b111 <
b101 @
b100 C
b110 4
b110 D
b110 E
b11001 3
b11001 >
b11001 J
0,
1*
#17750000
b10 2
b10 8
b10 P
0Q
b11110 L
1N
b11010 K
b110 U
b1110110 #
b1110110 1
b1110110 7
b1110110 T
b110 F
b10011 O
b10010 R
b11011 0
b11011 H
b11011 S
1,
#17752000
0,
0*
#17754000
b11 2
b11 8
b11 P
b11110 L
b11010 K
0N
1Q
1"
0'
b10011 O
b10011 R
b11010 0
b11010 H
b11010 S
b110 /
b110 G
b110 M
b111 U
b1110111 #
b1110111 1
b1110111 7
b1110111 T
1,
#17756000
b1100110 &
b1100110 .
b1100110 5
b1100110 9
b101 6
b101 :
b101 A
b100 =
b101 <
b11010 I
b110 @
b101 C
b111 4
b111 D
b111 E
0,
1*
#17758000
0!
b111 F
0"
1'
1,
#17760000
0,
0*
#17762000
b11111 L
b11110 K
b10100 O
1Q
b111 /
b111 G
b111 M
b1000 U
b1111000 #
b1111000 1
b1111000 7
b1111000 T
1!
1,
#17764000
b1100111 &
b1100111 .
b1100111 5
b1100111 9
b110 6
b110 :
b110 A
b1100 =
b100 <
b111 @
b110 C
b101 4
b101 D
b101 E
b11010 3
b11010 >
b11010 J
0,
1*
#17766000
b100 2
b100 8
b100 P
0Q
b11101 L
1N
b11111 K
b1001 U
b1111001 #
b1111001 1
b1111001 7
b1111001 T
b101 F
b10101 O
b10100 R
b11110 0
b11110 H
b11110 S
1,
#17768000
0,
0*
#17770000
b101 2
b101 8
b101 P
b11101 L
b11111 K
0N
1Q
1"
0'
b10101 O
b10101 R
b11111 0
b11111 H
b11111 S
b101 /
b101 G
b101 M
b1010 U
b1111010 #
b1111010 1
b1111010 7
b1111010 T
1,
#17772000
b1101000 &
b1101000 .
b1101000 5
b1101000 9
b111 6
b111 :
b111 A
b1101 =
b1100 <
b11111 I
b1000 @
b111 C
b100 4
b100 D
b100 E
0,
1*
#17774000
0!
b100 F
0"
1'
1,
#17776000
0,
0*
#17778000
b11100 L
0N
b11101 K
b10110 O
1Q
b100 /
b100 G
b100 M
b1011 U
b1111011 #
b1111011 1
b1111011 7
b1111011 T
1!
1,
#17780000
b1101001 &
b1101001 .
b1101001 5
b1101001 9
b1000 6
b1000 :
b1000 A
b1111 =
b1101 <
b1001 @
b1000 C
b1100 4
b1100 D
b1100 E
b11111 3
b11111 >
b11111 J
0,
1*
#17782000
b110 2
b110 8
b110 P
0Q
b10100 L
1N
b11100 K
b1100 U
b1111100 #
b1111100 1
b1111100 7
b1111100 T
b1100 F
b10111 O
b10110 R
b11101 0
b11101 H
b11101 S
1,
#17784000
0,
0*
#17786000
1Q
b111 2
b111 8
b111 P
b10100 L
0N
b11100 K
1"
0'
b10111 O
b10111 R
b11100 0
b11100 H
b11100 S
b1100 /
b1100 G
b1100 M
b1101 U
b1111101 #
b1111101 1
b1111101 7
b1111101 T
1,
#17788000
b1101010 &
b1101010 .
b1101010 5
b1101010 9
b1001 6
b1001 :
b1001 A
b1110 =
b1111 <
b11100 I
b1010 @
b1001 C
b1101 4
b1101 D
b1101 E
0,
1*
#17790000
0!
b1101 F
0"
1'
1,
#17792000
0,
0*
#17794000
b10101 L
b10100 K
b11000 O
1Q
b1101 /
b1101 G
b1101 M
b1110 U
b1111110 #
b1111110 1
b1111110 7
b1111110 T
1!
1,
#17796000
b1101011 &
b1101011 .
b1101011 5
b1101011 9
b1010 6
b1010 :
b1010 A
b1010 =
b1110 <
b1011 @
b1010 C
b1111 4
b1111 D
b1111 E
b11100 3
b11100 >
b11100 J
0,
1*
#17798000
b1000 2
b1000 8
b1000 P
0Q
b10111 L
1N
b10101 K
b1111 U
b1111111 #
b1111111 1
b1111111 7
b1111111 T
b1111 F
b11001 O
b11000 R
b10100 0
b10100 H
b10100 S
1,
#17800000
0,
0*
#17802000
b1001 2
b1001 8
b1001 P
b10111 L
b10101 K
0N
1Q
1"
0'
b11001 O
b11001 R
b10101 0
b10101 H
b10101 S
b1111 /
b1111 G
b1111 M
b0 U
b10000000 #
b10000000 1
b10000000 7
b10000000 T
1,
#17804000
b1101100 &
b1101100 .
b1101100 5
b1101100 9
b1011 6
b1011 :
b1011 A
b1011 =
b1010 <
b10101 I
b1100 @
b1011 C
b1110 4
b1110 D
b1110 E
0,
1*
#17806000
0!
b1110 F
0"
1'
1,
#17808000
0,
0*
#17810000
b10110 L
0N
b10111 K
b11010 O
1Q
b1110 /
b1110 G
b1110 M
b1 U
b10000001 #
b10000001 1
b10000001 7
b10000001 T
1!
1,
#17812000
b1101101 &
b1101101 .
b1101101 5
b1101101 9
b1100 6
b1100 :
b1100 A
b1001 =
b1011 <
b1101 @
b1100 C
b1010 4
b1010 D
b1010 E
b10101 3
b10101 >
b10101 J
0,
1*
#17814000
b1010 2
b1010 8
b1010 P
0Q
b10010 L
1N
b10110 K
b10 U
b10000010 #
b10000010 1
b10000010 7
b10000010 T
b1010 F
b11011 O
b11010 R
b10111 0
b10111 H
b10111 S
1,
#17816000
0,
0*
#17818000
b1011 2
b1011 8
b1011 P
b10010 L
b10110 K
0N
1Q
1"
0'
b11011 O
b11011 R
b10110 0
b10110 H
b10110 S
b1010 /
b1010 G
b1010 M
b11 U
b10000011 #
b10000011 1
b10000011 7
b10000011 T
1,
#17820000
b1101111 &
b1101111 .
b1101111 5
b1101111 9
b1101 6
b1101 :
b1101 A
b1000 =
b1001 <
b10110 I
b1110 @
b1101 C
b1011 4
b1011 D
b1011 E
0,
1*
0)
#17822000
0!
b1011 F
0"
1'
1,
#17824000
0,
0*
#17826000
0Q
b1011 /
b1011 G
b1011 M
1,
#17828000
b1110000 &
b1110000 .
b1110000 5
b1110000 9
b1110 6
b1110 :
b1110 A
b11000 =
b1000 <
b1111 @
b1110 C
b1001 4
b1001 D
b1001 E
b10110 3
b10110 >
b10110 J
0,
1*
#17830000
b1001 F
0'
1,
#17832000
0,
0*
#17834000
b1001 /
b1001 G
b1001 M
1,
#17836000
b1110010 &
b1110010 .
b1110010 5
b1110010 9
b1111 6
b1111 :
b1111 A
b11001 =
b11000 <
b10000 @
b1111 C
b1000 4
b1000 D
b1000 E
0,
1*
#17838000
b1000 F
1,
#17840000
0,
0*
#17842000
b1000 /
b1000 G
b1000 M
1,
#17844000
b1110011 &
b1110011 .
b1110011 5
b1110011 9
b0 6
b0 :
b0 A
b11011 =
b11001 <
b10001 @
b10000 C
b11000 4
b11000 D
b11000 E
0,
1*
#17846000
b11000 F
1,
#17848000
0,
0*
#17850000
b11000 /
b11000 G
b11000 M
1,
#17852000
b1110101 &
b1110101 .
b1110101 5
b1110101 9
b1 6
b1 :
b1 A
b11010 =
b11011 <
b10010 @
b10001 C
b11001 4
b11001 D
b11001 E
0,
1*
#17854000
b11001 F
1,
#17856000
0,
0*
#17858000
b11001 /
b11001 G
b11001 M
1,
#17860000
b1110110 &
b1110110 .
b1110110 5
b1110110 9
b10 6
b10 :
b10 A
b11110 =
b11010 <
b10011 @
b10010 C
b11011 4
b11011 D
b11011 E
0,
1*
#17862000
b11011 F
1,
#17864000
0,
0*
#17866000
b11011 /
b11011 G
b11011 M
1,
#17868000
b1111000 &
b1111000 .
b1111000 5
b1111000 9
b11 6
b11 :
b11 A
b11111 =
b11110 <
b10100 @
b10011 C
b11010 4
b11010 D
b11010 E
0,
1*
#17870000
b11010 F
1,
#17872000
0,
0*
#17874000
b11010 /
b11010 G
b11010 M
1,
#17876000
b1111001 &
b1111001 .
b1111001 5
b1111001 9
b100 6
b100 :
b100 A
b11101 =
b11111 <
b10101 @
b10100 C
b11110 4
b11110 D
b11110 E
0,
1*
#17878000
b11110 F
1,
#17880000
0,
0*
#17882000
b11110 /
b11110 G
b11110 M
1,
#17884000
b1111011 &
b1111011 .
b1111011 5
b1111011 9
b101 6
b101 :
b101 A
b11100 =
b11101 <
b10110 @
b10101 C
b11111 4
b11111 D
b11111 E
0,
1*
#17886000
b11111 F
1,
#17888000
0,
0*
#17890000
b11111 /
b11111 G
b11111 M
1,
#17892000
b1111100 &
b1111100 .
b1111100 5
b1111100 9
b110 6
b110 :
b110 A
b10100 =
b11100 <
b10111 @
b10110 C
b11101 4
b11101 D
b11101 E
0,
1*
#17894000
b11101 F
1,
#17896000
0,
0*
#17898000
b11101 /
b11101 G
b11101 M
1,
#17900000
b1111110 &
b1111110 .
b1111110 5
b1111110 9
b111 6
b111 :
b111 A
b10101 =
b10100 <
b11000 @
b10111 C
b11100 4
b11100 D
b11100 E
0,
1*
#17902000
b11100 F
1,
#17904000
0,
0*
#17906000
b11100 /
b11100 G
b11100 M
1,
#17908000
b1111111 &
b1111111 .
b1111111 5
b1111111 9
b1000 6
b1000 :
b1000 A
0B
b10111 =
b10101 <
b11001 @
b11000 C
b10100 4
b10100 D
b10100 E
0,
1*
#17910000
b10100 F
1,
#17912000
0,
0*
#17914000
b10100 /
b10100 G
b10100 M
1,
#17916000
b10000001 &
b10000001 .
b10000001 5
b10000001 9
b1001 6
b1001 :
b1001 A
1B
b10110 =
0?
b10111 <
b11010 @
b11001 C
b10101 4
b10101 D
b10101 E
0,
1*
#17918000
b10101 F
1,
#17920000
0,
0*
#17922000
b10101 /
b10101 G
b10101 M
1,
#17924000
b10000010 &
b10000010 .
b10000010 5
b10000010 9
b1010 6
b1010 :
b1010 A
0B
b10010 =
1?
b10110 <
1(
b11011 @
b11010 C
b10111 4
b10111 D
b10111 E
0,
1*
#17926000
b10111 F
1,
#17928000
0,
0*
#17930000
b10111 /
b10111 G
b10111 M
1,
#17932000
b1101100 &
b1101100 .
b1101100 5
b1101100 9
b1011 6
b1011 :
b1011 A
b10010 =
1?
b10110 <
b11011 @
b11011 C
b10110 4
b10110 D
b10110 E
1%
0(
0,
1*
#17934000
b10110 F
1,
#17936000
0,
0*
#17938000
b10110 /
b10110 G
b10110 M
1,
#17940000
0$
0,
1*
#17942000
1,
#17944000
0,
0*
#17946000
1,
#17948000
0,
1*
#17950000
1,
#17952000
0,
0*
#17954000
1,
#17956000
0,
1*
#17958000
1,
#17960000
0,
0*
#17962000
1,
#17964000
0,
1*
#17966000
1,
#17968000
0,
0*
#17970000
1,
#17972000
0,
1*
#17974000
1,
#17976000
0,
0*
#17978000
1,
#17980000
0,
1*
#17982000
1,
#17984000
0,
0*
#17986000
1,
#17988000
0,
1*
#17990000
1,
#17992000
0,
0*
#17994000
1,
#17996000
0,
1*
#17998000
1,
#18000000
0,
0*
#18002000
1,
#18004000
0,
1*
#18006000
1,
#18008000
0,
0*
#18010000
1,
#18012000
0,
1*
#18014000
1,
#18016000
0,
0*
#18018000
1,
#18020000
0,
1*
#18022000
1,
#18024000
0,
0*
#18026000
1,
#18028000
0,
1*
#18030000
1,
#18032000
0,
0*
#18034000
1,
#18036000
0,
1*
#18038000
1,
#18040000
0,
0*
#18042000
1,
#18044000
0,
1*
#18046000
1,
#18048000
0,
0*
#18050000
1,
#18052000
0,
1*
#18054000
1,
#18056000
0,
0*
#18058000
1,
#18060000
0,
1*
#18062000
1,
#18064000
0,
0*
#18066000
1,
#18068000
0,
1*
#18070000
1,
#18072000
0,
0*
#18074000
1,
#18076000
0,
1*
#18078000
1,
#18080000
0,
0*
#18082000
1,
#18084000
0,
1*
#18086000
1,
#18088000
0,
0*
#18090000
1,
#18092000
0,
1*
#18094000
1,
#18096000
0,
0*
#18098000
1,
#18100000
0,
1*
#18102000
1,
#18104000
0,
0*
#18106000
1,
#18108000
0,
1*
#18110000
1,
#18112000
0,
0*
#18114000
1,
#18116000
0,
1*
#18118000
1,
#18120000
0,
0*
#18122000
1,
#18124000
0,
1*
#18126000
1,
#18128000
0,
0*
#18130000
1,
#18132000
0,
1*
#18134000
1,
#18136000
0,
0*
#18138000
1,
#18140000
0,
1*
#18142000
1,
#18144000
0,
0*
#18146000
1,
#18148000
0,
1*
#18150000
1,
#18152000
0,
0*
#18154000
1,
#18156000
0,
1*
#18158000
1,
#18160000
0,
0*
#18162000
1,
#18164000
0,
1*
#18166000
1,
#18168000
0,
0*
#18170000
1,
#18172000
0,
1*
#18174000
1,
#18176000
0,
0*
#18178000
1,
#18180000
0,
1*
#18182000
1,
#18184000
0,
0*
#18186000
1,
#18188000
0,
1*
#18190000
1,
#18192000
0,
0*
#18194000
1,
#18196000
0,
1*
#18198000
1,
#18200000
0,
0*
#18202000
1,
#18204000
0,
1*
#18206000
1,
#18208000
0,
0*
#18210000
1,
#18212000
0,
1*
#18214000
1,
#18216000
0,
0*
#18218000
1,
#18220000
0,
1*
#18222000
1,
#18224000
0,
0*
#18226000
1,
#18228000
0,
1*
#18230000
1,
#18232000
0,
0*
#18234000
1,
#18236000
0,
1*
#18238000
1,
#18240000
0,
0*
#18242000
1,
#18244000
0,
1*
#18246000
1,
#18248000
0,
0*
#18250000
1,
#18252000
0,
1*
#18254000
1,
#18256000
0,
0*
#18258000
1,
#18260000
0,
1*
#18262000
1,
#18264000
0,
0*
#18266000
1,
#18268000
0,
1*
#18270000
1,
#18272000
0,
0*
#18274000
1,
#18276000
0,
1*
#18278000
1,
#18280000
0,
0*
#18282000
1,
#18284000
0,
1*
#18286000
1,
#18288000
0,
0*
#18290000
1,
#18292000
0,
1*
#18294000
1,
#18296000
0,
0*
#18298000
1,
#18300000
0,
1*
#18302000
1,
#18304000
0,
0*
#18306000
1,
#18308000
0,
1*
#18310000
1,
#18312000
0,
0*
#18314000
1,
#18316000
0,
1*
#18318000
1,
#18320000
0,
0*
#18322000
1,
#18324000
0,
1*
#18326000
1,
#18328000
0,
0*
#18330000
1,
#18332000
0,
1*
#18334000
1,
#18336000
0,
0*
#18338000
1,
#18340000
0,
1*
#18342000
1,
#18344000
0,
0*
#18346000
1,
#18348000
0,
1*
#18350000
1,
#18352000
0,
0*
#18354000
1,
#18356000
0,
1*
#18358000
1,
#18360000
0,
0*
#18362000
1,
#18364000
0,
1*
#18366000
1,
#18368000
0,
0*
#18370000
1,
#18372000
0,
1*
#18374000
1,
#18376000
0,
0*
#18378000
1,
#18380000
0,
1*
#18382000
1,
#18384000
0,
0*
#18386000
1,
#18388000
0,
1*
#18390000
1,
#18392000
0,
0*
#18394000
1,
#18396000
0,
1*
#18398000
1,
#18400000
0,
0*
#18402000
1,
#18404000
0,
1*
#18406000
1,
#18408000
0,
0*
#18410000
1,
#18412000
0,
1*
#18414000
1,
#18416000
0,
0*
#18418000
1,
#18420000
0,
1*
#18422000
1,
#18424000
0,
0*
#18426000
1,
#18428000
0,
1*
#18430000
1,
#18432000
0,
0*
#18434000
1,
#18436000
0,
1*
#18438000
1,
#18440000
0,
0*
#18442000
1,
#18444000
0,
1*
#18446000
1,
#18448000
0,
0*
#18450000
1,
#18452000
0,
1*
#18454000
1,
#18456000
0,
0*
#18458000
1,
#18460000
0,
1*
#18462000
1,
#18464000
0,
0*
#18466000
1,
#18468000
0,
1*
#18470000
1,
#18472000
0,
0*
#18474000
1,
#18476000
0,
1*
#18478000
1,
#18480000
0,
0*
#18482000
1,
#18484000
0,
1*
#18486000
1,
#18488000
0,
0*
#18490000
1,
#18492000
0,
1*
#18494000
1,
#18496000
0,
0*
#18498000
1,
#18500000
0,
1*
#18502000
1,
#18504000
0,
0*
#18506000
1,
#18508000
0,
1*
#18510000
1,
#18512000
0,
0*
#18514000
1,
#18516000
0,
1*
#18518000
1,
#18520000
0,
0*
#18522000
1,
#18524000
0,
1*
#18526000
1,
#18528000
0,
0*
#18530000
1,
#18532000
0,
1*
#18534000
1,
#18536000
0,
0*
#18538000
1,
#18540000
0,
1*
#18542000
1,
#18544000
0,
0*
#18546000
1,
#18548000
0,
1*
#18550000
1,
#18552000
0,
0*
#18554000
1,
#18556000
0,
1*
#18558000
1,
#18560000
0,
0*
#18562000
1,
#18564000
0,
1*
#18566000
1,
#18568000
0,
0*
#18570000
1,
#18572000
0,
1*
#18574000
1,
#18576000
0,
0*
#18578000
1,
#18580000
0,
1*
#18582000
1,
#18584000
0,
0*
#18586000
1,
#18588000
0,
1*
#18590000
1,
#18592000
0,
0*
#18594000
1,
#18596000
0,
1*
#18598000
1,
#18600000
0,
0*
#18602000
1,
#18604000
0,
1*
#18606000
1,
#18608000
0,
0*
#18610000
1,
#18612000
0,
1*
#18614000
1,
#18616000
0,
0*
#18618000
1,
#18620000
0,
1*
#18622000
1,
#18624000
0,
0*
#18626000
1,
#18628000
0,
1*
#18630000
1,
#18632000
0,
0*
#18634000
1,
#18636000
0,
1*
#18638000
1,
#18640000
0,
0*
#18642000
1,
#18644000
0,
1*
#18646000
1,
#18648000
0,
0*
#18650000
1,
#18652000
0,
1*
#18654000
1,
#18656000
0,
0*
#18658000
1,
#18660000
0,
1*
#18662000
1,
#18664000
0,
0*
#18666000
1,
#18668000
0,
1*
#18670000
1,
#18672000
0,
0*
#18674000
1,
#18676000
0,
1*
#18678000
1,
#18680000
0,
0*
#18682000
1,
#18684000
0,
1*
#18686000
1,
#18688000
0,
0*
#18690000
1,
#18692000
0,
1*
#18694000
1,
#18696000
0,
0*
#18698000
1,
#18700000
0,
1*
#18702000
1,
#18704000
0,
0*
#18706000
1,
#18708000
0,
1*
#18710000
1,
#18712000
0,
0*
#18714000
1,
#18716000
0,
1*
#18718000
1,
#18720000
0,
0*
#18722000
1,
#18724000
0,
1*
#18726000
1,
#18728000
0,
0*
#18730000
1,
#18732000
0,
1*
#18734000
1,
#18736000
0,
0*
#18738000
1,
#18740000
0,
1*
#18742000
1,
#18744000
0,
0*
#18746000
1,
#18748000
0,
1*
#18750000
1,
#18752000
0,
0*
#18754000
1,
#18756000
0,
1*
#18758000
1,
#18760000
0,
0*
#18762000
1,
#18764000
0,
1*
#18766000
1,
#18768000
0,
0*
#18770000
1,
#18772000
0,
1*
#18774000
1,
#18776000
0,
0*
#18778000
1,
#18780000
0,
1*
#18782000
1,
#18784000
0,
0*
#18786000
1,
#18788000
0,
1*
#18790000
1,
#18792000
0,
0*
#18794000
1,
#18796000
0,
1*
#18798000
1,
#18800000
0,
0*
#18802000
1,
#18804000
0,
1*
#18806000
1,
#18808000
0,
0*
#18810000
1,
#18812000
0,
1*
#18814000
1,
#18816000
0,
0*
#18818000
1,
#18820000
0,
1*
#18822000
1,
#18824000
0,
0*
#18826000
1,
#18828000
0,
1*
#18830000
1,
#18832000
0,
0*
#18834000
1,
#18836000
0,
1*
#18838000
1,
#18840000
0,
0*
#18842000
1,
#18844000
0,
1*
#18846000
1,
#18848000
0,
0*
#18850000
1,
#18852000
0,
1*
#18854000
1,
#18856000
0,
0*
#18858000
1,
#18860000
0,
1*
#18862000
1,
#18864000
0,
0*
#18866000
1,
#18868000
0,
1*
#18870000
1,
#18872000
0,
0*
#18874000
1,
#18876000
0,
1*
#18878000
1,
#18880000
0,
0*
#18882000
1,
#18884000
0,
1*
#18886000
1,
#18888000
0,
0*
#18890000
1,
#18892000
0,
1*
#18894000
1,
#18896000
0,
0*
#18898000
1,
#18900000
0,
1*
#18902000
1,
#18904000
0,
0*
#18906000
1,
#18908000
0,
1*
#18910000
1,
#18912000
0,
0*
#18914000
1,
#18916000
0,
1*
#18918000
1,
#18920000
0,
0*
#18922000
1,
#18924000
0,
1*
#18926000
1,
#18928000
0,
0*
#18930000
1,
#18932000
0,
1*
#18934000
1,
#18936000
0,
0*
#18938000
1,
#18940000
0,
1*
#18942000
1,
#18944000
0,
0*
#18946000
1,
#18948000
0,
1*
#18950000
1,
#18952000
0,
0*
#18954000
1,
#18956000
0,
1*
#18958000
1,
#18960000
0,
0*
#18962000
1,
#18964000
0,
1*
#18966000
1,
#18968000
0,
0*
#18970000
1,
#18972000
0,
1*
#18974000
1,
#18976000
0,
0*
#18978000
1,
#18980000
0,
1*
#18982000
1,
#18984000
0,
0*
#18986000
1,
#18988000
0,
1*
#18990000
1,
#18992000
0,
0*
#18994000
1,
#18996000
0,
1*
#18998000
1,
#19000000
0,
0*
#19002000
1,
#19004000
0,
1*
#19006000
1,
#19008000
0,
0*
#19010000
1,
#19012000
0,
1*
#19014000
1,
#19016000
0,
0*
#19018000
1,
#19020000
0,
1*
#19022000
1,
#19024000
0,
0*
#19026000
1,
#19028000
0,
1*
#19030000
1,
#19032000
0,
0*
#19034000
1,
#19036000
0,
1*
#19038000
1,
#19040000
0,
0*
#19042000
1,
#19044000
0,
1*
#19046000
1,
#19048000
0,
0*
#19050000
1,
#19052000
0,
1*
#19054000
1,
#19056000
0,
0*
#19058000
1,
#19060000
0,
1*
#19062000
1,
#19064000
0,
0*
#19066000
1,
#19068000
0,
1*
#19070000
1,
#19072000
0,
0*
#19074000
1,
#19076000
0,
1*
#19078000
1,
#19080000
0,
0*
#19082000
1,
#19084000
0,
1*
#19086000
1,
#19088000
0,
0*
#19090000
1,
#19092000
0,
1*
#19094000
1,
#19096000
0,
0*
#19098000
1,
#19100000
0,
1*
#19102000
1,
#19104000
0,
0*
#19106000
1,
#19108000
0,
1*
#19110000
1,
#19112000
0,
0*
#19114000
1,
#19116000
0,
1*
#19118000
1,
#19120000
0,
0*
#19122000
1,
#19124000
0,
1*
#19126000
1,
#19128000
0,
0*
#19130000
1,
#19132000
0,
1*
#19134000
1,
#19136000
0,
0*
#19138000
1,
#19140000
0,
1*
#19142000
1,
#19144000
0,
0*
#19146000
1,
#19148000
0,
1*
#19150000
1,
#19152000
0,
0*
#19154000
1,
#19156000
0,
1*
#19158000
1,
#19160000
0,
0*
#19162000
1,
#19164000
0,
1*
#19166000
1,
#19168000
0,
0*
#19170000
1,
#19172000
0,
1*
#19174000
1,
#19176000
0,
0*
#19178000
1,
#19180000
0,
1*
#19182000
1,
#19184000
0,
0*
#19186000
1,
#19188000
0,
1*
#19190000
1,
#19192000
0,
0*
#19194000
1,
#19196000
0,
1*
#19198000
1,
#19200000
0,
0*
#19202000
1,
#19204000
0,
1*
#19206000
1,
#19208000
0,
0*
#19210000
1,
#19212000
0,
1*
#19214000
1,
#19216000
0,
0*
#19218000
1,
#19220000
0,
1*
#19222000
1,
#19224000
0,
0*
#19226000
1,
#19228000
0,
1*
#19230000
1,
#19232000
0,
0*
#19234000
1,
#19236000
0,
1*
#19238000
1,
#19240000
0,
0*
#19242000
1,
#19244000
0,
1*
#19246000
1,
#19248000
0,
0*
#19250000
1,
#19252000
0,
1*
#19254000
1,
#19256000
0,
0*
#19258000
1,
#19260000
0,
1*
#19262000
1,
#19264000
0,
0*
#19266000
1,
#19268000
0,
1*
#19270000
1,
#19272000
0,
0*
#19274000
1,
#19276000
0,
1*
#19278000
1,
#19280000
0,
0*
#19282000
1,
#19284000
0,
1*
#19286000
1,
#19288000
0,
0*
#19290000
1,
#19292000
0,
1*
#19294000
1,
#19296000
0,
0*
#19298000
1,
#19300000
0,
1*
#19302000
1,
#19304000
0,
0*
#19306000
1,
#19308000
0,
1*
#19310000
1,
#19312000
0,
0*
#19314000
1,
#19316000
0,
1*
#19318000
1,
#19320000
0,
0*
#19322000
1,
#19324000
0,
1*
#19326000
1,
#19328000
0,
0*
#19330000
1,
#19332000
0,
1*
#19334000
1,
#19336000
0,
0*
#19338000
1,
#19340000
0,
1*
#19342000
1,
#19344000
0,
0*
#19346000
1,
#19348000
0,
1*
#19350000
1,
#19352000
0,
0*
#19354000
1,
#19356000
0,
1*
#19358000
1,
#19360000
0,
0*
#19362000
1,
#19364000
0,
1*
#19366000
1,
#19368000
0,
0*
#19370000
1,
#19372000
0,
1*
#19374000
1,
#19376000
0,
0*
#19378000
1,
#19380000
0,
1*
#19382000
1,
#19384000
0,
0*
#19386000
1,
#19388000
0,
1*
#19390000
1,
#19392000
0,
0*
#19394000
1,
#19396000
0,
1*
#19398000
1,
#19400000
0,
0*
#19402000
1,
#19404000
0,
1*
#19406000
1,
#19408000
0,
0*
#19410000
1,
#19412000
0,
1*
#19414000
1,
#19416000
0,
0*
#19418000
1,
#19420000
0,
1*
#19422000
1,
#19424000
0,
0*
#19426000
1,
#19428000
0,
1*
#19430000
1,
#19432000
0,
0*
#19434000
1,
#19436000
0,
1*
#19438000
1,
#19440000
0,
0*
#19442000
1,
#19444000
0,
1*
#19446000
1,
#19448000
0,
0*
#19450000
1,
#19452000
0,
1*
#19454000
1,
#19456000
0,
0*
#19458000
1,
#19460000
0,
1*
#19462000
1,
#19464000
0,
0*
#19466000
1,
#19468000
0,
1*
#19470000
1,
#19472000
0,
0*
#19474000
1,
#19476000
0,
1*
#19478000
1,
#19480000
0,
0*
#19482000
1,
#19484000
0,
1*
#19486000
1,
#19488000
0,
0*
#19490000
1,
#19492000
0,
1*
#19494000
1,
#19496000
0,
0*
#19498000
1,
#19500000
0,
1*
#19502000
1,
#19504000
0,
0*
#19506000
1,
#19508000
0,
1*
#19510000
1,
#19512000
0,
0*
#19514000
1,
#19516000
0,
1*
#19518000
1,
#19520000
0,
0*
#19522000
1,
#19524000
0,
1*
#19526000
1,
#19528000
0,
0*
#19530000
1,
#19532000
0,
1*
#19534000
1,
#19536000
0,
0*
#19538000
1,
#19540000
0,
1*
#19542000
1,
#19544000
0,
0*
#19546000
1,
#19548000
0,
1*
#19550000
1,
#19552000
0,
0*
#19554000
1,
#19556000
0,
1*
#19558000
1,
#19560000
0,
0*
#19562000
1,
#19564000
0,
1*
#19566000
1,
#19568000
0,
0*
#19570000
1,
#19572000
0,
1*
#19574000
1,
#19576000
0,
0*
#19578000
1,
#19580000
0,
1*
#19582000
1,
#19584000
0,
0*
#19586000
1,
#19588000
0,
1*
#19590000
1,
#19592000
0,
0*
#19594000
1,
#19596000
0,
1*
#19598000
1,
#19600000
0,
0*
#19602000
1,
#19604000
0,
1*
#19606000
1,
#19608000
0,
0*
#19610000
1,
#19612000
0,
1*
#19614000
1,
#19616000
0,
0*
#19618000
1,
#19620000
0,
1*
#19622000
1,
#19624000
0,
0*
#19626000
1,
#19628000
0,
1*
#19630000
1,
#19632000
0,
0*
#19634000
1,
#19636000
0,
1*
#19638000
1,
#19640000
0,
0*
#19642000
1,
#19644000
0,
1*
#19646000
1,
#19648000
0,
0*
#19650000
1,
#19652000
0,
1*
#19654000
1,
#19656000
0,
0*
#19658000
1,
#19660000
0,
1*
#19662000
1,
#19664000
0,
0*
#19666000
1,
#19668000
0,
1*
#19670000
1,
#19672000
0,
0*
#19674000
1,
#19676000
0,
1*
#19678000
1,
#19680000
0,
0*
#19682000
1,
#19684000
0,
1*
#19686000
1,
#19688000
0,
0*
#19690000
1,
#19692000
0,
1*
#19694000
1,
#19696000
0,
0*
#19698000
1,
#19700000
0,
1*
#19702000
1,
#19704000
0,
0*
#19706000
1,
#19708000
0,
1*
#19710000
1,
#19712000
0,
0*
#19714000
1,
#19716000
0,
1*
#19718000
1,
#19720000
0,
0*
#19722000
1,
#19724000
0,
1*
#19726000
1,
#19728000
0,
0*
#19730000
1,
#19732000
0,
1*
#19734000
1,
#19736000
0,
0*
#19738000
1,
#19740000
0,
1*
#19742000
1,
#19744000
0,
0*
#19746000
1,
#19748000
0,
1*
#19750000
1,
#19752000
0,
0*
#19754000
1,
#19756000
0,
1*
#19758000
1,
#19760000
0,
0*
#19762000
1,
#19764000
0,
1*
#19766000
1,
#19768000
0,
0*
#19770000
1,
#19772000
0,
1*
#19774000
1,
#19776000
0,
0*
#19778000
1,
#19780000
0,
1*
#19782000
1,
#19784000
0,
0*
#19786000
1,
#19788000
0,
1*
#19790000
1,
#19792000
0,
0*
#19794000
1,
#19796000
0,
1*
#19798000
1,
#19800000
0,
0*
#19802000
1,
#19804000
0,
1*
#19806000
1,
#19808000
0,
0*
#19810000
1,
#19812000
0,
1*
#19814000
1,
#19816000
0,
0*
#19818000
1,
#19820000
0,
1*
1)
#19822000
b10011 L
b10010 K
b11100 O
b100 U
b10000100 #
b10000100 1
b10000100 7
b10000100 T
1!
1,
#19824000
0,
0*
#19826000
b1100 2
b1100 8
b1100 P
b10001 L
b10011 K
b10000100 &
b10000100 .
b10000100 5
b10000100 9
b11101 O
b11100 R
b10010 0
b10010 H
b10010 S
b101 U
b10000101 #
b10000101 1
b10000101 7
b10000101 T
1,
#19828000
b10010 I
0,
1*
#19830000
b1101 2
b1101 8
b1101 P
b10000 L
b10001 K
b110 U
b10000110 #
b10000110 1
b10000110 7
b10000110 T
b11110 O
b11101 R
b10011 0
b10011 H
b10011 S
1,
#19832000
0,
0*
#19834000
b1110 2
b1110 8
b1110 P
b0 L
b10000 K
b11111 O
b11110 R
b10001 0
b10001 H
b10001 S
b111 U
b10000111 #
b10000111 1
b10000111 7
b10000111 T
1,
#19836000
1B
0?
b10010 3
b10010 >
b10010 J
b10001 I
0,
1*
#19838000
b1111 2
b1111 8
b1111 P
b1 L
b0 K
b1000 U
b10001000 #
b10001000 1
b10001000 7
b10001000 T
b0 O
b11111 R
b10000 0
b10000 H
b10000 S
1,
#19840000
0,
0*
#19842000
b0 2
b0 8
b0 P
b11 L
b1 K
b1 O
b0 R
b0 0
b0 H
b0 S
b1001 U
b10001001 #
b10001001 1
b10001001 7
b10001001 T
1,
#19844000
0%
1(
0B
b10001 3
b10001 >
b10001 J
b0 I
0,
1*
#19846000
b1 2
b1 8
b1 P
b10 L
b11 K
b1010 U
b10001010 #
b10001010 1
b10001010 7
b10001010 T
b10 O
b1 R
b1 0
b1 H
b1 S
1,
#19848000
0,
0*
#19850000
b10 2
b10 8
b10 P
b110 L
b10 K
b11 O
b10 R
b11 0
b11 H
b11 S
b1011 U
b10001011 #
b10001011 1
b10001011 7
b10001011 T
1,
#19852000
b10011 =
b10010 <
b11100 @
b0 3
b0 >
b0 J
b11 I
0(
1$
0,
1*
#19854000
b11 2
b11 8
b11 P
b111 L
b110 K
b1100 U
b10001100 #
b10001100 1
b10001100 7
b10001100 T
b100 O
b11 R
b10 0
b10 H
b10 S
1,
#19856000
0,
0*
#19858000
b100 2
b100 8
b100 P
b101 L
b111 K
b101 O
b100 R
b110 0
b110 H
b110 S
b1101 U
b10001101 #
b10001101 1
b10001101 7
b10001101 T
1,
#19860000
b10000101 &
b10000101 .
b10000101 5
b10000101 9
b1100 6
b1100 :
b1100 A
b10001 =
b10011 <
b11101 @
b11100 C
b10010 4
b10010 D
b10010 E
b11 3
b11 >
b11 J
b110 I
0,
1*
#19862000
b101 2
b101 8
b101 P
b100 L
b101 K
b1110 U
b10001110 #
b10001110 1
b10001110 7
b10001110 T
b10010 F
b110 O
b101 R
b111 0
b111 H
b111 S
1,
#19864000
0,
0*
#19866000
b110 2
b110 8
b110 P
b1100 L
b100 K
b111 O
b110 R
b101 0
b101 H
b101 S
b10010 /
b10010 G
b10010 M
b1111 U
b10001111 #
b10001111 1
b10001111 7
b10001111 T
1,
#19868000
b10000110 &
b10000110 .
b10000110 5
b10000110 9
b1101 6
b1101 :
b1101 A
b10000 =
b10001 <
b110 3
b110 >
b110 J
b101 I
b11110 @
b11101 C
b10011 4
b10011 D
b10011 E
0,
1*
#19870000
b111 2
b111 8
b111 P
b1101 L
b1100 K
b0 U
b10010000 #
b10010000 1
b10010000 7
b10010000 T
b10011 F
b1000 O
b111 R
b100 0
b100 H
b100 S
1,
#19872000
0,
0*
#19874000
b1000 2
b1000 8
b1000 P
b1111 L
b1101 K
b1001 O
b1000 R
b1100 0
b1100 H
b1100 S
b10011 /
b10011 G
b10011 M
b1 U
b10010001 #
b10010001 1
b10010001 7
b10010001 T
1,
#19876000
b10000111 &
b10000111 .
b10000111 5
b10000111 9
b1110 6
b1110 :
b1110 A
b0 =
b10000 <
b11111 @
b11110 C
b10001 4
b10001 D
b10001 E
b101 3
b101 >
b101 J
b1100 I
0,
1*
#19878000
b1001 2
b1001 8
b1001 P
b1110 L
b1111 K
b10 U
b10010010 #
b10010010 1
b10010010 7
b10010010 T
b10001 F
b1010 O
b1001 R
b1101 0
b1101 H
b1101 S
1,
#19880000
0,
0*
#19882000
b1010 2
b1010 8
b1010 P
0Q
b1010 L
b1110 K
b1011 O
b1010 R
b1111 0
b1111 H
b1111 S
b10001 /
b10001 G
b10001 M
b11 U
b10010011 #
b10010011 1
b10010011 7
b10010011 T
1,
#19884000
b10001000 &
b10001000 .
b10001000 5
b10001000 9
b1111 6
b1111 :
b1111 A
b1 =
b0 <
b1100 3
b1100 >
b1100 J
b1111 I
b0 @
b11111 C
b10000 4
b10000 D
b10000 E
0,
1*
#19886000
b1011 2
b1011 8
b1011 P
b1011 L
0N
b1010 K
b100 U
b10010100 #
b10010100 1
b10010100 7
b10010100 T
b10000 F
b1100 O
b1011 R
b1110 0
b1110 H
b1110 S
1,
#19888000
0,
0*
#19890000
b1100 2
b1100 8
b1100 P
0Q
b1001 L
b1011 K
b1101 O
b1100 R
b1010 0
b1010 H
b1010 S
b10000 /
b10000 G
b10000 M
b101 U
b10010101 #
b10010101 1
b10010101 7
b10010101 T
1,
#19892000
b10001001 &
b10001001 .
b10001001 5
b10001001 9
b0 6
b0 :
b0 A
b11 =
b1 <
b1 @
b0 C
b0 4
b0 D
b0 E
b1111 3
b1111 >
b1111 J
b1010 I
0,
1*
#19894000
b1101 2
b1101 8
b1101 P
1Q
b1000 L
0N
b1001 K
b110 U
b10010110 #
b10010110 1
b10010110 7
b10010110 T
b0 F
b1110 O
b1101 R
b1011 0
b1011 H
b1011 S
1,
#19896000
0,
0*
#19898000
b1110 2
b1110 8
b1110 P
1Q
b11000 L
0N
b1000 K
1'
b1111 O
b1110 R
b1001 0
b1001 H
b1001 S
b0 /
b0 G
b0 M
b111 U
b10010111 #
b10010111 1
b10010111 7
b10010111 T
1,
#19900000
b10001010 &
b10001010 .
b10001010 5
b10001010 9
b1 6
b1 :
b1 A
b10 =
b11 <
b1010 3
b1010 >
b1010 J
b1001 I
b10 @
b1 C
b1 4
b1 D
b1 E
0,
1*
#19902000
1N
b1111 2
b1111 8
b1111 P
0Q
b11001 L
b11000 K
b1000 U
b10011000 #
b10011000 1
b10011000 7
b10011000 T
b1 F
b10000 O
b1111 R
b1000 0
b1000 H
b1000 S
1,
#19904000
0,
0*
#19906000
b0 2
b0 8
b0 P
b11001 L
b11000 K
0N
1Q
1"
0'
b10000 O
b10000 R
b11000 0
b11000 H
b11000 S
b1 /
b1 G
b1 M
b1001 U
b10011001 #
b10011001 1
b10011001 7
b10011001 T
1,
#19908000
b10001011 &
b10001011 .
b10001011 5
b10001011 9
b10 6
b10 :
b10 A
b110 =
b10 <
b11 @
b10 C
b11 4
b11 D
b11 E
b1001 3
b1001 >
b1001 J
b11000 I
0,
1*
#19910000
0!
b11 F
0"
1'
1,
#19912000
0,
0*
#19914000
b11011 L
b11001 K
b10001 O
1Q
b11 /
b11 G
b11 M
b1010 U
b10011010 #
b10011010 1
b10011010 7
b10011010 T
1!
1,
#19916000
b10001100 &
b10001100 .
b10001100 5
b10001100 9
b11 6
b11 :
b11 A
b111 =
b110 <
b11000 3
b11000 >
b11000 J
b100 @
b11 C
b10 4
b10 D
b10 E
0,
1*
#19918000
1N
b1 2
b1 8
b1 P
0Q
b11010 L
b11011 K
b1011 U
b10011011 #
b10011011 1
b10011011 7
b10011011 T
b10 F
b10010 O
b10001 R
b11001 0
b11001 H
b11001 S
1,
#19920000
0,
0*
#19922000
b10 2
b10 8
b10 P
b11010 L
b11011 K
0N
1Q
1"
0'
b10010 O
b10010 R
b11011 0
b11011 H
b11011 S
b10 /
b10 G
b10 M
b1100 U
b10011100 #
b10011100 1
b10011100 7
b10011100 T
1,
#19924000
b10001101 &
b10001101 .
b10001101 5
b10001101 9
b100 6
b100 :
b100 A
b101 =
b111 <
b101 @
b100 C
b110 4
b110 D
b110 E
b11011 I
0,
1*
#19926000
0!
b110 F
0"
1'
1,
#19928000
0,
0*
#19930000
b11110 L
b11010 K
b10011 O
1Q
b110 /
b110 G
b110 M
b1101 U
b10011101 #
b10011101 1
b10011101 7
b10011101 T
1!
1,
#19932000
b10001110 &
b10001110 .
b10001110 5
b10001110 9
b101 6
b101 :
b101 A
b100 =
b101 <
b11011 3
b11011 >
b11011 J
b110 @
b101 C
b111 4
b111 D
b111 E
0,
1*
#19934000
1N
b11 2
b11 8
b11 P
0Q
b11111 L
b11110 K
b1110 U
b10011110 #
b10011110 1
b10011110 7
b10011110 T
b111 F
b10100 O
b10011 R
b11010 0
b11010 H
b11010 S
1,
#19936000
0,
0*
#19938000
b100 2
b100 8
b100 P
b11111 L
b11110 K
0N
1Q
1"
0'
b10100 O
b10100 R
b11110 0
b11110 H
b11110 S
b111 /
b111 G
b111 M
b1111 U
b10011111 #
b10011111 1
b10011111 7
b10011111 T
1,
#19940000
b10001111 &
b10001111 .
b10001111 5
b10001111 9
b110 6
b110 :
b110 A
b1100 =
b100 <
b111 @
b110 C
b101 4
b101 D
b101 E
b11110 I
0,
1*
#19942000
0!
b101 F
0"
1'
1,
#19944000
0,
0*
#19946000
b11101 L
b11111 K
b10101 O
1Q
b101 /
b101 G
b101 M
b0 U
b10100000 #
b10100000 1
b10100000 7
b10100000 T
1!
1,
#19948000
b10010000 &
b10010000 .
b10010000 5
b10010000 9
b111 6
b111 :
b111 A
b1101 =
b1100 <
b11110 3
b11110 >
b11110 J
b1000 @
b111 C
b100 4
b100 D
b100 E
0,
1*
#19950000
1N
b101 2
b101 8
b101 P
0Q
b11100 L
b11101 K
b1 U
b10100001 #
b10100001 1
b10100001 7
b10100001 T
b100 F
b10110 O
b10101 R
b11111 0
b11111 H
b11111 S
1,
#19952000
0,
0*
#19954000
b110 2
b110 8
b110 P
b11100 L
b11101 K
0N
1Q
1"
0'
b10110 O
b10110 R
b11101 0
b11101 H
b11101 S
b100 /
b100 G
b100 M
b10 U
b10100010 #
b10100010 1
b10100010 7
b10100010 T
1,
#19956000
b10010001 &
b10010001 .
b10010001 5
b10010001 9
b1000 6
b1000 :
b1000 A
b1111 =
b1101 <
b1001 @
b1000 C
b1100 4
b1100 D
b1100 E
b11101 I
0,
1*
#19958000
0!
b1100 F
0"
1'
1,
#19960000
0,
0*
#19962000
b10100 L
b11100 K
1Q
b10111 O
b1100 /
b1100 G
b1100 M
b11 U
b10100011 #
b10100011 1
b10100011 7
b10100011 T
1!
1,
#19964000
b10010010 &
b10010010 .
b10010010 5
b10010010 9
b1001 6
b1001 :
b1001 A
b1110 =
b1111 <
b11101 3
b11101 >
b11101 J
b1010 @
b1001 C
b1101 4
b1101 D
b1101 E
0,
1*
#19966000
1N
b111 2
b111 8
b111 P
0Q
b10101 L
b10100 K
b100 U
b10100100 #
b10100100 1
b10100100 7
b10100100 T
b1101 F
b11000 O
b10111 R
b11100 0
b11100 H
b11100 S
1,
#19968000
0,
0*
#19970000
b1000 2
b1000 8
b1000 P
b10101 L
b10100 K
0N
1Q
1"
0'
b11000 O
b11000 R
b10100 0
b10100 H
b10100 S
b1101 /
b1101 G
b1101 M
b101 U
b10100101 #
b10100101 1
b10100101 7
b10100101 T
1,
#19972000
b10010011 &
b10010011 .
b10010011 5
b10010011 9
b1010 6
b1010 :
b1010 A
b1010 =
b1110 <
b1011 @
b1010 C
b1111 4
b1111 D
b1111 E
b10100 I
0,
1*
#19974000
0!
b1111 F
0"
1'
1,
#19976000
0,
0*
#19978000
b10111 L
b10101 K
b11001 O
1Q
b1111 /
b1111 G
b1111 M
b110 U
b10100110 #
b10100110 1
b10100110 7
b10100110 T
1!
1,
#19980000
b10010100 &
b10010100 .
b10010100 5
b10010100 9
b1011 6
b1011 :
b1011 A
b1011 =
b1010 <
b10100 3
b10100 >
b10100 J
b1100 @
b1011 C
b1110 4
b1110 D
b1110 E
0,
1*
#19982000
1N
b1001 2
b1001 8
b1001 P
0Q
b10110 L
b10111 K
b111 U
b10100111 #
b10100111 1
b10100111 7
b10100111 T
b1110 F
b11010 O
b11001 R
b10101 0
b10101 H
b10101 S
1,
#19984000
0,
0*
#19986000
b1010 2
b1010 8
b1010 P
b10110 L
b10111 K
0N
1Q
1"
0'
b11010 O
b11010 R
b10111 0
b10111 H
b10111 S
b1110 /
b1110 G
b1110 M
b1000 U
b10101000 #
b10101000 1
b10101000 7
b10101000 T
1,
#19988000
b10010101 &
b10010101 .
b10010101 5
b10010101 9
b1100 6
b1100 :
b1100 A
b1001 =
b1011 <
b1101 @
b1100 C
b1010 4
b1010 D
b1010 E
b10111 I
0,
1*
#19990000
0!
b1010 F
0"
1'
1,
#19992000
0,
0*
#19994000
b10010 L
b10110 K
b11011 O
1Q
b1010 /
b1010 G
b1010 M
b1001 U
b10101001 #
b10101001 1
b10101001 7
b10101001 T
1!
1,
#19996000
b10010110 &
b10010110 .
b10010110 5
b10010110 9
b1101 6
b1101 :
b1101 A
b1000 =
b1001 <
b10111 3
b10111 >
b10111 J
b1110 @
b1101 C
b1011 4
b1011 D
b1011 E
0,
1*
#19998000
1N
b1011 2
b1011 8
b1011 P
0Q
b10011 L
b10010 K
b1010 U
b10101010 #
b10101010 1
b10101010 7
b10101010 T
b1011 F
b11100 O
b11011 R
b10110 0
b10110 H
b10110 S
1,
#20000000
0,
0*
#20002000
b1100 2
b1100 8
b1100 P
b10011 L
b10010 K
0N
1Q
1"
0'
b11100 O
b11100 R
b10010 0
b10010 H
b10010 S
b1011 /
b1011 G
b1011 M
b1011 U
b10101011 #
b10101011 1
b10101011 7
b10101011 T
1,
#20004000
b10010111 &
b10010111 .
b10010111 5
b10010111 9
b1110 6
b1110 :
b1110 A
0B
b11000 =
b1000 <
b1111 @
b1110 C
b1001 4
b1001 D
b1001 E
b10010 I
0,
1*
#20006000
0!
b1001 F
0"
1'
1,
#20008000
0,
0*
#20010000
b10001 L
b10011 K
b11101 O
1Q
b1001 /
b1001 G
b1001 M
b1100 U
b10101100 #
b10101100 1
b10101100 7
b10101100 T
1!
1,
#20012000
b10011000 &
b10011000 .
b10011000 5
b10011000 9
b1111 6
b1111 :
b1111 A
b11001 =
b11000 <
b10010 3
b10010 >
b10010 J
b10000 @
b1111 C
b1000 4
b1000 D
b1000 E
0,
1*
#20014000
1N
b1101 2
b1101 8
b1101 P
0Q
b10000 L
b10001 K
b1101 U
b10101101 #
b10101101 1
b10101101 7
b10101101 T
b1000 F
b11110 O
b11101 R
b10011 0
b10011 H
b10011 S
1,
#20016000
0,
0*
#20018000
b1110 2
b1110 8
b1110 P
b10000 L
b10001 K
0N
1Q
1"
0'
b11110 O
b11110 R
b10001 0
b10001 H
b10001 S
b1000 /
b1000 G
b1000 M
b1110 U
b10101110 #
b10101110 1
b10101110 7
b10101110 T
1,
#20020000
b10011010 &
b10011010 .
b10011010 5
b10011010 9
b0 6
b0 :
b0 A
b11011 =
b11001 <
b10001 @
b10000 C
b11000 4
b11000 D
b11000 E
b10001 I
0,
1*
0)
#20022000
0!
b11000 F
0"
1'
1,
#20024000
0,
0*
#20026000
0Q
b11000 /
b11000 G
b11000 M
1,
#20028000
b10011011 &
b10011011 .
b10011011 5
b10011011 9
b1 6
b1 :
b1 A
b11010 =
b11011 <
b10001 3
b10001 >
b10001 J
b10010 @
b10001 C
b11001 4
b11001 D
b11001 E
0,
1*
#20030000
b11001 F
0'
1,
#20032000
0,
0*
#20034000
b11001 /
b11001 G
b11001 M
1,
#20036000
b10011101 &
b10011101 .
b10011101 5
b10011101 9
b10 6
b10 :
b10 A
b11110 =
b11010 <
b10011 @
b10010 C
b11011 4
b11011 D
b11011 E
0,
1*
#20038000
b11011 F
1,
#20040000
0,
0*
#20042000
b11011 /
b11011 G
b11011 M
1,
#20044000
b10011110 &
b10011110 .
b10011110 5
b10011110 9
b11 6
b11 :
b11 A
b11111 =
b11110 <
b10100 @
b10011 C
b11010 4
b11010 D
b11010 E
0,
1*
#20046000
b11010 F
1,
#20048000
0,
0*
#20050000
b11010 /
b11010 G
b11010 M
1,
#20052000
b10100000 &
b10100000 .
b10100000 5
b10100000 9
b100 6
b100 :
b100 A
b11101 =
b11111 <
b10101 @
b10100 C
b11110 4
b11110 D
b11110 E
0,
1*
#20054000
b11110 F
1,
#20056000
0,
0*
#20058000
b11110 /
b11110 G
b11110 M
1,
#20060000
b10100001 &
b10100001 .
b10100001 5
b10100001 9
b101 6
b101 :
b101 A
b11100 =
b11101 <
b10110 @
b10101 C
b11111 4
b11111 D
b11111 E
0,
1*
#20062000
b11111 F
1,
#20064000
0,
0*
#20066000
b11111 /
b11111 G
b11111 M
1,
#20068000
b10100011 &
b10100011 .
b10100011 5
b10100011 9
b110 6
b110 :
b110 A
b10100 =
b11100 <
b10111 @
b10110 C
b11101 4
b11101 D
b11101 E
0,
1*
#20070000
b11101 F
1,
#20072000
0,
0*
#20074000
b11101 /
b11101 G
b11101 M
1,
#20076000
b10100100 &
b10100100 .
b10100100 5
b10100100 9
b111 6
b111 :
b111 A
b10101 =
b10100 <
b11000 @
b10111 C
b11100 4
b11100 D
b11100 E
0,
1*
#20078000
b11100 F
1,
#20080000
0,
0*
#20082000
b11100 /
b11100 G
b11100 M
1,
#20084000
b10100110 &
b10100110 .
b10100110 5
b10100110 9
b1000 6
b1000 :
b1000 A
b10111 =
b10101 <
b11001 @
b11000 C
b10100 4
b10100 D
b10100 E
0,
1*
#20086000
b10100 F
1,
#20088000
0,
0*
#20090000
b10100 /
b10100 G
b10100 M
1,
#20092000
b10100111 &
b10100111 .
b10100111 5
b10100111 9
b1001 6
b1001 :
b1001 A
b10110 =
b10111 <
b11010 @
b11001 C
b10101 4
b10101 D
b10101 E
0,
1*
#20094000
b10101 F
1,
#20096000
0,
0*
#20098000
b10101 /
b10101 G
b10101 M
1,
#20100000
b10101001 &
b10101001 .
b10101001 5
b10101001 9
b1010 6
b1010 :
b1010 A
0B
b10010 =
b10110 <
b11011 @
b11010 C
b10111 4
b10111 D
b10111 E
0,
1*
#20102000
b10111 F
1,
#20104000
0,
0*
#20106000
b10111 /
b10111 G
b10111 M
1,
#20108000
b10101010 &
b10101010 .
b10101010 5
b10101010 9
b1011 6
b1011 :
b1011 A
b10011 =
0?
b10010 <
b11100 @
b11011 C
b10110 4
b10110 D
b10110 E
0,
1*
#20110000
b10110 F
1,
#20112000
0,
0*
#20114000
b10110 /
b10110 G
b10110 M
1,
#20116000
1B
b10101100 &
b10101100 .
b10101100 5
b10101100 9
b1100 6
b1100 :
b1100 A
b10001 =
b10011 <
b11101 @
b11100 C
b10010 4
b10010 D
b10010 E
0,
1*
#20118000
b10010 F
1,
#20120000
0,
0*
#20122000
b10010 /
b10010 G
b10010 M
1,
#20124000
1?
b10101101 &
b10101101 .
b10101101 5
b10101101 9
b1101 6
b1101 :
b1101 A
0B
b10000 =
b10001 <
b11110 @
b11101 C
b10011 4
b10011 D
b10011 E
1(
0,
1*
#20126000
b10011 F
1,
#20128000
0,
0*
#20130000
b10011 /
b10011 G
b10011 M
1,
#20132000
b10010111 &
b10010111 .
b10010111 5
b10010111 9
b1110 6
b1110 :
b1110 A
b10000 =
1?
b10001 <
1%
0(
b11110 @
b11110 C
b10001 4
b10001 D
b10001 E
0,
1*
#20134000
b10001 F
1,
#20136000
0,
0*
#20138000
b10001 /
b10001 G
b10001 M
1,
#20140000
0$
0,
1*
#20142000
1,
#20144000
0,
0*
#20146000
1,
#20148000
0,
1*
#20150000
1,
#20152000
0,
0*
#20154000
1,
#20156000
0,
1*
#20158000
1,
#20160000
0,
0*
#20162000
1,
#20164000
0,
1*
#20166000
1,
#20168000
0,
0*
#20170000
1,
#20172000
0,
1*
#20174000
1,
#20176000
0,
0*
#20178000
1,
#20180000
0,
1*
#20182000
1,
#20184000
0,
0*
#20186000
1,
#20188000
0,
1*
#20190000
1,
#20192000
0,
0*
#20194000
1,
#20196000
0,
1*
#20198000
1,
#20200000
0,
0*
#20202000
1,
#20204000
0,
1*
#20206000
1,
#20208000
0,
0*
#20210000
1,
#20212000
0,
1*
#20214000
1,
#20216000
0,
0*
#20218000
1,
#20220000
0,
1*
#20222000
1,
#20224000
0,
0*
#20226000
1,
#20228000
0,
1*
#20230000
1,
#20232000
0,
0*
#20234000
1,
#20236000
0,
1*
#20238000
1,
#20240000
0,
0*
#20242000
1,
#20244000
0,
1*
#20246000
1,
#20248000
0,
0*
#20250000
1,
#20252000
0,
1*
#20254000
1,
#20256000
0,
0*
#20258000
1,
#20260000
0,
1*
#20262000
1,
#20264000
0,
0*
#20266000
1,
#20268000
0,
1*
#20270000
1,
#20272000
0,
0*
#20274000
1,
#20276000
0,
1*
#20278000
1,
#20280000
0,
0*
#20282000
1,
#20284000
0,
1*
#20286000
1,
#20288000
0,
0*
#20290000
1,
#20292000
0,
1*
#20294000
1,
#20296000
0,
0*
#20298000
1,
#20300000
0,
1*
#20302000
1,
#20304000
0,
0*
#20306000
1,
#20308000
0,
1*
#20310000
1,
#20312000
0,
0*
#20314000
1,
#20316000
0,
1*
#20318000
1,
#20320000
0,
0*
#20322000
1,
#20324000
0,
1*
#20326000
1,
#20328000
0,
0*
#20330000
1,
#20332000
0,
1*
#20334000
1,
#20336000
0,
0*
#20338000
1,
#20340000
0,
1*
#20342000
1,
#20344000
0,
0*
#20346000
1,
#20348000
0,
1*
#20350000
1,
#20352000
0,
0*
#20354000
1,
#20356000
0,
1*
#20358000
1,
#20360000
0,
0*
#20362000
1,
#20364000
0,
1*
#20366000
1,
#20368000
0,
0*
#20370000
1,
#20372000
0,
1*
#20374000
1,
#20376000
0,
0*
#20378000
1,
#20380000
0,
1*
#20382000
1,
#20384000
0,
0*
#20386000
1,
#20388000
0,
1*
#20390000
1,
#20392000
0,
0*
#20394000
1,
#20396000
0,
1*
#20398000
1,
#20400000
0,
0*
#20402000
1,
#20404000
0,
1*
#20406000
1,
#20408000
0,
0*
#20410000
1,
#20412000
0,
1*
#20414000
1,
#20416000
0,
0*
#20418000
1,
#20420000
0,
1*
#20422000
1,
#20424000
0,
0*
#20426000
1,
#20428000
0,
1*
#20430000
1,
#20432000
0,
0*
#20434000
1,
#20436000
0,
1*
#20438000
1,
#20440000
0,
0*
#20442000
1,
#20444000
0,
1*
#20446000
1,
#20448000
0,
0*
#20450000
1,
#20452000
0,
1*
#20454000
1,
#20456000
0,
0*
#20458000
1,
#20460000
0,
1*
#20462000
1,
#20464000
0,
0*
#20466000
1,
#20468000
0,
1*
#20470000
1,
#20472000
0,
0*
#20474000
1,
#20476000
0,
1*
#20478000
1,
#20480000
0,
0*
#20482000
1,
#20484000
0,
1*
#20486000
1,
#20488000
0,
0*
#20490000
1,
#20492000
0,
1*
#20494000
1,
#20496000
0,
0*
#20498000
1,
#20500000
0,
1*
#20502000
1,
#20504000
0,
0*
#20506000
1,
#20508000
0,
1*
#20510000
1,
#20512000
0,
0*
#20514000
1,
#20516000
0,
1*
#20518000
1,
#20520000
0,
0*
#20522000
1,
#20524000
0,
1*
#20526000
1,
#20528000
0,
0*
#20530000
1,
#20532000
0,
1*
#20534000
1,
#20536000
0,
0*
#20538000
1,
#20540000
0,
1*
#20542000
1,
#20544000
0,
0*
#20546000
1,
#20548000
0,
1*
#20550000
1,
#20552000
0,
0*
#20554000
1,
#20556000
0,
1*
#20558000
1,
#20560000
0,
0*
#20562000
1,
#20564000
0,
1*
#20566000
1,
#20568000
0,
0*
#20570000
1,
#20572000
0,
1*
#20574000
1,
#20576000
0,
0*
#20578000
1,
#20580000
0,
1*
#20582000
1,
#20584000
0,
0*
#20586000
1,
#20588000
0,
1*
#20590000
1,
#20592000
0,
0*
#20594000
1,
#20596000
0,
1*
#20598000
1,
#20600000
0,
0*
#20602000
1,
#20604000
0,
1*
#20606000
1,
#20608000
0,
0*
#20610000
1,
#20612000
0,
1*
#20614000
1,
#20616000
0,
0*
#20618000
1,
#20620000
0,
1*
#20622000
1,
#20624000
0,
0*
#20626000
1,
#20628000
0,
1*
#20630000
1,
#20632000
0,
0*
#20634000
1,
#20636000
0,
1*
#20638000
1,
#20640000
0,
0*
#20642000
1,
#20644000
0,
1*
#20646000
1,
#20648000
0,
0*
#20650000
1,
#20652000
0,
1*
#20654000
1,
#20656000
0,
0*
#20658000
1,
#20660000
0,
1*
#20662000
1,
#20664000
0,
0*
#20666000
1,
#20668000
0,
1*
#20670000
1,
#20672000
0,
0*
#20674000
1,
#20676000
0,
1*
#20678000
1,
#20680000
0,
0*
#20682000
1,
#20684000
0,
1*
#20686000
1,
#20688000
0,
0*
#20690000
1,
#20692000
0,
1*
#20694000
1,
#20696000
0,
0*
#20698000
1,
#20700000
0,
1*
#20702000
1,
#20704000
0,
0*
#20706000
1,
#20708000
0,
1*
#20710000
1,
#20712000
0,
0*
#20714000
1,
#20716000
0,
1*
#20718000
1,
#20720000
0,
0*
#20722000
1,
#20724000
0,
1*
#20726000
1,
#20728000
0,
0*
#20730000
1,
#20732000
0,
1*
#20734000
1,
#20736000
0,
0*
#20738000
1,
#20740000
0,
1*
#20742000
1,
#20744000
0,
0*
#20746000
1,
#20748000
0,
1*
#20750000
1,
#20752000
0,
0*
#20754000
1,
#20756000
0,
1*
#20758000
1,
#20760000
0,
0*
#20762000
1,
#20764000
0,
1*
#20766000
1,
#20768000
0,
0*
#20770000
1,
#20772000
0,
1*
#20774000
1,
#20776000
0,
0*
#20778000
1,
#20780000
0,
1*
#20782000
1,
#20784000
0,
0*
#20786000
1,
#20788000
0,
1*
#20790000
1,
#20792000
0,
0*
#20794000
1,
#20796000
0,
1*
#20798000
1,
#20800000
0,
0*
#20802000
1,
#20804000
0,
1*
#20806000
1,
#20808000
0,
0*
#20810000
1,
#20812000
0,
1*
#20814000
1,
#20816000
0,
0*
#20818000
1,
#20820000
0,
1*
#20822000
1,
#20824000
0,
0*
#20826000
1,
#20828000
0,
1*
#20830000
1,
#20832000
0,
0*
#20834000
1,
#20836000
0,
1*
#20838000
1,
#20840000
0,
0*
#20842000
1,
#20844000
0,
1*
#20846000
1,
#20848000
0,
0*
#20850000
1,
#20852000
0,
1*
#20854000
1,
#20856000
0,
0*
#20858000
1,
#20860000
0,
1*
#20862000
1,
#20864000
0,
0*
#20866000
1,
#20868000
0,
1*
#20870000
1,
#20872000
0,
0*
#20874000
1,
#20876000
0,
1*
#20878000
1,
#20880000
0,
0*
#20882000
1,
#20884000
0,
1*
#20886000
1,
#20888000
0,
0*
#20890000
1,
#20892000
0,
1*
#20894000
1,
#20896000
0,
0*
#20898000
1,
#20900000
0,
1*
#20902000
1,
#20904000
0,
0*
#20906000
1,
#20908000
0,
1*
#20910000
1,
#20912000
0,
0*
#20914000
1,
#20916000
0,
1*
#20918000
1,
#20920000
0,
0*
#20922000
1,
#20924000
0,
1*
#20926000
1,
#20928000
0,
0*
#20930000
1,
#20932000
0,
1*
#20934000
1,
#20936000
0,
0*
#20938000
1,
#20940000
0,
1*
#20942000
1,
#20944000
0,
0*
#20946000
1,
#20948000
0,
1*
#20950000
1,
#20952000
0,
0*
#20954000
1,
#20956000
0,
1*
#20958000
1,
#20960000
0,
0*
#20962000
1,
#20964000
0,
1*
#20966000
1,
#20968000
0,
0*
#20970000
1,
#20972000
0,
1*
#20974000
1,
#20976000
0,
0*
#20978000
1,
#20980000
0,
1*
#20982000
1,
#20984000
0,
0*
#20986000
1,
#20988000
0,
1*
#20990000
1,
#20992000
0,
0*
#20994000
1,
#20996000
0,
1*
#20998000
1,
#21000000
0,
0*
#21002000
1,
#21004000
0,
1*
#21006000
1,
#21008000
0,
0*
#21010000
1,
#21012000
0,
1*
#21014000
1,
#21016000
0,
0*
#21018000
1,
#21020000
0,
1*
#21022000
1,
#21024000
0,
0*
#21026000
1,
#21028000
0,
1*
#21030000
1,
#21032000
0,
0*
#21034000
1,
#21036000
0,
1*
#21038000
1,
#21040000
0,
0*
#21042000
1,
#21044000
0,
1*
#21046000
1,
#21048000
0,
0*
#21050000
1,
#21052000
0,
1*
#21054000
1,
#21056000
0,
0*
#21058000
1,
#21060000
0,
1*
#21062000
1,
#21064000
0,
0*
#21066000
1,
#21068000
0,
1*
#21070000
1,
#21072000
0,
0*
#21074000
1,
#21076000
0,
1*
#21078000
1,
#21080000
0,
0*
#21082000
1,
#21084000
0,
1*
#21086000
1,
#21088000
0,
0*
#21090000
1,
#21092000
0,
1*
#21094000
1,
#21096000
0,
0*
#21098000
1,
#21100000
0,
1*
#21102000
1,
#21104000
0,
0*
#21106000
1,
#21108000
0,
1*
#21110000
1,
#21112000
0,
0*
#21114000
1,
#21116000
0,
1*
#21118000
1,
#21120000
0,
0*
#21122000
1,
#21124000
0,
1*
#21126000
1,
#21128000
0,
0*
#21130000
1,
#21132000
0,
1*
#21134000
1,
#21136000
0,
0*
#21138000
1,
#21140000
0,
1*
#21142000
1,
#21144000
0,
0*
#21146000
1,
#21148000
0,
1*
#21150000
1,
#21152000
0,
0*
#21154000
1,
#21156000
0,
1*
#21158000
1,
#21160000
0,
0*
#21162000
1,
#21164000
0,
1*
#21166000
1,
#21168000
0,
0*
#21170000
1,
#21172000
0,
1*
#21174000
1,
#21176000
0,
0*
#21178000
1,
#21180000
0,
1*
#21182000
1,
#21184000
0,
0*
#21186000
1,
#21188000
0,
1*
#21190000
1,
#21192000
0,
0*
#21194000
1,
#21196000
0,
1*
#21198000
1,
#21200000
0,
0*
#21202000
1,
#21204000
0,
1*
#21206000
1,
#21208000
0,
0*
#21210000
1,
#21212000
0,
1*
#21214000
1,
#21216000
0,
0*
#21218000
1,
#21220000
0,
1*
#21222000
1,
#21224000
0,
0*
#21226000
1,
#21228000
0,
1*
#21230000
1,
#21232000
0,
0*
#21234000
1,
#21236000
0,
1*
#21238000
1,
#21240000
0,
0*
#21242000
1,
#21244000
0,
1*
#21246000
1,
#21248000
0,
0*
#21250000
1,
#21252000
0,
1*
#21254000
1,
#21256000
0,
0*
#21258000
1,
#21260000
0,
1*
#21262000
1,
#21264000
0,
0*
#21266000
1,
#21268000
0,
1*
#21270000
1,
#21272000
0,
0*
#21274000
1,
#21276000
0,
1*
#21278000
1,
#21280000
0,
0*
#21282000
1,
#21284000
0,
1*
#21286000
1,
#21288000
0,
0*
#21290000
1,
#21292000
0,
1*
#21294000
1,
#21296000
0,
0*
#21298000
1,
#21300000
0,
1*
#21302000
1,
#21304000
0,
0*
#21306000
1,
#21308000
0,
1*
#21310000
1,
#21312000
0,
0*
#21314000
1,
#21316000
0,
1*
#21318000
1,
#21320000
0,
0*
#21322000
1,
#21324000
0,
1*
#21326000
1,
#21328000
0,
0*
#21330000
1,
#21332000
0,
1*
#21334000
1,
#21336000
0,
0*
#21338000
1,
#21340000
0,
1*
#21342000
1,
#21344000
0,
0*
#21346000
1,
#21348000
0,
1*
#21350000
1,
#21352000
0,
0*
#21354000
1,
#21356000
0,
1*
#21358000
1,
#21360000
0,
0*
#21362000
1,
#21364000
0,
1*
#21366000
1,
#21368000
0,
0*
#21370000
1,
#21372000
0,
1*
#21374000
1,
#21376000
0,
0*
#21378000
1,
#21380000
0,
1*
#21382000
1,
#21384000
0,
0*
#21386000
1,
#21388000
0,
1*
#21390000
1,
#21392000
0,
0*
#21394000
1,
#21396000
0,
1*
#21398000
1,
#21400000
0,
0*
#21402000
1,
#21404000
0,
1*
#21406000
1,
#21408000
0,
0*
#21410000
1,
#21412000
0,
1*
#21414000
1,
#21416000
0,
0*
#21418000
1,
#21420000
0,
1*
#21422000
1,
#21424000
0,
0*
#21426000
1,
#21428000
0,
1*
#21430000
1,
#21432000
0,
0*
#21434000
1,
#21436000
0,
1*
#21438000
1,
#21440000
0,
0*
#21442000
1,
#21444000
0,
1*
#21446000
1,
#21448000
0,
0*
#21450000
1,
#21452000
0,
1*
#21454000
1,
#21456000
0,
0*
#21458000
1,
#21460000
0,
1*
#21462000
1,
#21464000
0,
0*
#21466000
1,
#21468000
0,
1*
#21470000
1,
#21472000
0,
0*
#21474000
1,
#21476000
0,
1*
#21478000
1,
#21480000
0,
0*
#21482000
1,
#21484000
0,
1*
#21486000
1,
#21488000
0,
0*
#21490000
1,
#21492000
0,
1*
#21494000
1,
#21496000
0,
0*
#21498000
1,
#21500000
0,
1*
#21502000
1,
#21504000
0,
0*
#21506000
1,
#21508000
0,
1*
#21510000
1,
#21512000
0,
0*
#21514000
1,
#21516000
0,
1*
#21518000
1,
#21520000
0,
0*
#21522000
1,
#21524000
0,
1*
#21526000
1,
#21528000
0,
0*
#21530000
1,
#21532000
0,
1*
#21534000
1,
#21536000
0,
0*
#21538000
1,
#21540000
0,
1*
#21542000
1,
#21544000
0,
0*
#21546000
1,
#21548000
0,
1*
#21550000
1,
#21552000
0,
0*
#21554000
1,
#21556000
0,
1*
#21558000
1,
#21560000
0,
0*
#21562000
1,
#21564000
0,
1*
#21566000
1,
#21568000
0,
0*
#21570000
1,
#21572000
0,
1*
#21574000
1,
#21576000
0,
0*
#21578000
1,
#21580000
0,
1*
#21582000
1,
#21584000
0,
0*
#21586000
1,
#21588000
0,
1*
#21590000
1,
#21592000
0,
0*
#21594000
1,
#21596000
0,
1*
#21598000
1,
#21600000
0,
0*
#21602000
1,
#21604000
0,
1*
#21606000
1,
#21608000
0,
0*
#21610000
1,
#21612000
0,
1*
#21614000
1,
#21616000
0,
0*
#21618000
1,
#21620000
0,
1*
#21622000
1,
#21624000
0,
0*
#21626000
1,
#21628000
0,
1*
#21630000
1,
#21632000
0,
0*
#21634000
1,
#21636000
0,
1*
#21638000
1,
#21640000
0,
0*
#21642000
1,
#21644000
0,
1*
#21646000
1,
#21648000
0,
0*
#21650000
1,
#21652000
0,
1*
#21654000
1,
#21656000
0,
0*
#21658000
1,
#21660000
0,
1*
#21662000
1,
#21664000
0,
0*
#21666000
1,
#21668000
0,
1*
#21670000
1,
#21672000
0,
0*
#21674000
1,
#21676000
0,
1*
#21678000
1,
#21680000
0,
0*
#21682000
1,
#21684000
0,
1*
#21686000
1,
#21688000
0,
0*
#21690000
1,
#21692000
0,
1*
#21694000
1,
#21696000
0,
0*
#21698000
1,
#21700000
0,
1*
#21702000
1,
#21704000
0,
0*
#21706000
1,
#21708000
0,
1*
#21710000
1,
#21712000
0,
0*
#21714000
1,
#21716000
0,
1*
#21718000
1,
#21720000
0,
0*
#21722000
1,
#21724000
0,
1*
#21726000
1,
#21728000
0,
0*
#21730000
1,
#21732000
0,
1*
#21734000
1,
#21736000
0,
0*
#21738000
1,
#21740000
0,
1*
#21742000
1,
#21744000
0,
0*
#21746000
1,
#21748000
0,
1*
#21750000
1,
#21752000
0,
0*
#21754000
1,
#21756000
0,
1*
#21758000
1,
#21760000
0,
0*
#21762000
1,
#21764000
0,
1*
#21766000
1,
#21768000
0,
0*
#21770000
1,
#21772000
0,
1*
#21774000
1,
#21776000
0,
0*
#21778000
1,
#21780000
0,
1*
#21782000
1,
#21784000
0,
0*
#21786000
1,
#21788000
0,
1*
#21790000
1,
#21792000
0,
0*
#21794000
1,
#21796000
0,
1*
#21798000
1,
#21800000
0,
0*
#21802000
1,
#21804000
0,
1*
#21806000
1,
#21808000
0,
0*
#21810000
1,
#21812000
0,
1*
#21814000
1,
#21816000
0,
0*
#21818000
1,
#21820000
0,
1*
#21822000
1,
#21824000
0,
0*
#21826000
1,
#21828000
0,
1*
#21830000
1,
#21832000
0,
0*
#21834000
1,
#21836000
0,
1*
#21838000
1,
#21840000
0,
0*
#21842000
1,
#21844000
0,
1*
#21846000
1,
#21848000
0,
0*
#21850000
1,
#21852000
0,
1*
#21854000
1,
#21856000
0,
0*
#21858000
1,
#21860000
0,
1*
#21862000
1,
#21864000
0,
0*
#21866000
1,
#21868000
0,
1*
#21870000
1,
#21872000
0,
0*
#21874000
1,
#21876000
0,
1*
#21878000
1,
#21880000
0,
0*
#21882000
1,
#21884000
0,
1*
#21886000
1,
#21888000
0,
0*
#21890000
1,
#21892000
0,
1*
#21894000
1,
#21896000
0,
0*
#21898000
1,
#21900000
0,
1*
#21902000
1,
#21904000
0,
0*
#21906000
1,
#21908000
0,
1*
#21910000
1,
#21912000
0,
0*
#21914000
1,
#21916000
0,
1*
#21918000
1,
#21920000
0,
0*
#21922000
1,
#21924000
0,
1*
#21926000
1,
#21928000
0,
0*
#21930000
1,
#21932000
0,
1*
#21934000
1,
#21936000
0,
0*
#21938000
1,
#21940000
0,
1*
#21942000
1,
#21944000
0,
0*
#21946000
1,
#21948000
0,
1*
#21950000
1,
#21952000
0,
0*
#21954000
1,
#21956000
0,
1*
#21958000
1,
#21960000
0,
0*
#21962000
1,
#21964000
0,
1*
#21966000
1,
#21968000
0,
0*
#21970000
1,
#21972000
0,
1*
#21974000
1,
#21976000
0,
0*
#21978000
1,
#21980000
0,
1*
#21982000
1,
#21984000
0,
0*
#21986000
1,
#21988000
0,
1*
#21990000
1,
#21992000
0,
0*
#21994000
1,
#21996000
0,
1*
#21998000
1,
#22000000
0,
0*
#22002000
1,
#22004000
0,
1*
#22006000
1,
#22008000
0,
0*
#22010000
1,
#22012000
0,
1*
#22014000
1,
#22016000
0,
0*
#22018000
1,
#22020000
0,
1*
1)
#22022000
b0 L
b10000 K
b11111 O
b1111 U
b10101111 #
b10101111 1
b10101111 7
b10101111 T
1!
1,
#22024000
0,
0*
#22026000
b1111 2
b1111 8
b1111 P
b1 L
b0 K
b10101111 &
b10101111 .
b10101111 5
b10101111 9
b0 O
b11111 R
b10000 0
b10000 H
b10000 S
b0 U
b10110000 #
b10110000 1
b10110000 7
b10110000 T
1,
#22028000
b10000 I
0,
1*
#22030000
b0 2
b0 8
b0 P
b11 L
b1 K
b1 U
b10110001 #
b10110001 1
b10110001 7
b10110001 T
b1 O
b0 R
b0 0
b0 H
b0 S
1,
#22032000
0,
0*
#22034000
b1 2
b1 8
b1 P
b10 L
b11 K
b10 O
b1 R
b1 0
b1 H
b1 S
b10 U
b10110010 #
b10110010 1
b10110010 7
b10110010 T
1,
#22036000
1B
0?
b10000 3
b10000 >
b10000 J
b1 I
0,
1*
#22038000
b10 2
b10 8
b10 P
b110 L
b10 K
b11 U
b10110011 #
b10110011 1
b10110011 7
b10110011 T
b11 O
b10 R
b11 0
b11 H
b11 S
1,
#22040000
0,
0*
#22042000
b11 2
b11 8
b11 P
b111 L
b110 K
b100 O
b11 R
b10 0
b10 H
b10 S
b100 U
b10110100 #
b10110100 1
b10110100 7
b10110100 T
1,
#22044000
0B
b1 3
b1 >
b1 J
b10 I
0%
1(
0,
1*
#22046000
b100 2
b100 8
b100 P
b101 L
b111 K
b101 U
b10110101 #
b10110101 1
b10110101 7
b10110101 T
b101 O
b100 R
b110 0
b110 H
b110 S
1,
#22048000
0,
0*
#22050000
b101 2
b101 8
b101 P
b100 L
b101 K
b110 O
b101 R
b111 0
b111 H
b111 S
b110 U
b10110110 #
b10110110 1
b10110110 7
b10110110 T
1,
#22052000
b0 =
b10000 <
b11111 @
1$
0(
b10 3
b10 >
b10 J
b111 I
0,
1*
#22054000
b110 2
b110 8
b110 P
b1100 L
b100 K
b111 U
b10110111 #
b10110111 1
b10110111 7
b10110111 T
b111 O
b110 R
b101 0
b101 H
b101 S
1,
#22056000
0,
0*
#22058000
b111 2
b111 8
b111 P
b1101 L
b1100 K
b1000 O
b111 R
b100 0
b100 H
b100 S
b1000 U
b10111000 #
b10111000 1
b10111000 7
b10111000 T
1,
#22060000
b10110000 &
b10110000 .
b10110000 5
b10110000 9
b1111 6
b1111 :
b1111 A
b1 =
b0 <
b111 3
b111 >
b111 J
b100 I
b0 @
b11111 C
b10000 4
b10000 D
b10000 E
0,
1*
#22062000
b1000 2
b1000 8
b1000 P
b1111 L
b1101 K
b1001 U
b10111001 #
b10111001 1
b10111001 7
b10111001 T
b10000 F
b1001 O
b1000 R
b1100 0
b1100 H
b1100 S
1,
#22064000
0,
0*
#22066000
b1001 2
b1001 8
b1001 P
b1110 L
b1111 K
b1010 O
b1001 R
b1101 0
b1101 H
b1101 S
b10000 /
b10000 G
b10000 M
b1010 U
b10111010 #
b10111010 1
b10111010 7
b10111010 T
1,
#22068000
b10110001 &
b10110001 .
b10110001 5
b10110001 9
b0 6
b0 :
b0 A
b11 =
b1 <
b1 @
b0 C
b0 4
b0 D
b0 E
b100 3
b100 >
b100 J
b1101 I
0,
1*
#22070000
b1010 2
b1010 8
b1010 P
b1010 L
b1110 K
b1011 U
b10111011 #
b10111011 1
b10111011 7
b10111011 T
b0 F
b1011 O
b1010 R
b1111 0
b1111 H
b1111 S
1,
#22072000
0,
0*
#22074000
b1011 2
b1011 8
b1011 P
b1011 L
b1010 K
b1100 O
b1011 R
b1110 0
b1110 H
b1110 S
b0 /
b0 G
b0 M
b1100 U
b10111100 #
b10111100 1
b10111100 7
b10111100 T
1,
#22076000
b10110010 &
b10110010 .
b10110010 5
b10110010 9
b1 6
b1 :
b1 A
b10 =
b11 <
b1101 3
b1101 >
b1101 J
b1110 I
b10 @
b1 C
b1 4
b1 D
b1 E
0,
1*
#22078000
b1100 2
b1100 8
b1100 P
b1001 L
b1011 K
b1101 U
b10111101 #
b10111101 1
b10111101 7
b10111101 T
b1 F
b1101 O
b1100 R
b1010 0
b1010 H
b1010 S
1,
#22080000
0,
0*
#22082000
b1101 2
b1101 8
b1101 P
b1000 L
b1001 K
b1110 O
b1101 R
b1011 0
b1011 H
b1011 S
b1 /
b1 G
b1 M
b1110 U
b10111110 #
b10111110 1
b10111110 7
b10111110 T
1,
#22084000
b10110011 &
b10110011 .
b10110011 5
b10110011 9
b10 6
b10 :
b10 A
b110 =
b10 <
b11 @
b10 C
b11 4
b11 D
b11 E
b1110 3
b1110 >
b1110 J
b1011 I
0,
1*
#22086000
b1110 2
b1110 8
b1110 P
b11000 L
b1000 K
b1111 U
b10111111 #
b10111111 1
b10111111 7
b10111111 T
b11 F
b1111 O
b1110 R
b1001 0
b1001 H
b1001 S
1,
#22088000
0,
0*
#22090000
b1111 2
b1111 8
b1111 P
b11001 L
b11000 K
b10000 O
b1111 R
b1000 0
b1000 H
b1000 S
b11 /
b11 G
b11 M
b0 U
b11000000 #
b11000000 1
b11000000 7
b11000000 T
1,
#22092000
b10110100 &
b10110100 .
b10110100 5
b10110100 9
b11 6
b11 :
b11 A
b111 =
b110 <
b1011 3
b1011 >
b1011 J
b1000 I
b100 @
b11 C
b10 4
b10 D
b10 E
0,
1*
#22094000
1Q
b0 2
b0 8
b0 P
b11011 L
b11001 K
b1 U
b11000001 #
b11000001 1
b11000001 7
b11000001 T
b10 F
b10001 O
b10000 R
b11000 0
b11000 H
b11000 S
1,
#22096000
0,
0*
#22098000
b1 2
b1 8
b1 P
b11010 L
0N
b11011 K
1Q
1'
b10010 O
b10001 R
b11001 0
b11001 H
b11001 S
b10 /
b10 G
b10 M
b10 U
b11000010 #
b11000010 1
b11000010 7
b11000010 T
1,
#22100000
b10110101 &
b10110101 .
b10110101 5
b10110101 9
b100 6
b100 :
b100 A
b101 =
b111 <
b101 @
b100 C
b110 4
b110 D
b110 E
b1000 3
b1000 >
b1000 J
b11001 I
0,
1*
#22102000
b10 2
b10 8
b10 P
0Q
b11110 L
1N
b11010 K
b11 U
b11000011 #
b11000011 1
b11000011 7
b11000011 T
b110 F
b10011 O
b10010 R
b11011 0
b11011 H
b11011 S
1,
#22104000
0,
0*
#22106000
b11 2
b11 8
b11 P
b11110 L
b11010 K
0N
1Q
1"
0'
b10011 O
b10011 R
b11010 0
b11010 H
b11010 S
b110 /
b110 G
b110 M
b100 U
b11000100 #
b11000100 1
b11000100 7
b11000100 T
1,
#22108000
b10110110 &
b10110110 .
b10110110 5
b10110110 9
b101 6
b101 :
b101 A
b100 =
b101 <
b11001 3
b11001 >
b11001 J
b11010 I
b110 @
b101 C
b111 4
b111 D
b111 E
0,
1*
#22110000
0!
b111 F
0"
1'
1,
#22112000
0,
0*
#22114000
b11111 L
b11110 K
b10100 O
1Q
b111 /
b111 G
b111 M
b101 U
b11000101 #
b11000101 1
b11000101 7
b11000101 T
1!
1,
#22116000
b10110111 &
b10110111 .
b10110111 5
b10110111 9
b110 6
b110 :
b110 A
b1100 =
b100 <
b111 @
b110 C
b101 4
b101 D
b101 E
b11010 3
b11010 >
b11010 J
0,
1*
#22118000
b100 2
b100 8
b100 P
0Q
b11101 L
1N
b11111 K
b110 U
b11000110 #
b11000110 1
b11000110 7
b11000110 T
b101 F
b10101 O
b10100 R
b11110 0
b11110 H
b11110 S
1,
#22120000
0,
0*
#22122000
b101 2
b101 8
b101 P
b11101 L
b11111 K
0N
1Q
1"
0'
b10101 O
b10101 R
b11111 0
b11111 H
b11111 S
b101 /
b101 G
b101 M
b111 U
b11000111 #
b11000111 1
b11000111 7
b11000111 T
1,
#22124000
b10111000 &
b10111000 .
b10111000 5
b10111000 9
b111 6
b111 :
b111 A
b1101 =
b1100 <
b11111 I
b1000 @
b111 C
b100 4
b100 D
b100 E
0,
1*
#22126000
0!
b100 F
0"
1'
1,
#22128000
0,
0*
#22130000
b11100 L
0N
b11101 K
b10110 O
1Q
b100 /
b100 G
b100 M
b1000 U
b11001000 #
b11001000 1
b11001000 7
b11001000 T
1!
1,
#22132000
b10111001 &
b10111001 .
b10111001 5
b10111001 9
b1000 6
b1000 :
b1000 A
b1111 =
b1101 <
b1001 @
b1000 C
b1100 4
b1100 D
b1100 E
b11111 3
b11111 >
b11111 J
0,
1*
#22134000
b110 2
b110 8
b110 P
0Q
b10100 L
1N
b11100 K
b1001 U
b11001001 #
b11001001 1
b11001001 7
b11001001 T
b1100 F
b10111 O
b10110 R
b11101 0
b11101 H
b11101 S
1,
#22136000
0,
0*
#22138000
1Q
b111 2
b111 8
b111 P
b10100 L
0N
b11100 K
1"
0'
b10111 O
b10111 R
b11100 0
b11100 H
b11100 S
b1100 /
b1100 G
b1100 M
b1010 U
b11001010 #
b11001010 1
b11001010 7
b11001010 T
1,
#22140000
b10111010 &
b10111010 .
b10111010 5
b10111010 9
b1001 6
b1001 :
b1001 A
b1110 =
b1111 <
b11100 I
b1010 @
b1001 C
b1101 4
b1101 D
b1101 E
0,
1*
#22142000
0!
b1101 F
0"
1'
1,
#22144000
0,
0*
#22146000
b10101 L
b10100 K
b11000 O
1Q
b1101 /
b1101 G
b1101 M
b1011 U
b11001011 #
b11001011 1
b11001011 7
b11001011 T
1!
1,
#22148000
b10111011 &
b10111011 .
b10111011 5
b10111011 9
b1010 6
b1010 :
b1010 A
b1010 =
b1110 <
b1011 @
b1010 C
b1111 4
b1111 D
b1111 E
b11100 3
b11100 >
b11100 J
0,
1*
#22150000
b1000 2
b1000 8
b1000 P
0Q
b10111 L
1N
b10101 K
b1100 U
b11001100 #
b11001100 1
b11001100 7
b11001100 T
b1111 F
b11001 O
b11000 R
b10100 0
b10100 H
b10100 S
1,
#22152000
0,
0*
#22154000
b1001 2
b1001 8
b1001 P
b10111 L
b10101 K
0N
1Q
1"
0'
b11001 O
b11001 R
b10101 0
b10101 H
b10101 S
b1111 /
b1111 G
b1111 M
b1101 U
b11001101 #
b11001101 1
b11001101 7
b11001101 T
1,
#22156000
b10111100 &
b10111100 .
b10111100 5
b10111100 9
b1011 6
b1011 :
b1011 A
b1011 =
b1010 <
b10101 I
b1100 @
b1011 C
b1110 4
b1110 D
b1110 E
0,
1*
#22158000
0!
b1110 F
0"
1'
1,
#22160000
0,
0*
#22162000
b10110 L
0N
b10111 K
b11010 O
1Q
b1110 /
b1110 G
b1110 M
b1110 U
b11001110 #
b11001110 1
b11001110 7
b11001110 T
1!
1,
#22164000
b10111101 &
b10111101 .
b10111101 5
b10111101 9
b1100 6
b1100 :
b1100 A
b1001 =
b1011 <
b1101 @
b1100 C
b1010 4
b1010 D
b1010 E
b10101 3
b10101 >
b10101 J
0,
1*
#22166000
b1010 2
b1010 8
b1010 P
0Q
b10010 L
1N
b10110 K
b1111 U
b11001111 #
b11001111 1
b11001111 7
b11001111 T
b1010 F
b11011 O
b11010 R
b10111 0
b10111 H
b10111 S
1,
#22168000
0,
0*
#22170000
b1011 2
b1011 8
b1011 P
b10010 L
b10110 K
0N
1Q
1"
0'
b11011 O
b11011 R
b10110 0
b10110 H
b10110 S
b1010 /
b1010 G
b1010 M
b0 U
b11010000 #
b11010000 1
b11010000 7
b11010000 T
1,
#22172000
b10111110 &
b10111110 .
b10111110 5
b10111110 9
b1101 6
b1101 :
b1101 A
b1000 =
b1001 <
b10110 I
b1110 @
b1101 C
b1011 4
b1011 D
b1011 E
0,
1*
#22174000
0!
b1011 F
0"
1'
1,
#22176000
0,
0*
#22178000
b10011 L
b10010 K
b11100 O
1Q
b1011 /
b1011 G
b1011 M
b1 U
b11010001 #
b11010001 1
b11010001 7
b11010001 T
1!
1,
#22180000
b10111111 &
b10111111 .
b10111111 5
b10111111 9
b1110 6
b1110 :
b1110 A
b11000 =
b1000 <
b1111 @
b1110 C
b1001 4
b1001 D
b1001 E
b10110 3
b10110 >
b10110 J
0,
1*
#22182000
b1100 2
b1100 8
b1100 P
0Q
b10001 L
1N
b10011 K
b10 U
b11010010 #
b11010010 1
b11010010 7
b11010010 T
b1001 F
b11101 O
b11100 R
b10010 0
b10010 H
b10010 S
1,
#22184000
0,
0*
#22186000
b1101 2
b1101 8
b1101 P
b10001 L
b10011 K
0N
1Q
1"
0'
b11101 O
b11101 R
b10011 0
b10011 H
b10011 S
b1001 /
b1001 G
b1001 M
b11 U
b11010011 #
b11010011 1
b11010011 7
b11010011 T
1,
#22188000
b11000000 &
b11000000 .
b11000000 5
b11000000 9
b1111 6
b1111 :
b1111 A
b11001 =
b11000 <
b10011 I
b10000 @
b1111 C
b1000 4
b1000 D
b1000 E
0,
1*
#22190000
0!
b1000 F
0"
1'
1,
#22192000
0,
0*
#22194000
b10000 L
0N
b10001 K
b11110 O
1Q
b1000 /
b1000 G
b1000 M
b100 U
b11010100 #
b11010100 1
b11010100 7
b11010100 T
1!
1,
#22196000
b11000001 &
b11000001 .
b11000001 5
b11000001 9
b0 6
b0 :
b0 A
b11011 =
b11001 <
b10001 @
b10000 C
b11000 4
b11000 D
b11000 E
b10011 3
b10011 >
b10011 J
0,
1*
#22198000
b1110 2
b1110 8
b1110 P
0Q
b0 L
1N
b10000 K
b101 U
b11010101 #
b11010101 1
b11010101 7
b11010101 T
b11000 F
b11111 O
b11110 R
b10001 0
b10001 H
b10001 S
1,
#22200000
0,
0*
#22202000
1Q
b1111 2
b1111 8
b1111 P
b0 L
0N
b10000 K
1"
0'
b11111 O
b11111 R
b10000 0
b10000 H
b10000 S
b11000 /
b11000 G
b11000 M
b110 U
b11010110 #
b11010110 1
b11010110 7
b11010110 T
1,
#22204000
b11000010 &
b11000010 .
b11000010 5
b11000010 9
b1 6
b1 :
b1 A
b11010 =
b11011 <
b10000 I
b10010 @
b10001 C
b11001 4
b11001 D
b11001 E
0,
1*
#22206000
0!
b11001 F
0"
1'
1,
#22208000
0,
0*
#22210000
b1 L
b0 K
b0 O
1Q
b11001 /
b11001 G
b11001 M
b111 U
b11010111 #
b11010111 1
b11010111 7
b11010111 T
1!
1,
#22212000
b11000011 &
b11000011 .
b11000011 5
b11000011 9
b10 6
b10 :
b10 A
b11110 =
b11010 <
b10011 @
b10010 C
b11011 4
b11011 D
b11011 E
b10000 3
b10000 >
b10000 J
0,
1*
#22214000
b0 2
b0 8
b0 P
0Q
b11 L
1N
b1 K
b1000 U
b11011000 #
b11011000 1
b11011000 7
b11011000 T
b11011 F
b1 O
b0 R
b0 0
b0 H
b0 S
1,
#22216000
0,
0*
#22218000
b1 2
b1 8
b1 P
b11 L
b1 K
0N
1Q
1"
0'
b1 O
b1 R
b1 0
b1 H
b1 S
b11011 /
b11011 G
b11011 M
b1001 U
b11011001 #
b11011001 1
b11011001 7
b11011001 T
1,
#22220000
b11000101 &
b11000101 .
b11000101 5
b11000101 9
b11 6
b11 :
b11 A
b11111 =
b11110 <
b1 I
b10100 @
b10011 C
b11010 4
b11010 D
b11010 E
0,
1*
0)
#22222000
0!
b11010 F
0"
1'
1,
#22224000
0,
0*
#22226000
0Q
b11010 /
b11010 G
b11010 M
1,
#22228000
b11000110 &
b11000110 .
b11000110 5
b11000110 9
b100 6
b100 :
b100 A
b11101 =
b11111 <
b10101 @
b10100 C
b11110 4
b11110 D
b11110 E
b1 3
b1 >
b1 J
0,
1*
#22230000
b11110 F
0'
1,
#22232000
0,
0*
#22234000
b11110 /
b11110 G
b11110 M
1,
#22236000
b11001000 &
b11001000 .
b11001000 5
b11001000 9
b101 6
b101 :
b101 A
b11100 =
b11101 <
b10110 @
b10101 C
b11111 4
b11111 D
b11111 E
0,
1*
#22238000
b11111 F
1,
#22240000
0,
0*
#22242000
b11111 /
b11111 G
b11111 M
1,
#22244000
b11001001 &
b11001001 .
b11001001 5
b11001001 9
b110 6
b110 :
b110 A
b10100 =
b11100 <
b10111 @
b10110 C
b11101 4
b11101 D
b11101 E
0,
1*
#22246000
b11101 F
1,
#22248000
0,
0*
#22250000
b11101 /
b11101 G
b11101 M
1,
#22252000
b11001011 &
b11001011 .
b11001011 5
b11001011 9
b111 6
b111 :
b111 A
b10101 =
b10100 <
b11000 @
b10111 C
b11100 4
b11100 D
b11100 E
0,
1*
#22254000
b11100 F
1,
#22256000
0,
0*
#22258000
b11100 /
b11100 G
b11100 M
1,
#22260000
b11001100 &
b11001100 .
b11001100 5
b11001100 9
b1000 6
b1000 :
b1000 A
b10111 =
b10101 <
b11001 @
b11000 C
b10100 4
b10100 D
b10100 E
0,
1*
#22262000
b10100 F
1,
#22264000
0,
0*
#22266000
b10100 /
b10100 G
b10100 M
1,
#22268000
b11001110 &
b11001110 .
b11001110 5
b11001110 9
b1001 6
b1001 :
b1001 A
b10110 =
b10111 <
b11010 @
b11001 C
b10101 4
b10101 D
b10101 E
0,
1*
#22270000
b10101 F
1,
#22272000
0,
0*
#22274000
b10101 /
b10101 G
b10101 M
1,
#22276000
b11001111 &
b11001111 .
b11001111 5
b11001111 9
b1010 6
b1010 :
b1010 A
b10010 =
b10110 <
b11011 @
b11010 C
b10111 4
b10111 D
b10111 E
0,
1*
#22278000
b10111 F
1,
#22280000
0,
0*
#22282000
b10111 /
b10111 G
b10111 M
1,
#22284000
b11010001 &
b11010001 .
b11010001 5
b11010001 9
b1011 6
b1011 :
b1011 A
b10011 =
b10010 <
b11100 @
b11011 C
b10110 4
b10110 D
b10110 E
0,
1*
#22286000
b10110 F
1,
#22288000
0,
0*
#22290000
b10110 /
b10110 G
b10110 M
1,
#22292000
b11010010 &
b11010010 .
b11010010 5
b11010010 9
b1100 6
b1100 :
b1100 A
b10001 =
b10011 <
b11101 @
b11100 C
b10010 4
b10010 D
b10010 E
0,
1*
#22294000
b10010 F
1,
#22296000
0,
0*
#22298000
b10010 /
b10010 G
b10010 M
1,
#22300000
b11010100 &
b11010100 .
b11010100 5
b11010100 9
b1101 6
b1101 :
b1101 A
b10000 =
b10001 <
b11110 @
b11101 C
b10011 4
b10011 D
b10011 E
0,
1*
#22302000
b10011 F
1,
#22304000
0,
0*
#22306000
b10011 /
b10011 G
b10011 M
1,
#22308000
b11010101 &
b11010101 .
b11010101 5
b11010101 9
b1110 6
b1110 :
b1110 A
b0 =
b10000 <
b11111 @
b11110 C
b10001 4
b10001 D
b10001 E
0,
1*
#22310000
b10001 F
1,
#22312000
0,
0*
#22314000
b10001 /
b10001 G
b10001 M
1,
#22316000
b11010111 &
b11010111 .
b11010111 5
b11010111 9
b1111 6
b1111 :
b1111 A
1B
b1 =
b0 <
b0 @
b11111 C
b10000 4
b10000 D
b10000 E
0,
1*
#22318000
b10000 F
1,
#22320000
0,
0*
#22322000
b10000 /
b10000 G
b10000 M
1,
#22324000
b11011000 &
b11011000 .
b11011000 5
b11011000 9
b0 6
b0 :
b0 A
0B
b11 =
1?
b1 <
1(
b1 @
b0 C
b0 4
b0 D
b0 E
0,
1*
#22326000
b0 F
1,
#22328000
0,
0*
#22330000
b0 /
b0 G
b0 M
1,
#22332000
b11000010 &
b11000010 .
b11000010 5
b11000010 9
b1 6
b1 :
b1 A
b11 =
1?
b1 <
b1 @
b1 C
b1 4
b1 D
b1 E
1%
0(
0,
1*
#22334000
b1 F
1,
#22336000
0,
0*
#22338000
b1 /
b1 G
b1 M
1,
#22340000
0$
0,
1*
#22342000
1,
#22344000
0,
0*
#22346000
1,
#22348000
0,
1*
#22350000
1,
#22352000
0,
0*
#22354000
1,
#22356000
0,
1*
#22358000
1,
#22360000
0,
0*
#22362000
1,
#22364000
0,
1*
#22366000
1,
#22368000
0,
0*
#22370000
1,
#22372000
0,
1*
#22374000
1,
#22376000
0,
0*
#22378000
1,
#22380000
0,
1*
#22382000
1,
#22384000
0,
0*
#22386000
1,
#22388000
0,
1*
#22390000
1,
#22392000
0,
0*
#22394000
1,
#22396000
0,
1*
#22398000
1,
#22400000
0,
0*
#22402000
1,
#22404000
0,
1*
#22406000
1,
#22408000
0,
0*
#22410000
1,
#22412000
0,
1*
#22414000
1,
#22416000
0,
0*
#22418000
1,
#22420000
0,
1*
#22422000
1,
#22424000
0,
0*
#22426000
1,
#22428000
0,
1*
#22430000
1,
#22432000
0,
0*
#22434000
1,
#22436000
0,
1*
#22438000
1,
#22440000
0,
0*
#22442000
1,
#22444000
0,
1*
#22446000
1,
#22448000
0,
0*
#22450000
1,
#22452000
0,
1*
#22454000
1,
#22456000
0,
0*
#22458000
1,
#22460000
0,
1*
#22462000
1,
#22464000
0,
0*
#22466000
1,
#22468000
0,
1*
#22470000
1,
#22472000
0,
0*
#22474000
1,
#22476000
0,
1*
#22478000
1,
#22480000
0,
0*
#22482000
1,
#22484000
0,
1*
#22486000
1,
#22488000
0,
0*
#22490000
1,
#22492000
0,
1*
#22494000
1,
#22496000
0,
0*
#22498000
1,
#22500000
0,
1*
#22502000
1,
#22504000
0,
0*
#22506000
1,
#22508000
0,
1*
#22510000
1,
#22512000
0,
0*
#22514000
1,
#22516000
0,
1*
#22518000
1,
#22520000
0,
0*
#22522000
1,
#22524000
0,
1*
#22526000
1,
#22528000
0,
0*
#22530000
1,
#22532000
0,
1*
#22534000
1,
#22536000
0,
0*
#22538000
1,
#22540000
0,
1*
#22542000
1,
#22544000
0,
0*
#22546000
1,
#22548000
0,
1*
#22550000
1,
#22552000
0,
0*
#22554000
1,
#22556000
0,
1*
#22558000
1,
#22560000
0,
0*
#22562000
1,
#22564000
0,
1*
#22566000
1,
#22568000
0,
0*
#22570000
1,
#22572000
0,
1*
#22574000
1,
#22576000
0,
0*
#22578000
1,
#22580000
0,
1*
#22582000
1,
#22584000
0,
0*
#22586000
1,
#22588000
0,
1*
#22590000
1,
#22592000
0,
0*
#22594000
1,
#22596000
0,
1*
#22598000
1,
#22600000
0,
0*
#22602000
1,
#22604000
0,
1*
#22606000
1,
#22608000
0,
0*
#22610000
1,
#22612000
0,
1*
#22614000
1,
#22616000
0,
0*
#22618000
1,
#22620000
0,
1*
#22622000
1,
#22624000
0,
0*
#22626000
1,
#22628000
0,
1*
#22630000
1,
#22632000
0,
0*
#22634000
1,
#22636000
0,
1*
#22638000
1,
#22640000
0,
0*
#22642000
1,
#22644000
0,
1*
#22646000
1,
#22648000
0,
0*
#22650000
1,
#22652000
0,
1*
#22654000
1,
#22656000
0,
0*
#22658000
1,
#22660000
0,
1*
#22662000
1,
#22664000
0,
0*
#22666000
1,
#22668000
0,
1*
#22670000
1,
#22672000
0,
0*
#22674000
1,
#22676000
0,
1*
#22678000
1,
#22680000
0,
0*
#22682000
1,
#22684000
0,
1*
#22686000
1,
#22688000
0,
0*
#22690000
1,
#22692000
0,
1*
#22694000
1,
#22696000
0,
0*
#22698000
1,
#22700000
0,
1*
#22702000
1,
#22704000
0,
0*
#22706000
1,
#22708000
0,
1*
#22710000
1,
#22712000
0,
0*
#22714000
1,
#22716000
0,
1*
#22718000
1,
#22720000
0,
0*
#22722000
1,
#22724000
0,
1*
#22726000
1,
#22728000
0,
0*
#22730000
1,
#22732000
0,
1*
#22734000
1,
#22736000
0,
0*
#22738000
1,
#22740000
0,
1*
#22742000
1,
#22744000
0,
0*
#22746000
1,
#22748000
0,
1*
#22750000
1,
#22752000
0,
0*
#22754000
1,
#22756000
0,
1*
#22758000
1,
#22760000
0,
0*
#22762000
1,
#22764000
0,
1*
#22766000
1,
#22768000
0,
0*
#22770000
1,
#22772000
0,
1*
#22774000
1,
#22776000
0,
0*
#22778000
1,
#22780000
0,
1*
#22782000
1,
#22784000
0,
0*
#22786000
1,
#22788000
0,
1*
#22790000
1,
#22792000
0,
0*
#22794000
1,
#22796000
0,
1*
#22798000
1,
#22800000
0,
0*
#22802000
1,
#22804000
0,
1*
#22806000
1,
#22808000
0,
0*
#22810000
1,
#22812000
0,
1*
#22814000
1,
#22816000
0,
0*
#22818000
1,
#22820000
0,
1*
#22822000
1,
#22824000
0,
0*
#22826000
1,
#22828000
0,
1*
#22830000
1,
#22832000
0,
0*
#22834000
1,
#22836000
0,
1*
#22838000
1,
#22840000
0,
0*
#22842000
1,
#22844000
0,
1*
#22846000
1,
#22848000
0,
0*
#22850000
1,
#22852000
0,
1*
#22854000
1,
#22856000
0,
0*
#22858000
1,
#22860000
0,
1*
#22862000
1,
#22864000
0,
0*
#22866000
1,
#22868000
0,
1*
#22870000
1,
#22872000
0,
0*
#22874000
1,
#22876000
0,
1*
#22878000
1,
#22880000
0,
0*
#22882000
1,
#22884000
0,
1*
#22886000
1,
#22888000
0,
0*
#22890000
1,
#22892000
0,
1*
#22894000
1,
#22896000
0,
0*
#22898000
1,
#22900000
0,
1*
#22902000
1,
#22904000
0,
0*
#22906000
1,
#22908000
0,
1*
#22910000
1,
#22912000
0,
0*
#22914000
1,
#22916000
0,
1*
#22918000
1,
#22920000
0,
0*
#22922000
1,
#22924000
0,
1*
#22926000
1,
#22928000
0,
0*
#22930000
1,
#22932000
0,
1*
#22934000
1,
#22936000
0,
0*
#22938000
1,
#22940000
0,
1*
#22942000
1,
#22944000
0,
0*
#22946000
1,
#22948000
0,
1*
#22950000
1,
#22952000
0,
0*
#22954000
1,
#22956000
0,
1*
#22958000
1,
#22960000
0,
0*
#22962000
1,
#22964000
0,
1*
#22966000
1,
#22968000
0,
0*
#22970000
1,
#22972000
0,
1*
#22974000
1,
#22976000
0,
0*
#22978000
1,
#22980000
0,
1*
#22982000
1,
#22984000
0,
0*
#22986000
1,
#22988000
0,
1*
#22990000
1,
#22992000
0,
0*
#22994000
1,
#22996000
0,
1*
#22998000
1,
#23000000
0,
0*
#23002000
1,
#23004000
0,
1*
#23006000
1,
#23008000
0,
0*
#23010000
1,
#23012000
0,
1*
#23014000
1,
#23016000
0,
0*
#23018000
1,
#23020000
0,
1*
#23022000
1,
#23024000
0,
0*
#23026000
1,
#23028000
0,
1*
#23030000
1,
#23032000
0,
0*
#23034000
1,
#23036000
0,
1*
#23038000
1,
#23040000
0,
0*
#23042000
1,
#23044000
0,
1*
#23046000
1,
#23048000
0,
0*
#23050000
1,
#23052000
0,
1*
#23054000
1,
#23056000
0,
0*
#23058000
1,
#23060000
0,
1*
#23062000
1,
#23064000
0,
0*
#23066000
1,
#23068000
0,
1*
#23070000
1,
#23072000
0,
0*
#23074000
1,
#23076000
0,
1*
#23078000
1,
#23080000
0,
0*
#23082000
1,
#23084000
0,
1*
#23086000
1,
#23088000
0,
0*
#23090000
1,
#23092000
0,
1*
#23094000
1,
#23096000
0,
0*
#23098000
1,
#23100000
0,
1*
#23102000
1,
#23104000
0,
0*
#23106000
1,
#23108000
0,
1*
#23110000
1,
#23112000
0,
0*
#23114000
1,
#23116000
0,
1*
#23118000
1,
#23120000
0,
0*
#23122000
1,
#23124000
0,
1*
#23126000
1,
#23128000
0,
0*
#23130000
1,
#23132000
0,
1*
#23134000
1,
#23136000
0,
0*
#23138000
1,
#23140000
0,
1*
#23142000
1,
#23144000
0,
0*
#23146000
1,
#23148000
0,
1*
#23150000
1,
#23152000
0,
0*
#23154000
1,
#23156000
0,
1*
#23158000
1,
#23160000
0,
0*
#23162000
1,
#23164000
0,
1*
#23166000
1,
#23168000
0,
0*
#23170000
1,
#23172000
0,
1*
#23174000
1,
#23176000
0,
0*
#23178000
1,
#23180000
0,
1*
#23182000
1,
#23184000
0,
0*
#23186000
1,
#23188000
0,
1*
#23190000
1,
#23192000
0,
0*
#23194000
1,
#23196000
0,
1*
#23198000
1,
#23200000
0,
0*
#23202000
1,
#23204000
0,
1*
#23206000
1,
#23208000
0,
0*
#23210000
1,
#23212000
0,
1*
#23214000
1,
#23216000
0,
0*
#23218000
1,
#23220000
0,
1*
#23222000
1,
#23224000
0,
0*
#23226000
1,
#23228000
0,
1*
#23230000
1,
#23232000
0,
0*
#23234000
1,
#23236000
0,
1*
#23238000
1,
#23240000
0,
0*
#23242000
1,
#23244000
0,
1*
#23246000
1,
#23248000
0,
0*
#23250000
1,
#23252000
0,
1*
#23254000
1,
#23256000
0,
0*
#23258000
1,
#23260000
0,
1*
#23262000
1,
#23264000
0,
0*
#23266000
1,
#23268000
0,
1*
#23270000
1,
#23272000
0,
0*
#23274000
1,
#23276000
0,
1*
#23278000
1,
#23280000
0,
0*
#23282000
1,
#23284000
0,
1*
#23286000
1,
#23288000
0,
0*
#23290000
1,
#23292000
0,
1*
#23294000
1,
#23296000
0,
0*
#23298000
1,
#23300000
0,
1*
#23302000
1,
#23304000
0,
0*
#23306000
1,
#23308000
0,
1*
#23310000
1,
#23312000
0,
0*
#23314000
1,
#23316000
0,
1*
#23318000
1,
#23320000
0,
0*
#23322000
1,
#23324000
0,
1*
#23326000
1,
#23328000
0,
0*
#23330000
1,
#23332000
0,
1*
#23334000
1,
#23336000
0,
0*
#23338000
1,
#23340000
0,
1*
#23342000
1,
#23344000
0,
0*
#23346000
1,
#23348000
0,
1*
#23350000
1,
#23352000
0,
0*
#23354000
1,
#23356000
0,
1*
#23358000
1,
#23360000
0,
0*
#23362000
1,
#23364000
0,
1*
#23366000
1,
#23368000
0,
0*
#23370000
1,
#23372000
0,
1*
#23374000
1,
#23376000
0,
0*
#23378000
1,
#23380000
0,
1*
#23382000
1,
#23384000
0,
0*
#23386000
1,
#23388000
0,
1*
#23390000
1,
#23392000
0,
0*
#23394000
1,
#23396000
0,
1*
#23398000
1,
#23400000
0,
0*
#23402000
1,
#23404000
0,
1*
#23406000
1,
#23408000
0,
0*
#23410000
1,
#23412000
0,
1*
#23414000
1,
#23416000
0,
0*
#23418000
1,
#23420000
0,
1*
#23422000
1,
#23424000
0,
0*
#23426000
1,
#23428000
0,
1*
#23430000
1,
#23432000
0,
0*
#23434000
1,
#23436000
0,
1*
#23438000
1,
#23440000
0,
0*
#23442000
1,
#23444000
0,
1*
#23446000
1,
#23448000
0,
0*
#23450000
1,
#23452000
0,
1*
#23454000
1,
#23456000
0,
0*
#23458000
1,
#23460000
0,
1*
#23462000
1,
#23464000
0,
0*
#23466000
1,
#23468000
0,
1*
#23470000
1,
#23472000
0,
0*
#23474000
1,
#23476000
0,
1*
#23478000
1,
#23480000
0,
0*
#23482000
1,
#23484000
0,
1*
#23486000
1,
#23488000
0,
0*
#23490000
1,
#23492000
0,
1*
#23494000
1,
#23496000
0,
0*
#23498000
1,
#23500000
0,
1*
#23502000
1,
#23504000
0,
0*
#23506000
1,
#23508000
0,
1*
#23510000
1,
#23512000
0,
0*
#23514000
1,
#23516000
0,
1*
#23518000
1,
#23520000
0,
0*
#23522000
1,
#23524000
0,
1*
#23526000
1,
#23528000
0,
0*
#23530000
1,
#23532000
0,
1*
#23534000
1,
#23536000
0,
0*
#23538000
1,
#23540000
0,
1*
#23542000
1,
#23544000
0,
0*
#23546000
1,
#23548000
0,
1*
#23550000
1,
#23552000
0,
0*
#23554000
1,
#23556000
0,
1*
#23558000
1,
#23560000
0,
0*
#23562000
1,
#23564000
0,
1*
#23566000
1,
#23568000
0,
0*
#23570000
1,
#23572000
0,
1*
#23574000
1,
#23576000
0,
0*
#23578000
1,
#23580000
0,
1*
#23582000
1,
#23584000
0,
0*
#23586000
1,
#23588000
0,
1*
#23590000
1,
#23592000
0,
0*
#23594000
1,
#23596000
0,
1*
#23598000
1,
#23600000
0,
0*
#23602000
1,
#23604000
0,
1*
#23606000
1,
#23608000
0,
0*
#23610000
1,
#23612000
0,
1*
#23614000
1,
#23616000
0,
0*
#23618000
1,
#23620000
0,
1*
#23622000
1,
#23624000
0,
0*
#23626000
1,
#23628000
0,
1*
#23630000
1,
#23632000
0,
0*
#23634000
1,
#23636000
0,
1*
#23638000
1,
#23640000
0,
0*
#23642000
1,
#23644000
0,
1*
#23646000
1,
#23648000
0,
0*
#23650000
1,
#23652000
0,
1*
#23654000
1,
#23656000
0,
0*
#23658000
1,
#23660000
0,
1*
#23662000
1,
#23664000
0,
0*
#23666000
1,
#23668000
0,
1*
#23670000
1,
#23672000
0,
0*
#23674000
1,
#23676000
0,
1*
#23678000
1,
#23680000
0,
0*
#23682000
1,
#23684000
0,
1*
#23686000
1,
#23688000
0,
0*
#23690000
1,
#23692000
0,
1*
#23694000
1,
#23696000
0,
0*
#23698000
1,
#23700000
0,
1*
#23702000
1,
#23704000
0,
0*
#23706000
1,
#23708000
0,
1*
#23710000
1,
#23712000
0,
0*
#23714000
1,
#23716000
0,
1*
#23718000
1,
#23720000
0,
0*
#23722000
1,
#23724000
0,
1*
#23726000
1,
#23728000
0,
0*
#23730000
1,
#23732000
0,
1*
#23734000
1,
#23736000
0,
0*
#23738000
1,
#23740000
0,
1*
#23742000
1,
#23744000
0,
0*
#23746000
1,
#23748000
0,
1*
#23750000
1,
#23752000
0,
0*
#23754000
1,
#23756000
0,
1*
#23758000
1,
#23760000
0,
0*
#23762000
1,
#23764000
0,
1*
#23766000
1,
#23768000
0,
0*
#23770000
1,
#23772000
0,
1*
#23774000
1,
#23776000
0,
0*
#23778000
1,
#23780000
0,
1*
#23782000
1,
#23784000
0,
0*
#23786000
1,
#23788000
0,
1*
#23790000
1,
#23792000
0,
0*
#23794000
1,
#23796000
0,
1*
#23798000
1,
#23800000
0,
0*
#23802000
1,
#23804000
0,
1*
#23806000
1,
#23808000
0,
0*
#23810000
1,
#23812000
0,
1*
#23814000
1,
#23816000
0,
0*
#23818000
1,
#23820000
0,
1*
#23822000
1,
#23824000
0,
0*
#23826000
1,
#23828000
0,
1*
#23830000
1,
#23832000
0,
0*
#23834000
1,
#23836000
0,
1*
#23838000
1,
#23840000
0,
0*
#23842000
1,
#23844000
0,
1*
#23846000
1,
#23848000
0,
0*
#23850000
1,
#23852000
0,
1*
#23854000
1,
#23856000
0,
0*
#23858000
1,
#23860000
0,
1*
#23862000
1,
#23864000
0,
0*
#23866000
1,
#23868000
0,
1*
#23870000
1,
#23872000
0,
0*
#23874000
1,
#23876000
0,
1*
#23878000
1,
#23880000
0,
0*
#23882000
1,
#23884000
0,
1*
#23886000
1,
#23888000
0,
0*
#23890000
1,
#23892000
0,
1*
#23894000
1,
#23896000
0,
0*
#23898000
1,
#23900000
0,
1*
#23902000
1,
#23904000
0,
0*
#23906000
1,
#23908000
0,
1*
#23910000
1,
#23912000
0,
0*
#23914000
1,
#23916000
0,
1*
#23918000
1,
#23920000
0,
0*
#23922000
1,
#23924000
0,
1*
#23926000
1,
#23928000
0,
0*
#23930000
1,
#23932000
0,
1*
#23934000
1,
#23936000
0,
0*
#23938000
1,
#23940000
0,
1*
#23942000
1,
#23944000
0,
0*
#23946000
1,
#23948000
0,
1*
#23950000
1,
#23952000
0,
0*
#23954000
1,
#23956000
0,
1*
#23958000
1,
#23960000
0,
0*
#23962000
1,
#23964000
0,
1*
#23966000
1,
#23968000
0,
0*
#23970000
1,
#23972000
0,
1*
#23974000
1,
#23976000
0,
0*
#23978000
1,
#23980000
0,
1*
#23982000
1,
#23984000
0,
0*
#23986000
1,
#23988000
0,
1*
#23990000
1,
#23992000
0,
0*
#23994000
1,
#23996000
0,
1*
#23998000
1,
#24000000
0,
0*
#24002000
1,
#24004000
0,
1*
#24006000
1,
#24008000
0,
0*
#24010000
1,
#24012000
0,
1*
#24014000
1,
#24016000
0,
0*
#24018000
1,
#24020000
0,
1*
#24022000
1,
#24024000
0,
0*
#24026000
1,
#24028000
0,
1*
#24030000
1,
#24032000
0,
0*
#24034000
1,
#24036000
0,
1*
#24038000
1,
#24040000
0,
0*
#24042000
1,
#24044000
0,
1*
#24046000
1,
#24048000
0,
0*
#24050000
1,
#24052000
0,
1*
#24054000
1,
#24056000
0,
0*
#24058000
1,
#24060000
0,
1*
#24062000
1,
#24064000
0,
0*
#24066000
1,
#24068000
0,
1*
#24070000
1,
#24072000
0,
0*
#24074000
1,
#24076000
0,
1*
#24078000
1,
#24080000
0,
0*
#24082000
1,
#24084000
0,
1*
#24086000
1,
#24088000
0,
0*
#24090000
1,
#24092000
0,
1*
#24094000
1,
#24096000
0,
0*
#24098000
1,
#24100000
0,
1*
#24102000
1,
#24104000
0,
0*
#24106000
1,
#24108000
0,
1*
#24110000
1,
#24112000
0,
0*
#24114000
1,
#24116000
0,
1*
#24118000
1,
#24120000
0,
0*
#24122000
1,
#24124000
0,
1*
#24126000
1,
#24128000
0,
0*
#24130000
1,
#24132000
0,
1*
#24134000
1,
#24136000
0,
0*
#24138000
1,
#24140000
0,
1*
#24142000
1,
#24144000
0,
0*
#24146000
1,
#24148000
0,
1*
#24150000
1,
#24152000
0,
0*
#24154000
1,
#24156000
0,
1*
#24158000
1,
#24160000
0,
0*
#24162000
1,
#24164000
0,
1*
#24166000
1,
#24168000
0,
0*
#24170000
1,
#24172000
0,
1*
#24174000
1,
#24176000
0,
0*
#24178000
1,
#24180000
0,
1*
#24182000
1,
#24184000
0,
0*
#24186000
1,
#24188000
0,
1*
#24190000
1,
#24192000
0,
0*
#24194000
1,
#24196000
0,
1*
#24198000
1,
#24200000
0,
0*
#24202000
1,
#24204000
0,
1*
#24206000
1,
#24208000
0,
0*
#24210000
1,
#24212000
0,
1*
#24214000
1,
#24216000
0,
0*
#24218000
1,
#24220000
0,
1*
1)
#24222000
b10 L
b11 K
b10 O
b1010 U
b11011010 #
b11011010 1
b11011010 7
b11011010 T
1!
1,
#24224000
0,
0*
#24226000
b10 2
b10 8
b10 P
b110 L
b10 K
b11011010 &
b11011010 .
b11011010 5
b11011010 9
b11 O
b10 R
b11 0
b11 H
b11 S
b1011 U
b11011011 #
b11011011 1
b11011011 7
b11011011 T
1,
#24228000
b11 I
0,
1*
#24230000
b11 2
b11 8
b11 P
b111 L
b110 K
b1100 U
b11011100 #
b11011100 1
b11011100 7
b11011100 T
b100 O
b11 R
b10 0
b10 H
b10 S
1,
#24232000
0,
0*
#24234000
b100 2
b100 8
b100 P
b101 L
b111 K
b101 O
b100 R
b110 0
b110 H
b110 S
b1101 U
b11011101 #
b11011101 1
b11011101 7
b11011101 T
1,
#24236000
1B
0?
b11 3
b11 >
b11 J
b110 I
0,
1*
#24238000
b101 2
b101 8
b101 P
b100 L
b101 K
b1110 U
b11011110 #
b11011110 1
b11011110 7
b11011110 T
b110 O
b101 R
b111 0
b111 H
b111 S
1,
#24240000
0,
0*
#24242000
b110 2
b110 8
b110 P
b1100 L
b100 K
b111 O
b110 R
b101 0
b101 H
b101 S
b1111 U
b11011111 #
b11011111 1
b11011111 7
b11011111 T
1,
#24244000
0%
1(
0B
b110 3
b110 >
b110 J
b101 I
0,
1*
#24246000
b111 2
b111 8
b111 P
b1101 L
b1100 K
b0 U
b11100000 #
b11100000 1
b11100000 7
b11100000 T
b1000 O
b111 R
b100 0
b100 H
b100 S
1,
#24248000
0,
0*
#24250000
b1000 2
b1000 8
b1000 P
b1111 L
b1101 K
b1001 O
b1000 R
b1100 0
b1100 H
b1100 S
b1 U
b11100001 #
b11100001 1
b11100001 7
b11100001 T
1,
#24252000
b10 =
b11 <
b10 @
b101 3
b101 >
b101 J
b1100 I
0(
1$
0,
1*
#24254000
b1001 2
b1001 8
b1001 P
b1110 L
b1111 K
b10 U
b11100010 #
b11100010 1
b11100010 7
b11100010 T
b1010 O
b1001 R
b1101 0
b1101 H
b1101 S
1,
#24256000
0,
0*
#24258000
b1010 2
b1010 8
b1010 P
b1010 L
b1110 K
b1011 O
b1010 R
b1111 0
b1111 H
b1111 S
b11 U
b11100011 #
b11100011 1
b11100011 7
b11100011 T
1,
#24260000
b11011011 &
b11011011 .
b11011011 5
b11011011 9
b10 6
b10 :
b10 A
b110 =
b10 <
b11 @
b10 C
b11 4
b11 D
b11 E
b1100 3
b1100 >
b1100 J
b1111 I
0,
1*
#24262000
b1011 2
b1011 8
b1011 P
b1011 L
b1010 K
b100 U
b11100100 #
b11100100 1
b11100100 7
b11100100 T
b11 F
b1100 O
b1011 R
b1110 0
b1110 H
b1110 S
1,
#24264000
0,
0*
#24266000
b1100 2
b1100 8
b1100 P
b1001 L
b1011 K
b1101 O
b1100 R
b1010 0
b1010 H
b1010 S
b11 /
b11 G
b11 M
b101 U
b11100101 #
b11100101 1
b11100101 7
b11100101 T
1,
#24268000
b11011100 &
b11011100 .
b11011100 5
b11011100 9
b11 6
b11 :
b11 A
b111 =
b110 <
b1111 3
b1111 >
b1111 J
b1010 I
b100 @
b11 C
b10 4
b10 D
b10 E
0,
1*
#24270000
b1101 2
b1101 8
b1101 P
b1000 L
b1001 K
b110 U
b11100110 #
b11100110 1
b11100110 7
b11100110 T
b10 F
b1110 O
b1101 R
b1011 0
b1011 H
b1011 S
1,
#24272000
0,
0*
#24274000
b1110 2
b1110 8
b1110 P
b11000 L
b1000 K
b1111 O
b1110 R
b1001 0
b1001 H
b1001 S
b10 /
b10 G
b10 M
b111 U
b11100111 #
b11100111 1
b11100111 7
b11100111 T
1,
#24276000
b11011101 &
b11011101 .
b11011101 5
b11011101 9
b100 6
b100 :
b100 A
b101 =
b111 <
b101 @
b100 C
b110 4
b110 D
b110 E
b1010 3
b1010 >
b1010 J
b1001 I
0,
1*
#24278000
b1111 2
b1111 8
b1111 P
b11001 L
b11000 K
b1000 U
b11101000 #
b11101000 1
b11101000 7
b11101000 T
b110 F
b10000 O
b1111 R
b1000 0
b1000 H
b1000 S
1,
#24280000
0,
0*
#24282000
b0 2
b0 8
b0 P
b11011 L
b11001 K
b10001 O
b10000 R
b11000 0
b11000 H
b11000 S
b110 /
b110 G
b110 M
b1001 U
b11101001 #
b11101001 1
b11101001 7
b11101001 T
1,
#24284000
b11011110 &
b11011110 .
b11011110 5
b11011110 9
b101 6
b101 :
b101 A
b100 =
b101 <
b1001 3
b1001 >
b1001 J
b11000 I
b110 @
b101 C
b111 4
b111 D
b111 E
0,
1*
#24286000
b1 2
b1 8
b1 P
b11010 L
b11011 K
b1010 U
b11101010 #
b11101010 1
b11101010 7
b11101010 T
b111 F
b10010 O
b10001 R
b11001 0
b11001 H
b11001 S
1,
#24288000
0,
0*
#24290000
b10 2
b10 8
b10 P
b11110 L
b11010 K
b10011 O
b10010 R
b11011 0
b11011 H
b11011 S
b111 /
b111 G
b111 M
b1011 U
b11101011 #
b11101011 1
b11101011 7
b11101011 T
1,
#24292000
b11011111 &
b11011111 .
b11011111 5
b11011111 9
b110 6
b110 :
b110 A
b1100 =
b100 <
b111 @
b110 C
b101 4
b101 D
b101 E
b11000 3
b11000 >
b11000 J
b11011 I
0,
1*
#24294000
b11 2
b11 8
b11 P
1Q
b11111 L
b11110 K
b1100 U
b11101100 #
b11101100 1
b11101100 7
b11101100 T
b101 F
b10100 O
b10011 R
b11010 0
b11010 H
b11010 S
1,
#24296000
0,
0*
#24298000
b100 2
b100 8
b100 P
b11101 L
b11111 K
1Q
1'
b10101 O
b10100 R
b11110 0
b11110 H
b11110 S
b101 /
b101 G
b101 M
b1101 U
b11101101 #
b11101101 1
b11101101 7
b11101101 T
1,
#24300000
b11100000 &
b11100000 .
b11100000 5
b11100000 9
b111 6
b111 :
b111 A
b1101 =
b1100 <
b11011 3
b11011 >
b11011 J
b11110 I
b1000 @
b111 C
b100 4
b100 D
b100 E
0,
1*
#24302000
1N
b101 2
b101 8
b101 P
0Q
b11100 L
b11101 K
b1110 U
b11101110 #
b11101110 1
b11101110 7
b11101110 T
b100 F
b10110 O
b10101 R
b11111 0
b11111 H
b11111 S
1,
#24304000
0,
0*
#24306000
b110 2
b110 8
b110 P
b11100 L
b11101 K
0N
1Q
1"
0'
b10110 O
b10110 R
b11101 0
b11101 H
b11101 S
b100 /
b100 G
b100 M
b1111 U
b11101111 #
b11101111 1
b11101111 7
b11101111 T
1,
#24308000
b11100001 &
b11100001 .
b11100001 5
b11100001 9
b1000 6
b1000 :
b1000 A
b1111 =
b1101 <
b1001 @
b1000 C
b1100 4
b1100 D
b1100 E
b11110 3
b11110 >
b11110 J
b11101 I
0,
1*
#24310000
0!
b1100 F
0"
1'
1,
#24312000
0,
0*
#24314000
b10100 L
b11100 K
1Q
b10111 O
b1100 /
b1100 G
b1100 M
b0 U
b11110000 #
b11110000 1
b11110000 7
b11110000 T
1!
1,
#24316000
b11100010 &
b11100010 .
b11100010 5
b11100010 9
b1001 6
b1001 :
b1001 A
b1110 =
b1111 <
b11101 3
b11101 >
b11101 J
b1010 @
b1001 C
b1101 4
b1101 D
b1101 E
0,
1*
#24318000
1N
b111 2
b111 8
b111 P
0Q
b10101 L
b10100 K
b1 U
b11110001 #
b11110001 1
b11110001 7
b11110001 T
b1101 F
b11000 O
b10111 R
b11100 0
b11100 H
b11100 S
1,
#24320000
0,
0*
#24322000
b1000 2
b1000 8
b1000 P
b10101 L
b10100 K
0N
1Q
1"
0'
b11000 O
b11000 R
b10100 0
b10100 H
b10100 S
b1101 /
b1101 G
b1101 M
b10 U
b11110010 #
b11110010 1
b11110010 7
b11110010 T
1,
#24324000
b11100011 &
b11100011 .
b11100011 5
b11100011 9
b1010 6
b1010 :
b1010 A
b1010 =
b1110 <
b1011 @
b1010 C
b1111 4
b1111 D
b1111 E
b10100 I
0,
1*
#24326000
0!
b1111 F
0"
1'
1,
#24328000
0,
0*
#24330000
b10111 L
b10101 K
b11001 O
1Q
b1111 /
b1111 G
b1111 M
b11 U
b11110011 #
b11110011 1
b11110011 7
b11110011 T
1!
1,
#24332000
b11100100 &
b11100100 .
b11100100 5
b11100100 9
b1011 6
b1011 :
b1011 A
b1011 =
b1010 <
b10100 3
b10100 >
b10100 J
b1100 @
b1011 C
b1110 4
b1110 D
b1110 E
0,
1*
#24334000
1N
b1001 2
b1001 8
b1001 P
0Q
b10110 L
b10111 K
b100 U
b11110100 #
b11110100 1
b11110100 7
b11110100 T
b1110 F
b11010 O
b11001 R
b10101 0
b10101 H
b10101 S
1,
#24336000
0,
0*
#24338000
b1010 2
b1010 8
b1010 P
b10110 L
b10111 K
0N
1Q
1"
0'
b11010 O
b11010 R
b10111 0
b10111 H
b10111 S
b1110 /
b1110 G
b1110 M
b101 U
b11110101 #
b11110101 1
b11110101 7
b11110101 T
1,
#24340000
b11100101 &
b11100101 .
b11100101 5
b11100101 9
b1100 6
b1100 :
b1100 A
b1001 =
b1011 <
b1101 @
b1100 C
b1010 4
b1010 D
b1010 E
b10111 I
0,
1*
#24342000
0!
b1010 F
0"
1'
1,
#24344000
0,
0*
#24346000
b10010 L
b10110 K
b11011 O
1Q
b1010 /
b1010 G
b1010 M
b110 U
b11110110 #
b11110110 1
b11110110 7
b11110110 T
1!
1,
#24348000
b11100110 &
b11100110 .
b11100110 5
b11100110 9
b1101 6
b1101 :
b1101 A
b1000 =
b1001 <
b10111 3
b10111 >
b10111 J
b1110 @
b1101 C
b1011 4
b1011 D
b1011 E
0,
1*
#24350000
1N
b1011 2
b1011 8
b1011 P
0Q
b10011 L
b10010 K
b111 U
b11110111 #
b11110111 1
b11110111 7
b11110111 T
b1011 F
b11100 O
b11011 R
b10110 0
b10110 H
b10110 S
1,
#24352000
0,
0*
#24354000
b1100 2
b1100 8
b1100 P
b10011 L
b10010 K
0N
1Q
1"
0'
b11100 O
b11100 R
b10010 0
b10010 H
b10010 S
b1011 /
b1011 G
b1011 M
b1000 U
b11111000 #
b11111000 1
b11111000 7
b11111000 T
1,
#24356000
b11100111 &
b11100111 .
b11100111 5
b11100111 9
b1110 6
b1110 :
b1110 A
0B
b11000 =
b1000 <
b1111 @
b1110 C
b1001 4
b1001 D
b1001 E
b10010 I
0,
1*
#24358000
0!
b1001 F
0"
1'
1,
#24360000
0,
0*
#24362000
b10001 L
b10011 K
b11101 O
1Q
b1001 /
b1001 G
b1001 M
b1001 U
b11111001 #
b11111001 1
b11111001 7
b11111001 T
1!
1,
#24364000
b11101000 &
b11101000 .
b11101000 5
b11101000 9
b1111 6
b1111 :
b1111 A
b11001 =
b11000 <
b10010 3
b10010 >
b10010 J
b10000 @
b1111 C
b1000 4
b1000 D
b1000 E
0,
1*
#24366000
1N
b1101 2
b1101 8
b1101 P
0Q
b10000 L
b10001 K
b1010 U
b11111010 #
b11111010 1
b11111010 7
b11111010 T
b1000 F
b11110 O
b11101 R
b10011 0
b10011 H
b10011 S
1,
#24368000
0,
0*
#24370000
b1110 2
b1110 8
b1110 P
b10000 L
b10001 K
0N
1Q
1"
0'
b11110 O
b11110 R
b10001 0
b10001 H
b10001 S
b1000 /
b1000 G
b1000 M
b1011 U
b11111011 #
b11111011 1
b11111011 7
b11111011 T
1,
#24372000
b11101001 &
b11101001 .
b11101001 5
b11101001 9
b0 6
b0 :
b0 A
b11011 =
b11001 <
b10001 @
b10000 C
b11000 4
b11000 D
b11000 E
b10001 I
0,
1*
#24374000
0!
b11000 F
0"
1'
1,
#24376000
0,
0*
#24378000
b0 L
b10000 K
1Q
b11111 O
b11000 /
b11000 G
b11000 M
b1100 U
b11111100 #
b11111100 1
b11111100 7
b11111100 T
1!
1,
#24380000
b11101010 &
b11101010 .
b11101010 5
b11101010 9
b1 6
b1 :
b1 A
b11010 =
b11011 <
b10001 3
b10001 >
b10001 J
b10010 @
b10001 C
b11001 4
b11001 D
b11001 E
0,
1*
#24382000
1N
b1111 2
b1111 8
b1111 P
0Q
b1 L
b0 K
b1101 U
b11111101 #
b11111101 1
b11111101 7
b11111101 T
b11001 F
b0 O
b11111 R
b10000 0
b10000 H
b10000 S
1,
#24384000
0,
0*
#24386000
b0 2
b0 8
b0 P
b1 L
b0 K
0N
1Q
1"
0'
b0 O
b0 R
b0 0
b0 H
b0 S
b11001 /
b11001 G
b11001 M
b1110 U
b11111110 #
b11111110 1
b11111110 7
b11111110 T
1,
#24388000
b11101011 &
b11101011 .
b11101011 5
b11101011 9
b10 6
b10 :
b10 A
b11110 =
b11010 <
b10011 @
b10010 C
b11011 4
b11011 D
b11011 E
b0 I
0,
1*
#24390000
0!
b11011 F
0"
1'
1,
#24392000
0,
0*
#24394000
b11 L
b1 K
b1 O
1Q
b11011 /
b11011 G
b11011 M
b1111 U
b11111111 #
b11111111 1
b11111111 7
b11111111 T
1!
1,
#24396000
b11101100 &
b11101100 .
b11101100 5
b11101100 9
b11 6
b11 :
b11 A
b11111 =
b11110 <
b0 3
b0 >
b0 J
b10100 @
b10011 C
b11010 4
b11010 D
b11010 E
0,
1*
#24398000
1N
b1 2
b1 8
b1 P
0Q
b10 L
b11 K
b0 U
b0 #
b0 1
b0 7
b0 T
b11010 F
b10 O
b1 R
b1 0
b1 H
b1 S
1,
#24400000
0,
0*
#24402000
b10 2
b10 8
b10 P
b10 L
b11 K
0N
1Q
1"
0'
b10 O
b10 R
b11 0
b11 H
b11 S
b11010 /
b11010 G
b11010 M
b1 U
b1 #
b1 1
b1 7
b1 T
1,
#24404000
b11101101 &
b11101101 .
b11101101 5
b11101101 9
b100 6
b100 :
b100 A
b11101 =
b11111 <
b10101 @
b10100 C
b11110 4
b11110 D
b11110 E
b11 I
0,
1*
#24406000
0!
b11110 F
0"
1'
1,
#24408000
0,
0*
#24410000
b110 L
b10 K
b11 O
1Q
b11110 /
b11110 G
b11110 M
b10 U
b10 #
b10 1
b10 7
b10 T
1!
1,
#24412000
b11101110 &
b11101110 .
b11101110 5
b11101110 9
b101 6
b101 :
b101 A
b11100 =
b11101 <
b11 3
b11 >
b11 J
b10110 @
b10101 C
b11111 4
b11111 D
b11111 E
0,
1*
#24414000
1N
b11 2
b11 8
b11 P
0Q
b111 L
b110 K
b11 U
b11 #
b11 1
b11 7
b11 T
b11111 F
b100 O
b11 R
b10 0
b10 H
b10 S
1,
#24416000
0,
0*
#24418000
b100 2
b100 8
b100 P
b111 L
b110 K
0N
1Q
1"
0'
b100 O
b100 R
b110 0
b110 H
b110 S
b11111 /
b11111 G
b11111 M
b100 U
b100 #
b100 1
b100 7
b100 T
1,
#24420000
b11110000 &
b11110000 .
b11110000 5
b11110000 9
b110 6
b110 :
b110 A
b10100 =
b11100 <
b10111 @
b10110 C
b11101 4
b11101 D
b11101 E
b110 I
0,
1*
0)
#24422000
0!
b11101 F
0"
1'
1,
#24424000
0,
0*
#24426000
0Q
b11101 /
b11101 G
b11101 M
1,
#24428000
b11110001 &
b11110001 .
b11110001 5
b11110001 9
b111 6
b111 :
b111 A
b10101 =
b10100 <
b110 3
b110 >
b110 J
b11000 @
b10111 C
b11100 4
b11100 D
b11100 E
0,
1*
#24430000
b11100 F
0'
1,
#24432000
0,
0*
#24434000
b11100 /
b11100 G
b11100 M
1,
#24436000
b11110011 &
b11110011 .
b11110011 5
b11110011 9
b1000 6
b1000 :
b1000 A
b10111 =
b10101 <
b11001 @
b11000 C
b10100 4
b10100 D
b10100 E
0,
1*
#24438000
b10100 F
1,
#24440000
0,
0*
#24442000
b10100 /
b10100 G
b10100 M
1,
#24444000
b11110100 &
b11110100 .
b11110100 5
b11110100 9
b1001 6
b1001 :
b1001 A
b10110 =
b10111 <
b11010 @
b11001 C
b10101 4
b10101 D
b10101 E
0,
1*
#24446000
b10101 F
1,
#24448000
0,
0*
#24450000
b10101 /
b10101 G
b10101 M
1,
#24452000
b11110110 &
b11110110 .
b11110110 5
b11110110 9
b1010 6
b1010 :
b1010 A
b10010 =
b10110 <
b11011 @
b11010 C
b10111 4
b10111 D
b10111 E
0,
1*
#24454000
b10111 F
1,
#24456000
0,
0*
#24458000
b10111 /
b10111 G
b10111 M
1,
#24460000
b11110111 &
b11110111 .
b11110111 5
b11110111 9
b1011 6
b1011 :
b1011 A
b10011 =
b10010 <
b11100 @
b11011 C
b10110 4
b10110 D
b10110 E
0,
1*
#24462000
b10110 F
1,
#24464000
0,
0*
#24466000
b10110 /
b10110 G
b10110 M
1,
#24468000
b11111001 &
b11111001 .
b11111001 5
b11111001 9
b1100 6
b1100 :
b1100 A
b10001 =
b10011 <
b11101 @
b11100 C
b10010 4
b10010 D
b10010 E
0,
1*
#24470000
b10010 F
1,
#24472000
0,
0*
#24474000
b10010 /
b10010 G
b10010 M
1,
#24476000
b11111010 &
b11111010 .
b11111010 5
b11111010 9
b1101 6
b1101 :
b1101 A
b10000 =
b10001 <
b11110 @
b11101 C
b10011 4
b10011 D
b10011 E
0,
1*
#24478000
b10011 F
1,
#24480000
0,
0*
#24482000
b10011 /
b10011 G
b10011 M
1,
#24484000
b11111100 &
b11111100 .
b11111100 5
b11111100 9
b1110 6
b1110 :
b1110 A
b0 =
b10000 <
b11111 @
b11110 C
b10001 4
b10001 D
b10001 E
0,
1*
#24486000
b10001 F
1,
#24488000
0,
0*
#24490000
b10001 /
b10001 G
b10001 M
1,
#24492000
b11111101 &
b11111101 .
b11111101 5
b11111101 9
b1111 6
b1111 :
b1111 A
b1 =
b0 <
b0 @
b11111 C
b10000 4
b10000 D
b10000 E
0,
1*
#24494000
b10000 F
1,
#24496000
0,
0*
#24498000
b10000 /
b10000 G
b10000 M
1,
#24500000
b11111111 &
b11111111 .
b11111111 5
b11111111 9
b0 6
b0 :
b0 A
b11 =
b1 <
b1 @
b0 C
b0 4
b0 D
b0 E
0,
1*
#24502000
b0 F
1,
#24504000
0,
0*
#24506000
b0 /
b0 G
b0 M
1,
#24508000
b0 &
b0 .
b0 5
b0 9
b1 6
b1 :
b1 A
b10 =
b11 <
b10 @
b1 C
b1 4
b1 D
b1 E
0,
1*
#24510000
b1 F
1,
#24512000
0,
0*
#24514000
b1 /
b1 G
b1 M
1,
#24516000
1B
b10 &
b10 .
b10 5
b10 9
b10 6
b10 :
b10 A
b110 =
b10 <
b11 @
b10 C
b11 4
b11 D
b11 E
0,
1*
#24518000
b11 F
1,
#24520000
0,
0*
#24522000
b11 /
b11 G
b11 M
1,
#24524000
1?
b11 &
b11 .
b11 5
b11 9
b11 6
b11 :
b11 A
0B
b111 =
b110 <
b100 @
b11 C
b10 4
b10 D
b10 E
1(
0,
1*
#24526000
b10 F
1,
#24528000
0,
0*
#24530000
b10 /
b10 G
b10 M
1,
#24532000
0B
b11101101 &
b11101101 .
b11101101 5
b11101101 9
b100 6
b100 :
b100 A
b111 =
1?
b110 <
1%
0(
b100 @
b100 C
b110 4
b110 D
b110 E
0,
1*
#24534000
b110 F
1,
#24536000
0,
0*
#24538000
b110 /
b110 G
b110 M
1,
#24540000
0$
0,
1*
#24542000
1,
#24544000
0,
0*
#24546000
1,
#24548000
0,
1*
#24550000
1,
#24552000
0,
0*
#24554000
1,
#24556000
0,
1*
#24558000
1,
#24560000
0,
0*
#24562000
1,
#24564000
0,
1*
#24566000
1,
#24568000
0,
0*
#24570000
1,
#24572000
0,
1*
#24574000
1,
#24576000
0,
0*
#24578000
1,
#24580000
0,
1*
#24582000
1,
#24584000
0,
0*
#24586000
1,
#24588000
0,
1*
#24590000
1,
#24592000
0,
0*
#24594000
1,
#24596000
0,
1*
#24598000
1,
#24600000
0,
0*
#24602000
1,
#24604000
0,
1*
#24606000
1,
#24608000
0,
0*
#24610000
1,
#24612000
0,
1*
#24614000
1,
#24616000
0,
0*
#24618000
1,
#24620000
0,
1*
#24622000
1,
#24624000
0,
0*
#24626000
1,
#24628000
0,
1*
#24630000
1,
#24632000
0,
0*
#24634000
1,
#24636000
0,
1*
#24638000
1,
#24640000
0,
0*
#24642000
1,
#24644000
0,
1*
#24646000
1,
#24648000
0,
0*
#24650000
1,
#24652000
0,
1*
#24654000
1,
#24656000
0,
0*
#24658000
1,
#24660000
0,
1*
#24662000
1,
#24664000
0,
0*
#24666000
1,
#24668000
0,
1*
#24670000
1,
#24672000
0,
0*
#24674000
1,
#24676000
0,
1*
#24678000
1,
#24680000
0,
0*
#24682000
1,
#24684000
0,
1*
#24686000
1,
#24688000
0,
0*
#24690000
1,
#24692000
0,
1*
#24694000
1,
#24696000
0,
0*
#24698000
1,
#24700000
0,
1*
#24702000
1,
#24704000
0,
0*
#24706000
1,
#24708000
0,
1*
#24710000
1,
#24712000
0,
0*
#24714000
1,
#24716000
0,
1*
#24718000
1,
#24720000
0,
0*
#24722000
1,
#24724000
0,
1*
#24726000
1,
#24728000
0,
0*
#24730000
1,
#24732000
0,
1*
#24734000
1,
#24736000
0,
0*
#24738000
1,
#24740000
0,
1*
#24742000
1,
#24744000
0,
0*
#24746000
1,
#24748000
0,
1*
#24750000
1,
#24752000
0,
0*
#24754000
1,
#24756000
0,
1*
#24758000
1,
#24760000
0,
0*
#24762000
1,
#24764000
0,
1*
#24766000
1,
#24768000
0,
0*
#24770000
1,
#24772000
0,
1*
#24774000
1,
#24776000
0,
0*
#24778000
1,
#24780000
0,
1*
#24782000
1,
#24784000
0,
0*
#24786000
1,
#24788000
0,
1*
#24790000
1,
#24792000
0,
0*
#24794000
1,
#24796000
0,
1*
#24798000
1,
#24800000
0,
0*
#24802000
1,
#24804000
0,
1*
#24806000
1,
#24808000
0,
0*
#24810000
1,
#24812000
0,
1*
#24814000
1,
#24816000
0,
0*
#24818000
1,
#24820000
0,
1*
#24822000
1,
#24824000
0,
0*
#24826000
1,
#24828000
0,
1*
#24830000
1,
#24832000
0,
0*
#24834000
1,
#24836000
0,
1*
#24838000
1,
#24840000
0,
0*
#24842000
1,
#24844000
0,
1*
#24846000
1,
#24848000
0,
0*
#24850000
1,
#24852000
0,
1*
#24854000
1,
#24856000
0,
0*
#24858000
1,
#24860000
0,
1*
#24862000
1,
#24864000
0,
0*
#24866000
1,
#24868000
0,
1*
#24870000
1,
#24872000
0,
0*
#24874000
1,
#24876000
0,
1*
#24878000
1,
#24880000
0,
0*
#24882000
1,
#24884000
0,
1*
#24886000
1,
#24888000
0,
0*
#24890000
1,
#24892000
0,
1*
#24894000
1,
#24896000
0,
0*
#24898000
1,
#24900000
0,
1*
#24902000
1,
#24904000
0,
0*
#24906000
1,
#24908000
0,
1*
#24910000
1,
#24912000
0,
0*
#24914000
1,
#24916000
0,
1*
#24918000
1,
#24920000
0,
0*
#24922000
1,
#24924000
0,
1*
#24926000
1,
#24928000
0,
0*
#24930000
1,
#24932000
0,
1*
#24934000
1,
#24936000
0,
0*
#24938000
1,
#24940000
0,
1*
#24942000
1,
#24944000
0,
0*
#24946000
1,
#24948000
0,
1*
#24950000
1,
#24952000
0,
0*
#24954000
1,
#24956000
0,
1*
#24958000
1,
#24960000
0,
0*
#24962000
1,
#24964000
0,
1*
#24966000
1,
#24968000
0,
0*
#24970000
1,
#24972000
0,
1*
#24974000
1,
#24976000
0,
0*
#24978000
1,
#24980000
0,
1*
#24982000
1,
#24984000
0,
0*
#24986000
1,
#24988000
0,
1*
#24990000
1,
#24992000
0,
0*
#24994000
1,
#24996000
0,
1*
#24998000
1,
#25000000
0,
0*
#25002000
1,
#25004000
0,
1*
#25006000
1,
#25008000
0,
0*
#25010000
1,
#25012000
0,
1*
#25014000
1,
#25016000
0,
0*
#25018000
1,
#25020000
0,
1*
#25022000
1,
#25024000
0,
0*
#25026000
1,
#25028000
0,
1*
#25030000
1,
#25032000
0,
0*
#25034000
1,
#25036000
0,
1*
#25038000
1,
#25040000
0,
0*
#25042000
1,
#25044000
0,
1*
#25046000
1,
#25048000
0,
0*
#25050000
1,
#25052000
0,
1*
#25054000
1,
#25056000
0,
0*
#25058000
1,
#25060000
0,
1*
#25062000
1,
#25064000
0,
0*
#25066000
1,
#25068000
0,
1*
#25070000
1,
#25072000
0,
0*
#25074000
1,
#25076000
0,
1*
#25078000
1,
#25080000
0,
0*
#25082000
1,
#25084000
0,
1*
#25086000
1,
#25088000
0,
0*
#25090000
1,
#25092000
0,
1*
#25094000
1,
#25096000
0,
0*
#25098000
1,
#25100000
0,
1*
#25102000
1,
#25104000
0,
0*
#25106000
1,
#25108000
0,
1*
#25110000
1,
#25112000
0,
0*
#25114000
1,
#25116000
0,
1*
#25118000
1,
#25120000
0,
0*
#25122000
1,
#25124000
0,
1*
#25126000
1,
#25128000
0,
0*
#25130000
1,
#25132000
0,
1*
#25134000
1,
#25136000
0,
0*
#25138000
1,
#25140000
0,
1*
#25142000
1,
#25144000
0,
0*
#25146000
1,
#25148000
0,
1*
#25150000
1,
#25152000
0,
0*
#25154000
1,
#25156000
0,
1*
#25158000
1,
#25160000
0,
0*
#25162000
1,
#25164000
0,
1*
#25166000
1,
#25168000
0,
0*
#25170000
1,
#25172000
0,
1*
#25174000
1,
#25176000
0,
0*
#25178000
1,
#25180000
0,
1*
#25182000
1,
#25184000
0,
0*
#25186000
1,
#25188000
0,
1*
#25190000
1,
#25192000
0,
0*
#25194000
1,
#25196000
0,
1*
#25198000
1,
#25200000
0,
0*
#25202000
1,
#25204000
0,
1*
#25206000
1,
#25208000
0,
0*
#25210000
1,
#25212000
0,
1*
#25214000
1,
#25216000
0,
0*
#25218000
1,
#25220000
0,
1*
#25222000
1,
#25224000
0,
0*
#25226000
1,
#25228000
0,
1*
#25230000
1,
#25232000
0,
0*
#25234000
1,
#25236000
0,
1*
#25238000
1,
#25240000
0,
0*
#25242000
1,
#25244000
0,
1*
#25246000
1,
#25248000
0,
0*
#25250000
1,
#25252000
0,
1*
#25254000
1,
#25256000
0,
0*
#25258000
1,
#25260000
0,
1*
#25262000
1,
#25264000
0,
0*
#25266000
1,
#25268000
0,
1*
#25270000
1,
#25272000
0,
0*
#25274000
1,
#25276000
0,
1*
#25278000
1,
#25280000
0,
0*
#25282000
1,
#25284000
0,
1*
#25286000
1,
#25288000
0,
0*
#25290000
1,
#25292000
0,
1*
#25294000
1,
#25296000
0,
0*
#25298000
1,
#25300000
0,
1*
#25302000
1,
#25304000
0,
0*
#25306000
1,
#25308000
0,
1*
#25310000
1,
#25312000
0,
0*
#25314000
1,
#25316000
0,
1*
#25318000
1,
#25320000
0,
0*
#25322000
1,
#25324000
0,
1*
#25326000
1,
#25328000
0,
0*
#25330000
1,
#25332000
0,
1*
#25334000
1,
#25336000
0,
0*
#25338000
1,
#25340000
0,
1*
#25342000
1,
#25344000
0,
0*
#25346000
1,
#25348000
0,
1*
#25350000
1,
#25352000
0,
0*
#25354000
1,
#25356000
0,
1*
#25358000
1,
#25360000
0,
0*
#25362000
1,
#25364000
0,
1*
#25366000
1,
#25368000
0,
0*
#25370000
1,
#25372000
0,
1*
#25374000
1,
#25376000
0,
0*
#25378000
1,
#25380000
0,
1*
#25382000
1,
#25384000
0,
0*
#25386000
1,
#25388000
0,
1*
#25390000
1,
#25392000
0,
0*
#25394000
1,
#25396000
0,
1*
#25398000
1,
#25400000
0,
0*
#25402000
1,
#25404000
0,
1*
#25406000
1,
#25408000
0,
0*
#25410000
1,
#25412000
0,
1*
#25414000
1,
#25416000
0,
0*
#25418000
1,
#25420000
0,
1*
#25422000
1,
#25424000
0,
0*
#25426000
1,
#25428000
0,
1*
#25430000
1,
#25432000
0,
0*
#25434000
1,
#25436000
0,
1*
#25438000
1,
#25440000
0,
0*
#25442000
1,
#25444000
0,
1*
#25446000
1,
#25448000
0,
0*
#25450000
1,
#25452000
0,
1*
#25454000
1,
#25456000
0,
0*
#25458000
1,
#25460000
0,
1*
#25462000
1,
#25464000
0,
0*
#25466000
1,
#25468000
0,
1*
#25470000
1,
#25472000
0,
0*
#25474000
1,
#25476000
0,
1*
#25478000
1,
#25480000
0,
0*
#25482000
1,
#25484000
0,
1*
#25486000
1,
#25488000
0,
0*
#25490000
1,
#25492000
0,
1*
#25494000
1,
#25496000
0,
0*
#25498000
1,
#25500000
0,
1*
#25502000
1,
#25504000
0,
0*
#25506000
1,
#25508000
0,
1*
#25510000
1,
#25512000
0,
0*
#25514000
1,
#25516000
0,
1*
#25518000
1,
#25520000
0,
0*
#25522000
1,
#25524000
0,
1*
#25526000
1,
#25528000
0,
0*
#25530000
1,
#25532000
0,
1*
#25534000
1,
#25536000
0,
0*
#25538000
1,
#25540000
0,
1*
#25542000
1,
#25544000
0,
0*
#25546000
1,
#25548000
0,
1*
#25550000
1,
#25552000
0,
0*
#25554000
1,
#25556000
0,
1*
#25558000
1,
#25560000
0,
0*
#25562000
1,
#25564000
0,
1*
#25566000
1,
#25568000
0,
0*
#25570000
1,
#25572000
0,
1*
#25574000
1,
#25576000
0,
0*
#25578000
1,
#25580000
0,
1*
#25582000
1,
#25584000
0,
0*
#25586000
1,
#25588000
0,
1*
#25590000
1,
#25592000
0,
0*
#25594000
1,
#25596000
0,
1*
#25598000
1,
#25600000
0,
0*
#25602000
1,
#25604000
0,
1*
#25606000
1,
#25608000
0,
0*
#25610000
1,
#25612000
0,
1*
#25614000
1,
#25616000
0,
0*
#25618000
1,
#25620000
0,
1*
#25622000
1,
#25624000
0,
0*
#25626000
1,
#25628000
0,
1*
#25630000
1,
#25632000
0,
0*
#25634000
1,
#25636000
0,
1*
#25638000
1,
#25640000
0,
0*
#25642000
1,
#25644000
0,
1*
#25646000
1,
#25648000
0,
0*
#25650000
1,
#25652000
0,
1*
#25654000
1,
#25656000
0,
0*
#25658000
1,
#25660000
0,
1*
#25662000
1,
#25664000
0,
0*
#25666000
1,
#25668000
0,
1*
#25670000
1,
#25672000
0,
0*
#25674000
1,
#25676000
0,
1*
#25678000
1,
#25680000
0,
0*
#25682000
1,
#25684000
0,
1*
#25686000
1,
#25688000
0,
0*
#25690000
1,
#25692000
0,
1*
#25694000
1,
#25696000
0,
0*
#25698000
1,
#25700000
0,
1*
#25702000
1,
#25704000
0,
0*
#25706000
1,
#25708000
0,
1*
#25710000
1,
#25712000
0,
0*
#25714000
1,
#25716000
0,
1*
#25718000
1,
#25720000
0,
0*
#25722000
1,
#25724000
0,
1*
#25726000
1,
#25728000
0,
0*
#25730000
1,
#25732000
0,
1*
#25734000
1,
#25736000
0,
0*
#25738000
1,
#25740000
0,
1*
#25742000
1,
#25744000
0,
0*
#25746000
1,
#25748000
0,
1*
#25750000
1,
#25752000
0,
0*
#25754000
1,
#25756000
0,
1*
#25758000
1,
#25760000
0,
0*
#25762000
1,
#25764000
0,
1*
#25766000
1,
#25768000
0,
0*
#25770000
1,
#25772000
0,
1*
#25774000
1,
#25776000
0,
0*
#25778000
1,
#25780000
0,
1*
#25782000
1,
#25784000
0,
0*
#25786000
1,
#25788000
0,
1*
#25790000
1,
#25792000
0,
0*
#25794000
1,
#25796000
0,
1*
#25798000
1,
#25800000
0,
0*
#25802000
1,
#25804000
0,
1*
#25806000
1,
#25808000
0,
0*
#25810000
1,
#25812000
0,
1*
#25814000
1,
#25816000
0,
0*
#25818000
1,
#25820000
0,
1*
#25822000
1,
#25824000
0,
0*
#25826000
1,
#25828000
0,
1*
#25830000
1,
#25832000
0,
0*
#25834000
1,
#25836000
0,
1*
#25838000
1,
#25840000
0,
0*
#25842000
1,
#25844000
0,
1*
#25846000
1,
#25848000
0,
0*
#25850000
1,
#25852000
0,
1*
#25854000
1,
#25856000
0,
0*
#25858000
1,
#25860000
0,
1*
#25862000
1,
#25864000
0,
0*
#25866000
1,
#25868000
0,
1*
#25870000
1,
#25872000
0,
0*
#25874000
1,
#25876000
0,
1*
#25878000
1,
#25880000
0,
0*
#25882000
1,
#25884000
0,
1*
#25886000
1,
#25888000
0,
0*
#25890000
1,
#25892000
0,
1*
#25894000
1,
#25896000
0,
0*
#25898000
1,
#25900000
0,
1*
#25902000
1,
#25904000
0,
0*
#25906000
1,
#25908000
0,
1*
#25910000
1,
#25912000
0,
0*
#25914000
1,
#25916000
0,
1*
#25918000
1,
#25920000
0,
0*
#25922000
1,
#25924000
0,
1*
#25926000
1,
#25928000
0,
0*
#25930000
1,
#25932000
0,
1*
#25934000
1,
#25936000
0,
0*
#25938000
1,
#25940000
0,
1*
#25942000
1,
#25944000
0,
0*
#25946000
1,
#25948000
0,
1*
#25950000
1,
#25952000
0,
0*
#25954000
1,
#25956000
0,
1*
#25958000
1,
#25960000
0,
0*
#25962000
1,
#25964000
0,
1*
#25966000
1,
#25968000
0,
0*
#25970000
1,
#25972000
0,
1*
#25974000
1,
#25976000
0,
0*
#25978000
1,
#25980000
0,
1*
#25982000
1,
#25984000
0,
0*
#25986000
1,
#25988000
0,
1*
#25990000
1,
#25992000
0,
0*
#25994000
1,
#25996000
0,
1*
#25998000
1,
#26000000
0,
0*
#26002000
1,
#26004000
0,
1*
#26006000
1,
#26008000
0,
0*
#26010000
1,
#26012000
0,
1*
#26014000
1,
#26016000
0,
0*
#26018000
1,
#26020000
0,
1*
#26022000
1,
#26024000
0,
0*
#26026000
1,
#26028000
0,
1*
#26030000
1,
#26032000
0,
0*
#26034000
1,
#26036000
0,
1*
#26038000
1,
#26040000
0,
0*
#26042000
1,
#26044000
0,
1*
#26046000
1,
#26048000
0,
0*
#26050000
1,
#26052000
0,
1*
#26054000
1,
#26056000
0,
0*
#26058000
1,
#26060000
0,
1*
#26062000
1,
#26064000
0,
0*
#26066000
1,
#26068000
0,
1*
#26070000
1,
#26072000
0,
0*
#26074000
1,
#26076000
0,
1*
#26078000
1,
#26080000
0,
0*
#26082000
1,
#26084000
0,
1*
#26086000
1,
#26088000
0,
0*
#26090000
1,
#26092000
0,
1*
#26094000
1,
#26096000
0,
0*
#26098000
1,
#26100000
0,
1*
#26102000
1,
#26104000
0,
0*
#26106000
1,
#26108000
0,
1*
#26110000
1,
#26112000
0,
0*
#26114000
1,
#26116000
0,
1*
#26118000
1,
#26120000
0,
0*
#26122000
1,
#26124000
0,
1*
#26126000
1,
#26128000
0,
0*
#26130000
1,
#26132000
0,
1*
#26134000
1,
#26136000
0,
0*
#26138000
1,
#26140000
0,
1*
#26142000
1,
#26144000
0,
0*
#26146000
1,
#26148000
0,
1*
#26150000
1,
#26152000
0,
0*
#26154000
1,
#26156000
0,
1*
#26158000
1,
#26160000
0,
0*
#26162000
1,
#26164000
0,
1*
#26166000
1,
#26168000
0,
0*
#26170000
1,
#26172000
0,
1*
#26174000
1,
#26176000
0,
0*
#26178000
1,
#26180000
0,
1*
#26182000
1,
#26184000
0,
0*
#26186000
1,
#26188000
0,
1*
#26190000
1,
#26192000
0,
0*
#26194000
1,
#26196000
0,
1*
#26198000
1,
#26200000
0,
0*
#26202000
1,
#26204000
0,
1*
#26206000
1,
#26208000
0,
0*
#26210000
1,
#26212000
0,
1*
#26214000
1,
#26216000
0,
0*
#26218000
1,
#26220000
0,
1*
#26222000
1,
#26224000
0,
0*
#26226000
1,
#26228000
0,
1*
#26230000
1,
#26232000
0,
0*
#26234000
1,
#26236000
0,
1*
#26238000
1,
#26240000
0,
0*
#26242000
1,
#26244000
0,
1*
#26246000
1,
#26248000
0,
0*
#26250000
1,
#26252000
0,
1*
#26254000
1,
#26256000
0,
0*
#26258000
1,
#26260000
0,
1*
#26262000
1,
#26264000
0,
0*
#26266000
1,
#26268000
0,
1*
#26270000
1,
#26272000
0,
0*
#26274000
1,
#26276000
0,
1*
#26278000
1,
#26280000
0,
0*
#26282000
1,
#26284000
0,
1*
#26286000
1,
#26288000
0,
0*
#26290000
1,
#26292000
0,
1*
#26294000
1,
#26296000
0,
0*
#26298000
1,
#26300000
0,
1*
#26302000
1,
#26304000
0,
0*
#26306000
1,
#26308000
0,
1*
#26310000
1,
#26312000
0,
0*
#26314000
1,
#26316000
0,
1*
#26318000
1,
#26320000
0,
0*
#26322000
1,
#26324000
0,
1*
#26326000
1,
#26328000
0,
0*
#26330000
1,
#26332000
0,
1*
#26334000
1,
#26336000
0,
0*
#26338000
1,
#26340000
0,
1*
#26342000
1,
#26344000
0,
0*
#26346000
1,
#26348000
0,
1*
#26350000
1,
#26352000
0,
0*
#26354000
1,
#26356000
0,
1*
#26358000
1,
#26360000
0,
0*
#26362000
1,
#26364000
0,
1*
#26366000
1,
#26368000
0,
0*
#26370000
1,
#26372000
0,
1*
#26374000
1,
#26376000
0,
0*
#26378000
1,
#26380000
0,
1*
#26382000
1,
#26384000
0,
0*
#26386000
1,
#26388000
0,
1*
#26390000
1,
#26392000
0,
0*
#26394000
1,
#26396000
0,
1*
#26398000
1,
#26400000
0,
0*
#26402000
1,
#26404000
0,
1*
#26406000
1,
#26408000
0,
0*
#26410000
1,
#26412000
0,
1*
#26414000
1,
#26416000
0,
0*
#26418000
1,
#26420000
0,
1*
1)
#26422000
b101 L
b111 K
b101 O
b101 U
b101 #
b101 1
b101 7
b101 T
1!
1,
#26424000
0,
0*
#26426000
b101 2
b101 8
b101 P
b100 L
b101 K
b101 &
b101 .
b101 5
b101 9
b110 O
b101 R
b111 0
b111 H
b111 S
b110 U
b110 #
b110 1
b110 7
b110 T
1,
#26428000
b111 I
0,
1*
#26430000
b110 2
b110 8
b110 P
b1100 L
b100 K
b111 U
b111 #
b111 1
b111 7
b111 T
b111 O
b110 R
b101 0
b101 H
b101 S
1,
#26432000
0,
0*
#26434000
b111 2
b111 8
b111 P
b1101 L
b1100 K
b1000 O
b111 R
b100 0
b100 H
b100 S
b1000 U
b1000 #
b1000 1
b1000 7
b1000 T
1,
#26436000
1B
0?
b111 3
b111 >
b111 J
b100 I
0,
1*
#26438000
b1000 2
b1000 8
b1000 P
b1111 L
b1101 K
b1001 U
b1001 #
b1001 1
b1001 7
b1001 T
b1001 O
b1000 R
b1100 0
b1100 H
b1100 S
1,
#26440000
0,
0*
#26442000
b1001 2
b1001 8
b1001 P
b1110 L
b1111 K
b1010 O
b1001 R
b1101 0
b1101 H
b1101 S
b1010 U
b1010 #
b1010 1
b1010 7
b1010 T
1,
#26444000
0B
b100 3
b100 >
b100 J
b1101 I
0%
1(
0,
1*
#26446000
b1010 2
b1010 8
b1010 P
b1010 L
b1110 K
b1011 U
b1011 #
b1011 1
b1011 7
b1011 T
b1011 O
b1010 R
b1111 0
b1111 H
b1111 S
1,
#26448000
0,
0*
#26450000
b1011 2
b1011 8
b1011 P
b1011 L
b1010 K
b1100 O
b1011 R
b1110 0
b1110 H
b1110 S
b1100 U
b1100 #
b1100 1
b1100 7
b1100 T
1,
#26452000
b101 =
b111 <
b101 @
1$
0(
b1101 3
b1101 >
b1101 J
b1110 I
0,
1*
#26454000
b1100 2
b1100 8
b1100 P
b1001 L
b1011 K
b1101 U
b1101 #
b1101 1
b1101 7
b1101 T
b1101 O
b1100 R
b1010 0
b1010 H
b1010 S
1,
#26456000
0,
0*
#26458000
b1101 2
b1101 8
b1101 P
b1000 L
b1001 K
b1110 O
b1101 R
b1011 0
b1011 H
b1011 S
b1110 U
b1110 #
b1110 1
b1110 7
b1110 T
1,
#26460000
b110 &
b110 .
b110 5
b110 9
b101 6
b101 :
b101 A
b100 =
b101 <
b1110 3
b1110 >
b1110 J
b1011 I
b110 @
b101 C
b111 4
b111 D
b111 E
0,
1*
#26462000
b1110 2
b1110 8
b1110 P
b11000 L
b1000 K
b1111 U
b1111 #
b1111 1
b1111 7
b1111 T
b111 F
b1111 O
b1110 R
b1001 0
b1001 H
b1001 S
1,
#26464000
0,
0*
#26466000
b1111 2
b1111 8
b1111 P
b11001 L
b11000 K
b10000 O
b1111 R
b1000 0
b1000 H
b1000 S
b111 /
b111 G
b111 M
b0 U
b10000 #
b10000 1
b10000 7
b10000 T
1,
#26468000
b111 &
b111 .
b111 5
b111 9
b110 6
b110 :
b110 A
0B
b1100 =
b100 <
b111 @
b110 C
b101 4
b101 D
b101 E
b1011 3
b1011 >
b1011 J
b1000 I
0,
1*
#26470000
b0 2
b0 8
b0 P
b11011 L
b11001 K
b1 U
b10001 #
b10001 1
b10001 7
b10001 T
b101 F
b10001 O
b10000 R
b11000 0
b11000 H
b11000 S
1,
#26472000
0,
0*
#26474000
b1 2
b1 8
b1 P
b11010 L
b11011 K
b10010 O
b10001 R
b11001 0
b11001 H
b11001 S
b101 /
b101 G
b101 M
b10 U
b10010 #
b10010 1
b10010 7
b10010 T
1,
#26476000
b1000 &
b1000 .
b1000 5
b1000 9
b111 6
b111 :
b111 A
b1101 =
b1100 <
b1000 3
b1000 >
b1000 J
b11001 I
b1000 @
b111 C
b100 4
b100 D
b100 E
0,
1*
#26478000
b10 2
b10 8
b10 P
0Q
b11110 L
b11010 K
b11 U
b10011 #
b10011 1
b10011 7
b10011 T
b100 F
b10011 O
b10010 R
b11011 0
b11011 H
b11011 S
1,
#26480000
0,
0*
#26482000
b11 2
b11 8
b11 P
b11111 L
b11110 K
b10100 O
b10011 R
b11010 0
b11010 H
b11010 S
b100 /
b100 G
b100 M
b100 U
b10100 #
b10100 1
b10100 7
b10100 T
1,
#26484000
b1001 &
b1001 .
b1001 5
b1001 9
b1000 6
b1000 :
b1000 A
b1111 =
b1101 <
b1001 @
b1000 C
b1100 4
b1100 D
b1100 E
b11001 3
b11001 >
b11001 J
b11010 I
0,
1*
#26486000
b100 2
b100 8
b100 P
0Q
b11101 L
b11111 K
b101 U
b10101 #
b10101 1
b10101 7
b10101 T
b1100 F
b10101 O
b10100 R
b11110 0
b11110 H
b11110 S
1,
#26488000
0,
0*
#26490000
b101 2
b101 8
b101 P
0Q
b11100 L
0N
b11101 K
b10110 O
b10101 R
b11111 0
b11111 H
b11111 S
b1100 /
b1100 G
b1100 M
b110 U
b10110 #
b10110 1
b10110 7
b10110 T
1,
#26492000
b1010 &
b1010 .
b1010 5
b1010 9
b1001 6
b1001 :
b1001 A
b1110 =
b1111 <
b11010 3
b11010 >
b11010 J
b11111 I
b1010 @
b1001 C
b1101 4
b1101 D
b1101 E
0,
1*
#26494000
1Q
b110 2
b110 8
b110 P
b10100 L
b11100 K
b111 U
b10111 #
b10111 1
b10111 7
b10111 T
b1101 F
b10111 O
b10110 R
b11101 0
b11101 H
b11101 S
1,
#26496000
0,
0*
#26498000
b111 2
b111 8
b111 P
b10101 L
b10100 K
1Q
1'
b11000 O
b10111 R
b11100 0
b11100 H
b11100 S
b1101 /
b1101 G
b1101 M
b1000 U
b11000 #
b11000 1
b11000 7
b11000 T
1,
#26500000
b1011 &
b1011 .
b1011 5
b1011 9
b1010 6
b1010 :
b1010 A
b1010 =
b1110 <
b1011 @
b1010 C
b1111 4
b1111 D
b1111 E
b11111 3
b11111 >
b11111 J
b11100 I
0,
1*
#26502000
b1000 2
b1000 8
b1000 P
0Q
b10111 L
1N
b10101 K
b1001 U
b11001 #
b11001 1
b11001 7
b11001 T
b1111 F
b11001 O
b11000 R
b10100 0
b10100 H
b10100 S
1,
#26504000
0,
0*
#26506000
b1001 2
b1001 8
b1001 P
b10111 L
b10101 K
0N
1Q
1"
0'
b11001 O
b11001 R
b10101 0
b10101 H
b10101 S
b1111 /
b1111 G
b1111 M
b1010 U
b11010 #
b11010 1
b11010 7
b11010 T
1,
#26508000
b1100 &
b1100 .
b1100 5
b1100 9
b1011 6
b1011 :
b1011 A
b1011 =
b1010 <
b11100 3
b11100 >
b11100 J
b10101 I
b1100 @
b1011 C
b1110 4
b1110 D
b1110 E
0,
1*
#26510000
0!
b1110 F
0"
1'
1,
#26512000
0,
0*
#26514000
b10110 L
0N
b10111 K
b11010 O
1Q
b1110 /
b1110 G
b1110 M
b1011 U
b11011 #
b11011 1
b11011 7
b11011 T
1!
1,
#26516000
b1101 &
b1101 .
b1101 5
b1101 9
b1100 6
b1100 :
b1100 A
b1001 =
b1011 <
b1101 @
b1100 C
b1010 4
b1010 D
b1010 E
b10101 3
b10101 >
b10101 J
0,
1*
#26518000
b1010 2
b1010 8
b1010 P
0Q
b10010 L
1N
b10110 K
b1100 U
b11100 #
b11100 1
b11100 7
b11100 T
b1010 F
b11011 O
b11010 R
b10111 0
b10111 H
b10111 S
1,
#26520000
0,
0*
#26522000
b1011 2
b1011 8
b1011 P
b10010 L
b10110 K
0N
1Q
1"
0'
b11011 O
b11011 R
b10110 0
b10110 H
b10110 S
b1010 /
b1010 G
b1010 M
b1101 U
b11101 #
b11101 1
b11101 7
b11101 T
1,
#26524000
b1110 &
b1110 .
b1110 5
b1110 9
b1101 6
b1101 :
b1101 A
b1000 =
b1001 <
b10110 I
b1110 @
b1101 C
b1011 4
b1011 D
b1011 E
0,
1*
#26526000
0!
b1011 F
0"
1'
1,
#26528000
0,
0*
#26530000
b10011 L
b10010 K
b11100 O
1Q
b1011 /
b1011 G
b1011 M
b1110 U
b11110 #
b11110 1
b11110 7
b11110 T
1!
1,
#26532000
b1111 &
b1111 .
b1111 5
b1111 9
b1110 6
b1110 :
b1110 A
b11000 =
b1000 <
b1111 @
b1110 C
b1001 4
b1001 D
b1001 E
b10110 3
b10110 >
b10110 J
0,
1*
#26534000
b1100 2
b1100 8
b1100 P
0Q
b10001 L
1N
b10011 K
b1111 U
b11111 #
b11111 1
b11111 7
b11111 T
b1001 F
b11101 O
b11100 R
b10010 0
b10010 H
b10010 S
1,
#26536000
0,
0*
#26538000
b1101 2
b1101 8
b1101 P
b10001 L
b10011 K
0N
1Q
1"
0'
b11101 O
b11101 R
b10011 0
b10011 H
b10011 S
b1001 /
b1001 G
b1001 M
b0 U
b100000 #
b100000 1
b100000 7
b100000 T
1,
#26540000
b10000 &
b10000 .
b10000 5
b10000 9
b1111 6
b1111 :
b1111 A
b11001 =
b11000 <
b10011 I
b10000 @
b1111 C
b1000 4
b1000 D
b1000 E
0,
1*
#26542000
0!
b1000 F
0"
1'
1,
#26544000
0,
0*
#26546000
b10000 L
0N
b10001 K
b11110 O
1Q
b1000 /
b1000 G
b1000 M
b1 U
b100001 #
b100001 1
b100001 7
b100001 T
1!
1,
#26548000
b10001 &
b10001 .
b10001 5
b10001 9
b0 6
b0 :
b0 A
b11011 =
b11001 <
b10001 @
b10000 C
b11000 4
b11000 D
b11000 E
b10011 3
b10011 >
b10011 J
0,
1*
#26550000
b1110 2
b1110 8
b1110 P
0Q
b0 L
1N
b10000 K
b10 U
b100010 #
b100010 1
b100010 7
b100010 T
b11000 F
b11111 O
b11110 R
b10001 0
b10001 H
b10001 S
1,
#26552000
0,
0*
#26554000
1Q
b1111 2
b1111 8
b1111 P
b0 L
0N
b10000 K
1"
0'
b11111 O
b11111 R
b10000 0
b10000 H
b10000 S
b11000 /
b11000 G
b11000 M
b11 U
b100011 #
b100011 1
b100011 7
b100011 T
1,
#26556000
b10010 &
b10010 .
b10010 5
b10010 9
b1 6
b1 :
b1 A
b11010 =
b11011 <
b10000 I
b10010 @
b10001 C
b11001 4
b11001 D
b11001 E
0,
1*
#26558000
0!
b11001 F
0"
1'
1,
#26560000
0,
0*
#26562000
b1 L
b0 K
b0 O
1Q
b11001 /
b11001 G
b11001 M
b100 U
b100100 #
b100100 1
b100100 7
b100100 T
1!
1,
#26564000
b10011 &
b10011 .
b10011 5
b10011 9
b10 6
b10 :
b10 A
b11110 =
b11010 <
b10011 @
b10010 C
b11011 4
b11011 D
b11011 E
b10000 3
b10000 >
b10000 J
0,
1*
#26566000
b0 2
b0 8
b0 P
0Q
b11 L
1N
b1 K
b101 U
b100101 #
b100101 1
b100101 7
b100101 T
b11011 F
b1 O
b0 R
b0 0
b0 H
b0 S
1,
#26568000
0,
0*
#26570000
b1 2
b1 8
b1 P
b11 L
b1 K
0N
1Q
1"
0'
b1 O
b1 R
b1 0
b1 H
b1 S
b11011 /
b11011 G
b11011 M
b110 U
b100110 #
b100110 1
b100110 7
b100110 T
1,
#26572000
b10100 &
b10100 .
b10100 5
b10100 9
b11 6
b11 :
b11 A
b11111 =
b11110 <
b1 I
b10100 @
b10011 C
b11010 4
b11010 D
b11010 E
0,
1*
#26574000
0!
b11010 F
0"
1'
1,
#26576000
0,
0*
#26578000
b10 L
0N
b11 K
b10 O
1Q
b11010 /
b11010 G
b11010 M
b111 U
b100111 #
b100111 1
b100111 7
b100111 T
1!
1,
#26580000
b10101 &
b10101 .
b10101 5
b10101 9
b100 6
b100 :
b100 A
b11101 =
b11111 <
b10101 @
b10100 C
b11110 4
b11110 D
b11110 E
b1 3
b1 >
b1 J
0,
1*
#26582000
b10 2
b10 8
b10 P
0Q
b110 L
1N
b10 K
b1000 U
b101000 #
b101000 1
b101000 7
b101000 T
b11110 F
b11 O
b10 R
b11 0
b11 H
b11 S
1,
#26584000
0,
0*
#26586000
b11 2
b11 8
b11 P
b110 L
b10 K
0N
1Q
1"
0'
b11 O
b11 R
b10 0
b10 H
b10 S
b11110 /
b11110 G
b11110 M
b1001 U
b101001 #
b101001 1
b101001 7
b101001 T
1,
#26588000
b10110 &
b10110 .
b10110 5
b10110 9
b101 6
b101 :
b101 A
b11100 =
b11101 <
b10 I
b10110 @
b10101 C
b11111 4
b11111 D
b11111 E
0,
1*
#26590000
0!
b11111 F
0"
1'
1,
#26592000
0,
0*
#26594000
b111 L
b110 K
b100 O
1Q
b11111 /
b11111 G
b11111 M
b1010 U
b101010 #
b101010 1
b101010 7
b101010 T
1!
1,
#26596000
b10111 &
b10111 .
b10111 5
b10111 9
b110 6
b110 :
b110 A
b10100 =
b11100 <
b10111 @
b10110 C
b11101 4
b11101 D
b11101 E
b10 3
b10 >
b10 J
0,
1*
#26598000
b100 2
b100 8
b100 P
0Q
b101 L
1N
b111 K
b1011 U
b101011 #
b101011 1
b101011 7
b101011 T
b11101 F
b101 O
b100 R
b110 0
b110 H
b110 S
1,
#26600000
0,
0*
#26602000
b101 2
b101 8
b101 P
b101 L
b111 K
0N
1Q
1"
0'
b101 O
b101 R
b111 0
b111 H
b111 S
b11101 /
b11101 G
b11101 M
b1100 U
b101100 #
b101100 1
b101100 7
b101100 T
1,
#26604000
b11000 &
b11000 .
b11000 5
b11000 9
b111 6
b111 :
b111 A
b10101 =
b10100 <
b111 I
b11000 @
b10111 C
b11100 4
b11100 D
b11100 E
0,
1*
#26606000
0!
b11100 F
0"
1'
1,
#26608000
0,
0*
#26610000
b100 L
0N
b101 K
b110 O
1Q
b11100 /
b11100 G
b11100 M
b1101 U
b101101 #
b101101 1
b101101 7
b101101 T
1!
1,
#26612000
b11001 &
b11001 .
b11001 5
b11001 9
b1000 6
b1000 :
b1000 A
b10111 =
b10101 <
b11001 @
b11000 C
b10100 4
b10100 D
b10100 E
b111 3
b111 >
b111 J
0,
1*
#26614000
b110 2
b110 8
b110 P
0Q
b1100 L
1N
b100 K
b1110 U
b101110 #
b101110 1
b101110 7
b101110 T
b10100 F
b111 O
b110 R
b101 0
b101 H
b101 S
1,
#26616000
0,
0*
#26618000
1Q
b111 2
b111 8
b111 P
b1100 L
0N
b100 K
1"
0'
b111 O
b111 R
b100 0
b100 H
b100 S
b10100 /
b10100 G
b10100 M
b1111 U
b101111 #
b101111 1
b101111 7
b101111 T
1,
#26620000
b11011 &
b11011 .
b11011 5
b11011 9
b1001 6
b1001 :
b1001 A
b10110 =
b10111 <
b100 I
b11010 @
b11001 C
b10101 4
b10101 D
b10101 E
0,
1*
0)
#26622000
0!
b10101 F
0"
1'
1,
#26624000
0,
0*
#26626000
0Q
b10101 /
b10101 G
b10101 M
1,
#26628000
b11100 &
b11100 .
b11100 5
b11100 9
b1010 6
b1010 :
b1010 A
b10010 =
b10110 <
b11011 @
b11010 C
b10111 4
b10111 D
b10111 E
b100 3
b100 >
b100 J
0,
1*
#26630000
b10111 F
0'
1,
#26632000
0,
0*
#26634000
b10111 /
b10111 G
b10111 M
1,
#26636000
b11110 &
b11110 .
b11110 5
b11110 9
b1011 6
b1011 :
b1011 A
b10011 =
b10010 <
b11100 @
b11011 C
b10110 4
b10110 D
b10110 E
0,
1*
#26638000
b10110 F
1,
#26640000
0,
0*
#26642000
b10110 /
b10110 G
b10110 M
1,
#26644000
b11111 &
b11111 .
b11111 5
b11111 9
b1100 6
b1100 :
b1100 A
b10001 =
b10011 <
b11101 @
b11100 C
b10010 4
b10010 D
b10010 E
0,
1*
#26646000
b10010 F
1,
#26648000
0,
0*
#26650000
b10010 /
b10010 G
b10010 M
1,
#26652000
b100001 &
b100001 .
b100001 5
b100001 9
b1101 6
b1101 :
b1101 A
b10000 =
b10001 <
b11110 @
b11101 C
b10011 4
b10011 D
b10011 E
0,
1*
#26654000
b10011 F
1,
#26656000
0,
0*
#26658000
b10011 /
b10011 G
b10011 M
1,
#26660000
b100010 &
b100010 .
b100010 5
b100010 9
b1110 6
b1110 :
b1110 A
b0 =
b10000 <
b11111 @
b11110 C
b10001 4
b10001 D
b10001 E
0,
1*
#26662000
b10001 F
1,
#26664000
0,
0*
#26666000
b10001 /
b10001 G
b10001 M
1,
#26668000
b100100 &
b100100 .
b100100 5
b100100 9
b1111 6
b1111 :
b1111 A
b1 =
b0 <
b0 @
b11111 C
b10000 4
b10000 D
b10000 E
0,
1*
#26670000
b10000 F
1,
#26672000
0,
0*
#26674000
b10000 /
b10000 G
b10000 M
1,
#26676000
b100101 &
b100101 .
b100101 5
b100101 9
b0 6
b0 :
b0 A
b11 =
b1 <
b1 @
b0 C
b0 4
b0 D
b0 E
0,
1*
#26678000
b0 F
1,
#26680000
0,
0*
#26682000
b0 /
b0 G
b0 M
1,
#26684000
b100111 &
b100111 .
b100111 5
b100111 9
b1 6
b1 :
b1 A
b10 =
b11 <
b10 @
b1 C
b1 4
b1 D
b1 E
0,
1*
#26686000
b1 F
1,
#26688000
0,
0*
#26690000
b1 /
b1 G
b1 M
1,
#26692000
b101000 &
b101000 .
b101000 5
b101000 9
b10 6
b10 :
b10 A
b110 =
b10 <
b11 @
b10 C
b11 4
b11 D
b11 E
0,
1*
#26694000
b11 F
1,
#26696000
0,
0*
#26698000
b11 /
b11 G
b11 M
1,
#26700000
b101010 &
b101010 .
b101010 5
b101010 9
b11 6
b11 :
b11 A
b111 =
b110 <
b100 @
b11 C
b10 4
b10 D
b10 E
0,
1*
#26702000
b10 F
1,
#26704000
0,
0*
#26706000
b10 /
b10 G
b10 M
1,
#26708000
b101011 &
b101011 .
b101011 5
b101011 9
b100 6
b100 :
b100 A
0B
b101 =
b111 <
b101 @
b100 C
b110 4
b110 D
b110 E
0,
1*
#26710000
b110 F
1,
#26712000
0,
0*
#26714000
b110 /
b110 G
b110 M
1,
#26716000
b101101 &
b101101 .
b101101 5
b101101 9
b101 6
b101 :
b101 A
1B
b100 =
0?
b101 <
b110 @
b101 C
b111 4
b111 D
b111 E
0,
1*
#26718000
b111 F
1,
#26720000
0,
0*
#26722000
b111 /
b111 G
b111 M
1,
#26724000
b101110 &
b101110 .
b101110 5
b101110 9
b110 6
b110 :
b110 A
0B
b1100 =
1?
b100 <
1(
b111 @
b110 C
b101 4
b101 D
b101 E
0,
1*
#26726000
b101 F
1,
#26728000
0,
0*
#26730000
b101 /
b101 G
b101 M
1,
#26732000
b11000 &
b11000 .
b11000 5
b11000 9
b111 6
b111 :
b111 A
b1100 =
1?
b100 <
b111 @
b111 C
b100 4
b100 D
b100 E
1%
0(
0,
1*
#26734000
b100 F
1,
#26736000
0,
0*
#26738000
b100 /
b100 G
b100 M
1,
#26740000
0$
0,
1*
#26742000
1,
#26744000
0,
0*
#26746000
1,
#26748000
0,
1*
#26750000
1,
#26752000
0,
0*
#26754000
1,
#26756000
0,
1*
#26758000
1,
#26760000
0,
0*
#26762000
1,
#26764000
0,
1*
#26766000
1,
#26768000
0,
0*
#26770000
1,
#26772000
0,
1*
#26774000
1,
#26776000
0,
0*
#26778000
1,
#26780000
0,
1*
#26782000
1,
#26784000
0,
0*
#26786000
1,
#26788000
0,
1*
#26790000
1,
#26792000
0,
0*
#26794000
1,
#26796000
0,
1*
#26798000
1,
#26800000
0,
0*
#26802000
1,
#26804000
0,
1*
#26806000
1,
#26808000
0,
0*
#26810000
1,
#26812000
0,
1*
#26814000
1,
#26816000
0,
0*
#26818000
1,
#26820000
0,
1*
#26822000
1,
#26824000
0,
0*
#26826000
1,
#26828000
0,
1*
#26830000
1,
#26832000
0,
0*
#26834000
1,
#26836000
0,
1*
#26838000
1,
#26840000
0,
0*
#26842000
1,
#26844000
0,
1*
#26846000
1,
#26848000
0,
0*
#26850000
1,
#26852000
0,
1*
#26854000
1,
#26856000
0,
0*
#26858000
1,
#26860000
0,
1*
#26862000
1,
#26864000
0,
0*
#26866000
1,
#26868000
0,
1*
#26870000
1,
#26872000
0,
0*
#26874000
1,
#26876000
0,
1*
#26878000
1,
#26880000
0,
0*
#26882000
1,
#26884000
0,
1*
#26886000
1,
#26888000
0,
0*
#26890000
1,
#26892000
0,
1*
#26894000
1,
#26896000
0,
0*
#26898000
1,
#26900000
0,
1*
#26902000
1,
#26904000
0,
0*
#26906000
1,
#26908000
0,
1*
#26910000
1,
#26912000
0,
0*
#26914000
1,
#26916000
0,
1*
#26918000
1,
#26920000
0,
0*
#26922000
1,
#26924000
0,
1*
#26926000
1,
#26928000
0,
0*
#26930000
1,
#26932000
0,
1*
#26934000
1,
#26936000
0,
0*
#26938000
1,
#26940000
0,
1*
#26942000
1,
#26944000
0,
0*
#26946000
1,
#26948000
0,
1*
#26950000
1,
#26952000
0,
0*
#26954000
1,
#26956000
0,
1*
#26958000
1,
#26960000
0,
0*
#26962000
1,
#26964000
0,
1*
#26966000
1,
#26968000
0,
0*
#26970000
1,
#26972000
0,
1*
#26974000
1,
#26976000
0,
0*
#26978000
1,
#26980000
0,
1*
#26982000
1,
#26984000
0,
0*
#26986000
1,
#26988000
0,
1*
#26990000
1,
#26992000
0,
0*
#26994000
1,
#26996000
0,
1*
#26998000
1,
#27000000
0,
0*
#27002000
1,
#27004000
0,
1*
#27006000
1,
#27008000
0,
0*
#27010000
1,
#27012000
0,
1*
#27014000
1,
#27016000
0,
0*
#27018000
1,
#27020000
0,
1*
#27022000
1,
#27024000
0,
0*
#27026000
1,
#27028000
0,
1*
#27030000
1,
#27032000
0,
0*
#27034000
1,
#27036000
0,
1*
#27038000
1,
#27040000
0,
0*
#27042000
1,
#27044000
0,
1*
#27046000
1,
#27048000
0,
0*
#27050000
1,
#27052000
0,
1*
#27054000
1,
#27056000
0,
0*
#27058000
1,
#27060000
0,
1*
#27062000
1,
#27064000
0,
0*
#27066000
1,
#27068000
0,
1*
#27070000
1,
#27072000
0,
0*
#27074000
1,
#27076000
0,
1*
#27078000
1,
#27080000
0,
0*
#27082000
1,
#27084000
0,
1*
#27086000
1,
#27088000
0,
0*
#27090000
1,
#27092000
0,
1*
#27094000
1,
#27096000
0,
0*
#27098000
1,
#27100000
0,
1*
#27102000
1,
#27104000
0,
0*
#27106000
1,
#27108000
0,
1*
#27110000
1,
#27112000
0,
0*
#27114000
1,
#27116000
0,
1*
#27118000
1,
#27120000
0,
0*
#27122000
1,
#27124000
0,
1*
#27126000
1,
#27128000
0,
0*
#27130000
1,
#27132000
0,
1*
#27134000
1,
#27136000
0,
0*
#27138000
1,
#27140000
0,
1*
#27142000
1,
#27144000
0,
0*
#27146000
1,
#27148000
0,
1*
#27150000
1,
#27152000
0,
0*
#27154000
1,
#27156000
0,
1*
#27158000
1,
#27160000
0,
0*
#27162000
1,
#27164000
0,
1*
#27166000
1,
#27168000
0,
0*
#27170000
1,
#27172000
0,
1*
#27174000
1,
#27176000
0,
0*
#27178000
1,
#27180000
0,
1*
#27182000
1,
#27184000
0,
0*
#27186000
1,
#27188000
0,
1*
#27190000
1,
#27192000
0,
0*
#27194000
1,
#27196000
0,
1*
#27198000
1,
#27200000
0,
0*
#27202000
1,
#27204000
0,
1*
#27206000
1,
#27208000
0,
0*
#27210000
1,
#27212000
0,
1*
#27214000
1,
#27216000
0,
0*
#27218000
1,
#27220000
0,
1*
#27222000
1,
#27224000
0,
0*
#27226000
1,
#27228000
0,
1*
#27230000
1,
#27232000
0,
0*
#27234000
1,
#27236000
0,
1*
#27238000
1,
#27240000
0,
0*
#27242000
1,
#27244000
0,
1*
#27246000
1,
#27248000
0,
0*
#27250000
1,
#27252000
0,
1*
#27254000
1,
#27256000
0,
0*
#27258000
1,
#27260000
0,
1*
#27262000
1,
#27264000
0,
0*
#27266000
1,
#27268000
0,
1*
#27270000
1,
#27272000
0,
0*
#27274000
1,
#27276000
0,
1*
#27278000
1,
#27280000
0,
0*
#27282000
1,
#27284000
0,
1*
#27286000
1,
#27288000
0,
0*
#27290000
1,
#27292000
0,
1*
#27294000
1,
#27296000
0,
0*
#27298000
1,
#27300000
0,
1*
#27302000
1,
#27304000
0,
0*
#27306000
1,
#27308000
0,
1*
#27310000
1,
#27312000
0,
0*
#27314000
1,
#27316000
0,
1*
#27318000
1,
#27320000
0,
0*
#27322000
1,
#27324000
0,
1*
#27326000
1,
#27328000
0,
0*
#27330000
1,
#27332000
0,
1*
#27334000
1,
#27336000
0,
0*
#27338000
1,
#27340000
0,
1*
#27342000
1,
#27344000
0,
0*
#27346000
1,
#27348000
0,
1*
#27350000
1,
#27352000
0,
0*
#27354000
1,
#27356000
0,
1*
#27358000
1,
#27360000
0,
0*
#27362000
1,
#27364000
0,
1*
#27366000
1,
#27368000
0,
0*
#27370000
1,
#27372000
0,
1*
#27374000
1,
#27376000
0,
0*
#27378000
1,
#27380000
0,
1*
#27382000
1,
#27384000
0,
0*
#27386000
1,
#27388000
0,
1*
#27390000
1,
#27392000
0,
0*
#27394000
1,
#27396000
0,
1*
#27398000
1,
#27400000
0,
0*
#27402000
1,
#27404000
0,
1*
#27406000
1,
#27408000
0,
0*
#27410000
1,
#27412000
0,
1*
#27414000
1,
#27416000
0,
0*
#27418000
1,
#27420000
0,
1*
#27422000
1,
#27424000
0,
0*
#27426000
1,
#27428000
0,
1*
#27430000
1,
#27432000
0,
0*
#27434000
1,
#27436000
0,
1*
#27438000
1,
#27440000
0,
0*
#27442000
1,
#27444000
0,
1*
#27446000
1,
#27448000
0,
0*
#27450000
1,
#27452000
0,
1*
#27454000
1,
#27456000
0,
0*
#27458000
1,
#27460000
0,
1*
#27462000
1,
#27464000
0,
0*
#27466000
1,
#27468000
0,
1*
#27470000
1,
#27472000
0,
0*
#27474000
1,
#27476000
0,
1*
#27478000
1,
#27480000
0,
0*
#27482000
1,
#27484000
0,
1*
#27486000
1,
#27488000
0,
0*
#27490000
1,
#27492000
0,
1*
#27494000
1,
#27496000
0,
0*
#27498000
1,
#27500000
0,
1*
#27502000
1,
#27504000
0,
0*
#27506000
1,
#27508000
0,
1*
#27510000
1,
#27512000
0,
0*
#27514000
1,
#27516000
0,
1*
#27518000
1,
#27520000
0,
0*
#27522000
1,
#27524000
0,
1*
#27526000
1,
#27528000
0,
0*
#27530000
1,
#27532000
0,
1*
#27534000
1,
#27536000
0,
0*
#27538000
1,
#27540000
0,
1*
#27542000
1,
#27544000
0,
0*
#27546000
1,
#27548000
0,
1*
#27550000
1,
#27552000
0,
0*
#27554000
1,
#27556000
0,
1*
#27558000
1,
#27560000
0,
0*
#27562000
1,
#27564000
0,
1*
#27566000
1,
#27568000
0,
0*
#27570000
1,
#27572000
0,
1*
#27574000
1,
#27576000
0,
0*
#27578000
1,
#27580000
0,
1*
#27582000
1,
#27584000
0,
0*
#27586000
1,
#27588000
0,
1*
#27590000
1,
#27592000
0,
0*
#27594000
1,
#27596000
0,
1*
#27598000
1,
#27600000
0,
0*
#27602000
1,
#27604000
0,
1*
#27606000
1,
#27608000
0,
0*
#27610000
1,
#27612000
0,
1*
#27614000
1,
#27616000
0,
0*
#27618000
1,
#27620000
0,
1*
#27622000
1,
#27624000
0,
0*
#27626000
1,
#27628000
0,
1*
#27630000
1,
#27632000
0,
0*
#27634000
1,
#27636000
0,
1*
#27638000
1,
#27640000
0,
0*
#27642000
1,
#27644000
0,
1*
#27646000
1,
#27648000
0,
0*
#27650000
1,
#27652000
0,
1*
#27654000
1,
#27656000
0,
0*
#27658000
1,
#27660000
0,
1*
#27662000
1,
#27664000
0,
0*
#27666000
1,
#27668000
0,
1*
#27670000
1,
#27672000
0,
0*
#27674000
1,
#27676000
0,
1*
#27678000
1,
#27680000
0,
0*
#27682000
1,
#27684000
0,
1*
#27686000
1,
#27688000
0,
0*
#27690000
1,
#27692000
0,
1*
#27694000
1,
#27696000
0,
0*
#27698000
1,
#27700000
0,
1*
#27702000
1,
#27704000
0,
0*
#27706000
1,
#27708000
0,
1*
#27710000
1,
#27712000
0,
0*
#27714000
1,
#27716000
0,
1*
#27718000
1,
#27720000
0,
0*
#27722000
1,
#27724000
0,
1*
#27726000
1,
#27728000
0,
0*
#27730000
1,
#27732000
0,
1*
#27734000
1,
#27736000
0,
0*
#27738000
1,
#27740000
0,
1*
#27742000
1,
#27744000
0,
0*
#27746000
1,
#27748000
0,
1*
#27750000
1,
#27752000
0,
0*
#27754000
1,
#27756000
0,
1*
#27758000
1,
#27760000
0,
0*
#27762000
1,
#27764000
0,
1*
#27766000
1,
#27768000
0,
0*
#27770000
1,
#27772000
0,
1*
#27774000
1,
#27776000
0,
0*
#27778000
1,
#27780000
0,
1*
#27782000
1,
#27784000
0,
0*
#27786000
1,
#27788000
0,
1*
#27790000
1,
#27792000
0,
0*
#27794000
1,
#27796000
0,
1*
#27798000
1,
#27800000
0,
0*
#27802000
1,
#27804000
0,
1*
#27806000
1,
#27808000
0,
0*
#27810000
1,
#27812000
0,
1*
#27814000
1,
#27816000
0,
0*
#27818000
1,
#27820000
0,
1*
#27822000
1,
#27824000
0,
0*
#27826000
1,
#27828000
0,
1*
#27830000
1,
#27832000
0,
0*
#27834000
1,
#27836000
0,
1*
#27838000
1,
#27840000
0,
0*
#27842000
1,
#27844000
0,
1*
#27846000
1,
#27848000
0,
0*
#27850000
1,
#27852000
0,
1*
#27854000
1,
#27856000
0,
0*
#27858000
1,
#27860000
0,
1*
#27862000
1,
#27864000
0,
0*
#27866000
1,
#27868000
0,
1*
#27870000
1,
#27872000
0,
0*
#27874000
1,
#27876000
0,
1*
#27878000
1,
#27880000
0,
0*
#27882000
1,
#27884000
0,
1*
#27886000
1,
#27888000
0,
0*
#27890000
1,
#27892000
0,
1*
#27894000
1,
#27896000
0,
0*
#27898000
1,
#27900000
0,
1*
#27902000
1,
#27904000
0,
0*
#27906000
1,
#27908000
0,
1*
#27910000
1,
#27912000
0,
0*
#27914000
1,
#27916000
0,
1*
#27918000
1,
#27920000
0,
0*
#27922000
1,
#27924000
0,
1*
#27926000
1,
#27928000
0,
0*
#27930000
1,
#27932000
0,
1*
#27934000
1,
#27936000
0,
0*
#27938000
1,
#27940000
0,
1*
#27942000
1,
#27944000
0,
0*
#27946000
1,
#27948000
0,
1*
#27950000
1,
#27952000
0,
0*
#27954000
1,
#27956000
0,
1*
#27958000
1,
#27960000
0,
0*
#27962000
1,
#27964000
0,
1*
#27966000
1,
#27968000
0,
0*
#27970000
1,
#27972000
0,
1*
#27974000
1,
#27976000
0,
0*
#27978000
1,
#27980000
0,
1*
#27982000
1,
#27984000
0,
0*
#27986000
1,
#27988000
0,
1*
#27990000
1,
#27992000
0,
0*
#27994000
1,
#27996000
0,
1*
#27998000
1,
#28000000
0,
0*
#28002000
1,
#28004000
0,
1*
#28006000
1,
#28008000
0,
0*
#28010000
1,
#28012000
0,
1*
#28014000
1,
#28016000
0,
0*
#28018000
1,
#28020000
0,
1*
#28022000
1,
#28024000
0,
0*
#28026000
1,
#28028000
0,
1*
#28030000
1,
#28032000
0,
0*
#28034000
1,
#28036000
0,
1*
#28038000
1,
#28040000
0,
0*
#28042000
1,
#28044000
0,
1*
#28046000
1,
#28048000
0,
0*
#28050000
1,
#28052000
0,
1*
#28054000
1,
#28056000
0,
0*
#28058000
1,
#28060000
0,
1*
#28062000
1,
#28064000
0,
0*
#28066000
1,
#28068000
0,
1*
#28070000
1,
#28072000
0,
0*
#28074000
1,
#28076000
0,
1*
#28078000
1,
#28080000
0,
0*
#28082000
1,
#28084000
0,
1*
#28086000
1,
#28088000
0,
0*
#28090000
1,
#28092000
0,
1*
#28094000
1,
#28096000
0,
0*
#28098000
1,
#28100000
0,
1*
#28102000
1,
#28104000
0,
0*
#28106000
1,
#28108000
0,
1*
#28110000
1,
#28112000
0,
0*
#28114000
1,
#28116000
0,
1*
#28118000
1,
#28120000
0,
0*
#28122000
1,
#28124000
0,
1*
#28126000
1,
#28128000
0,
0*
#28130000
1,
#28132000
0,
1*
#28134000
1,
#28136000
0,
0*
#28138000
1,
#28140000
0,
1*
#28142000
1,
#28144000
0,
0*
#28146000
1,
#28148000
0,
1*
#28150000
1,
#28152000
0,
0*
#28154000
1,
#28156000
0,
1*
#28158000
1,
#28160000
0,
0*
#28162000
1,
#28164000
0,
1*
#28166000
1,
#28168000
0,
0*
#28170000
1,
#28172000
0,
1*
#28174000
1,
#28176000
0,
0*
#28178000
1,
#28180000
0,
1*
#28182000
1,
#28184000
0,
0*
#28186000
1,
#28188000
0,
1*
#28190000
1,
#28192000
0,
0*
#28194000
1,
#28196000
0,
1*
#28198000
1,
#28200000
0,
0*
#28202000
1,
#28204000
0,
1*
#28206000
1,
#28208000
0,
0*
#28210000
1,
#28212000
0,
1*
#28214000
1,
#28216000
0,
0*
#28218000
1,
#28220000
0,
1*
#28222000
1,
#28224000
0,
0*
#28226000
1,
#28228000
0,
1*
#28230000
1,
#28232000
0,
0*
#28234000
1,
#28236000
0,
1*
#28238000
1,
#28240000
0,
0*
#28242000
1,
#28244000
0,
1*
#28246000
1,
#28248000
0,
0*
#28250000
1,
#28252000
0,
1*
#28254000
1,
#28256000
0,
0*
#28258000
1,
#28260000
0,
1*
#28262000
1,
#28264000
0,
0*
#28266000
1,
#28268000
0,
1*
#28270000
1,
#28272000
0,
0*
#28274000
1,
#28276000
0,
1*
#28278000
1,
#28280000
0,
0*
#28282000
1,
#28284000
0,
1*
#28286000
1,
#28288000
0,
0*
#28290000
1,
#28292000
0,
1*
#28294000
1,
#28296000
0,
0*
#28298000
1,
#28300000
0,
1*
#28302000
1,
#28304000
0,
0*
#28306000
1,
#28308000
0,
1*
#28310000
1,
#28312000
0,
0*
#28314000
1,
#28316000
0,
1*
#28318000
1,
#28320000
0,
0*
#28322000
1,
#28324000
0,
1*
#28326000
1,
#28328000
0,
0*
#28330000
1,
#28332000
0,
1*
#28334000
1,
#28336000
0,
0*
#28338000
1,
#28340000
0,
1*
#28342000
1,
#28344000
0,
0*
#28346000
1,
#28348000
0,
1*
#28350000
1,
#28352000
0,
0*
#28354000
1,
#28356000
0,
1*
#28358000
1,
#28360000
0,
0*
#28362000
1,
#28364000
0,
1*
#28366000
1,
#28368000
0,
0*
#28370000
1,
#28372000
0,
1*
#28374000
1,
#28376000
0,
0*
#28378000
1,
#28380000
0,
1*
#28382000
1,
#28384000
0,
0*
#28386000
1,
#28388000
0,
1*
#28390000
1,
#28392000
0,
0*
#28394000
1,
#28396000
0,
1*
#28398000
1,
#28400000
0,
0*
#28402000
1,
#28404000
0,
1*
#28406000
1,
#28408000
0,
0*
#28410000
1,
#28412000
0,
1*
#28414000
1,
#28416000
0,
0*
#28418000
1,
#28420000
0,
1*
#28422000
1,
#28424000
0,
0*
#28426000
1,
#28428000
0,
1*
#28430000
1,
#28432000
0,
0*
#28434000
1,
#28436000
0,
1*
#28438000
1,
#28440000
0,
0*
#28442000
1,
#28444000
0,
1*
#28446000
1,
#28448000
0,
0*
#28450000
1,
#28452000
0,
1*
#28454000
1,
#28456000
0,
0*
#28458000
1,
#28460000
0,
1*
#28462000
1,
#28464000
0,
0*
#28466000
1,
#28468000
0,
1*
#28470000
1,
#28472000
0,
0*
#28474000
1,
#28476000
0,
1*
#28478000
1,
#28480000
0,
0*
#28482000
1,
#28484000
0,
1*
#28486000
1,
#28488000
0,
0*
#28490000
1,
#28492000
0,
1*
#28494000
1,
#28496000
0,
0*
#28498000
1,
#28500000
0,
1*
#28502000
1,
#28504000
0,
0*
#28506000
1,
#28508000
0,
1*
#28510000
1,
#28512000
0,
0*
#28514000
1,
#28516000
0,
1*
#28518000
1,
#28520000
0,
0*
#28522000
1,
#28524000
0,
1*
#28526000
1,
#28528000
0,
0*
#28530000
1,
#28532000
0,
1*
#28534000
1,
#28536000
0,
0*
#28538000
1,
#28540000
0,
1*
#28542000
1,
#28544000
0,
0*
#28546000
1,
#28548000
0,
1*
#28550000
1,
#28552000
0,
0*
#28554000
1,
#28556000
0,
1*
#28558000
1,
#28560000
0,
0*
#28562000
1,
#28564000
0,
1*
#28566000
1,
#28568000
0,
0*
#28570000
1,
#28572000
0,
1*
#28574000
1,
#28576000
0,
0*
#28578000
1,
#28580000
0,
1*
#28582000
1,
#28584000
0,
0*
#28586000
1,
#28588000
0,
1*
#28590000
1,
#28592000
0,
0*
#28594000
1,
#28596000
0,
1*
#28598000
1,
#28600000
0,
0*
#28602000
1,
#28604000
0,
1*
#28606000
1,
#28608000
0,
0*
#28610000
1,
#28612000
0,
1*
#28614000
1,
#28616000
0,
0*
#28618000
1,
#28620000
0,
1*
1)
#28622000
b1101 L
b1100 K
b1000 O
b0 U
b110000 #
b110000 1
b110000 7
b110000 T
1!
1,
#28624000
0,
0*
#28626000
b1000 2
b1000 8
b1000 P
b1111 L
b1101 K
b110000 &
b110000 .
b110000 5
b110000 9
b1001 O
b1000 R
b1100 0
b1100 H
b1100 S
b1 U
b110001 #
b110001 1
b110001 7
b110001 T
1,
#28628000
b1100 I
0,
1*
#28630000
b1001 2
b1001 8
b1001 P
b1110 L
b1111 K
b10 U
b110010 #
b110010 1
b110010 7
b110010 T
b1010 O
b1001 R
b1101 0
b1101 H
b1101 S
1,
#28632000
0,
0*
#28634000
b1010 2
b1010 8
b1010 P
b1010 L
b1110 K
b1011 O
b1010 R
b1111 0
b1111 H
b1111 S
b11 U
b110011 #
b110011 1
b110011 7
b110011 T
1,
#28636000
1B
0?
b1100 3
b1100 >
b1100 J
b1111 I
0,
1*
#28638000
b1011 2
b1011 8
b1011 P
b1011 L
b1010 K
b100 U
b110100 #
b110100 1
b110100 7
b110100 T
b1100 O
b1011 R
b1110 0
b1110 H
b1110 S
1,
#28640000
0,
0*
#28642000
b1100 2
b1100 8
b1100 P
b1001 L
b1011 K
b1101 O
b1100 R
b1010 0
b1010 H
b1010 S
b101 U
b110101 #
b110101 1
b110101 7
b110101 T
1,
#28644000
0%
1(
0B
b1111 3
b1111 >
b1111 J
b1010 I
0,
1*
#28646000
b1101 2
b1101 8
b1101 P
b1000 L
b1001 K
b110 U
b110110 #
b110110 1
b110110 7
b110110 T
b1110 O
b1101 R
b1011 0
b1011 H
b1011 S
1,
#28648000
0,
0*
#28650000
b1110 2
b1110 8
b1110 P
b11000 L
b1000 K
b1111 O
b1110 R
b1001 0
b1001 H
b1001 S
b111 U
b110111 #
b110111 1
b110111 7
b110111 T
1,
#28652000
b1101 =
b1100 <
b1000 @
b1010 3
b1010 >
b1010 J
b1001 I
0(
1$
0,
1*
#28654000
b1111 2
b1111 8
b1111 P
b11001 L
b11000 K
b1000 U
b111000 #
b111000 1
b111000 7
b111000 T
b10000 O
b1111 R
b1000 0
b1000 H
b1000 S
1,
#28656000
0,
0*
#28658000
b0 2
b0 8
b0 P
b11011 L
b11001 K
b10001 O
b10000 R
b11000 0
b11000 H
b11000 S
b1001 U
b111001 #
b111001 1
b111001 7
b111001 T
1,
#28660000
b110001 &
b110001 .
b110001 5
b110001 9
b1000 6
b1000 :
b1000 A
b1111 =
b1101 <
b1001 @
b1000 C
b1100 4
b1100 D
b1100 E
b1001 3
b1001 >
b1001 J
b11000 I
0,
1*
#28662000
b1 2
b1 8
b1 P
b11010 L
b11011 K
b1010 U
b111010 #
b111010 1
b111010 7
b111010 T
b1100 F
b10010 O
b10001 R
b11001 0
b11001 H
b11001 S
1,
#28664000
0,
0*
#28666000
b10 2
b10 8
b10 P
b11110 L
b11010 K
b10011 O
b10010 R
b11011 0
b11011 H
b11011 S
b1100 /
b1100 G
b1100 M
b1011 U
b111011 #
b111011 1
b111011 7
b111011 T
1,
#28668000
b110010 &
b110010 .
b110010 5
b110010 9
b1001 6
b1001 :
b1001 A
b1110 =
b1111 <
b11000 3
b11000 >
b11000 J
b11011 I
b1010 @
b1001 C
b1101 4
b1101 D
b1101 E
0,
1*
#28670000
b11 2
b11 8
b11 P
b11111 L
b11110 K
b1100 U
b111100 #
b111100 1
b111100 7
b111100 T
b1101 F
b10100 O
b10011 R
b11010 0
b11010 H
b11010 S
1,
#28672000
0,
0*
#28674000
b100 2
b100 8
b100 P
b11101 L
b11111 K
b10101 O
b10100 R
b11110 0
b11110 H
b11110 S
b1101 /
b1101 G
b1101 M
b1101 U
b111101 #
b111101 1
b111101 7
b111101 T
1,
#28676000
b110011 &
b110011 .
b110011 5
b110011 9
b1010 6
b1010 :
b1010 A
b1010 =
b1110 <
b1011 @
b1010 C
b1111 4
b1111 D
b1111 E
b11011 3
b11011 >
b11011 J
b11110 I
0,
1*
#28678000
b101 2
b101 8
b101 P
b11100 L
b11101 K
b1110 U
b111110 #
b111110 1
b111110 7
b111110 T
b1111 F
b10110 O
b10101 R
b11111 0
b11111 H
b11111 S
1,
#28680000
0,
0*
#28682000
b110 2
b110 8
b110 P
b10100 L
b11100 K
b10111 O
b10110 R
b11101 0
b11101 H
b11101 S
b1111 /
b1111 G
b1111 M
b1111 U
b111111 #
b111111 1
b111111 7
b111111 T
1,
#28684000
b110100 &
b110100 .
b110100 5
b110100 9
b1011 6
b1011 :
b1011 A
b1011 =
b1010 <
b11110 3
b11110 >
b11110 J
b11101 I
b1100 @
b1011 C
b1110 4
b1110 D
b1110 E
0,
1*
#28686000
b111 2
b111 8
b111 P
b10101 L
b10100 K
b0 U
b1000000 #
b1000000 1
b1000000 7
b1000000 T
b1110 F
b11000 O
b10111 R
b11100 0
b11100 H
b11100 S
1,
#28688000
0,
0*
#28690000
b1000 2
b1000 8
b1000 P
0Q
b10111 L
b10101 K
b11001 O
b11000 R
b10100 0
b10100 H
b10100 S
b1110 /
b1110 G
b1110 M
b1 U
b1000001 #
b1000001 1
b1000001 7
b1000001 T
1,
#28692000
b110101 &
b110101 .
b110101 5
b110101 9
b1100 6
b1100 :
b1100 A
b1001 =
b1011 <
b1101 @
b1100 C
b1010 4
b1010 D
b1010 E
b11101 3
b11101 >
b11101 J
b10100 I
0,
1*
#28694000
b1001 2
b1001 8
b1001 P
1Q
b10110 L
0N
b10111 K
b10 U
b1000010 #
b1000010 1
b1000010 7
b1000010 T
b1010 F
b11010 O
b11001 R
b10101 0
b10101 H
b10101 S
1,
#28696000
0,
0*
#28698000
b1010 2
b1010 8
b1010 P
b10010 L
b10110 K
1Q
1'
b11011 O
b11010 R
b10111 0
b10111 H
b10111 S
b1010 /
b1010 G
b1010 M
b11 U
b1000011 #
b1000011 1
b1000011 7
b1000011 T
1,
#28700000
b110110 &
b110110 .
b110110 5
b110110 9
b1101 6
b1101 :
b1101 A
b1000 =
b1001 <
b10100 3
b10100 >
b10100 J
b10111 I
b1110 @
b1101 C
b1011 4
b1011 D
b1011 E
0,
1*
#28702000
1N
b1011 2
b1011 8
b1011 P
0Q
b10011 L
b10010 K
b100 U
b1000100 #
b1000100 1
b1000100 7
b1000100 T
b1011 F
b11100 O
b11011 R
b10110 0
b10110 H
b10110 S
1,
#28704000
0,
0*
#28706000
b1100 2
b1100 8
b1100 P
b10011 L
b10010 K
0N
1Q
1"
0'
b11100 O
b11100 R
b10010 0
b10010 H
b10010 S
b1011 /
b1011 G
b1011 M
b101 U
b1000101 #
b1000101 1
b1000101 7
b1000101 T
1,
#28708000
b110111 &
b110111 .
b110111 5
b110111 9
b1110 6
b1110 :
b1110 A
0B
b11000 =
b1000 <
b1111 @
b1110 C
b1001 4
b1001 D
b1001 E
b10111 3
b10111 >
b10111 J
b10010 I
0,
1*
#28710000
0!
b1001 F
0"
1'
1,
#28712000
0,
0*
#28714000
b10001 L
b10011 K
b11101 O
1Q
b1001 /
b1001 G
b1001 M
b110 U
b1000110 #
b1000110 1
b1000110 7
b1000110 T
1!
1,
#28716000
b111000 &
b111000 .
b111000 5
b111000 9
b1111 6
b1111 :
b1111 A
b11001 =
b11000 <
b10010 3
b10010 >
b10010 J
b10000 @
b1111 C
b1000 4
b1000 D
b1000 E
0,
1*
#28718000
1N
b1101 2
b1101 8
b1101 P
0Q
b10000 L
b10001 K
b111 U
b1000111 #
b1000111 1
b1000111 7
b1000111 T
b1000 F
b11110 O
b11101 R
b10011 0
b10011 H
b10011 S
1,
#28720000
0,
0*
#28722000
b1110 2
b1110 8
b1110 P
b10000 L
b10001 K
0N
1Q
1"
0'
b11110 O
b11110 R
b10001 0
b10001 H
b10001 S
b1000 /
b1000 G
b1000 M
b1000 U
b1001000 #
b1001000 1
b1001000 7
b1001000 T
1,
#28724000
b111001 &
b111001 .
b111001 5
b111001 9
b0 6
b0 :
b0 A
b11011 =
b11001 <
b10001 @
b10000 C
b11000 4
b11000 D
b11000 E
b10001 I
0,
1*
#28726000
0!
b11000 F
0"
1'
1,
#28728000
0,
0*
#28730000
b0 L
b10000 K
1Q
b11111 O
b11000 /
b11000 G
b11000 M
b1001 U
b1001001 #
b1001001 1
b1001001 7
b1001001 T
1!
1,
#28732000
b111010 &
b111010 .
b111010 5
b111010 9
b1 6
b1 :
b1 A
b11010 =
b11011 <
b10001 3
b10001 >
b10001 J
b10010 @
b10001 C
b11001 4
b11001 D
b11001 E
0,
1*
#28734000
1N
b1111 2
b1111 8
b1111 P
0Q
b1 L
b0 K
b1010 U
b1001010 #
b1001010 1
b1001010 7
b1001010 T
b11001 F
b0 O
b11111 R
b10000 0
b10000 H
b10000 S
1,
#28736000
0,
0*
#28738000
b0 2
b0 8
b0 P
b1 L
b0 K
0N
1Q
1"
0'
b0 O
b0 R
b0 0
b0 H
b0 S
b11001 /
b11001 G
b11001 M
b1011 U
b1001011 #
b1001011 1
b1001011 7
b1001011 T
1,
#28740000
b111011 &
b111011 .
b111011 5
b111011 9
b10 6
b10 :
b10 A
b11110 =
b11010 <
b10011 @
b10010 C
b11011 4
b11011 D
b11011 E
b0 I
0,
1*
#28742000
0!
b11011 F
0"
1'
1,
#28744000
0,
0*
#28746000
b11 L
b1 K
b1 O
1Q
b11011 /
b11011 G
b11011 M
b1100 U
b1001100 #
b1001100 1
b1001100 7
b1001100 T
1!
1,
#28748000
b111100 &
b111100 .
b111100 5
b111100 9
b11 6
b11 :
b11 A
b11111 =
b11110 <
b0 3
b0 >
b0 J
b10100 @
b10011 C
b11010 4
b11010 D
b11010 E
0,
1*
#28750000
1N
b1 2
b1 8
b1 P
0Q
b10 L
b11 K
b1101 U
b1001101 #
b1001101 1
b1001101 7
b1001101 T
b11010 F
b10 O
b1 R
b1 0
b1 H
b1 S
1,
#28752000
0,
0*
#28754000
b10 2
b10 8
b10 P
b10 L
b11 K
0N
1Q
1"
0'
b10 O
b10 R
b11 0
b11 H
b11 S
b11010 /
b11010 G
b11010 M
b1110 U
b1001110 #
b1001110 1
b1001110 7
b1001110 T
1,
#28756000
b111101 &
b111101 .
b111101 5
b111101 9
b100 6
b100 :
b100 A
b11101 =
b11111 <
b10101 @
b10100 C
b11110 4
b11110 D
b11110 E
b11 I
0,
1*
#28758000
0!
b11110 F
0"
1'
1,
#28760000
0,
0*
#28762000
b110 L
b10 K
b11 O
1Q
b11110 /
b11110 G
b11110 M
b1111 U
b1001111 #
b1001111 1
b1001111 7
b1001111 T
1!
1,
#28764000
b111110 &
b111110 .
b111110 5
b111110 9
b101 6
b101 :
b101 A
b11100 =
b11101 <
b11 3
b11 >
b11 J
b10110 @
b10101 C
b11111 4
b11111 D
b11111 E
0,
1*
#28766000
1N
b11 2
b11 8
b11 P
0Q
b111 L
b110 K
b0 U
b1010000 #
b1010000 1
b1010000 7
b1010000 T
b11111 F
b100 O
b11 R
b10 0
b10 H
b10 S
1,
#28768000
0,
0*
#28770000
b100 2
b100 8
b100 P
b111 L
b110 K
0N
1Q
1"
0'
b100 O
b100 R
b110 0
b110 H
b110 S
b11111 /
b11111 G
b11111 M
b1 U
b1010001 #
b1010001 1
b1010001 7
b1010001 T
1,
#28772000
b111111 &
b111111 .
b111111 5
b111111 9
b110 6
b110 :
b110 A
b10100 =
b11100 <
b10111 @
b10110 C
b11101 4
b11101 D
b11101 E
b110 I
0,
1*
#28774000
0!
b11101 F
0"
1'
1,
#28776000
0,
0*
#28778000
b101 L
b111 K
b101 O
1Q
b11101 /
b11101 G
b11101 M
b10 U
b1010010 #
b1010010 1
b1010010 7
b1010010 T
1!
1,
#28780000
b1000000 &
b1000000 .
b1000000 5
b1000000 9
b111 6
b111 :
b111 A
b10101 =
b10100 <
b110 3
b110 >
b110 J
b11000 @
b10111 C
b11100 4
b11100 D
b11100 E
0,
1*
#28782000
1N
b101 2
b101 8
b101 P
0Q
b100 L
b101 K
b11 U
b1010011 #
b1010011 1
b1010011 7
b1010011 T
b11100 F
b110 O
b101 R
b111 0
b111 H
b111 S
1,
#28784000
0,
0*
#28786000
b110 2
b110 8
b110 P
b100 L
b101 K
0N
1Q
1"
0'
b110 O
b110 R
b101 0
b101 H
b101 S
b11100 /
b11100 G
b11100 M
b100 U
b1010100 #
b1010100 1
b1010100 7
b1010100 T
1,
#28788000
b1000001 &
b1000001 .
b1000001 5
b1000001 9
b1000 6
b1000 :
b1000 A
b10111 =
b10101 <
b11001 @
b11000 C
b10100 4
b10100 D
b10100 E
b101 I
0,
1*
#28790000
0!
b10100 F
0"
1'
1,
#28792000
0,
0*
#28794000
b1100 L
b100 K
1Q
b111 O
b10100 /
b10100 G
b10100 M
b101 U
b1010101 #
b1010101 1
b1010101 7
b1010101 T
1!
1,
#28796000
b1000010 &
b1000010 .
b1000010 5
b1000010 9
b1001 6
b1001 :
b1001 A
b10110 =
b10111 <
b101 3
b101 >
b101 J
b11010 @
b11001 C
b10101 4
b10101 D
b10101 E
0,
1*
#28798000
1N
b111 2
b111 8
b111 P
0Q
b1101 L
b1100 K
b110 U
b1010110 #
b1010110 1
b1010110 7
b1010110 T
b10101 F
b1000 O
b111 R
b100 0
b100 H
b100 S
1,
#28800000
0,
0*
#28802000
b1000 2
b1000 8
b1000 P
b1101 L
b1100 K
0N
1Q
1"
0'
b1000 O
b1000 R
b1100 0
b1100 H
b1100 S
b10101 /
b10101 G
b10101 M
b111 U
b1010111 #
b1010111 1
b1010111 7
b1010111 T
1,
#28804000
b1000011 &
b1000011 .
b1000011 5
b1000011 9
b1010 6
b1010 :
b1010 A
b10010 =
b10110 <
b11011 @
b11010 C
b10111 4
b10111 D
b10111 E
b1100 I
0,
1*
#28806000
0!
b10111 F
0"
1'
1,
#28808000
0,
0*
#28810000
b1111 L
b1101 K
b1001 O
1Q
b10111 /
b10111 G
b10111 M
b1000 U
b1011000 #
b1011000 1
b1011000 7
b1011000 T
1!
1,
#28812000
b1000100 &
b1000100 .
b1000100 5
b1000100 9
b1011 6
b1011 :
b1011 A
b10011 =
b10010 <
b1100 3
b1100 >
b1100 J
b11100 @
b11011 C
b10110 4
b10110 D
b10110 E
0,
1*
#28814000
1N
b1001 2
b1001 8
b1001 P
0Q
b1110 L
b1111 K
b1001 U
b1011001 #
b1011001 1
b1011001 7
b1011001 T
b10110 F
b1010 O
b1001 R
b1101 0
b1101 H
b1101 S
1,
#28816000
0,
0*
#28818000
b1010 2
b1010 8
b1010 P
b1110 L
b1111 K
0N
1Q
1"
0'
b1010 O
b1010 R
b1111 0
b1111 H
b1111 S
b10110 /
b10110 G
b10110 M
b1010 U
b1011010 #
b1011010 1
b1011010 7
b1011010 T
1,
#28820000
b1000110 &
b1000110 .
b1000110 5
b1000110 9
b1100 6
b1100 :
b1100 A
b10001 =
b10011 <
b11101 @
b11100 C
b10010 4
b10010 D
b10010 E
b1111 I
0,
1*
0)
#28822000
0!
b10010 F
0"
1'
1,
#28824000
0,
0*
#28826000
0Q
b10010 /
b10010 G
b10010 M
1,
#28828000
b1000111 &
b1000111 .
b1000111 5
b1000111 9
b1101 6
b1101 :
b1101 A
b10000 =
b10001 <
b1111 3
b1111 >
b1111 J
b11110 @
b11101 C
b10011 4
b10011 D
b10011 E
0,
1*
#28830000
b10011 F
0'
1,
#28832000
0,
0*
#28834000
b10011 /
b10011 G
b10011 M
1,
#28836000
b1001001 &
b1001001 .
b1001001 5
b1001001 9
b1110 6
b1110 :
b1110 A
0B
b0 =
b10000 <
b11111 @
b11110 C
b10001 4
b10001 D
b10001 E
0,
1*
#28838000
b10001 F
1,
#28840000
0,
0*
#28842000
b10001 /
b10001 G
b10001 M
1,
#28844000
b1001010 &
b1001010 .
b1001010 5
b1001010 9
b1111 6
b1111 :
b1111 A
b1 =
0?
b0 <
b0 @
b11111 C
b10000 4
b10000 D
b10000 E
0,
1*
#28846000
b10000 F
1,
#28848000
0,
0*
#28850000
b10000 /
b10000 G
b10000 M
1,
#28852000
b1001100 &
b1001100 .
b1001100 5
b1001100 9
b0 6
b0 :
b0 A
b11 =
b1 <
b1 @
b0 C
b0 4
b0 D
b0 E
0,
1*
#28854000
b0 F
1,
#28856000
0,
0*
#28858000
b0 /
b0 G
b0 M
1,
#28860000
b1001101 &
b1001101 .
b1001101 5
b1001101 9
b1 6
b1 :
b1 A
b10 =
b11 <
b10 @
b1 C
b1 4
b1 D
b1 E
0,
1*
#28862000
b1 F
1,
#28864000
0,
0*
#28866000
b1 /
b1 G
b1 M
1,
#28868000
b1001111 &
b1001111 .
b1001111 5
b1001111 9
b10 6
b10 :
b10 A
b110 =
b10 <
b11 @
b10 C
b11 4
b11 D
b11 E
0,
1*
#28870000
b11 F
1,
#28872000
0,
0*
#28874000
b11 /
b11 G
b11 M
1,
#28876000
b1010000 &
b1010000 .
b1010000 5
b1010000 9
b11 6
b11 :
b11 A
b111 =
b110 <
b100 @
b11 C
b10 4
b10 D
b10 E
0,
1*
#28878000
b10 F
1,
#28880000
0,
0*
#28882000
b10 /
b10 G
b10 M
1,
#28884000
b1010010 &
b1010010 .
b1010010 5
b1010010 9
b100 6
b100 :
b100 A
b101 =
b111 <
b101 @
b100 C
b110 4
b110 D
b110 E
0,
1*
#28886000
b110 F
1,
#28888000
0,
0*
#28890000
b110 /
b110 G
b110 M
1,
#28892000
b1010011 &
b1010011 .
b1010011 5
b1010011 9
b101 6
b101 :
b101 A
b100 =
b101 <
b110 @
b101 C
b111 4
b111 D
b111 E
0,
1*
#28894000
b111 F
1,
#28896000
0,
0*
#28898000
b111 /
b111 G
b111 M
1,
#28900000
b1010101 &
b1010101 .
b1010101 5
b1010101 9
b110 6
b110 :
b110 A
b1100 =
b100 <
b111 @
b110 C
b101 4
b101 D
b101 E
0,
1*
#28902000
b101 F
1,
#28904000
0,
0*
#28906000
b101 /
b101 G
b101 M
1,
#28908000
b1010110 &
b1010110 .
b1010110 5
b1010110 9
b111 6
b111 :
b111 A
b1101 =
b1100 <
b1000 @
b111 C
b100 4
b100 D
b100 E
0,
1*
#28910000
b100 F
1,
#28912000
0,
0*
#28914000
b100 /
b100 G
b100 M
1,
#28916000
1B
b1011000 &
b1011000 .
b1011000 5
b1011000 9
b1000 6
b1000 :
b1000 A
b1111 =
b1101 <
b1001 @
b1000 C
b1100 4
b1100 D
b1100 E
0,
1*
#28918000
b1100 F
1,
#28920000
0,
0*
#28922000
b1100 /
b1100 G
b1100 M
1,
#28924000
1?
b1011001 &
b1011001 .
b1011001 5
b1011001 9
b1001 6
b1001 :
b1001 A
0B
b1110 =
b1111 <
b1010 @
b1001 C
b1101 4
b1101 D
b1101 E
1(
0,
1*
#28926000
b1101 F
1,
#28928000
0,
0*
#28930000
b1101 /
b1101 G
b1101 M
1,
#28932000
b1000011 &
b1000011 .
b1000011 5
b1000011 9
b1010 6
b1010 :
b1010 A
b1110 =
1?
b1111 <
1%
0(
b1010 @
b1010 C
b1111 4
b1111 D
b1111 E
0,
1*
#28934000
b1111 F
1,
#28936000
0,
0*
#28938000
b1111 /
b1111 G
b1111 M
1,
#28940000
0$
0,
1*
#28942000
1,
#28944000
0,
0*
#28946000
1,
#28948000
0,
1*
#28950000
1,
#28952000
0,
0*
#28954000
1,
#28956000
0,
1*
#28958000
1,
#28960000
0,
0*
#28962000
1,
#28964000
0,
1*
#28966000
1,
#28968000
0,
0*
#28970000
1,
#28972000
0,
1*
#28974000
1,
#28976000
0,
0*
#28978000
1,
#28980000
0,
1*
#28982000
1,
#28984000
0,
0*
#28986000
1,
#28988000
0,
1*
#28990000
1,
#28992000
0,
0*
#28994000
1,
#28996000
0,
1*
#28998000
1,
#29000000
0,
0*
#29002000
1,
#29004000
0,
1*
#29006000
1,
#29008000
0,
0*
#29010000
1,
#29012000
0,
1*
#29014000
1,
#29016000
0,
0*
#29018000
1,
#29020000
0,
1*
#29022000
1,
#29024000
0,
0*
#29026000
1,
#29028000
0,
1*
#29030000
1,
#29032000
0,
0*
#29034000
1,
#29036000
0,
1*
#29038000
1,
#29040000
0,
0*
#29042000
1,
#29044000
0,
1*
#29046000
1,
#29048000
0,
0*
#29050000
1,
#29052000
0,
1*
#29054000
1,
#29056000
0,
0*
#29058000
1,
#29060000
0,
1*
#29062000
1,
#29064000
0,
0*
#29066000
1,
#29068000
0,
1*
#29070000
1,
#29072000
0,
0*
#29074000
1,
#29076000
0,
1*
#29078000
1,
#29080000
0,
0*
#29082000
1,
#29084000
0,
1*
#29086000
1,
#29088000
0,
0*
#29090000
1,
#29092000
0,
1*
#29094000
1,
#29096000
0,
0*
#29098000
1,
#29100000
0,
1*
#29102000
1,
#29104000
0,
0*
#29106000
1,
#29108000
0,
1*
#29110000
1,
#29112000
0,
0*
#29114000
1,
#29116000
0,
1*
#29118000
1,
#29120000
0,
0*
#29122000
1,
#29124000
0,
1*
#29126000
1,
#29128000
0,
0*
#29130000
1,
#29132000
0,
1*
#29134000
1,
#29136000
0,
0*
#29138000
1,
#29140000
0,
1*
#29142000
1,
#29144000
0,
0*
#29146000
1,
#29148000
0,
1*
#29150000
1,
#29152000
0,
0*
#29154000
1,
#29156000
0,
1*
#29158000
1,
#29160000
0,
0*
#29162000
1,
#29164000
0,
1*
#29166000
1,
#29168000
0,
0*
#29170000
1,
#29172000
0,
1*
#29174000
1,
#29176000
0,
0*
#29178000
1,
#29180000
0,
1*
#29182000
1,
#29184000
0,
0*
#29186000
1,
#29188000
0,
1*
#29190000
1,
#29192000
0,
0*
#29194000
1,
#29196000
0,
1*
#29198000
1,
#29200000
0,
0*
#29202000
1,
#29204000
0,
1*
#29206000
1,
#29208000
0,
0*
#29210000
1,
#29212000
0,
1*
#29214000
1,
#29216000
0,
0*
#29218000
1,
#29220000
0,
1*
#29222000
1,
#29224000
0,
0*
#29226000
1,
#29228000
0,
1*
#29230000
1,
#29232000
0,
0*
#29234000
1,
#29236000
0,
1*
#29238000
1,
#29240000
0,
0*
#29242000
1,
#29244000
0,
1*
#29246000
1,
#29248000
0,
0*
#29250000
1,
#29252000
0,
1*
#29254000
1,
#29256000
0,
0*
#29258000
1,
#29260000
0,
1*
#29262000
1,
#29264000
0,
0*
#29266000
1,
#29268000
0,
1*
#29270000
1,
#29272000
0,
0*
#29274000
1,
#29276000
0,
1*
#29278000
1,
#29280000
0,
0*
#29282000
1,
#29284000
0,
1*
#29286000
1,
#29288000
0,
0*
#29290000
1,
#29292000
0,
1*
#29294000
1,
#29296000
0,
0*
#29298000
1,
#29300000
0,
1*
#29302000
1,
#29304000
0,
0*
#29306000
1,
#29308000
0,
1*
#29310000
1,
#29312000
0,
0*
#29314000
1,
#29316000
0,
1*
#29318000
1,
#29320000
0,
0*
#29322000
1,
#29324000
0,
1*
#29326000
1,
#29328000
0,
0*
#29330000
1,
#29332000
0,
1*
#29334000
1,
#29336000
0,
0*
#29338000
1,
#29340000
0,
1*
#29342000
1,
#29344000
0,
0*
#29346000
1,
#29348000
0,
1*
#29350000
1,
#29352000
0,
0*
#29354000
1,
#29356000
0,
1*
#29358000
1,
#29360000
0,
0*
#29362000
1,
#29364000
0,
1*
#29366000
1,
#29368000
0,
0*
#29370000
1,
#29372000
0,
1*
#29374000
1,
#29376000
0,
0*
#29378000
1,
#29380000
0,
1*
#29382000
1,
#29384000
0,
0*
#29386000
1,
#29388000
0,
1*
#29390000
1,
#29392000
0,
0*
#29394000
1,
#29396000
0,
1*
#29398000
1,
#29400000
0,
0*
#29402000
1,
#29404000
0,
1*
#29406000
1,
#29408000
0,
0*
#29410000
1,
#29412000
0,
1*
#29414000
1,
#29416000
0,
0*
#29418000
1,
#29420000
0,
1*
#29422000
1,
#29424000
0,
0*
#29426000
1,
#29428000
0,
1*
#29430000
1,
#29432000
0,
0*
#29434000
1,
#29436000
0,
1*
#29438000
1,
#29440000
0,
0*
#29442000
1,
#29444000
0,
1*
#29446000
1,
#29448000
0,
0*
#29450000
1,
#29452000
0,
1*
#29454000
1,
#29456000
0,
0*
#29458000
1,
#29460000
0,
1*
#29462000
1,
#29464000
0,
0*
#29466000
1,
#29468000
0,
1*
#29470000
1,
#29472000
0,
0*
#29474000
1,
#29476000
0,
1*
#29478000
1,
#29480000
0,
0*
#29482000
1,
#29484000
0,
1*
#29486000
1,
#29488000
0,
0*
#29490000
1,
#29492000
0,
1*
#29494000
1,
#29496000
0,
0*
#29498000
1,
#29500000
0,
1*
#29502000
1,
#29504000
0,
0*
#29506000
1,
#29508000
0,
1*
#29510000
1,
#29512000
0,
0*
#29514000
1,
#29516000
0,
1*
#29518000
1,
#29520000
0,
0*
#29522000
1,
#29524000
0,
1*
#29526000
1,
#29528000
0,
0*
#29530000
1,
#29532000
0,
1*
#29534000
1,
#29536000
0,
0*
#29538000
1,
#29540000
0,
1*
#29542000
1,
#29544000
0,
0*
#29546000
1,
#29548000
0,
1*
#29550000
1,
#29552000
0,
0*
#29554000
1,
#29556000
0,
1*
#29558000
1,
#29560000
0,
0*
#29562000
1,
#29564000
0,
1*
#29566000
1,
#29568000
0,
0*
#29570000
1,
#29572000
0,
1*
#29574000
1,
#29576000
0,
0*
#29578000
1,
#29580000
0,
1*
#29582000
1,
#29584000
0,
0*
#29586000
1,
#29588000
0,
1*
#29590000
1,
#29592000
0,
0*
#29594000
1,
#29596000
0,
1*
#29598000
1,
#29600000
0,
0*
#29602000
1,
#29604000
0,
1*
#29606000
1,
#29608000
0,
0*
#29610000
1,
#29612000
0,
1*
#29614000
1,
#29616000
0,
0*
#29618000
1,
#29620000
0,
1*
#29622000
1,
#29624000
0,
0*
#29626000
1,
#29628000
0,
1*
#29630000
1,
#29632000
0,
0*
#29634000
1,
#29636000
0,
1*
#29638000
1,
#29640000
0,
0*
#29642000
1,
#29644000
0,
1*
#29646000
1,
#29648000
0,
0*
#29650000
1,
#29652000
0,
1*
#29654000
1,
#29656000
0,
0*
#29658000
1,
#29660000
0,
1*
#29662000
1,
#29664000
0,
0*
#29666000
1,
#29668000
0,
1*
#29670000
1,
#29672000
0,
0*
#29674000
1,
#29676000
0,
1*
#29678000
1,
#29680000
0,
0*
#29682000
1,
#29684000
0,
1*
#29686000
1,
#29688000
0,
0*
#29690000
1,
#29692000
0,
1*
#29694000
1,
#29696000
0,
0*
#29698000
1,
#29700000
0,
1*
#29702000
1,
#29704000
0,
0*
#29706000
1,
#29708000
0,
1*
#29710000
1,
#29712000
0,
0*
#29714000
1,
#29716000
0,
1*
#29718000
1,
#29720000
0,
0*
#29722000
1,
#29724000
0,
1*
#29726000
1,
#29728000
0,
0*
#29730000
1,
#29732000
0,
1*
#29734000
1,
#29736000
0,
0*
#29738000
1,
#29740000
0,
1*
#29742000
1,
#29744000
0,
0*
#29746000
1,
#29748000
0,
1*
#29750000
1,
#29752000
0,
0*
#29754000
1,
#29756000
0,
1*
#29758000
1,
#29760000
0,
0*
#29762000
1,
#29764000
0,
1*
#29766000
1,
#29768000
0,
0*
#29770000
1,
#29772000
0,
1*
#29774000
1,
#29776000
0,
0*
#29778000
1,
#29780000
0,
1*
#29782000
1,
#29784000
0,
0*
#29786000
1,
#29788000
0,
1*
#29790000
1,
#29792000
0,
0*
#29794000
1,
#29796000
0,
1*
#29798000
1,
#29800000
0,
0*
#29802000
1,
#29804000
0,
1*
#29806000
1,
#29808000
0,
0*
#29810000
1,
#29812000
0,
1*
#29814000
1,
#29816000
0,
0*
#29818000
1,
#29820000
0,
1*
#29822000
1,
#29824000
0,
0*
#29826000
1,
#29828000
0,
1*
#29830000
1,
#29832000
0,
0*
#29834000
1,
#29836000
0,
1*
#29838000
1,
#29840000
0,
0*
#29842000
1,
#29844000
0,
1*
#29846000
1,
#29848000
0,
0*
#29850000
1,
#29852000
0,
1*
#29854000
1,
#29856000
0,
0*
#29858000
1,
#29860000
0,
1*
#29862000
1,
#29864000
0,
0*
#29866000
1,
#29868000
0,
1*
#29870000
1,
#29872000
0,
0*
#29874000
1,
#29876000
0,
1*
#29878000
1,
#29880000
0,
0*
#29882000
1,
#29884000
0,
1*
#29886000
1,
#29888000
0,
0*
#29890000
1,
#29892000
0,
1*
#29894000
1,
#29896000
0,
0*
#29898000
1,
#29900000
0,
1*
#29902000
1,
#29904000
0,
0*
#29906000
1,
#29908000
0,
1*
#29910000
1,
#29912000
0,
0*
#29914000
1,
#29916000
0,
1*
#29918000
1,
#29920000
0,
0*
#29922000
1,
#29924000
0,
1*
#29926000
1,
#29928000
0,
0*
#29930000
1,
#29932000
0,
1*
#29934000
1,
#29936000
0,
0*
#29938000
1,
#29940000
0,
1*
#29942000
1,
#29944000
0,
0*
#29946000
1,
#29948000
0,
1*
#29950000
1,
#29952000
0,
0*
#29954000
1,
#29956000
0,
1*
#29958000
1,
#29960000
0,
0*
#29962000
1,
#29964000
0,
1*
#29966000
1,
#29968000
0,
0*
#29970000
1,
#29972000
0,
1*
#29974000
1,
#29976000
0,
0*
#29978000
1,
#29980000
0,
1*
#29982000
1,
#29984000
0,
0*
#29986000
1,
#29988000
0,
1*
#29990000
1,
#29992000
0,
0*
#29994000
1,
#29996000
0,
1*
#29998000
1,
#30000000
0,
0*
#30002000
1,
#30004000
0,
1*
#30006000
1,
#30008000
0,
0*
#30010000
1,
#30012000
0,
1*
#30014000
1,
#30016000
0,
0*
#30018000
1,
#30020000
0,
1*
#30022000
1,
#30024000
0,
0*
#30026000
1,
#30028000
0,
1*
#30030000
1,
#30032000
0,
0*
#30034000
1,
#30036000
0,
1*
#30038000
1,
#30040000
0,
0*
#30042000
1,
#30044000
0,
1*
#30046000
1,
#30048000
0,
0*
#30050000
1,
#30052000
0,
1*
#30054000
1,
#30056000
0,
0*
#30058000
1,
#30060000
0,
1*
#30062000
1,
#30064000
0,
0*
#30066000
1,
#30068000
0,
1*
#30070000
1,
#30072000
0,
0*
#30074000
1,
#30076000
0,
1*
#30078000
1,
#30080000
0,
0*
#30082000
1,
#30084000
0,
1*
#30086000
1,
#30088000
0,
0*
#30090000
1,
#30092000
0,
1*
#30094000
1,
#30096000
0,
0*
#30098000
1,
#30100000
0,
1*
#30102000
1,
#30104000
0,
0*
#30106000
1,
#30108000
0,
1*
#30110000
1,
#30112000
0,
0*
#30114000
1,
#30116000
0,
1*
#30118000
1,
#30120000
0,
0*
#30122000
1,
#30124000
0,
1*
#30126000
1,
#30128000
0,
0*
#30130000
1,
#30132000
0,
1*
#30134000
1,
#30136000
0,
0*
#30138000
1,
#30140000
0,
1*
#30142000
1,
#30144000
0,
0*
#30146000
1,
#30148000
0,
1*
#30150000
1,
#30152000
0,
0*
#30154000
1,
#30156000
0,
1*
#30158000
1,
#30160000
0,
0*
#30162000
1,
#30164000
0,
1*
#30166000
1,
#30168000
0,
0*
#30170000
1,
#30172000
0,
1*
#30174000
1,
#30176000
0,
0*
#30178000
1,
#30180000
0,
1*
#30182000
1,
#30184000
0,
0*
#30186000
1,
#30188000
0,
1*
#30190000
1,
#30192000
0,
0*
#30194000
1,
#30196000
0,
1*
#30198000
1,
#30200000
0,
0*
#30202000
1,
#30204000
0,
1*
#30206000
1,
#30208000
0,
0*
#30210000
1,
#30212000
0,
1*
#30214000
1,
#30216000
0,
0*
#30218000
1,
#30220000
0,
1*
#30222000
1,
#30224000
0,
0*
#30226000
1,
#30228000
0,
1*
#30230000
1,
#30232000
0,
0*
#30234000
1,
#30236000
0,
1*
#30238000
1,
#30240000
0,
0*
#30242000
1,
#30244000
0,
1*
#30246000
1,
#30248000
0,
0*
#30250000
1,
#30252000
0,
1*
#30254000
1,
#30256000
0,
0*
#30258000
1,
#30260000
0,
1*
#30262000
1,
#30264000
0,
0*
#30266000
1,
#30268000
0,
1*
#30270000
1,
#30272000
0,
0*
#30274000
1,
#30276000
0,
1*
#30278000
1,
#30280000
0,
0*
#30282000
1,
#30284000
0,
1*
#30286000
1,
#30288000
0,
0*
#30290000
1,
#30292000
0,
1*
#30294000
1,
#30296000
0,
0*
#30298000
1,
#30300000
0,
1*
#30302000
1,
#30304000
0,
0*
#30306000
1,
#30308000
0,
1*
#30310000
1,
#30312000
0,
0*
#30314000
1,
#30316000
0,
1*
#30318000
1,
#30320000
0,
0*
#30322000
1,
#30324000
0,
1*
#30326000
1,
#30328000
0,
0*
#30330000
1,
#30332000
0,
1*
#30334000
1,
#30336000
0,
0*
#30338000
1,
#30340000
0,
1*
#30342000
1,
#30344000
0,
0*
#30346000
1,
#30348000
0,
1*
#30350000
1,
#30352000
0,
0*
#30354000
1,
#30356000
0,
1*
#30358000
1,
#30360000
0,
0*
#30362000
1,
#30364000
0,
1*
#30366000
1,
#30368000
0,
0*
#30370000
1,
#30372000
0,
1*
#30374000
1,
#30376000
0,
0*
#30378000
1,
#30380000
0,
1*
#30382000
1,
#30384000
0,
0*
#30386000
1,
#30388000
0,
1*
#30390000
1,
#30392000
0,
0*
#30394000
1,
#30396000
0,
1*
#30398000
1,
#30400000
0,
0*
#30402000
1,
#30404000
0,
1*
#30406000
1,
#30408000
0,
0*
#30410000
1,
#30412000
0,
1*
#30414000
1,
#30416000
0,
0*
#30418000
1,
#30420000
0,
1*
#30422000
1,
#30424000
0,
0*
#30426000
1,
#30428000
0,
1*
#30430000
1,
#30432000
0,
0*
#30434000
1,
#30436000
0,
1*
#30438000
1,
#30440000
0,
0*
#30442000
1,
#30444000
0,
1*
#30446000
1,
#30448000
0,
0*
#30450000
1,
#30452000
0,
1*
#30454000
1,
#30456000
0,
0*
#30458000
1,
#30460000
0,
1*
#30462000
1,
#30464000
0,
0*
#30466000
1,
#30468000
0,
1*
#30470000
1,
#30472000
0,
0*
#30474000
1,
#30476000
0,
1*
#30478000
1,
#30480000
0,
0*
#30482000
1,
#30484000
0,
1*
#30486000
1,
#30488000
0,
0*
#30490000
1,
#30492000
0,
1*
#30494000
1,
#30496000
0,
0*
#30498000
1,
#30500000
0,
1*
#30502000
1,
#30504000
0,
0*
#30506000
1,
#30508000
0,
1*
#30510000
1,
#30512000
0,
0*
#30514000
1,
#30516000
0,
1*
#30518000
1,
#30520000
0,
0*
#30522000
1,
#30524000
0,
1*
#30526000
1,
#30528000
0,
0*
#30530000
1,
#30532000
0,
1*
#30534000
1,
#30536000
0,
0*
#30538000
1,
#30540000
0,
1*
#30542000
1,
#30544000
0,
0*
#30546000
1,
#30548000
0,
1*
#30550000
1,
#30552000
0,
0*
#30554000
1,
#30556000
0,
1*
#30558000
1,
#30560000
0,
0*
#30562000
1,
#30564000
0,
1*
#30566000
1,
#30568000
0,
0*
#30570000
1,
#30572000
0,
1*
#30574000
1,
#30576000
0,
0*
#30578000
1,
#30580000
0,
1*
#30582000
1,
#30584000
0,
0*
#30586000
1,
#30588000
0,
1*
#30590000
1,
#30592000
0,
0*
#30594000
1,
#30596000
0,
1*
#30598000
1,
#30600000
0,
0*
#30602000
1,
#30604000
0,
1*
#30606000
1,
#30608000
0,
0*
#30610000
1,
#30612000
0,
1*
#30614000
1,
#30616000
0,
0*
#30618000
1,
#30620000
0,
1*
#30622000
1,
#30624000
0,
0*
#30626000
1,
#30628000
0,
1*
#30630000
1,
#30632000
0,
0*
#30634000
1,
#30636000
0,
1*
#30638000
1,
#30640000
0,
0*
#30642000
1,
#30644000
0,
1*
#30646000
1,
#30648000
0,
0*
#30650000
1,
#30652000
0,
1*
#30654000
1,
#30656000
0,
0*
#30658000
1,
#30660000
0,
1*
#30662000
1,
#30664000
0,
0*
#30666000
1,
#30668000
0,
1*
#30670000
1,
#30672000
0,
0*
#30674000
1,
#30676000
0,
1*
#30678000
1,
#30680000
0,
0*
#30682000
1,
#30684000
0,
1*
#30686000
1,
#30688000
0,
0*
#30690000
1,
#30692000
0,
1*
#30694000
1,
#30696000
0,
0*
#30698000
1,
#30700000
0,
1*
#30702000
1,
#30704000
0,
0*
#30706000
1,
#30708000
0,
1*
#30710000
1,
#30712000
0,
0*
#30714000
1,
#30716000
0,
1*
#30718000
1,
#30720000
0,
0*
#30722000
1,
#30724000
0,
1*
#30726000
1,
#30728000
0,
0*
#30730000
1,
#30732000
0,
1*
#30734000
1,
#30736000
0,
0*
#30738000
1,
#30740000
0,
1*
#30742000
1,
#30744000
0,
0*
#30746000
1,
#30748000
0,
1*
#30750000
1,
#30752000
0,
0*
#30754000
1,
#30756000
0,
1*
#30758000
1,
#30760000
0,
0*
#30762000
1,
#30764000
0,
1*
#30766000
1,
#30768000
0,
0*
#30770000
1,
#30772000
0,
1*
#30774000
1,
#30776000
0,
0*
#30778000
1,
#30780000
0,
1*
#30782000
1,
#30784000
0,
0*
#30786000
1,
#30788000
0,
1*
#30790000
1,
#30792000
0,
0*
#30794000
1,
#30796000
0,
1*
#30798000
1,
#30800000
0,
0*
#30802000
1,
#30804000
0,
1*
#30806000
1,
#30808000
0,
0*
#30810000
1,
#30812000
0,
1*
#30814000
1,
#30816000
0,
0*
#30818000
1,
#30820000
0,
1*
1)
#30822000
b1010 L
b1110 K
b1011 O
b1011 U
b1011011 #
b1011011 1
b1011011 7
b1011011 T
1!
1,
#30824000
0,
0*
#30826000
b1011 2
b1011 8
b1011 P
b1011 L
b1010 K
b1011011 &
b1011011 .
b1011011 5
b1011011 9
b1100 O
b1011 R
b1110 0
b1110 H
b1110 S
b1100 U
b1011100 #
b1011100 1
b1011100 7
b1011100 T
1,
#30828000
b1110 I
0,
1*
#30830000
b1100 2
b1100 8
b1100 P
b1001 L
b1011 K
b1101 U
b1011101 #
b1011101 1
b1011101 7
b1011101 T
b1101 O
b1100 R
b1010 0
b1010 H
b1010 S
1,
#30832000
0,
0*
#30834000
b1101 2
b1101 8
b1101 P
b1000 L
b1001 K
b1110 O
b1101 R
b1011 0
b1011 H
b1011 S
b1110 U
b1011110 #
b1011110 1
b1011110 7
b1011110 T
1,
#30836000
1B
0?
b1110 3
b1110 >
b1110 J
b1011 I
0,
1*
#30838000
b1110 2
b1110 8
b1110 P
0Q
b11000 L
b1000 K
b1111 U
b1011111 #
b1011111 1
b1011111 7
b1011111 T
b1111 O
b1110 R
b1001 0
b1001 H
b1001 S
1,
#30840000
0,
0*
#30842000
b1111 2
b1111 8
b1111 P
b11001 L
0N
b11000 K
b10000 O
b1111 R
b1000 0
b1000 H
b1000 S
b0 U
b1100000 #
b1100000 1
b1100000 7
b1100000 T
1,
#30844000
0B
b1011 3
b1011 >
b1011 J
b1000 I
0%
1(
0,
1*
#30846000
b0 2
b0 8
b0 P
b11011 L
b11001 K
b1 U
b1100001 #
b1100001 1
b1100001 7
b1100001 T
b10001 O
b10000 R
b11000 0
b11000 H
b11000 S
1,
#30848000
0,
0*
#30850000
b1 2
b1 8
b1 P
b11010 L
b11011 K
b10010 O
b10001 R
b11001 0
b11001 H
b11001 S
b10 U
b1100010 #
b1100010 1
b1100010 7
b1100010 T
1,
#30852000
b1010 =
b1110 <
b1011 @
1$
0(
b1000 3
b1000 >
b1000 J
b11001 I
0,
1*
#30854000
b10 2
b10 8
b10 P
b11110 L
b11010 K
b11 U
b1100011 #
b1100011 1
b1100011 7
b1100011 T
b10011 O
b10010 R
b11011 0
b11011 H
b11011 S
1,
#30856000
0,
0*
#30858000
b11 2
b11 8
b11 P
b11111 L
b11110 K
b10100 O
b10011 R
b11010 0
b11010 H
b11010 S
b100 U
b1100100 #
b1100100 1
b1100100 7
b1100100 T
1,
#30860000
b1011100 &
b1011100 .
b1011100 5
b1011100 9
b1011 6
b1011 :
b1011 A
b1011 =
b1010 <
b11001 3
b11001 >
b11001 J
b11010 I
b1100 @
b1011 C
b1110 4
b1110 D
b1110 E
0,
1*
#30862000
b100 2
b100 8
b100 P
b11101 L
b11111 K
b101 U
b1100101 #
b1100101 1
b1100101 7
b1100101 T
b1110 F
b10101 O
b10100 R
b11110 0
b11110 H
b11110 S
1,
#30864000
0,
0*
#30866000
b101 2
b101 8
b101 P
b11100 L
b11101 K
b10110 O
b10101 R
b11111 0
b11111 H
b11111 S
b1110 /
b1110 G
b1110 M
b110 U
b1100110 #
b1100110 1
b1100110 7
b1100110 T
1,
#30868000
b1011101 &
b1011101 .
b1011101 5
b1011101 9
b1100 6
b1100 :
b1100 A
b1001 =
b1011 <
b1101 @
b1100 C
b1010 4
b1010 D
b1010 E
b11010 3
b11010 >
b11010 J
b11111 I
0,
1*
#30870000
b110 2
b110 8
b110 P
b10100 L
b11100 K
b111 U
b1100111 #
b1100111 1
b1100111 7
b1100111 T
b1010 F
b10111 O
b10110 R
b11101 0
b11101 H
b11101 S
1,
#30872000
0,
0*
#30874000
b111 2
b111 8
b111 P
b10101 L
b10100 K
b11000 O
b10111 R
b11100 0
b11100 H
b11100 S
b1010 /
b1010 G
b1010 M
b1000 U
b1101000 #
b1101000 1
b1101000 7
b1101000 T
1,
#30876000
b1011110 &
b1011110 .
b1011110 5
b1011110 9
b1101 6
b1101 :
b1101 A
b1000 =
b1001 <
b11111 3
b11111 >
b11111 J
b11100 I
b1110 @
b1101 C
b1011 4
b1011 D
b1011 E
0,
1*
#30878000
b1000 2
b1000 8
b1000 P
b10111 L
b10101 K
b1001 U
b1101001 #
b1101001 1
b1101001 7
b1101001 T
b1011 F
b11001 O
b11000 R
b10100 0
b10100 H
b10100 S
1,
#30880000
0,
0*
#30882000
b1001 2
b1001 8
b1001 P
b10110 L
b10111 K
b11010 O
b11001 R
b10101 0
b10101 H
b10101 S
b1011 /
b1011 G
b1011 M
b1010 U
b1101010 #
b1101010 1
b1101010 7
b1101010 T
1,
#30884000
b1011111 &
b1011111 .
b1011111 5
b1011111 9
b1110 6
b1110 :
b1110 A
b11000 =
b1000 <
b1111 @
b1110 C
b1001 4
b1001 D
b1001 E
b11100 3
b11100 >
b11100 J
b10101 I
0,
1*
#30886000
b1010 2
b1010 8
b1010 P
b10010 L
b10110 K
b1011 U
b1101011 #
b1101011 1
b1101011 7
b1101011 T
b1001 F
b11011 O
b11010 R
b10111 0
b10111 H
b10111 S
1,
#30888000
0,
0*
#30890000
b1011 2
b1011 8
b1011 P
b10011 L
0N
b10010 K
b11100 O
b11011 R
b10110 0
b10110 H
b10110 S
b1001 /
b1001 G
b1001 M
b1100 U
b1101100 #
b1101100 1
b1101100 7
b1101100 T
1,
#30892000
b1100000 &
b1100000 .
b1100000 5
b1100000 9
b1111 6
b1111 :
b1111 A
b11001 =
b11000 <
b10101 3
b10101 >
b10101 J
b10110 I
b10000 @
b1111 C
b1000 4
b1000 D
b1000 E
0,
1*
#30894000
1Q
b1100 2
b1100 8
b1100 P
b10001 L
b10011 K
b1101 U
b1101101 #
b1101101 1
b1101101 7
b1101101 T
b1000 F
b11101 O
b11100 R
b10010 0
b10010 H
b10010 S
1,
#30896000
0,
0*
#30898000
b1101 2
b1101 8
b1101 P
b10000 L
0N
b10001 K
1Q
1'
b11110 O
b11101 R
b10011 0
b10011 H
b10011 S
b1000 /
b1000 G
b1000 M
b1110 U
b1101110 #
b1101110 1
b1101110 7
b1101110 T
1,
#30900000
b1100001 &
b1100001 .
b1100001 5
b1100001 9
b0 6
b0 :
b0 A
b11011 =
b11001 <
b10001 @
b10000 C
b11000 4
b11000 D
b11000 E
b10110 3
b10110 >
b10110 J
b10011 I
0,
1*
#30902000
b1110 2
b1110 8
b1110 P
0Q
b0 L
1N
b10000 K
b1111 U
b1101111 #
b1101111 1
b1101111 7
b1101111 T
b11000 F
b11111 O
b11110 R
b10001 0
b10001 H
b10001 S
1,
#30904000
0,
0*
#30906000
1Q
b1111 2
b1111 8
b1111 P
b0 L
0N
b10000 K
1"
0'
b11111 O
b11111 R
b10000 0
b10000 H
b10000 S
b11000 /
b11000 G
b11000 M
b0 U
b1110000 #
b1110000 1
b1110000 7
b1110000 T
1,
#30908000
b1100010 &
b1100010 .
b1100010 5
b1100010 9
b1 6
b1 :
b1 A
b11010 =
b11011 <
b10011 3
b10011 >
b10011 J
b10000 I
b10010 @
b10001 C
b11001 4
b11001 D
b11001 E
0,
1*
#30910000
0!
b11001 F
0"
1'
1,
#30912000
0,
0*
#30914000
b1 L
b0 K
b0 O
1Q
b11001 /
b11001 G
b11001 M
b1 U
b1110001 #
b1110001 1
b1110001 7
b1110001 T
1!
1,
#30916000
b1100011 &
b1100011 .
b1100011 5
b1100011 9
b10 6
b10 :
b10 A
b11110 =
b11010 <
b10011 @
b10010 C
b11011 4
b11011 D
b11011 E
b10000 3
b10000 >
b10000 J
0,
1*
#30918000
b0 2
b0 8
b0 P
0Q
b11 L
1N
b1 K
b10 U
b1110010 #
b1110010 1
b1110010 7
b1110010 T
b11011 F
b1 O
b0 R
b0 0
b0 H
b0 S
1,
#30920000
0,
0*
#30922000
b1 2
b1 8
b1 P
b11 L
b1 K
0N
1Q
1"
0'
b1 O
b1 R
b1 0
b1 H
b1 S
b11011 /
b11011 G
b11011 M
b11 U
b1110011 #
b1110011 1
b1110011 7
b1110011 T
1,
#30924000
b1100100 &
b1100100 .
b1100100 5
b1100100 9
b11 6
b11 :
b11 A
b11111 =
b11110 <
b1 I
b10100 @
b10011 C
b11010 4
b11010 D
b11010 E
0,
1*
#30926000
0!
b11010 F
0"
1'
1,
#30928000
0,
0*
#30930000
b10 L
0N
b11 K
b10 O
1Q
b11010 /
b11010 G
b11010 M
b100 U
b1110100 #
b1110100 1
b1110100 7
b1110100 T
1!
1,
#30932000
b1100101 &
b1100101 .
b1100101 5
b1100101 9
b100 6
b100 :
b100 A
b11101 =
b11111 <
b10101 @
b10100 C
b11110 4
b11110 D
b11110 E
b1 3
b1 >
b1 J
0,
1*
#30934000
b10 2
b10 8
b10 P
0Q
b110 L
1N
b10 K
b101 U
b1110101 #
b1110101 1
b1110101 7
b1110101 T
b11110 F
b11 O
b10 R
b11 0
b11 H
b11 S
1,
#30936000
0,
0*
#30938000
b11 2
b11 8
b11 P
b110 L
b10 K
0N
1Q
1"
0'
b11 O
b11 R
b10 0
b10 H
b10 S
b11110 /
b11110 G
b11110 M
b110 U
b1110110 #
b1110110 1
b1110110 7
b1110110 T
1,
#30940000
b1100110 &
b1100110 .
b1100110 5
b1100110 9
b101 6
b101 :
b101 A
b11100 =
b11101 <
b10 I
b10110 @
b10101 C
b11111 4
b11111 D
b11111 E
0,
1*
#30942000
0!
b11111 F
0"
1'
1,
#30944000
0,
0*
#30946000
b111 L
b110 K
b100 O
1Q
b11111 /
b11111 G
b11111 M
b111 U
b1110111 #
b1110111 1
b1110111 7
b1110111 T
1!
1,
#30948000
b1100111 &
b1100111 .
b1100111 5
b1100111 9
b110 6
b110 :
b110 A
b10100 =
b11100 <
b10111 @
b10110 C
b11101 4
b11101 D
b11101 E
b10 3
b10 >
b10 J
0,
1*
#30950000
b100 2
b100 8
b100 P
0Q
b101 L
1N
b111 K
b1000 U
b1111000 #
b1111000 1
b1111000 7
b1111000 T
b11101 F
b101 O
b100 R
b110 0
b110 H
b110 S
1,
#30952000
0,
0*
#30954000
b101 2
b101 8
b101 P
b101 L
b111 K
0N
1Q
1"
0'
b101 O
b101 R
b111 0
b111 H
b111 S
b11101 /
b11101 G
b11101 M
b1001 U
b1111001 #
b1111001 1
b1111001 7
b1111001 T
1,
#30956000
b1101000 &
b1101000 .
b1101000 5
b1101000 9
b111 6
b111 :
b111 A
b10101 =
b10100 <
b111 I
b11000 @
b10111 C
b11100 4
b11100 D
b11100 E
0,
1*
#30958000
0!
b11100 F
0"
1'
1,
#30960000
0,
0*
#30962000
b100 L
0N
b101 K
b110 O
1Q
b11100 /
b11100 G
b11100 M
b1010 U
b1111010 #
b1111010 1
b1111010 7
b1111010 T
1!
1,
#30964000
b1101001 &
b1101001 .
b1101001 5
b1101001 9
b1000 6
b1000 :
b1000 A
b10111 =
b10101 <
b11001 @
b11000 C
b10100 4
b10100 D
b10100 E
b111 3
b111 >
b111 J
0,
1*
#30966000
b110 2
b110 8
b110 P
0Q
b1100 L
1N
b100 K
b1011 U
b1111011 #
b1111011 1
b1111011 7
b1111011 T
b10100 F
b111 O
b110 R
b101 0
b101 H
b101 S
1,
#30968000
0,
0*
#30970000
1Q
b111 2
b111 8
b111 P
b1100 L
0N
b100 K
1"
0'
b111 O
b111 R
b100 0
b100 H
b100 S
b10100 /
b10100 G
b10100 M
b1100 U
b1111100 #
b1111100 1
b1111100 7
b1111100 T
1,
#30972000
b1101010 &
b1101010 .
b1101010 5
b1101010 9
b1001 6
b1001 :
b1001 A
b10110 =
b10111 <
b100 I
b11010 @
b11001 C
b10101 4
b10101 D
b10101 E
0,
1*
#30974000
0!
b10101 F
0"
1'
1,
#30976000
0,
0*
#30978000
b1101 L
b1100 K
b1000 O
1Q
b10101 /
b10101 G
b10101 M
b1101 U
b1111101 #
b1111101 1
b1111101 7
b1111101 T
1!
1,
#30980000
b1101011 &
b1101011 .
b1101011 5
b1101011 9
b1010 6
b1010 :
b1010 A
b10010 =
b10110 <
b11011 @
b11010 C
b10111 4
b10111 D
b10111 E
b100 3
b100 >
b100 J
0,
1*
#30982000
b1000 2
b1000 8
b1000 P
0Q
b1111 L
1N
b1101 K
b1110 U
b1111110 #
b1111110 1
b1111110 7
b1111110 T
b10111 F
b1001 O
b1000 R
b1100 0
b1100 H
b1100 S
1,
#30984000
0,
0*
#30986000
b1001 2
b1001 8
b1001 P
b1111 L
b1101 K
0N
1Q
1"
0'
b1001 O
b1001 R
b1101 0
b1101 H
b1101 S
b10111 /
b10111 G
b10111 M
b1111 U
b1111111 #
b1111111 1
b1111111 7
b1111111 T
1,
#30988000
b1101100 &
b1101100 .
b1101100 5
b1101100 9
b1011 6
b1011 :
b1011 A
b10011 =
b10010 <
b1101 I
b11100 @
b11011 C
b10110 4
b10110 D
b10110 E
0,
1*
#30990000
0!
b10110 F
0"
1'
1,
#30992000
0,
0*
#30994000
b1110 L
0N
b1111 K
b1010 O
1Q
b10110 /
b10110 G
b10110 M
b0 U
b10000000 #
b10000000 1
b10000000 7
b10000000 T
1!
1,
#30996000
b1101101 &
b1101101 .
b1101101 5
b1101101 9
b1100 6
b1100 :
b1100 A
b10001 =
b10011 <
b11101 @
b11100 C
b10010 4
b10010 D
b10010 E
b1101 3
b1101 >
b1101 J
0,
1*
#30998000
b1010 2
b1010 8
b1010 P
0Q
b1010 L
1N
b1110 K
b1 U
b10000001 #
b10000001 1
b10000001 7
b10000001 T
b10010 F
b1011 O
b1010 R
b1111 0
b1111 H
b1111 S
1,
#31000000
0,
0*
#31002000
b1011 2
b1011 8
b1011 P
b1010 L
b1110 K
0N
1Q
1"
0'
b1011 O
b1011 R
b1110 0
b1110 H
b1110 S
b10010 /
b10010 G
b10010 M
b10 U
b10000010 #
b10000010 1
b10000010 7
b10000010 T
1,
#31004000
b1101110 &
b1101110 .
b1101110 5
b1101110 9
b1101 6
b1101 :
b1101 A
b10000 =
b10001 <
b1110 I
b11110 @
b11101 C
b10011 4
b10011 D
b10011 E
0,
1*
#31006000
0!
b10011 F
0"
1'
1,
#31008000
0,
0*
#31010000
b1011 L
b1010 K
b1100 O
1Q
b10011 /
b10011 G
b10011 M
b11 U
b10000011 #
b10000011 1
b10000011 7
b10000011 T
1!
1,
#31012000
b1101111 &
b1101111 .
b1101111 5
b1101111 9
b1110 6
b1110 :
b1110 A
b0 =
b10000 <
b11111 @
b11110 C
b10001 4
b10001 D
b10001 E
b1110 3
b1110 >
b1110 J
0,
1*
#31014000
b1100 2
b1100 8
b1100 P
0Q
b1001 L
1N
b1011 K
b100 U
b10000100 #
b10000100 1
b10000100 7
b10000100 T
b10001 F
b1101 O
b1100 R
b1010 0
b1010 H
b1010 S
1,
#31016000
0,
0*
#31018000
b1101 2
b1101 8
b1101 P
b1001 L
b1011 K
0N
1Q
1"
0'
b1101 O
b1101 R
b1011 0
b1011 H
b1011 S
b10001 /
b10001 G
b10001 M
b101 U
b10000101 #
b10000101 1
b10000101 7
b10000101 T
1,
#31020000
b1110001 &
b1110001 .
b1110001 5
b1110001 9
b1111 6
b1111 :
b1111 A
b1 =
b0 <
b1011 I
b0 @
b11111 C
b10000 4
b10000 D
b10000 E
0,
1*
0)
#31022000
0!
b10000 F
0"
1'
1,
#31024000
0,
0*
#31026000
0Q
b10000 /
b10000 G
b10000 M
1,
#31028000
b1110010 &
b1110010 .
b1110010 5
b1110010 9
b0 6
b0 :
b0 A
b11 =
b1 <
b1 @
b0 C
b0 4
b0 D
b0 E
b1011 3
b1011 >
b1011 J
0,
1*
#31030000
b0 F
0'
1,
#31032000
0,
0*
#31034000
b0 /
b0 G
b0 M
1,
#31036000
b1110100 &
b1110100 .
b1110100 5
b1110100 9
b1 6
b1 :
b1 A
b10 =
b11 <
b10 @
b1 C
b1 4
b1 D
b1 E
0,
1*
#31038000
b1 F
1,
#31040000
0,
0*
#31042000
b1 /
b1 G
b1 M
1,
#31044000
b1110101 &
b1110101 .
b1110101 5
b1110101 9
b10 6
b10 :
b10 A
b110 =
b10 <
b11 @
b10 C
b11 4
b11 D
b11 E
0,
1*
#31046000
b11 F
1,
#31048000
0,
0*
#31050000
b11 /
b11 G
b11 M
1,
#31052000
b1110111 &
b1110111 .
b1110111 5
b1110111 9
b11 6
b11 :
b11 A
b111 =
b110 <
b100 @
b11 C
b10 4
b10 D
b10 E
0,
1*
#31054000
b10 F
1,
#31056000
0,
0*
#31058000
b10 /
b10 G
b10 M
1,
#31060000
b1111000 &
b1111000 .
b1111000 5
b1111000 9
b100 6
b100 :
b100 A
b101 =
b111 <
b101 @
b100 C
b110 4
b110 D
b110 E
0,
1*
#31062000
b110 F
1,
#31064000
0,
0*
#31066000
b110 /
b110 G
b110 M
1,
#31068000
b1111010 &
b1111010 .
b1111010 5
b1111010 9
b101 6
b101 :
b101 A
b100 =
b101 <
b110 @
b101 C
b111 4
b111 D
b111 E
0,
1*
#31070000
b111 F
1,
#31072000
0,
0*
#31074000
b111 /
b111 G
b111 M
1,
#31076000
b1111011 &
b1111011 .
b1111011 5
b1111011 9
b110 6
b110 :
b110 A
0B
b1100 =
b100 <
b111 @
b110 C
b101 4
b101 D
b101 E
0,
1*
#31078000
b101 F
1,
#31080000
0,
0*
#31082000
b101 /
b101 G
b101 M
1,
#31084000
b1111101 &
b1111101 .
b1111101 5
b1111101 9
b111 6
b111 :
b111 A
b1101 =
0?
b1100 <
b1000 @
b111 C
b100 4
b100 D
b100 E
0,
1*
#31086000
b100 F
1,
#31088000
0,
0*
#31090000
b100 /
b100 G
b100 M
1,
#31092000
b1111110 &
b1111110 .
b1111110 5
b1111110 9
b1000 6
b1000 :
b1000 A
b1111 =
b1101 <
b1001 @
b1000 C
b1100 4
b1100 D
b1100 E
0,
1*
#31094000
b1100 F
1,
#31096000
0,
0*
#31098000
b1100 /
b1100 G
b1100 M
1,
#31100000
b10000000 &
b10000000 .
b10000000 5
b10000000 9
b1001 6
b1001 :
b1001 A
b1110 =
b1111 <
b1010 @
b1001 C
b1101 4
b1101 D
b1101 E
0,
1*
#31102000
b1101 F
1,
#31104000
0,
0*
#31106000
b1101 /
b1101 G
b1101 M
1,
#31108000
b10000001 &
b10000001 .
b10000001 5
b10000001 9
b1010 6
b1010 :
b1010 A
b1010 =
b1110 <
b1011 @
b1010 C
b1111 4
b1111 D
b1111 E
0,
1*
#31110000
b1111 F
1,
#31112000
0,
0*
#31114000
b1111 /
b1111 G
b1111 M
1,
#31116000
b10000011 &
b10000011 .
b10000011 5
b10000011 9
b1011 6
b1011 :
b1011 A
1B
b1011 =
b1010 <
b1100 @
b1011 C
b1110 4
b1110 D
b1110 E
0,
1*
#31118000
b1110 F
1,
#31120000
0,
0*
#31122000
b1110 /
b1110 G
b1110 M
1,
#31124000
b10000100 &
b10000100 .
b10000100 5
b10000100 9
b1100 6
b1100 :
b1100 A
0B
b1001 =
1?
b1011 <
1(
b1101 @
b1100 C
b1010 4
b1010 D
b1010 E
0,
1*
#31126000
b1010 F
1,
#31128000
0,
0*
#31130000
b1010 /
b1010 G
b1010 M
1,
#31132000
b1101110 &
b1101110 .
b1101110 5
b1101110 9
b1101 6
b1101 :
b1101 A
b1001 =
1?
b1011 <
b1101 @
b1101 C
b1011 4
b1011 D
b1011 E
1%
0(
0,
1*
#31134000
b1011 F
1,
#31136000
0,
0*
#31138000
b1011 /
b1011 G
b1011 M
1,
#31140000
0$
0,
1*
#31142000
1,
#31144000
0,
0*
#31146000
1,
#31148000
0,
1*
#31150000
1,
#31152000
0,
0*
#31154000
1,
#31156000
0,
1*
#31158000
1,
#31160000
0,
0*
#31162000
1,
#31164000
0,
1*
#31166000
1,
#31168000
0,
0*
#31170000
1,
#31172000
0,
1*
#31174000
1,
#31176000
0,
0*
#31178000
1,
#31180000
0,
1*
#31182000
1,
#31184000
0,
0*
#31186000
1,
#31188000
0,
1*
#31190000
1,
#31192000
0,
0*
#31194000
1,
#31196000
0,
1*
#31198000
1,
#31200000
0,
0*
#31202000
1,
#31204000
0,
1*
#31206000
1,
#31208000
0,
0*
#31210000
1,
#31212000
0,
1*
#31214000
1,
#31216000
0,
0*
#31218000
1,
#31220000
0,
1*
#31222000
1,
#31224000
0,
0*
#31226000
1,
#31228000
0,
1*
#31230000
1,
#31232000
0,
0*
#31234000
1,
#31236000
0,
1*
#31238000
1,
#31240000
0,
0*
#31242000
1,
#31244000
0,
1*
#31246000
1,
#31248000
0,
0*
#31250000
1,
#31252000
0,
1*
#31254000
1,
#31256000
0,
0*
#31258000
1,
#31260000
0,
1*
#31262000
1,
#31264000
0,
0*
#31266000
1,
#31268000
0,
1*
#31270000
1,
#31272000
0,
0*
#31274000
1,
#31276000
0,
1*
#31278000
1,
#31280000
0,
0*
#31282000
1,
#31284000
0,
1*
#31286000
1,
#31288000
0,
0*
#31290000
1,
#31292000
0,
1*
#31294000
1,
#31296000
0,
0*
#31298000
1,
#31300000
0,
1*
#31302000
1,
#31304000
0,
0*
#31306000
1,
#31308000
0,
1*
#31310000
1,
#31312000
0,
0*
#31314000
1,
#31316000
0,
1*
#31318000
1,
#31320000
0,
0*
#31322000
1,
#31324000
0,
1*
#31326000
1,
#31328000
0,
0*
#31330000
1,
#31332000
0,
1*
#31334000
1,
#31336000
0,
0*
#31338000
1,
#31340000
0,
1*
#31342000
1,
#31344000
0,
0*
#31346000
1,
#31348000
0,
1*
#31350000
1,
#31352000
0,
0*
#31354000
1,
#31356000
0,
1*
#31358000
1,
#31360000
0,
0*
#31362000
1,
#31364000
0,
1*
#31366000
1,
#31368000
0,
0*
#31370000
1,
#31372000
0,
1*
#31374000
1,
#31376000
0,
0*
#31378000
1,
#31380000
0,
1*
#31382000
1,
#31384000
0,
0*
#31386000
1,
#31388000
0,
1*
#31390000
1,
#31392000
0,
0*
#31394000
1,
#31396000
0,
1*
#31398000
1,
#31400000
0,
0*
#31402000
1,
#31404000
0,
1*
#31406000
1,
#31408000
0,
0*
#31410000
1,
#31412000
0,
1*
#31414000
1,
#31416000
0,
0*
#31418000
1,
#31420000
0,
1*
#31422000
1,
#31424000
0,
0*
#31426000
1,
#31428000
0,
1*
#31430000
1,
#31432000
0,
0*
#31434000
1,
#31436000
0,
1*
#31438000
1,
#31440000
0,
0*
#31442000
1,
#31444000
0,
1*
#31446000
1,
#31448000
0,
0*
#31450000
1,
#31452000
0,
1*
#31454000
1,
#31456000
0,
0*
#31458000
1,
#31460000
0,
1*
#31462000
1,
#31464000
0,
0*
#31466000
1,
#31468000
0,
1*
#31470000
1,
#31472000
0,
0*
#31474000
1,
#31476000
0,
1*
#31478000
1,
#31480000
0,
0*
#31482000
1,
#31484000
0,
1*
#31486000
1,
#31488000
0,
0*
#31490000
1,
#31492000
0,
1*
#31494000
1,
#31496000
0,
0*
#31498000
1,
#31500000
0,
1*
#31502000
1,
#31504000
0,
0*
#31506000
1,
#31508000
0,
1*
#31510000
1,
#31512000
0,
0*
#31514000
1,
#31516000
0,
1*
#31518000
1,
#31520000
0,
0*
#31522000
1,
#31524000
0,
1*
#31526000
1,
#31528000
0,
0*
#31530000
1,
#31532000
0,
1*
#31534000
1,
#31536000
0,
0*
#31538000
1,
#31540000
0,
1*
#31542000
1,
#31544000
0,
0*
#31546000
1,
#31548000
0,
1*
#31550000
1,
#31552000
0,
0*
#31554000
1,
#31556000
0,
1*
#31558000
1,
#31560000
0,
0*
#31562000
1,
#31564000
0,
1*
#31566000
1,
#31568000
0,
0*
#31570000
1,
#31572000
0,
1*
#31574000
1,
#31576000
0,
0*
#31578000
1,
#31580000
0,
1*
#31582000
1,
#31584000
0,
0*
#31586000
1,
#31588000
0,
1*
#31590000
1,
#31592000
0,
0*
#31594000
1,
#31596000
0,
1*
#31598000
1,
#31600000
0,
0*
#31602000
1,
#31604000
0,
1*
#31606000
1,
#31608000
0,
0*
#31610000
1,
#31612000
0,
1*
#31614000
1,
#31616000
0,
0*
#31618000
1,
#31620000
0,
1*
#31622000
1,
#31624000
0,
0*
#31626000
1,
#31628000
0,
1*
#31630000
1,
#31632000
0,
0*
#31634000
1,
#31636000
0,
1*
#31638000
1,
#31640000
0,
0*
#31642000
1,
#31644000
0,
1*
#31646000
1,
#31648000
0,
0*
#31650000
1,
#31652000
0,
1*
#31654000
1,
#31656000
0,
0*
#31658000
1,
#31660000
0,
1*
#31662000
1,
#31664000
0,
0*
#31666000
1,
#31668000
0,
1*
#31670000
1,
#31672000
0,
0*
#31674000
1,
#31676000
0,
1*
#31678000
1,
#31680000
0,
0*
#31682000
1,
#31684000
0,
1*
#31686000
1,
#31688000
0,
0*
#31690000
1,
#31692000
0,
1*
#31694000
1,
#31696000
0,
0*
#31698000
1,
#31700000
0,
1*
#31702000
1,
#31704000
0,
0*
#31706000
1,
#31708000
0,
1*
#31710000
1,
#31712000
0,
0*
#31714000
1,
#31716000
0,
1*
#31718000
1,
#31720000
0,
0*
#31722000
1,
#31724000
0,
1*
#31726000
1,
#31728000
0,
0*
#31730000
1,
#31732000
0,
1*
#31734000
1,
#31736000
0,
0*
#31738000
1,
#31740000
0,
1*
#31742000
1,
#31744000
0,
0*
#31746000
1,
#31748000
0,
1*
#31750000
1,
#31752000
0,
0*
#31754000
1,
#31756000
0,
1*
#31758000
1,
#31760000
0,
0*
#31762000
1,
#31764000
0,
1*
#31766000
1,
#31768000
0,
0*
#31770000
1,
#31772000
0,
1*
#31774000
1,
#31776000
0,
0*
#31778000
1,
#31780000
0,
1*
#31782000
1,
#31784000
0,
0*
#31786000
1,
#31788000
0,
1*
#31790000
1,
#31792000
0,
0*
#31794000
1,
#31796000
0,
1*
#31798000
1,
#31800000
0,
0*
#31802000
1,
#31804000
0,
1*
#31806000
1,
#31808000
0,
0*
#31810000
1,
#31812000
0,
1*
#31814000
1,
#31816000
0,
0*
#31818000
1,
#31820000
0,
1*
#31822000
1,
#31824000
0,
0*
#31826000
1,
#31828000
0,
1*
#31830000
1,
#31832000
0,
0*
#31834000
1,
#31836000
0,
1*
#31838000
1,
#31840000
0,
0*
#31842000
1,
#31844000
0,
1*
#31846000
1,
#31848000
0,
0*
#31850000
1,
#31852000
0,
1*
#31854000
1,
#31856000
0,
0*
#31858000
1,
#31860000
0,
1*
#31862000
1,
#31864000
0,
0*
#31866000
1,
#31868000
0,
1*
#31870000
1,
#31872000
0,
0*
#31874000
1,
#31876000
0,
1*
#31878000
1,
#31880000
0,
0*
#31882000
1,
#31884000
0,
1*
#31886000
1,
#31888000
0,
0*
#31890000
1,
#31892000
0,
1*
#31894000
1,
#31896000
0,
0*
#31898000
1,
#31900000
0,
1*
#31902000
1,
#31904000
0,
0*
#31906000
1,
#31908000
0,
1*
#31910000
1,
#31912000
0,
0*
#31914000
1,
#31916000
0,
1*
#31918000
1,
#31920000
0,
0*
#31922000
1,
#31924000
0,
1*
#31926000
1,
#31928000
0,
0*
#31930000
1,
#31932000
0,
1*
#31934000
1,
#31936000
0,
0*
#31938000
1,
#31940000
0,
1*
#31942000
1,
#31944000
0,
0*
#31946000
1,
#31948000
0,
1*
#31950000
1,
#31952000
0,
0*
#31954000
1,
#31956000
0,
1*
#31958000
1,
#31960000
0,
0*
#31962000
1,
#31964000
0,
1*
#31966000
1,
#31968000
0,
0*
#31970000
1,
#31972000
0,
1*
#31974000
1,
#31976000
0,
0*
#31978000
1,
#31980000
0,
1*
#31982000
1,
#31984000
0,
0*
#31986000
1,
#31988000
0,
1*
#31990000
1,
#31992000
0,
0*
#31994000
1,
#31996000
0,
1*
#31998000
1,
#32000000
0,
0*
#32002000
1,
#32004000
0,
1*
#32006000
1,
#32008000
0,
0*
#32010000
1,
#32012000
0,
1*
#32014000
1,
#32016000
0,
0*
#32018000
1,
#32020000
0,
1*
#32022000
1,
#32024000
0,
0*
#32026000
1,
#32028000
0,
1*
#32030000
1,
#32032000
0,
0*
#32034000
1,
#32036000
0,
1*
#32038000
1,
#32040000
0,
0*
#32042000
1,
#32044000
0,
1*
#32046000
1,
#32048000
0,
0*
#32050000
1,
#32052000
0,
1*
#32054000
1,
#32056000
0,
0*
#32058000
1,
#32060000
0,
1*
#32062000
1,
#32064000
0,
0*
#32066000
1,
#32068000
0,
1*
#32070000
1,
#32072000
0,
0*
#32074000
1,
#32076000
0,
1*
#32078000
1,
#32080000
0,
0*
#32082000
1,
#32084000
0,
1*
#32086000
1,
#32088000
0,
0*
#32090000
1,
#32092000
0,
1*
#32094000
1,
#32096000
0,
0*
#32098000
1,
#32100000
0,
1*
#32102000
1,
#32104000
0,
0*
#32106000
1,
#32108000
0,
1*
#32110000
1,
#32112000
0,
0*
#32114000
1,
#32116000
0,
1*
#32118000
1,
#32120000
0,
0*
#32122000
1,
#32124000
0,
1*
#32126000
1,
#32128000
0,
0*
#32130000
1,
#32132000
0,
1*
#32134000
1,
#32136000
0,
0*
#32138000
1,
#32140000
0,
1*
#32142000
1,
#32144000
0,
0*
#32146000
1,
#32148000
0,
1*
#32150000
1,
#32152000
0,
0*
#32154000
1,
#32156000
0,
1*
#32158000
1,
#32160000
0,
0*
#32162000
1,
#32164000
0,
1*
#32166000
1,
#32168000
0,
0*
#32170000
1,
#32172000
0,
1*
#32174000
1,
#32176000
0,
0*
#32178000
1,
#32180000
0,
1*
#32182000
1,
#32184000
0,
0*
#32186000
1,
#32188000
0,
1*
#32190000
1,
#32192000
0,
0*
#32194000
1,
#32196000
0,
1*
#32198000
1,
#32200000
0,
0*
#32202000
1,
#32204000
0,
1*
#32206000
1,
#32208000
0,
0*
#32210000
1,
#32212000
0,
1*
#32214000
1,
#32216000
0,
0*
#32218000
1,
#32220000
0,
1*
#32222000
1,
#32224000
0,
0*
#32226000
1,
#32228000
0,
1*
#32230000
1,
#32232000
0,
0*
#32234000
1,
#32236000
0,
1*
#32238000
1,
#32240000
0,
0*
#32242000
1,
#32244000
0,
1*
#32246000
1,
#32248000
0,
0*
#32250000
1,
#32252000
0,
1*
#32254000
1,
#32256000
0,
0*
#32258000
1,
#32260000
0,
1*
#32262000
1,
#32264000
0,
0*
#32266000
1,
#32268000
0,
1*
#32270000
1,
#32272000
0,
0*
#32274000
1,
#32276000
0,
1*
#32278000
1,
#32280000
0,
0*
#32282000
1,
#32284000
0,
1*
#32286000
1,
#32288000
0,
0*
#32290000
1,
#32292000
0,
1*
#32294000
1,
#32296000
0,
0*
#32298000
1,
#32300000
0,
1*
#32302000
1,
#32304000
0,
0*
#32306000
1,
#32308000
0,
1*
#32310000
1,
#32312000
0,
0*
#32314000
1,
#32316000
0,
1*
#32318000
1,
#32320000
0,
0*
#32322000
1,
#32324000
0,
1*
#32326000
1,
#32328000
0,
0*
#32330000
1,
#32332000
0,
1*
#32334000
1,
#32336000
0,
0*
#32338000
1,
#32340000
0,
1*
#32342000
1,
#32344000
0,
0*
#32346000
1,
#32348000
0,
1*
#32350000
1,
#32352000
0,
0*
#32354000
1,
#32356000
0,
1*
#32358000
1,
#32360000
0,
0*
#32362000
1,
#32364000
0,
1*
#32366000
1,
#32368000
0,
0*
#32370000
1,
#32372000
0,
1*
#32374000
1,
#32376000
0,
0*
#32378000
1,
#32380000
0,
1*
#32382000
1,
#32384000
0,
0*
#32386000
1,
#32388000
0,
1*
#32390000
1,
#32392000
0,
0*
#32394000
1,
#32396000
0,
1*
#32398000
1,
#32400000
0,
0*
#32402000
1,
#32404000
0,
1*
#32406000
1,
#32408000
0,
0*
#32410000
1,
#32412000
0,
1*
#32414000
1,
#32416000
0,
0*
#32418000
1,
#32420000
0,
1*
#32422000
1,
#32424000
0,
0*
#32426000
1,
#32428000
0,
1*
#32430000
1,
#32432000
0,
0*
#32434000
1,
#32436000
0,
1*
#32438000
1,
#32440000
0,
0*
#32442000
1,
#32444000
0,
1*
#32446000
1,
#32448000
0,
0*
#32450000
1,
#32452000
0,
1*
#32454000
1,
#32456000
0,
0*
#32458000
1,
#32460000
0,
1*
#32462000
1,
#32464000
0,
0*
#32466000
1,
#32468000
0,
1*
#32470000
1,
#32472000
0,
0*
#32474000
1,
#32476000
0,
1*
#32478000
1,
#32480000
0,
0*
#32482000
1,
#32484000
0,
1*
#32486000
1,
#32488000
0,
0*
#32490000
1,
#32492000
0,
1*
#32494000
1,
#32496000
0,
0*
#32498000
1,
#32500000
0,
1*
#32502000
1,
#32504000
0,
0*
#32506000
1,
#32508000
0,
1*
#32510000
1,
#32512000
0,
0*
#32514000
1,
#32516000
0,
1*
#32518000
1,
#32520000
0,
0*
#32522000
1,
#32524000
0,
1*
#32526000
1,
#32528000
0,
0*
#32530000
1,
#32532000
0,
1*
#32534000
1,
#32536000
0,
0*
#32538000
1,
#32540000
0,
1*
#32542000
1,
#32544000
0,
0*
#32546000
1,
#32548000
0,
1*
#32550000
1,
#32552000
0,
0*
#32554000
1,
#32556000
0,
1*
#32558000
1,
#32560000
0,
0*
#32562000
1,
#32564000
0,
1*
#32566000
1,
#32568000
0,
0*
#32570000
1,
#32572000
0,
1*
#32574000
1,
#32576000
0,
0*
#32578000
1,
#32580000
0,
1*
#32582000
1,
#32584000
0,
0*
#32586000
1,
#32588000
0,
1*
#32590000
1,
#32592000
0,
0*
#32594000
1,
#32596000
0,
1*
#32598000
1,
#32600000
0,
0*
#32602000
1,
#32604000
0,
1*
#32606000
1,
#32608000
0,
0*
#32610000
1,
#32612000
0,
1*
#32614000
1,
#32616000
0,
0*
#32618000
1,
#32620000
0,
1*
#32622000
1,
#32624000
0,
0*
#32626000
1,
#32628000
0,
1*
#32630000
1,
#32632000
0,
0*
#32634000
1,
#32636000
0,
1*
#32638000
1,
#32640000
0,
0*
#32642000
1,
#32644000
0,
1*
#32646000
1,
#32648000
0,
0*
#32650000
1,
#32652000
0,
1*
#32654000
1,
#32656000
0,
0*
#32658000
1,
#32660000
0,
1*
#32662000
1,
#32664000
0,
0*
#32666000
1,
#32668000
0,
1*
#32670000
1,
#32672000
0,
0*
#32674000
1,
#32676000
0,
1*
#32678000
1,
#32680000
0,
0*
#32682000
1,
#32684000
0,
1*
#32686000
1,
#32688000
0,
0*
#32690000
1,
#32692000
0,
1*
#32694000
1,
#32696000
0,
0*
#32698000
1,
#32700000
0,
1*
#32702000
1,
#32704000
0,
0*
#32706000
1,
#32708000
0,
1*
#32710000
1,
#32712000
0,
0*
#32714000
1,
#32716000
0,
1*
#32718000
1,
#32720000
0,
0*
#32722000
1,
#32724000
0,
1*
#32726000
1,
#32728000
0,
0*
#32730000
1,
#32732000
0,
1*
#32734000
1,
#32736000
0,
0*
#32738000
1,
#32740000
0,
1*
#32742000
1,
#32744000
0,
0*
#32746000
1,
#32748000
0,
1*
#32750000
1,
#32752000
0,
0*
#32754000
1,
#32756000
0,
1*
#32758000
1,
#32760000
0,
0*
#32762000
1,
#32764000
0,
1*
#32766000
1,
#32768000
0,
0*
#32770000
1,
#32772000
0,
1*
#32774000
1,
#32776000
0,
0*
#32778000
1,
#32780000
0,
1*
#32782000
1,
#32784000
0,
0*
#32786000
1,
#32788000
0,
1*
#32790000
1,
#32792000
0,
0*
#32794000
1,
#32796000
0,
1*
#32798000
1,
#32800000
0,
0*
#32802000
1,
#32804000
0,
1*
#32806000
1,
#32808000
0,
0*
#32810000
1,
#32812000
0,
1*
#32814000
1,
#32816000
0,
0*
#32818000
1,
#32820000
0,
1*
#32822000
1,
#32824000
0,
0*
#32826000
1,
#32828000
0,
1*
#32830000
1,
#32832000
0,
0*
#32834000
1,
#32836000
0,
1*
#32838000
1,
#32840000
0,
0*
#32842000
1,
#32844000
0,
1*
#32846000
1,
#32848000
0,
0*
#32850000
1,
#32852000
0,
1*
#32854000
1,
#32856000
0,
0*
#32858000
1,
#32860000
0,
1*
#32862000
1,
#32864000
0,
0*
#32866000
1,
#32868000
0,
1*
#32870000
1,
#32872000
0,
0*
#32874000
1,
#32876000
0,
1*
#32878000
1,
#32880000
0,
0*
#32882000
1,
#32884000
0,
1*
#32886000
1,
#32888000
0,
0*
#32890000
1,
#32892000
0,
1*
#32894000
1,
#32896000
0,
0*
#32898000
1,
#32900000
0,
1*
#32902000
1,
#32904000
0,
0*
#32906000
1,
#32908000
0,
1*
#32910000
1,
#32912000
0,
0*
#32914000
1,
#32916000
0,
1*
#32918000
1,
#32920000
0,
0*
#32922000
1,
#32924000
0,
1*
#32926000
1,
#32928000
0,
0*
#32930000
1,
#32932000
0,
1*
#32934000
1,
#32936000
0,
0*
#32938000
1,
#32940000
0,
1*
#32942000
1,
#32944000
0,
0*
#32946000
1,
#32948000
0,
1*
#32950000
1,
#32952000
0,
0*
#32954000
1,
#32956000
0,
1*
#32958000
1,
#32960000
0,
0*
#32962000
1,
#32964000
0,
1*
#32966000
1,
#32968000
0,
0*
#32970000
1,
#32972000
0,
1*
#32974000
1,
#32976000
0,
0*
#32978000
1,
#32980000
0,
1*
#32982000
1,
#32984000
0,
0*
#32986000
1,
#32988000
0,
1*
#32990000
1,
#32992000
0,
0*
#32994000
1,
#32996000
0,
1*
#32998000
1,
#33000000
0,
0*
#33002000
1,
#33004000
0,
1*
#33006000
1,
#33008000
0,
0*
#33010000
1,
#33012000
0,
1*
#33014000
1,
#33016000
0,
0*
#33018000
1,
#33020000
0,
1*
1)
#33022000
b1000 L
b1001 K
b1110 O
b110 U
b10000110 #
b10000110 1
b10000110 7
b10000110 T
1!
1,
#33024000
0,
0*
#33026000
b1110 2
b1110 8
b1110 P
b11000 L
b1000 K
b10000110 &
b10000110 .
b10000110 5
b10000110 9
b1111 O
b1110 R
b1001 0
b1001 H
b1001 S
b111 U
b10000111 #
b10000111 1
b10000111 7
b10000111 T
1,
#33028000
b1001 I
0,
1*
#33030000
b1111 2
b1111 8
b1111 P
b11001 L
b11000 K
b1000 U
b10001000 #
b10001000 1
b10001000 7
b10001000 T
b10000 O
b1111 R
b1000 0
b1000 H
b1000 S
1,
#33032000
0,
0*
#33034000
b0 2
b0 8
b0 P
b11011 L
b11001 K
b10001 O
b10000 R
b11000 0
b11000 H
b11000 S
b1001 U
b10001001 #
b10001001 1
b10001001 7
b10001001 T
1,
#33036000
1B
0?
b1001 3
b1001 >
b1001 J
b11000 I
0,
1*
#33038000
b1 2
b1 8
b1 P
b11010 L
b11011 K
b1010 U
b10001010 #
b10001010 1
b10001010 7
b10001010 T
b10010 O
b10001 R
b11001 0
b11001 H
b11001 S
1,
#33040000
0,
0*
#33042000
b10 2
b10 8
b10 P
b11110 L
b11010 K
b10011 O
b10010 R
b11011 0
b11011 H
b11011 S
b1011 U
b10001011 #
b10001011 1
b10001011 7
b10001011 T
1,
#33044000
0%
1(
0B
b11000 3
b11000 >
b11000 J
b11011 I
0,
1*
#33046000
b11 2
b11 8
b11 P
b11111 L
b11110 K
b1100 U
b10001100 #
b10001100 1
b10001100 7
b10001100 T
b10100 O
b10011 R
b11010 0
b11010 H
b11010 S
1,
#33048000
0,
0*
#33050000
b100 2
b100 8
b100 P
b11101 L
b11111 K
b10101 O
b10100 R
b11110 0
b11110 H
b11110 S
b1101 U
b10001101 #
b10001101 1
b10001101 7
b10001101 T
1,
#33052000
b1000 =
b1001 <
b1110 @
b11011 3
b11011 >
b11011 J
b11110 I
0(
1$
0,
1*
#33054000
b101 2
b101 8
b101 P
b11100 L
b11101 K
b1110 U
b10001110 #
b10001110 1
b10001110 7
b10001110 T
b10110 O
b10101 R
b11111 0
b11111 H
b11111 S
1,
#33056000
0,
0*
#33058000
b110 2
b110 8
b110 P
0Q
b10100 L
b11100 K
b10111 O
b10110 R
b11101 0
b11101 H
b11101 S
b1111 U
b10001111 #
b10001111 1
b10001111 7
b10001111 T
1,
#33060000
b10000111 &
b10000111 .
b10000111 5
b10000111 9
b1110 6
b1110 :
b1110 A
b11000 =
b1000 <
b1111 @
b1110 C
b1001 4
b1001 D
b1001 E
b11110 3
b11110 >
b11110 J
b11101 I
0,
1*
#33062000
b111 2
b111 8
b111 P
b10101 L
0N
b10100 K
b0 U
b10010000 #
b10010000 1
b10010000 7
b10010000 T
b1001 F
b11000 O
b10111 R
b11100 0
b11100 H
b11100 S
1,
#33064000
0,
0*
#33066000
b1000 2
b1000 8
b1000 P
b10111 L
b10101 K
b11001 O
b11000 R
b10100 0
b10100 H
b10100 S
b1001 /
b1001 G
b1001 M
b1 U
b10010001 #
b10010001 1
b10010001 7
b10010001 T
1,
#33068000
b10001000 &
b10001000 .
b10001000 5
b10001000 9
b1111 6
b1111 :
b1111 A
b11001 =
b11000 <
b11101 3
b11101 >
b11101 J
b10100 I
b10000 @
b1111 C
b1000 4
b1000 D
b1000 E
0,
1*
#33070000
b1001 2
b1001 8
b1001 P
b10110 L
b10111 K
b10 U
b10010010 #
b10010010 1
b10010010 7
b10010010 T
b1000 F
b11010 O
b11001 R
b10101 0
b10101 H
b10101 S
1,
#33072000
0,
0*
#33074000
b1010 2
b1010 8
b1010 P
b10010 L
b10110 K
b11011 O
b11010 R
b10111 0
b10111 H
b10111 S
b1000 /
b1000 G
b1000 M
b11 U
b10010011 #
b10010011 1
b10010011 7
b10010011 T
1,
#33076000
b10001001 &
b10001001 .
b10001001 5
b10001001 9
b0 6
b0 :
b0 A
b11011 =
b11001 <
b10001 @
b10000 C
b11000 4
b11000 D
b11000 E
b10100 3
b10100 >
b10100 J
b10111 I
0,
1*
#33078000
b1011 2
b1011 8
b1011 P
b10011 L
b10010 K
b100 U
b10010100 #
b10010100 1
b10010100 7
b10010100 T
b11000 F
b11100 O
b11011 R
b10110 0
b10110 H
b10110 S
1,
#33080000
0,
0*
#33082000
b1100 2
b1100 8
b1100 P
0Q
b10001 L
b10011 K
b11101 O
b11100 R
b10010 0
b10010 H
b10010 S
b11000 /
b11000 G
b11000 M
b101 U
b10010101 #
b10010101 1
b10010101 7
b10010101 T
1,
#33084000
b10001010 &
b10001010 .
b10001010 5
b10001010 9
b1 6
b1 :
b1 A
b11010 =
b11011 <
b10111 3
b10111 >
b10111 J
b10010 I
b10010 @
b10001 C
b11001 4
b11001 D
b11001 E
0,
1*
#33086000
b1101 2
b1101 8
b1101 P
b10000 L
b10001 K
b110 U
b10010110 #
b10010110 1
b10010110 7
b10010110 T
b11001 F
b11110 O
b11101 R
b10011 0
b10011 H
b10011 S
1,
#33088000
0,
0*
#33090000
b1110 2
b1110 8
b1110 P
b0 L
b10000 K
b11111 O
b11110 R
b10001 0
b10001 H
b10001 S
b11001 /
b11001 G
b11001 M
b111 U
b10010111 #
b10010111 1
b10010111 7
b10010111 T
1,
#33092000
b10001011 &
b10001011 .
b10001011 5
b10001011 9
b10 6
b10 :
b10 A
b11110 =
b11010 <
b10011 @
b10010 C
b11011 4
b11011 D
b11011 E
b10010 3
b10010 >
b10010 J
b10001 I
0,
1*
#33094000
b1111 2
b1111 8
b1111 P
1Q
b1 L
b0 K
b1000 U
b10011000 #
b10011000 1
b10011000 7
b10011000 T
b11011 F
b0 O
b11111 R
b10000 0
b10000 H
b10000 S
1,
#33096000
0,
0*
#33098000
b0 2
b0 8
b0 P
b11 L
b1 K
1Q
1'
b1 O
b0 R
b0 0
b0 H
b0 S
b11011 /
b11011 G
b11011 M
b1001 U
b10011001 #
b10011001 1
b10011001 7
b10011001 T
1,
#33100000
b10001100 &
b10001100 .
b10001100 5
b10001100 9
b11 6
b11 :
b11 A
b11111 =
b11110 <
b10001 3
b10001 >
b10001 J
b0 I
b10100 @
b10011 C
b11010 4
b11010 D
b11010 E
0,
1*
#33102000
1N
b1 2
b1 8
b1 P
0Q
b10 L
b11 K
b1010 U
b10011010 #
b10011010 1
b10011010 7
b10011010 T
b11010 F
b10 O
b1 R
b1 0
b1 H
b1 S
1,
#33104000
0,
0*
#33106000
b10 2
b10 8
b10 P
b10 L
b11 K
0N
1Q
1"
0'
b10 O
b10 R
b11 0
b11 H
b11 S
b11010 /
b11010 G
b11010 M
b1011 U
b10011011 #
b10011011 1
b10011011 7
b10011011 T
1,
#33108000
b10001101 &
b10001101 .
b10001101 5
b10001101 9
b100 6
b100 :
b100 A
b11101 =
b11111 <
b10101 @
b10100 C
b11110 4
b11110 D
b11110 E
b0 3
b0 >
b0 J
b11 I
0,
1*
#33110000
0!
b11110 F
0"
1'
1,
#33112000
0,
0*
#33114000
b110 L
b10 K
b11 O
1Q
b11110 /
b11110 G
b11110 M
b1100 U
b10011100 #
b10011100 1
b10011100 7
b10011100 T
1!
1,
#33116000
b10001110 &
b10001110 .
b10001110 5
b10001110 9
b101 6
b101 :
b101 A
b11100 =
b11101 <
b11 3
b11 >
b11 J
b10110 @
b10101 C
b11111 4
b11111 D
b11111 E
0,
1*
#33118000
1N
b11 2
b11 8
b11 P
0Q
b111 L
b110 K
b1101 U
b10011101 #
b10011101 1
b10011101 7
b10011101 T
b11111 F
b100 O
b11 R
b10 0
b10 H
b10 S
1,
#33120000
0,
0*
#33122000
b100 2
b100 8
b100 P
b111 L
b110 K
0N
1Q
1"
0'
b100 O
b100 R
b110 0
b110 H
b110 S
b11111 /
b11111 G
b11111 M
b1110 U
b10011110 #
b10011110 1
b10011110 7
b10011110 T
1,
#33124000
b10001111 &
b10001111 .
b10001111 5
b10001111 9
b110 6
b110 :
b110 A
b10100 =
b11100 <
b10111 @
b10110 C
b11101 4
b11101 D
b11101 E
b110 I
0,
1*
#33126000
0!
b11101 F
0"
1'
1,
#33128000
0,
0*
#33130000
b101 L
b111 K
b101 O
1Q
b11101 /
b11101 G
b11101 M
b1111 U
b10011111 #
b10011111 1
b10011111 7
b10011111 T
1!
1,
#33132000
b10010000 &
b10010000 .
b10010000 5
b10010000 9
b111 6
b111 :
b111 A
b10101 =
b10100 <
b110 3
b110 >
b110 J
b11000 @
b10111 C
b11100 4
b11100 D
b11100 E
0,
1*
#33134000
1N
b101 2
b101 8
b101 P
0Q
b100 L
b101 K
b0 U
b10100000 #
b10100000 1
b10100000 7
b10100000 T
b11100 F
b110 O
b101 R
b111 0
b111 H
b111 S
1,
#33136000
0,
0*
#33138000
b110 2
b110 8
b110 P
b100 L
b101 K
0N
1Q
1"
0'
b110 O
b110 R
b101 0
b101 H
b101 S
b11100 /
b11100 G
b11100 M
b1 U
b10100001 #
b10100001 1
b10100001 7
b10100001 T
1,
#33140000
b10010001 &
b10010001 .
b10010001 5
b10010001 9
b1000 6
b1000 :
b1000 A
b10111 =
b10101 <
b11001 @
b11000 C
b10100 4
b10100 D
b10100 E
b101 I
0,
1*
#33142000
0!
b10100 F
0"
1'
1,
#33144000
0,
0*
#33146000
b1100 L
b100 K
1Q
b111 O
b10100 /
b10100 G
b10100 M
b10 U
b10100010 #
b10100010 1
b10100010 7
b10100010 T
1!
1,
#33148000
b10010010 &
b10010010 .
b10010010 5
b10010010 9
b1001 6
b1001 :
b1001 A
b10110 =
b10111 <
b101 3
b101 >
b101 J
b11010 @
b11001 C
b10101 4
b10101 D
b10101 E
0,
1*
#33150000
1N
b111 2
b111 8
b111 P
0Q
b1101 L
b1100 K
b11 U
b10100011 #
b10100011 1
b10100011 7
b10100011 T
b10101 F
b1000 O
b111 R
b100 0
b100 H
b100 S
1,
#33152000
0,
0*
#33154000
b1000 2
b1000 8
b1000 P
b1101 L
b1100 K
0N
1Q
1"
0'
b1000 O
b1000 R
b1100 0
b1100 H
b1100 S
b10101 /
b10101 G
b10101 M
b100 U
b10100100 #
b10100100 1
b10100100 7
b10100100 T
1,
#33156000
b10010011 &
b10010011 .
b10010011 5
b10010011 9
b1010 6
b1010 :
b1010 A
b10010 =
b10110 <
b11011 @
b11010 C
b10111 4
b10111 D
b10111 E
b1100 I
0,
1*
#33158000
0!
b10111 F
0"
1'
1,
#33160000
0,
0*
#33162000
b1111 L
b1101 K
b1001 O
1Q
b10111 /
b10111 G
b10111 M
b101 U
b10100101 #
b10100101 1
b10100101 7
b10100101 T
1!
1,
#33164000
b10010100 &
b10010100 .
b10010100 5
b10010100 9
b1011 6
b1011 :
b1011 A
b10011 =
b10010 <
b1100 3
b1100 >
b1100 J
b11100 @
b11011 C
b10110 4
b10110 D
b10110 E
0,
1*
#33166000
1N
b1001 2
b1001 8
b1001 P
0Q
b1110 L
b1111 K
b110 U
b10100110 #
b10100110 1
b10100110 7
b10100110 T
b10110 F
b1010 O
b1001 R
b1101 0
b1101 H
b1101 S
1,
#33168000
0,
0*
#33170000
b1010 2
b1010 8
b1010 P
b1110 L
b1111 K
0N
1Q
1"
0'
b1010 O
b1010 R
b1111 0
b1111 H
b1111 S
b10110 /
b10110 G
b10110 M
b111 U
b10100111 #
b10100111 1
b10100111 7
b10100111 T
1,
#33172000
b10010101 &
b10010101 .
b10010101 5
b10010101 9
b1100 6
b1100 :
b1100 A
b10001 =
b10011 <
b11101 @
b11100 C
b10010 4
b10010 D
b10010 E
b1111 I
0,
1*
#33174000
0!
b10010 F
0"
1'
1,
#33176000
0,
0*
#33178000
b1010 L
b1110 K
b1011 O
1Q
b10010 /
b10010 G
b10010 M
b1000 U
b10101000 #
b10101000 1
b10101000 7
b10101000 T
1!
1,
#33180000
b10010110 &
b10010110 .
b10010110 5
b10010110 9
b1101 6
b1101 :
b1101 A
b10000 =
b10001 <
b1111 3
b1111 >
b1111 J
b11110 @
b11101 C
b10011 4
b10011 D
b10011 E
0,
1*
#33182000
1N
b1011 2
b1011 8
b1011 P
0Q
b1011 L
b1010 K
b1001 U
b10101001 #
b10101001 1
b10101001 7
b10101001 T
b10011 F
b1100 O
b1011 R
b1110 0
b1110 H
b1110 S
1,
#33184000
0,
0*
#33186000
b1100 2
b1100 8
b1100 P
b1011 L
b1010 K
0N
1Q
1"
0'
b1100 O
b1100 R
b1010 0
b1010 H
b1010 S
b10011 /
b10011 G
b10011 M
b1010 U
b10101010 #
b10101010 1
b10101010 7
b10101010 T
1,
#33188000
b10010111 &
b10010111 .
b10010111 5
b10010111 9
b1110 6
b1110 :
b1110 A
0B
b0 =
b10000 <
b11111 @
b11110 C
b10001 4
b10001 D
b10001 E
b1010 I
0,
1*
#33190000
0!
b10001 F
0"
1'
1,
#33192000
0,
0*
#33194000
b1001 L
b1011 K
b1101 O
1Q
b10001 /
b10001 G
b10001 M
b1011 U
b10101011 #
b10101011 1
b10101011 7
b10101011 T
1!
1,
#33196000
b10011000 &
b10011000 .
b10011000 5
b10011000 9
b1111 6
b1111 :
b1111 A
b1 =
b0 <
b1010 3
b1010 >
b1010 J
b0 @
b11111 C
b10000 4
b10000 D
b10000 E
0,
1*
#33198000
1N
b1101 2
b1101 8
b1101 P
0Q
b1000 L
b1001 K
b1100 U
b10101100 #
b10101100 1
b10101100 7
b10101100 T
b10000 F
b1110 O
b1101 R
b1011 0
b1011 H
b1011 S
1,
#33200000
0,
0*
#33202000
b1110 2
b1110 8
b1110 P
b1000 L
b1001 K
0N
1Q
1"
0'
b1110 O
b1110 R
b1001 0
b1001 H
b1001 S
b10000 /
b10000 G
b10000 M
b1101 U
b10101101 #
b10101101 1
b10101101 7
b10101101 T
1,
#33204000
b10011001 &
b10011001 .
b10011001 5
b10011001 9
b0 6
b0 :
b0 A
b11 =
b1 <
b1 @
b0 C
b0 4
b0 D
b0 E
b1001 I
0,
1*
#33206000
0!
b0 F
0"
1'
1,
#33208000
0,
0*
#33210000
b11000 L
b1000 K
1Q
b1111 O
b0 /
b0 G
b0 M
b1110 U
b10101110 #
b10101110 1
b10101110 7
b10101110 T
1!
1,
#33212000
b10011010 &
b10011010 .
b10011010 5
b10011010 9
b1 6
b1 :
b1 A
b10 =
b11 <
b1001 3
b1001 >
b1001 J
b10 @
b1 C
b1 4
b1 D
b1 E
0,
1*
#33214000
1N
b1111 2
b1111 8
b1111 P
0Q
b11001 L
b11000 K
b1111 U
b10101111 #
b10101111 1
b10101111 7
b10101111 T
b1 F
b10000 O
b1111 R
b1000 0
b1000 H
b1000 S
1,
#33216000
0,
0*
#33218000
b0 2
b0 8
b0 P
b11001 L
b11000 K
0N
1Q
1"
0'
b10000 O
b10000 R
b11000 0
b11000 H
b11000 S
b1 /
b1 G
b1 M
b0 U
b10110000 #
b10110000 1
b10110000 7
b10110000 T
1,
#33220000
b10011100 &
b10011100 .
b10011100 5
b10011100 9
b10 6
b10 :
b10 A
b110 =
b10 <
b11 @
b10 C
b11 4
b11 D
b11 E
b11000 I
0,
1*
0)
#33222000
0!
b11 F
0"
1'
1,
#33224000
0,
0*
#33226000
0Q
b11 /
b11 G
b11 M
1,
#33228000
b10011101 &
b10011101 .
b10011101 5
b10011101 9
b11 6
b11 :
b11 A
b111 =
b110 <
b11000 3
b11000 >
b11000 J
b100 @
b11 C
b10 4
b10 D
b10 E
0,
1*
#33230000
b10 F
0'
1,
#33232000
0,
0*
#33234000
b10 /
b10 G
b10 M
1,
#33236000
b10011111 &
b10011111 .
b10011111 5
b10011111 9
b100 6
b100 :
b100 A
b101 =
b111 <
b101 @
b100 C
b110 4
b110 D
b110 E
0,
1*
#33238000
b110 F
1,
#33240000
0,
0*
#33242000
b110 /
b110 G
b110 M
1,
#33244000
b10100000 &
b10100000 .
b10100000 5
b10100000 9
b101 6
b101 :
b101 A
b100 =
b101 <
b110 @
b101 C
b111 4
b111 D
b111 E
0,
1*
#33246000
b111 F
1,
#33248000
0,
0*
#33250000
b111 /
b111 G
b111 M
1,
#33252000
b10100010 &
b10100010 .
b10100010 5
b10100010 9
b110 6
b110 :
b110 A
b1100 =
b100 <
b111 @
b110 C
b101 4
b101 D
b101 E
0,
1*
#33254000
b101 F
1,
#33256000
0,
0*
#33258000
b101 /
b101 G
b101 M
1,
#33260000
b10100011 &
b10100011 .
b10100011 5
b10100011 9
b111 6
b111 :
b111 A
b1101 =
b1100 <
b1000 @
b111 C
b100 4
b100 D
b100 E
0,
1*
#33262000
b100 F
1,
#33264000
0,
0*
#33266000
b100 /
b100 G
b100 M
1,
#33268000
b10100101 &
b10100101 .
b10100101 5
b10100101 9
b1000 6
b1000 :
b1000 A
b1111 =
b1101 <
b1001 @
b1000 C
b1100 4
b1100 D
b1100 E
0,
1*
#33270000
b1100 F
1,
#33272000
0,
0*
#33274000
b1100 /
b1100 G
b1100 M
1,
#33276000
b10100110 &
b10100110 .
b10100110 5
b10100110 9
b1001 6
b1001 :
b1001 A
b1110 =
b1111 <
b1010 @
b1001 C
b1101 4
b1101 D
b1101 E
0,
1*
#33278000
b1101 F
1,
#33280000
0,
0*
#33282000
b1101 /
b1101 G
b1101 M
1,
#33284000
b10101000 &
b10101000 .
b10101000 5
b10101000 9
b1010 6
b1010 :
b1010 A
b1010 =
b1110 <
b1011 @
b1010 C
b1111 4
b1111 D
b1111 E
0,
1*
#33286000
b1111 F
1,
#33288000
0,
0*
#33290000
b1111 /
b1111 G
b1111 M
1,
#33292000
b10101001 &
b10101001 .
b10101001 5
b10101001 9
b1011 6
b1011 :
b1011 A
b1011 =
b1010 <
b1100 @
b1011 C
b1110 4
b1110 D
b1110 E
0,
1*
#33294000
b1110 F
1,
#33296000
0,
0*
#33298000
b1110 /
b1110 G
b1110 M
1,
#33300000
b10101011 &
b10101011 .
b10101011 5
b10101011 9
b1100 6
b1100 :
b1100 A
b1001 =
b1011 <
b1101 @
b1100 C
b1010 4
b1010 D
b1010 E
0,
1*
#33302000
b1010 F
1,
#33304000
0,
0*
#33306000
b1010 /
b1010 G
b1010 M
1,
#33308000
b10101100 &
b10101100 .
b10101100 5
b10101100 9
b1101 6
b1101 :
b1101 A
b1000 =
b1001 <
b1110 @
b1101 C
b1011 4
b1011 D
b1011 E
0,
1*
#33310000
b1011 F
1,
#33312000
0,
0*
#33314000
b1011 /
b1011 G
b1011 M
1,
#33316000
1B
b10101110 &
b10101110 .
b10101110 5
b10101110 9
b1110 6
b1110 :
b1110 A
b11000 =
b1000 <
b1111 @
b1110 C
b1001 4
b1001 D
b1001 E
0,
1*
#33318000
b1001 F
1,
#33320000
0,
0*
#33322000
b1001 /
b1001 G
b1001 M
1,
#33324000
1?
b10101111 &
b10101111 .
b10101111 5
b10101111 9
b1111 6
b1111 :
b1111 A
0B
b11001 =
b11000 <
b10000 @
b1111 C
b1000 4
b1000 D
b1000 E
1(
0,
1*
#33326000
b1000 F
1,
#33328000
0,
0*
#33330000
b1000 /
b1000 G
b1000 M
1,
#33332000
0B
b10011001 &
b10011001 .
b10011001 5
b10011001 9
b0 6
b0 :
b0 A
b11001 =
1?
b11000 <
1%
0(
b10000 @
b10000 C
b11000 4
b11000 D
b11000 E
0,
1*
#33334000
b11000 F
1,
#33336000
0,
0*
#33338000
b11000 /
b11000 G
b11000 M
1,
#33340000
0$
0,
1*
#33342000
1,
#33344000
0,
0*
#33346000
1,
#33348000
0,
1*
#33350000
1,
#33352000
0,
0*
#33354000
1,
#33356000
0,
1*
#33358000
1,
#33360000
0,
0*
#33362000
1,
#33364000
0,
1*
#33366000
1,
#33368000
0,
0*
#33370000
1,
#33372000
0,
1*
#33374000
1,
#33376000
0,
0*
#33378000
1,
#33380000
0,
1*
#33382000
1,
#33384000
0,
0*
#33386000
1,
#33388000
0,
1*
#33390000
1,
#33392000
0,
0*
#33394000
1,
#33396000
0,
1*
#33398000
1,
#33400000
0,
0*
#33402000
1,
#33404000
0,
1*
#33406000
1,
#33408000
0,
0*
#33410000
1,
#33412000
0,
1*
#33414000
1,
#33416000
0,
0*
#33418000
1,
#33420000
0,
1*
#33422000
1,
#33424000
0,
0*
#33426000
1,
#33428000
0,
1*
#33430000
1,
#33432000
0,
0*
#33434000
1,
#33436000
0,
1*
#33438000
1,
#33440000
0,
0*
#33442000
1,
#33444000
0,
1*
#33446000
1,
#33448000
0,
0*
#33450000
1,
#33452000
0,
1*
#33454000
1,
#33456000
0,
0*
#33458000
1,
#33460000
0,
1*
#33462000
1,
#33464000
0,
0*
#33466000
1,
#33468000
0,
1*
#33470000
1,
#33472000
0,
0*
#33474000
1,
#33476000
0,
1*
#33478000
1,
#33480000
0,
0*
#33482000
1,
#33484000
0,
1*
#33486000
1,
#33488000
0,
0*
#33490000
1,
#33492000
0,
1*
#33494000
1,
#33496000
0,
0*
#33498000
1,
#33500000
0,
1*
#33502000
1,
#33504000
0,
0*
#33506000
1,
#33508000
0,
1*
#33510000
1,
#33512000
0,
0*
#33514000
1,
#33516000
0,
1*
#33518000
1,
#33520000
0,
0*
#33522000
1,
#33524000
0,
1*
#33526000
1,
#33528000
0,
0*
#33530000
1,
#33532000
0,
1*
#33534000
1,
#33536000
0,
0*
#33538000
1,
#33540000
0,
1*
#33542000
1,
#33544000
0,
0*
#33546000
1,
#33548000
0,
1*
#33550000
1,
#33552000
0,
0*
#33554000
1,
#33556000
0,
1*
#33558000
1,
#33560000
0,
0*
#33562000
1,
#33564000
0,
1*
#33566000
1,
#33568000
0,
0*
#33570000
1,
#33572000
0,
1*
#33574000
1,
#33576000
0,
0*
#33578000
1,
#33580000
0,
1*
#33582000
1,
#33584000
0,
0*
#33586000
1,
#33588000
0,
1*
#33590000
1,
#33592000
0,
0*
#33594000
1,
#33596000
0,
1*
#33598000
1,
#33600000
0,
0*
#33602000
1,
#33604000
0,
1*
#33606000
1,
#33608000
0,
0*
#33610000
1,
#33612000
0,
1*
#33614000
1,
#33616000
0,
0*
#33618000
1,
#33620000
0,
1*
#33622000
1,
#33624000
0,
0*
#33626000
1,
#33628000
0,
1*
#33630000
1,
#33632000
0,
0*
#33634000
1,
#33636000
0,
1*
#33638000
1,
#33640000
0,
0*
#33642000
1,
#33644000
0,
1*
#33646000
1,
#33648000
0,
0*
#33650000
1,
#33652000
0,
1*
#33654000
1,
#33656000
0,
0*
#33658000
1,
#33660000
0,
1*
#33662000
1,
#33664000
0,
0*
#33666000
1,
#33668000
0,
1*
#33670000
1,
#33672000
0,
0*
#33674000
1,
#33676000
0,
1*
#33678000
1,
#33680000
0,
0*
#33682000
1,
#33684000
0,
1*
#33686000
1,
#33688000
0,
0*
#33690000
1,
#33692000
0,
1*
#33694000
1,
#33696000
0,
0*
#33698000
1,
#33700000
0,
1*
#33702000
1,
#33704000
0,
0*
#33706000
1,
#33708000
0,
1*
#33710000
1,
#33712000
0,
0*
#33714000
1,
#33716000
0,
1*
#33718000
1,
#33720000
0,
0*
#33722000
1,
#33724000
0,
1*
#33726000
1,
#33728000
0,
0*
#33730000
1,
#33732000
0,
1*
#33734000
1,
#33736000
0,
0*
#33738000
1,
#33740000
0,
1*
#33742000
1,
#33744000
0,
0*
#33746000
1,
#33748000
0,
1*
#33750000
1,
#33752000
0,
0*
#33754000
1,
#33756000
0,
1*
#33758000
1,
#33760000
0,
0*
#33762000
1,
#33764000
0,
1*
#33766000
1,
#33768000
0,
0*
#33770000
1,
#33772000
0,
1*
#33774000
1,
#33776000
0,
0*
#33778000
1,
#33780000
0,
1*
#33782000
1,
#33784000
0,
0*
#33786000
1,
#33788000
0,
1*
#33790000
1,
#33792000
0,
0*
#33794000
1,
#33796000
0,
1*
#33798000
1,
#33800000
0,
0*
#33802000
1,
#33804000
0,
1*
#33806000
1,
#33808000
0,
0*
#33810000
1,
#33812000
0,
1*
#33814000
1,
#33816000
0,
0*
#33818000
1,
#33820000
0,
1*
#33822000
1,
#33824000
0,
0*
#33826000
1,
#33828000
0,
1*
#33830000
1,
#33832000
0,
0*
#33834000
1,
#33836000
0,
1*
#33838000
1,
#33840000
0,
0*
#33842000
1,
#33844000
0,
1*
#33846000
1,
#33848000
0,
0*
#33850000
1,
#33852000
0,
1*
#33854000
1,
#33856000
0,
0*
#33858000
1,
#33860000
0,
1*
#33862000
1,
#33864000
0,
0*
#33866000
1,
#33868000
0,
1*
#33870000
1,
#33872000
0,
0*
#33874000
1,
#33876000
0,
1*
#33878000
1,
#33880000
0,
0*
#33882000
1,
#33884000
0,
1*
#33886000
1,
#33888000
0,
0*
#33890000
1,
#33892000
0,
1*
#33894000
1,
#33896000
0,
0*
#33898000
1,
#33900000
0,
1*
#33902000
1,
#33904000
0,
0*
#33906000
1,
#33908000
0,
1*
#33910000
1,
#33912000
0,
0*
#33914000
1,
#33916000
0,
1*
#33918000
1,
#33920000
0,
0*
#33922000
1,
#33924000
0,
1*
#33926000
1,
#33928000
0,
0*
#33930000
1,
#33932000
0,
1*
#33934000
1,
#33936000
0,
0*
#33938000
1,
#33940000
0,
1*
#33942000
1,
#33944000
0,
0*
#33946000
1,
#33948000
0,
1*
#33950000
1,
#33952000
0,
0*
#33954000
1,
#33956000
0,
1*
#33958000
1,
#33960000
0,
0*
#33962000
1,
#33964000
0,
1*
#33966000
1,
#33968000
0,
0*
#33970000
1,
#33972000
0,
1*
#33974000
1,
#33976000
0,
0*
#33978000
1,
#33980000
0,
1*
#33982000
1,
#33984000
0,
0*
#33986000
1,
#33988000
0,
1*
#33990000
1,
#33992000
0,
0*
#33994000
1,
#33996000
0,
1*
#33998000
1,
#34000000
0,
0*
#34002000
1,
#34004000
0,
1*
#34006000
1,
#34008000
0,
0*
#34010000
1,
#34012000
0,
1*
#34014000
1,
#34016000
0,
0*
#34018000
1,
#34020000
0,
1*
#34022000
1,
#34024000
0,
0*
#34026000
1,
#34028000
0,
1*
#34030000
1,
#34032000
0,
0*
#34034000
1,
#34036000
0,
1*
#34038000
1,
#34040000
0,
0*
#34042000
1,
#34044000
0,
1*
#34046000
1,
#34048000
0,
0*
#34050000
1,
#34052000
0,
1*
#34054000
1,
#34056000
0,
0*
#34058000
1,
#34060000
0,
1*
#34062000
1,
#34064000
0,
0*
#34066000
1,
#34068000
0,
1*
#34070000
1,
#34072000
0,
0*
#34074000
1,
#34076000
0,
1*
#34078000
1,
#34080000
0,
0*
#34082000
1,
#34084000
0,
1*
#34086000
1,
#34088000
0,
0*
#34090000
1,
#34092000
0,
1*
#34094000
1,
#34096000
0,
0*
#34098000
1,
#34100000
0,
1*
#34102000
1,
#34104000
0,
0*
#34106000
1,
#34108000
0,
1*
#34110000
1,
#34112000
0,
0*
#34114000
1,
#34116000
0,
1*
#34118000
1,
#34120000
0,
0*
#34122000
1,
#34124000
0,
1*
#34126000
1,
#34128000
0,
0*
#34130000
1,
#34132000
0,
1*
#34134000
1,
#34136000
0,
0*
#34138000
1,
#34140000
0,
1*
#34142000
1,
#34144000
0,
0*
#34146000
1,
#34148000
0,
1*
#34150000
1,
#34152000
0,
0*
#34154000
1,
#34156000
0,
1*
#34158000
1,
#34160000
0,
0*
#34162000
1,
#34164000
0,
1*
#34166000
1,
#34168000
0,
0*
#34170000
1,
#34172000
0,
1*
#34174000
1,
#34176000
0,
0*
#34178000
1,
#34180000
0,
1*
#34182000
1,
#34184000
0,
0*
#34186000
1,
#34188000
0,
1*
#34190000
1,
#34192000
0,
0*
#34194000
1,
#34196000
0,
1*
#34198000
1,
#34200000
0,
0*
#34202000
1,
#34204000
0,
1*
#34206000
1,
#34208000
0,
0*
#34210000
1,
#34212000
0,
1*
#34214000
1,
#34216000
0,
0*
#34218000
1,
#34220000
0,
1*
#34222000
1,
#34224000
0,
0*
#34226000
1,
#34228000
0,
1*
#34230000
1,
#34232000
0,
0*
#34234000
1,
#34236000
0,
1*
#34238000
1,
#34240000
0,
0*
#34242000
1,
#34244000
0,
1*
#34246000
1,
#34248000
0,
0*
#34250000
1,
#34252000
0,
1*
#34254000
1,
#34256000
0,
0*
#34258000
1,
#34260000
0,
1*
#34262000
1,
#34264000
0,
0*
#34266000
1,
#34268000
0,
1*
#34270000
1,
#34272000
0,
0*
#34274000
1,
#34276000
0,
1*
#34278000
1,
#34280000
0,
0*
#34282000
1,
#34284000
0,
1*
#34286000
1,
#34288000
0,
0*
#34290000
1,
#34292000
0,
1*
#34294000
1,
#34296000
0,
0*
#34298000
1,
#34300000
0,
1*
#34302000
1,
#34304000
0,
0*
#34306000
1,
#34308000
0,
1*
#34310000
1,
#34312000
0,
0*
#34314000
1,
#34316000
0,
1*
#34318000
1,
#34320000
0,
0*
#34322000
1,
#34324000
0,
1*
#34326000
1,
#34328000
0,
0*
#34330000
1,
#34332000
0,
1*
#34334000
1,
#34336000
0,
0*
#34338000
1,
#34340000
0,
1*
#34342000
1,
#34344000
0,
0*
#34346000
1,
#34348000
0,
1*
#34350000
1,
#34352000
0,
0*
#34354000
1,
#34356000
0,
1*
#34358000
1,
#34360000
0,
0*
#34362000
1,
#34364000
0,
1*
#34366000
1,
#34368000
0,
0*
#34370000
1,
#34372000
0,
1*
#34374000
1,
#34376000
0,
0*
#34378000
1,
#34380000
0,
1*
#34382000
1,
#34384000
0,
0*
#34386000
1,
#34388000
0,
1*
#34390000
1,
#34392000
0,
0*
#34394000
1,
#34396000
0,
1*
#34398000
1,
#34400000
0,
0*
#34402000
1,
#34404000
0,
1*
#34406000
1,
#34408000
0,
0*
#34410000
1,
#34412000
0,
1*
#34414000
1,
#34416000
0,
0*
#34418000
1,
#34420000
0,
1*
#34422000
1,
#34424000
0,
0*
#34426000
1,
#34428000
0,
1*
#34430000
1,
#34432000
0,
0*
#34434000
1,
#34436000
0,
1*
#34438000
1,
#34440000
0,
0*
#34442000
1,
#34444000
0,
1*
#34446000
1,
#34448000
0,
0*
#34450000
1,
#34452000
0,
1*
#34454000
1,
#34456000
0,
0*
#34458000
1,
#34460000
0,
1*
#34462000
1,
#34464000
0,
0*
#34466000
1,
#34468000
0,
1*
#34470000
1,
#34472000
0,
0*
#34474000
1,
#34476000
0,
1*
#34478000
1,
#34480000
0,
0*
#34482000
1,
#34484000
0,
1*
#34486000
1,
#34488000
0,
0*
#34490000
1,
#34492000
0,
1*
#34494000
1,
#34496000
0,
0*
#34498000
1,
#34500000
0,
1*
#34502000
1,
#34504000
0,
0*
#34506000
1,
#34508000
0,
1*
#34510000
1,
#34512000
0,
0*
#34514000
1,
#34516000
0,
1*
#34518000
1,
#34520000
0,
0*
#34522000
1,
#34524000
0,
1*
#34526000
1,
#34528000
0,
0*
#34530000
1,
#34532000
0,
1*
#34534000
1,
#34536000
0,
0*
#34538000
1,
#34540000
0,
1*
#34542000
1,
#34544000
0,
0*
#34546000
1,
#34548000
0,
1*
#34550000
1,
#34552000
0,
0*
#34554000
1,
#34556000
0,
1*
#34558000
1,
#34560000
0,
0*
#34562000
1,
#34564000
0,
1*
#34566000
1,
#34568000
0,
0*
#34570000
1,
#34572000
0,
1*
#34574000
1,
#34576000
0,
0*
#34578000
1,
#34580000
0,
1*
#34582000
1,
#34584000
0,
0*
#34586000
1,
#34588000
0,
1*
#34590000
1,
#34592000
0,
0*
#34594000
1,
#34596000
0,
1*
#34598000
1,
#34600000
0,
0*
#34602000
1,
#34604000
0,
1*
#34606000
1,
#34608000
0,
0*
#34610000
1,
#34612000
0,
1*
#34614000
1,
#34616000
0,
0*
#34618000
1,
#34620000
0,
1*
#34622000
1,
#34624000
0,
0*
#34626000
1,
#34628000
0,
1*
#34630000
1,
#34632000
0,
0*
#34634000
1,
#34636000
0,
1*
#34638000
1,
#34640000
0,
0*
#34642000
1,
#34644000
0,
1*
#34646000
1,
#34648000
0,
0*
#34650000
1,
#34652000
0,
1*
#34654000
1,
#34656000
0,
0*
#34658000
1,
#34660000
0,
1*
#34662000
1,
#34664000
0,
0*
#34666000
1,
#34668000
0,
1*
#34670000
1,
#34672000
0,
0*
#34674000
1,
#34676000
0,
1*
#34678000
1,
#34680000
0,
0*
#34682000
1,
#34684000
0,
1*
#34686000
1,
#34688000
0,
0*
#34690000
1,
#34692000
0,
1*
#34694000
1,
#34696000
0,
0*
#34698000
1,
#34700000
0,
1*
#34702000
1,
#34704000
0,
0*
#34706000
1,
#34708000
0,
1*
#34710000
1,
#34712000
0,
0*
#34714000
1,
#34716000
0,
1*
#34718000
1,
#34720000
0,
0*
#34722000
1,
#34724000
0,
1*
#34726000
1,
#34728000
0,
0*
#34730000
1,
#34732000
0,
1*
#34734000
1,
#34736000
0,
0*
#34738000
1,
#34740000
0,
1*
#34742000
1,
#34744000
0,
0*
#34746000
1,
#34748000
0,
1*
#34750000
1,
#34752000
0,
0*
#34754000
1,
#34756000
0,
1*
#34758000
1,
#34760000
0,
0*
#34762000
1,
#34764000
0,
1*
#34766000
1,
#34768000
0,
0*
#34770000
1,
#34772000
0,
1*
#34774000
1,
#34776000
0,
0*
#34778000
1,
#34780000
0,
1*
#34782000
1,
#34784000
0,
0*
#34786000
1,
#34788000
0,
1*
#34790000
1,
#34792000
0,
0*
#34794000
1,
#34796000
0,
1*
#34798000
1,
#34800000
0,
0*
#34802000
1,
#34804000
0,
1*
#34806000
1,
#34808000
0,
0*
#34810000
1,
#34812000
0,
1*
#34814000
1,
#34816000
0,
0*
#34818000
1,
#34820000
0,
1*
#34822000
1,
#34824000
0,
0*
#34826000
1,
#34828000
0,
1*
#34830000
1,
#34832000
0,
0*
#34834000
1,
#34836000
0,
1*
#34838000
1,
#34840000
0,
0*
#34842000
1,
#34844000
0,
1*
#34846000
1,
#34848000
0,
0*
#34850000
1,
#34852000
0,
1*
#34854000
1,
#34856000
0,
0*
#34858000
1,
#34860000
0,
1*
#34862000
1,
#34864000
0,
0*
#34866000
1,
#34868000
0,
1*
#34870000
1,
#34872000
0,
0*
#34874000
1,
#34876000
0,
1*
#34878000
1,
#34880000
0,
0*
#34882000
1,
#34884000
0,
1*
#34886000
1,
#34888000
0,
0*
#34890000
1,
#34892000
0,
1*
#34894000
1,
#34896000
0,
0*
#34898000
1,
#34900000
0,
1*
#34902000
1,
#34904000
0,
0*
#34906000
1,
#34908000
0,
1*
#34910000
1,
#34912000
0,
0*
#34914000
1,
#34916000
0,
1*
#34918000
1,
#34920000
0,
0*
#34922000
1,
#34924000
0,
1*
#34926000
1,
#34928000
0,
0*
#34930000
1,
#34932000
0,
1*
#34934000
1,
#34936000
0,
0*
#34938000
1,
#34940000
0,
1*
#34942000
1,
#34944000
0,
0*
#34946000
1,
#34948000
0,
1*
#34950000
1,
#34952000
0,
0*
#34954000
1,
#34956000
0,
1*
#34958000
1,
#34960000
0,
0*
#34962000
1,
#34964000
0,
1*
#34966000
1,
#34968000
0,
0*
#34970000
1,
#34972000
0,
1*
#34974000
1,
#34976000
0,
0*
#34978000
1,
#34980000
0,
1*
#34982000
1,
#34984000
0,
0*
#34986000
1,
#34988000
0,
1*
#34990000
1,
#34992000
0,
0*
#34994000
1,
#34996000
0,
1*
#34998000
1,
#35000000
0,
0*
#35002000
1,
#35004000
0,
1*
#35006000
1,
#35008000
0,
0*
#35010000
1,
#35012000
0,
1*
#35014000
1,
#35016000
0,
0*
#35018000
1,
#35020000
0,
1*
#35022000
1,
#35024000
0,
0*
#35026000
1,
#35028000
0,
1*
#35030000
1,
#35032000
0,
0*
#35034000
1,
#35036000
0,
1*
#35038000
1,
#35040000
0,
0*
#35042000
1,
#35044000
0,
1*
#35046000
1,
#35048000
0,
0*
#35050000
1,
#35052000
0,
1*
#35054000
1,
#35056000
0,
0*
#35058000
1,
#35060000
0,
1*
#35062000
1,
#35064000
0,
0*
#35066000
1,
#35068000
0,
1*
#35070000
1,
#35072000
0,
0*
#35074000
1,
#35076000
0,
1*
#35078000
1,
#35080000
0,
0*
#35082000
1,
#35084000
0,
1*
#35086000
1,
#35088000
0,
0*
#35090000
1,
#35092000
0,
1*
#35094000
1,
#35096000
0,
0*
#35098000
1,
#35100000
0,
1*
#35102000
1,
#35104000
0,
0*
#35106000
1,
#35108000
0,
1*
#35110000
1,
#35112000
0,
0*
#35114000
1,
#35116000
0,
1*
#35118000
1,
#35120000
0,
0*
#35122000
1,
#35124000
0,
1*
#35126000
1,
#35128000
0,
0*
#35130000
1,
#35132000
0,
1*
#35134000
1,
#35136000
0,
0*
#35138000
1,
#35140000
0,
1*
#35142000
1,
#35144000
0,
0*
#35146000
1,
#35148000
0,
1*
#35150000
1,
#35152000
0,
0*
#35154000
1,
#35156000
0,
1*
#35158000
1,
#35160000
0,
0*
#35162000
1,
#35164000
0,
1*
#35166000
1,
#35168000
0,
0*
#35170000
1,
#35172000
0,
1*
#35174000
1,
#35176000
0,
0*
#35178000
1,
#35180000
0,
1*
#35182000
1,
#35184000
0,
0*
#35186000
1,
#35188000
0,
1*
#35190000
1,
#35192000
0,
0*
#35194000
1,
#35196000
0,
1*
#35198000
1,
#35200000
0,
0*
#35202000
1,
#35204000
0,
1*
#35206000
1,
#35208000
0,
0*
#35210000
1,
#35212000
0,
1*
#35214000
1,
#35216000
0,
0*
#35218000
1,
#35220000
0,
1*
1)
#35222000
b11011 L
b11001 K
b10001 O
b1 U
b10110001 #
b10110001 1
b10110001 7
b10110001 T
1!
1,
#35224000
0,
0*
#35226000
b1 2
b1 8
b1 P
b11010 L
b11011 K
b10110001 &
b10110001 .
b10110001 5
b10110001 9
b10010 O
b10001 R
b11001 0
b11001 H
b11001 S
b10 U
b10110010 #
b10110010 1
b10110010 7
b10110010 T
1,
#35228000
b11001 I
0,
1*
#35230000
b10 2
b10 8
b10 P
b11110 L
b11010 K
b11 U
b10110011 #
b10110011 1
b10110011 7
b10110011 T
b10011 O
b10010 R
b11011 0
b11011 H
b11011 S
1,
#35232000
0,
0*
#35234000
b11 2
b11 8
b11 P
b11111 L
b11110 K
b10100 O
b10011 R
b11010 0
b11010 H
b11010 S
b100 U
b10110100 #
b10110100 1
b10110100 7
b10110100 T
1,
#35236000
1B
0?
b11001 3
b11001 >
b11001 J
b11010 I
0,
1*
#35238000
b100 2
b100 8
b100 P
b11101 L
b11111 K
b101 U
b10110101 #
b10110101 1
b10110101 7
b10110101 T
b10101 O
b10100 R
b11110 0
b11110 H
b11110 S
1,
#35240000
0,
0*
#35242000
b101 2
b101 8
b101 P
b11100 L
b11101 K
b10110 O
b10101 R
b11111 0
b11111 H
b11111 S
b110 U
b10110110 #
b10110110 1
b10110110 7
b10110110 T
1,
#35244000
0B
b11010 3
b11010 >
b11010 J
b11111 I
0%
1(
0,
1*
#35246000
b110 2
b110 8
b110 P
b10100 L
b11100 K
b111 U
b10110111 #
b10110111 1
b10110111 7
b10110111 T
b10111 O
b10110 R
b11101 0
b11101 H
b11101 S
1,
#35248000
0,
0*
#35250000
b111 2
b111 8
b111 P
b10101 L
b10100 K
b11000 O
b10111 R
b11100 0
b11100 H
b11100 S
b1000 U
b10111000 #
b10111000 1
b10111000 7
b10111000 T
1,
#35252000
b11011 =
b11001 <
b10001 @
1$
0(
b11111 3
b11111 >
b11111 J
b11100 I
0,
1*
#35254000
b1000 2
b1000 8
b1000 P
b10111 L
b10101 K
b1001 U
b10111001 #
b10111001 1
b10111001 7
b10111001 T
b11001 O
b11000 R
b10100 0
b10100 H
b10100 S
1,
#35256000
0,
0*
#35258000
b1001 2
b1001 8
b1001 P
b10110 L
b10111 K
b11010 O
b11001 R
b10101 0
b10101 H
b10101 S
b1010 U
b10111010 #
b10111010 1
b10111010 7
b10111010 T
1,
#35260000
b10110010 &
b10110010 .
b10110010 5
b10110010 9
b1 6
b1 :
b1 A
b11010 =
b11011 <
b11100 3
b11100 >
b11100 J
b10101 I
b10010 @
b10001 C
b11001 4
b11001 D
b11001 E
0,
1*
#35262000
b1010 2
b1010 8
b1010 P
b10010 L
b10110 K
b1011 U
b10111011 #
b10111011 1
b10111011 7
b10111011 T
b11001 F
b11011 O
b11010 R
b10111 0
b10111 H
b10111 S
1,
#35264000
0,
0*
#35266000
b1011 2
b1011 8
b1011 P
b10011 L
b10010 K
b11100 O
b11011 R
b10110 0
b10110 H
b10110 S
b11001 /
b11001 G
b11001 M
b1100 U
b10111100 #
b10111100 1
b10111100 7
b10111100 T
1,
#35268000
b10110011 &
b10110011 .
b10110011 5
b10110011 9
b10 6
b10 :
b10 A
b11110 =
b11010 <
b10011 @
b10010 C
b11011 4
b11011 D
b11011 E
b10101 3
b10101 >
b10101 J
b10110 I
0,
1*
#35270000
b1100 2
b1100 8
b1100 P
b10001 L
b10011 K
b1101 U
b10111101 #
b10111101 1
b10111101 7
b10111101 T
b11011 F
b11101 O
b11100 R
b10010 0
b10010 H
b10010 S
1,
#35272000
0,
0*
#35274000
b1101 2
b1101 8
b1101 P
b10000 L
b10001 K
b11110 O
b11101 R
b10011 0
b10011 H
b10011 S
b11011 /
b11011 G
b11011 M
b1110 U
b10111110 #
b10111110 1
b10111110 7
b10111110 T
1,
#35276000
b10110100 &
b10110100 .
b10110100 5
b10110100 9
b11 6
b11 :
b11 A
b11111 =
b11110 <
b10110 3
b10110 >
b10110 J
b10011 I
b10100 @
b10011 C
b11010 4
b11010 D
b11010 E
0,
1*
#35278000
b1110 2
b1110 8
b1110 P
b0 L
b10000 K
b1111 U
b10111111 #
b10111111 1
b10111111 7
b10111111 T
b11010 F
b11111 O
b11110 R
b10001 0
b10001 H
b10001 S
1,
#35280000
0,
0*
#35282000
b1111 2
b1111 8
b1111 P
b1 L
b0 K
b0 O
b11111 R
b10000 0
b10000 H
b10000 S
b11010 /
b11010 G
b11010 M
b0 U
b11000000 #
b11000000 1
b11000000 7
b11000000 T
1,
#35284000
b10110101 &
b10110101 .
b10110101 5
b10110101 9
b100 6
b100 :
b100 A
b11101 =
b11111 <
b10101 @
b10100 C
b11110 4
b11110 D
b11110 E
b10011 3
b10011 >
b10011 J
b10000 I
0,
1*
#35286000
b0 2
b0 8
b0 P
0Q
b11 L
b1 K
b1 U
b11000001 #
b11000001 1
b11000001 7
b11000001 T
b11110 F
b1 O
b0 R
b0 0
b0 H
b0 S
1,
#35288000
0,
0*
#35290000
b1 2
b1 8
b1 P
b10 L
b11 K
b10 O
b1 R
b1 0
b1 H
b1 S
b11110 /
b11110 G
b11110 M
b10 U
b11000010 #
b11000010 1
b11000010 7
b11000010 T
1,
#35292000
b10110110 &
b10110110 .
b10110110 5
b10110110 9
b101 6
b101 :
b101 A
b11100 =
b11101 <
b10000 3
b10000 >
b10000 J
b1 I
b10110 @
b10101 C
b11111 4
b11111 D
b11111 E
0,
1*
#35294000
1Q
b10 2
b10 8
b10 P
b110 L
b10 K
b11 U
b11000011 #
b11000011 1
b11000011 7
b11000011 T
b11111 F
b11 O
b10 R
b11 0
b11 H
b11 S
1,
#35296000
0,
0*
#35298000
b11 2
b11 8
b11 P
b111 L
b110 K
1Q
1'
b100 O
b11 R
b10 0
b10 H
b10 S
b11111 /
b11111 G
b11111 M
b100 U
b11000100 #
b11000100 1
b11000100 7
b11000100 T
1,
#35300000
b10110111 &
b10110111 .
b10110111 5
b10110111 9
b110 6
b110 :
b110 A
b10100 =
b11100 <
b10111 @
b10110 C
b11101 4
b11101 D
b11101 E
b1 3
b1 >
b1 J
b10 I
0,
1*
#35302000
b100 2
b100 8
b100 P
0Q
b101 L
1N
b111 K
b101 U
b11000101 #
b11000101 1
b11000101 7
b11000101 T
b11101 F
b101 O
b100 R
b110 0
b110 H
b110 S
1,
#35304000
0,
0*
#35306000
b101 2
b101 8
b101 P
b101 L
b111 K
0N
1Q
1"
0'
b101 O
b101 R
b111 0
b111 H
b111 S
b11101 /
b11101 G
b11101 M
b110 U
b11000110 #
b11000110 1
b11000110 7
b11000110 T
1,
#35308000
b10111000 &
b10111000 .
b10111000 5
b10111000 9
b111 6
b111 :
b111 A
b10101 =
b10100 <
b10 3
b10 >
b10 J
b111 I
b11000 @
b10111 C
b11100 4
b11100 D
b11100 E
0,
1*
#35310000
0!
b11100 F
0"
1'
1,
#35312000
0,
0*
#35314000
b100 L
0N
b101 K
b110 O
1Q
b11100 /
b11100 G
b11100 M
b111 U
b11000111 #
b11000111 1
b11000111 7
b11000111 T
1!
1,
#35316000
b10111001 &
b10111001 .
b10111001 5
b10111001 9
b1000 6
b1000 :
b1000 A
b10111 =
b10101 <
b11001 @
b11000 C
b10100 4
b10100 D
b10100 E
b111 3
b111 >
b111 J
0,
1*
#35318000
b110 2
b110 8
b110 P
0Q
b1100 L
1N
b100 K
b1000 U
b11001000 #
b11001000 1
b11001000 7
b11001000 T
b10100 F
b111 O
b110 R
b101 0
b101 H
b101 S
1,
#35320000
0,
0*
#35322000
1Q
b111 2
b111 8
b111 P
b1100 L
0N
b100 K
1"
0'
b111 O
b111 R
b100 0
b100 H
b100 S
b10100 /
b10100 G
b10100 M
b1001 U
b11001001 #
b11001001 1
b11001001 7
b11001001 T
1,
#35324000
b10111010 &
b10111010 .
b10111010 5
b10111010 9
b1001 6
b1001 :
b1001 A
b10110 =
b10111 <
b100 I
b11010 @
b11001 C
b10101 4
b10101 D
b10101 E
0,
1*
#35326000
0!
b10101 F
0"
1'
1,
#35328000
0,
0*
#35330000
b1101 L
b1100 K
b1000 O
1Q
b10101 /
b10101 G
b10101 M
b1010 U
b11001010 #
b11001010 1
b11001010 7
b11001010 T
1!
1,
#35332000
b10111011 &
b10111011 .
b10111011 5
b10111011 9
b1010 6
b1010 :
b1010 A
b10010 =
b10110 <
b11011 @
b11010 C
b10111 4
b10111 D
b10111 E
b100 3
b100 >
b100 J
0,
1*
#35334000
b1000 2
b1000 8
b1000 P
0Q
b1111 L
1N
b1101 K
b1011 U
b11001011 #
b11001011 1
b11001011 7
b11001011 T
b10111 F
b1001 O
b1000 R
b1100 0
b1100 H
b1100 S
1,
#35336000
0,
0*
#35338000
b1001 2
b1001 8
b1001 P
b1111 L
b1101 K
0N
1Q
1"
0'
b1001 O
b1001 R
b1101 0
b1101 H
b1101 S
b10111 /
b10111 G
b10111 M
b1100 U
b11001100 #
b11001100 1
b11001100 7
b11001100 T
1,
#35340000
b10111100 &
b10111100 .
b10111100 5
b10111100 9
b1011 6
b1011 :
b1011 A
b10011 =
b10010 <
b1101 I
b11100 @
b11011 C
b10110 4
b10110 D
b10110 E
0,
1*
#35342000
0!
b10110 F
0"
1'
1,
#35344000
0,
0*
#35346000
b1110 L
0N
b1111 K
b1010 O
1Q
b10110 /
b10110 G
b10110 M
b1101 U
b11001101 #
b11001101 1
b11001101 7
b11001101 T
1!
1,
#35348000
b10111101 &
b10111101 .
b10111101 5
b10111101 9
b1100 6
b1100 :
b1100 A
b10001 =
b10011 <
b11101 @
b11100 C
b10010 4
b10010 D
b10010 E
b1101 3
b1101 >
b1101 J
0,
1*
#35350000
b1010 2
b1010 8
b1010 P
0Q
b1010 L
1N
b1110 K
b1110 U
b11001110 #
b11001110 1
b11001110 7
b11001110 T
b10010 F
b1011 O
b1010 R
b1111 0
b1111 H
b1111 S
1,
#35352000
0,
0*
#35354000
b1011 2
b1011 8
b1011 P
b1010 L
b1110 K
0N
1Q
1"
0'
b1011 O
b1011 R
b1110 0
b1110 H
b1110 S
b10010 /
b10010 G
b10010 M
b1111 U
b11001111 #
b11001111 1
b11001111 7
b11001111 T
1,
#35356000
b10111110 &
b10111110 .
b10111110 5
b10111110 9
b1101 6
b1101 :
b1101 A
b10000 =
b10001 <
b1110 I
b11110 @
b11101 C
b10011 4
b10011 D
b10011 E
0,
1*
#35358000
0!
b10011 F
0"
1'
1,
#35360000
0,
0*
#35362000
b1011 L
b1010 K
b1100 O
1Q
b10011 /
b10011 G
b10011 M
b0 U
b11010000 #
b11010000 1
b11010000 7
b11010000 T
1!
1,
#35364000
b10111111 &
b10111111 .
b10111111 5
b10111111 9
b1110 6
b1110 :
b1110 A
b0 =
b10000 <
b11111 @
b11110 C
b10001 4
b10001 D
b10001 E
b1110 3
b1110 >
b1110 J
0,
1*
#35366000
b1100 2
b1100 8
b1100 P
0Q
b1001 L
1N
b1011 K
b1 U
b11010001 #
b11010001 1
b11010001 7
b11010001 T
b10001 F
b1101 O
b1100 R
b1010 0
b1010 H
b1010 S
1,
#35368000
0,
0*
#35370000
b1101 2
b1101 8
b1101 P
b1001 L
b1011 K
0N
1Q
1"
0'
b1101 O
b1101 R
b1011 0
b1011 H
b1011 S
b10001 /
b10001 G
b10001 M
b10 U
b11010010 #
b11010010 1
b11010010 7
b11010010 T
1,
#35372000
b11000000 &
b11000000 .
b11000000 5
b11000000 9
b1111 6
b1111 :
b1111 A
b1 =
b0 <
b1011 I
b0 @
b11111 C
b10000 4
b10000 D
b10000 E
0,
1*
#35374000
0!
b10000 F
0"
1'
1,
#35376000
0,
0*
#35378000
b1000 L
0N
b1001 K
b1110 O
1Q
b10000 /
b10000 G
b10000 M
b11 U
b11010011 #
b11010011 1
b11010011 7
b11010011 T
1!
1,
#35380000
b11000001 &
b11000001 .
b11000001 5
b11000001 9
b0 6
b0 :
b0 A
b11 =
b1 <
b1 @
b0 C
b0 4
b0 D
b0 E
b1011 3
b1011 >
b1011 J
0,
1*
#35382000
b1110 2
b1110 8
b1110 P
0Q
b11000 L
1N
b1000 K
b100 U
b11010100 #
b11010100 1
b11010100 7
b11010100 T
b0 F
b1111 O
b1110 R
b1001 0
b1001 H
b1001 S
1,
#35384000
0,
0*
#35386000
1Q
b1111 2
b1111 8
b1111 P
b11000 L
0N
b1000 K
1"
0'
b1111 O
b1111 R
b1000 0
b1000 H
b1000 S
b0 /
b0 G
b0 M
b101 U
b11010101 #
b11010101 1
b11010101 7
b11010101 T
1,
#35388000
b11000010 &
b11000010 .
b11000010 5
b11000010 9
b1 6
b1 :
b1 A
b10 =
b11 <
b1000 I
b10 @
b1 C
b1 4
b1 D
b1 E
0,
1*
#35390000
0!
b1 F
0"
1'
1,
#35392000
0,
0*
#35394000
b11001 L
b11000 K
b10000 O
1Q
b1 /
b1 G
b1 M
b110 U
b11010110 #
b11010110 1
b11010110 7
b11010110 T
1!
1,
#35396000
b11000011 &
b11000011 .
b11000011 5
b11000011 9
b10 6
b10 :
b10 A
b110 =
b10 <
b11 @
b10 C
b11 4
b11 D
b11 E
b1000 3
b1000 >
b1000 J
0,
1*
#35398000
b0 2
b0 8
b0 P
0Q
b11011 L
1N
b11001 K
b111 U
b11010111 #
b11010111 1
b11010111 7
b11010111 T
b11 F
b10001 O
b10000 R
b11000 0
b11000 H
b11000 S
1,
#35400000
0,
0*
#35402000
b1 2
b1 8
b1 P
b11011 L
b11001 K
0N
1Q
1"
0'
b10001 O
b10001 R
b11001 0
b11001 H
b11001 S
b11 /
b11 G
b11 M
b1000 U
b11011000 #
b11011000 1
b11011000 7
b11011000 T
1,
#35404000
b11000100 &
b11000100 .
b11000100 5
b11000100 9
b11 6
b11 :
b11 A
b111 =
b110 <
b11001 I
b100 @
b11 C
b10 4
b10 D
b10 E
0,
1*
#35406000
0!
b10 F
0"
1'
1,
#35408000
0,
0*
#35410000
b11010 L
0N
b11011 K
b10010 O
1Q
b10 /
b10 G
b10 M
b1001 U
b11011001 #
b11011001 1
b11011001 7
b11011001 T
1!
1,
#35412000
b11000101 &
b11000101 .
b11000101 5
b11000101 9
b100 6
b100 :
b100 A
b101 =
b111 <
b101 @
b100 C
b110 4
b110 D
b110 E
b11001 3
b11001 >
b11001 J
0,
1*
#35414000
b10 2
b10 8
b10 P
0Q
b11110 L
1N
b11010 K
b1010 U
b11011010 #
b11011010 1
b11011010 7
b11011010 T
b110 F
b10011 O
b10010 R
b11011 0
b11011 H
b11011 S
1,
#35416000
0,
0*
#35418000
b11 2
b11 8
b11 P
b11110 L
b11010 K
0N
1Q
1"
0'
b10011 O
b10011 R
b11010 0
b11010 H
b11010 S
b110 /
b110 G
b110 M
b1011 U
b11011011 #
b11011011 1
b11011011 7
b11011011 T
1,
#35420000
b11000111 &
b11000111 .
b11000111 5
b11000111 9
b101 6
b101 :
b101 A
b100 =
b101 <
b11010 I
b110 @
b101 C
b111 4
b111 D
b111 E
0,
1*
0)
#35422000
0!
b111 F
0"
1'
1,
#35424000
0,
0*
#35426000
0Q
b111 /
b111 G
b111 M
1,
#35428000
b11001000 &
b11001000 .
b11001000 5
b11001000 9
b110 6
b110 :
b110 A
b1100 =
b100 <
b111 @
b110 C
b101 4
b101 D
b101 E
b11010 3
b11010 >
b11010 J
0,
1*
#35430000
b101 F
0'
1,
#35432000
0,
0*
#35434000
b101 /
b101 G
b101 M
1,
#35436000
b11001010 &
b11001010 .
b11001010 5
b11001010 9
b111 6
b111 :
b111 A
b1101 =
b1100 <
b1000 @
b111 C
b100 4
b100 D
b100 E
0,
1*
#35438000
b100 F
1,
#35440000
0,
0*
#35442000
b100 /
b100 G
b100 M
1,
#35444000
b11001011 &
b11001011 .
b11001011 5
b11001011 9
b1000 6
b1000 :
b1000 A
b1111 =
b1101 <
b1001 @
b1000 C
b1100 4
b1100 D
b1100 E
0,
1*
#35446000
b1100 F
1,
#35448000
0,
0*
#35450000
b1100 /
b1100 G
b1100 M
1,
#35452000
b11001101 &
b11001101 .
b11001101 5
b11001101 9
b1001 6
b1001 :
b1001 A
b1110 =
b1111 <
b1010 @
b1001 C
b1101 4
b1101 D
b1101 E
0,
1*
#35454000
b1101 F
1,
#35456000
0,
0*
#35458000
b1101 /
b1101 G
b1101 M
1,
#35460000
b11001110 &
b11001110 .
b11001110 5
b11001110 9
b1010 6
b1010 :
b1010 A
b1010 =
b1110 <
b1011 @
b1010 C
b1111 4
b1111 D
b1111 E
0,
1*
#35462000
b1111 F
1,
#35464000
0,
0*
#35466000
b1111 /
b1111 G
b1111 M
1,
#35468000
b11010000 &
b11010000 .
b11010000 5
b11010000 9
b1011 6
b1011 :
b1011 A
b1011 =
b1010 <
b1100 @
b1011 C
b1110 4
b1110 D
b1110 E
0,
1*
#35470000
b1110 F
1,
#35472000
0,
0*
#35474000
b1110 /
b1110 G
b1110 M
1,
#35476000
b11010001 &
b11010001 .
b11010001 5
b11010001 9
b1100 6
b1100 :
b1100 A
b1001 =
b1011 <
b1101 @
b1100 C
b1010 4
b1010 D
b1010 E
0,
1*
#35478000
b1010 F
1,
#35480000
0,
0*
#35482000
b1010 /
b1010 G
b1010 M
1,
#35484000
b11010011 &
b11010011 .
b11010011 5
b11010011 9
b1101 6
b1101 :
b1101 A
b1000 =
b1001 <
b1110 @
b1101 C
b1011 4
b1011 D
b1011 E
0,
1*
#35486000
b1011 F
1,
#35488000
0,
0*
#35490000
b1011 /
b1011 G
b1011 M
1,
#35492000
b11010100 &
b11010100 .
b11010100 5
b11010100 9
b1110 6
b1110 :
b1110 A
b11000 =
b1000 <
b1111 @
b1110 C
b1001 4
b1001 D
b1001 E
0,
1*
#35494000
b1001 F
1,
#35496000
0,
0*
#35498000
b1001 /
b1001 G
b1001 M
1,
#35500000
b11010110 &
b11010110 .
b11010110 5
b11010110 9
b1111 6
b1111 :
b1111 A
b11001 =
b11000 <
b10000 @
b1111 C
b1000 4
b1000 D
b1000 E
0,
1*
#35502000
b1000 F
1,
#35504000
0,
0*
#35506000
b1000 /
b1000 G
b1000 M
1,
#35508000
b11010111 &
b11010111 .
b11010111 5
b11010111 9
b0 6
b0 :
b0 A
0B
b11011 =
b11001 <
b10001 @
b10000 C
b11000 4
b11000 D
b11000 E
0,
1*
#35510000
b11000 F
1,
#35512000
0,
0*
#35514000
b11000 /
b11000 G
b11000 M
1,
#35516000
b11011001 &
b11011001 .
b11011001 5
b11011001 9
b1 6
b1 :
b1 A
1B
b11010 =
0?
b11011 <
b10010 @
b10001 C
b11001 4
b11001 D
b11001 E
0,
1*
#35518000
b11001 F
1,
#35520000
0,
0*
#35522000
b11001 /
b11001 G
b11001 M
1,
#35524000
b11011010 &
b11011010 .
b11011010 5
b11011010 9
b10 6
b10 :
b10 A
0B
b11110 =
1?
b11010 <
1(
b10011 @
b10010 C
b11011 4
b11011 D
b11011 E
0,
1*
#35526000
b11011 F
1,
#35528000
0,
0*
#35530000
b11011 /
b11011 G
b11011 M
1,
#35532000
b11000100 &
b11000100 .
b11000100 5
b11000100 9
b11 6
b11 :
b11 A
b11110 =
1?
b11010 <
b10011 @
b10011 C
b11010 4
b11010 D
b11010 E
1%
0(
0,
1*
#35534000
b11010 F
1,
#35536000
0,
0*
#35538000
b11010 /
b11010 G
b11010 M
1,
#35540000
0$
0,
1*
#35542000
1,
#35544000
0,
0*
#35546000
1,
#35548000
0,
1*
#35550000
1,
#35552000
0,
0*
#35554000
1,
#35556000
0,
1*
#35558000
1,
#35560000
0,
0*
#35562000
1,
#35564000
0,
1*
#35566000
1,
#35568000
0,
0*
#35570000
1,
#35572000
0,
1*
#35574000
1,
#35576000
0,
0*
#35578000
1,
#35580000
0,
1*
#35582000
1,
#35584000
0,
0*
#35586000
1,
#35588000
0,
1*
#35590000
1,
#35592000
0,
0*
#35594000
1,
#35596000
0,
1*
#35598000
1,
#35600000
0,
0*
#35602000
1,
#35604000
0,
1*
#35606000
1,
#35608000
0,
0*
#35610000
1,
#35612000
0,
1*
#35614000
1,
#35616000
0,
0*
#35618000
1,
#35620000
0,
1*
#35622000
1,
#35624000
0,
0*
#35626000
1,
#35628000
0,
1*
#35630000
1,
#35632000
0,
0*
#35634000
1,
#35636000
0,
1*
#35638000
1,
#35640000
0,
0*
#35642000
1,
#35644000
0,
1*
#35646000
1,
#35648000
0,
0*
#35650000
1,
#35652000
0,
1*
#35654000
1,
#35656000
0,
0*
#35658000
1,
#35660000
0,
1*
#35662000
1,
#35664000
0,
0*
#35666000
1,
#35668000
0,
1*
#35670000
1,
#35672000
0,
0*
#35674000
1,
#35676000
0,
1*
#35678000
1,
#35680000
0,
0*
#35682000
1,
#35684000
0,
1*
#35686000
1,
#35688000
0,
0*
#35690000
1,
#35692000
0,
1*
#35694000
1,
#35696000
0,
0*
#35698000
1,
#35700000
0,
1*
#35702000
1,
#35704000
0,
0*
#35706000
1,
#35708000
0,
1*
#35710000
1,
#35712000
0,
0*
#35714000
1,
#35716000
0,
1*
#35718000
1,
#35720000
0,
0*
#35722000
1,
#35724000
0,
1*
#35726000
1,
#35728000
0,
0*
#35730000
1,
#35732000
0,
1*
#35734000
1,
#35736000
0,
0*
#35738000
1,
#35740000
0,
1*
#35742000
1,
#35744000
0,
0*
#35746000
1,
#35748000
0,
1*
#35750000
1,
#35752000
0,
0*
#35754000
1,
#35756000
0,
1*
#35758000
1,
#35760000
0,
0*
#35762000
1,
#35764000
0,
1*
#35766000
1,
#35768000
0,
0*
#35770000
1,
#35772000
0,
1*
#35774000
1,
#35776000
0,
0*
#35778000
1,
#35780000
0,
1*
#35782000
1,
#35784000
0,
0*
#35786000
1,
#35788000
0,
1*
#35790000
1,
#35792000
0,
0*
#35794000
1,
#35796000
0,
1*
#35798000
1,
#35800000
0,
0*
#35802000
1,
#35804000
0,
1*
#35806000
1,
#35808000
0,
0*
#35810000
1,
#35812000
0,
1*
#35814000
1,
#35816000
0,
0*
#35818000
1,
#35820000
0,
1*
#35822000
1,
#35824000
0,
0*
#35826000
1,
#35828000
0,
1*
#35830000
1,
#35832000
0,
0*
#35834000
1,
#35836000
0,
1*
#35838000
1,
#35840000
0,
0*
#35842000
1,
#35844000
0,
1*
#35846000
1,
#35848000
0,
0*
#35850000
1,
#35852000
0,
1*
#35854000
1,
#35856000
0,
0*
#35858000
1,
#35860000
0,
1*
#35862000
1,
#35864000
0,
0*
#35866000
1,
#35868000
0,
1*
#35870000
1,
#35872000
0,
0*
#35874000
1,
#35876000
0,
1*
#35878000
1,
#35880000
0,
0*
#35882000
1,
#35884000
0,
1*
#35886000
1,
#35888000
0,
0*
#35890000
1,
#35892000
0,
1*
#35894000
1,
#35896000
0,
0*
#35898000
1,
#35900000
0,
1*
#35902000
1,
#35904000
0,
0*
#35906000
1,
#35908000
0,
1*
#35910000
1,
#35912000
0,
0*
#35914000
1,
#35916000
0,
1*
#35918000
1,
#35920000
0,
0*
#35922000
1,
#35924000
0,
1*
#35926000
1,
#35928000
0,
0*
#35930000
1,
#35932000
0,
1*
#35934000
1,
#35936000
0,
0*
#35938000
1,
#35940000
0,
1*
#35942000
1,
#35944000
0,
0*
#35946000
1,
#35948000
0,
1*
#35950000
1,
#35952000
0,
0*
#35954000
1,
#35956000
0,
1*
#35958000
1,
#35960000
0,
0*
#35962000
1,
#35964000
0,
1*
#35966000
1,
#35968000
0,
0*
#35970000
1,
#35972000
0,
1*
#35974000
1,
#35976000
0,
0*
#35978000
1,
#35980000
0,
1*
#35982000
1,
#35984000
0,
0*
#35986000
1,
#35988000
0,
1*
#35990000
1,
#35992000
0,
0*
#35994000
1,
#35996000
0,
1*
#35998000
1,
#36000000
0,
0*
#36002000
1,
#36004000
0,
1*
#36006000
1,
#36008000
0,
0*
#36010000
1,
#36012000
0,
1*
#36014000
1,
#36016000
0,
0*
#36018000
1,
#36020000
0,
1*
#36022000
1,
#36024000
0,
0*
#36026000
1,
#36028000
0,
1*
#36030000
1,
#36032000
0,
0*
#36034000
1,
#36036000
0,
1*
#36038000
1,
#36040000
0,
0*
#36042000
1,
#36044000
0,
1*
#36046000
1,
#36048000
0,
0*
#36050000
1,
#36052000
0,
1*
#36054000
1,
#36056000
0,
0*
#36058000
1,
#36060000
0,
1*
#36062000
1,
#36064000
0,
0*
#36066000
1,
#36068000
0,
1*
#36070000
1,
#36072000
0,
0*
#36074000
1,
#36076000
0,
1*
#36078000
1,
#36080000
0,
0*
#36082000
1,
#36084000
0,
1*
#36086000
1,
#36088000
0,
0*
#36090000
1,
#36092000
0,
1*
#36094000
1,
#36096000
0,
0*
#36098000
1,
#36100000
0,
1*
#36102000
1,
#36104000
0,
0*
#36106000
1,
#36108000
0,
1*
#36110000
1,
#36112000
0,
0*
#36114000
1,
#36116000
0,
1*
#36118000
1,
#36120000
0,
0*
#36122000
1,
#36124000
0,
1*
#36126000
1,
#36128000
0,
0*
#36130000
1,
#36132000
0,
1*
#36134000
1,
#36136000
0,
0*
#36138000
1,
#36140000
0,
1*
#36142000
1,
#36144000
0,
0*
#36146000
1,
#36148000
0,
1*
#36150000
1,
#36152000
0,
0*
#36154000
1,
#36156000
0,
1*
#36158000
1,
#36160000
0,
0*
#36162000
1,
#36164000
0,
1*
#36166000
1,
#36168000
0,
0*
#36170000
1,
#36172000
0,
1*
#36174000
1,
#36176000
0,
0*
#36178000
1,
#36180000
0,
1*
#36182000
1,
#36184000
0,
0*
#36186000
1,
#36188000
0,
1*
#36190000
1,
#36192000
0,
0*
#36194000
1,
#36196000
0,
1*
#36198000
1,
#36200000
0,
0*
#36202000
1,
#36204000
0,
1*
#36206000
1,
#36208000
0,
0*
#36210000
1,
#36212000
0,
1*
#36214000
1,
#36216000
0,
0*
#36218000
1,
#36220000
0,
1*
#36222000
1,
#36224000
0,
0*
#36226000
1,
#36228000
0,
1*
#36230000
1,
#36232000
0,
0*
#36234000
1,
#36236000
0,
1*
#36238000
1,
#36240000
0,
0*
#36242000
1,
#36244000
0,
1*
#36246000
1,
#36248000
0,
0*
#36250000
1,
#36252000
0,
1*
#36254000
1,
#36256000
0,
0*
#36258000
1,
#36260000
0,
1*
#36262000
1,
#36264000
0,
0*
#36266000
1,
#36268000
0,
1*
#36270000
1,
#36272000
0,
0*
#36274000
1,
#36276000
0,
1*
#36278000
1,
#36280000
0,
0*
#36282000
1,
#36284000
0,
1*
#36286000
1,
#36288000
0,
0*
#36290000
1,
#36292000
0,
1*
#36294000
1,
#36296000
0,
0*
#36298000
1,
#36300000
0,
1*
#36302000
1,
#36304000
0,
0*
#36306000
1,
#36308000
0,
1*
#36310000
1,
#36312000
0,
0*
#36314000
1,
#36316000
0,
1*
#36318000
1,
#36320000
0,
0*
#36322000
1,
#36324000
0,
1*
#36326000
1,
#36328000
0,
0*
#36330000
1,
#36332000
0,
1*
#36334000
1,
#36336000
0,
0*
#36338000
1,
#36340000
0,
1*
#36342000
1,
#36344000
0,
0*
#36346000
1,
#36348000
0,
1*
#36350000
1,
#36352000
0,
0*
#36354000
1,
#36356000
0,
1*
#36358000
1,
#36360000
0,
0*
#36362000
1,
#36364000
0,
1*
#36366000
1,
#36368000
0,
0*
#36370000
1,
#36372000
0,
1*
#36374000
1,
#36376000
0,
0*
#36378000
1,
#36380000
0,
1*
#36382000
1,
#36384000
0,
0*
#36386000
1,
#36388000
0,
1*
#36390000
1,
#36392000
0,
0*
#36394000
1,
#36396000
0,
1*
#36398000
1,
#36400000
0,
0*
#36402000
1,
#36404000
0,
1*
#36406000
1,
#36408000
0,
0*
#36410000
1,
#36412000
0,
1*
#36414000
1,
#36416000
0,
0*
#36418000
1,
#36420000
0,
1*
#36422000
1,
#36424000
0,
0*
#36426000
1,
#36428000
0,
1*
#36430000
1,
#36432000
0,
0*
#36434000
1,
#36436000
0,
1*
#36438000
1,
#36440000
0,
0*
#36442000
1,
#36444000
0,
1*
#36446000
1,
#36448000
0,
0*
#36450000
1,
#36452000
0,
1*
#36454000
1,
#36456000
0,
0*
#36458000
1,
#36460000
0,
1*
#36462000
1,
#36464000
0,
0*
#36466000
1,
#36468000
0,
1*
#36470000
1,
#36472000
0,
0*
#36474000
1,
#36476000
0,
1*
#36478000
1,
#36480000
0,
0*
#36482000
1,
#36484000
0,
1*
#36486000
1,
#36488000
0,
0*
#36490000
1,
#36492000
0,
1*
#36494000
1,
#36496000
0,
0*
#36498000
1,
#36500000
0,
1*
#36502000
1,
#36504000
0,
0*
#36506000
1,
#36508000
0,
1*
#36510000
1,
#36512000
0,
0*
#36514000
1,
#36516000
0,
1*
#36518000
1,
#36520000
0,
0*
#36522000
1,
#36524000
0,
1*
#36526000
1,
#36528000
0,
0*
#36530000
1,
#36532000
0,
1*
#36534000
1,
#36536000
0,
0*
#36538000
1,
#36540000
0,
1*
#36542000
1,
#36544000
0,
0*
#36546000
1,
#36548000
0,
1*
#36550000
1,
#36552000
0,
0*
#36554000
1,
#36556000
0,
1*
#36558000
1,
#36560000
0,
0*
#36562000
1,
#36564000
0,
1*
#36566000
1,
#36568000
0,
0*
#36570000
1,
#36572000
0,
1*
#36574000
1,
#36576000
0,
0*
#36578000
1,
#36580000
0,
1*
#36582000
1,
#36584000
0,
0*
#36586000
1,
#36588000
0,
1*
#36590000
1,
#36592000
0,
0*
#36594000
1,
#36596000
0,
1*
#36598000
1,
#36600000
0,
0*
#36602000
1,
#36604000
0,
1*
#36606000
1,
#36608000
0,
0*
#36610000
1,
#36612000
0,
1*
#36614000
1,
#36616000
0,
0*
#36618000
1,
#36620000
0,
1*
#36622000
1,
#36624000
0,
0*
#36626000
1,
#36628000
0,
1*
#36630000
1,
#36632000
0,
0*
#36634000
1,
#36636000
0,
1*
#36638000
1,
#36640000
0,
0*
#36642000
1,
#36644000
0,
1*
#36646000
1,
#36648000
0,
0*
#36650000
1,
#36652000
0,
1*
#36654000
1,
#36656000
0,
0*
#36658000
1,
#36660000
0,
1*
#36662000
1,
#36664000
0,
0*
#36666000
1,
#36668000
0,
1*
#36670000
1,
#36672000
0,
0*
#36674000
1,
#36676000
0,
1*
#36678000
1,
#36680000
0,
0*
#36682000
1,
#36684000
0,
1*
#36686000
1,
#36688000
0,
0*
#36690000
1,
#36692000
0,
1*
#36694000
1,
#36696000
0,
0*
#36698000
1,
#36700000
0,
1*
#36702000
1,
#36704000
0,
0*
#36706000
1,
#36708000
0,
1*
#36710000
1,
#36712000
0,
0*
#36714000
1,
#36716000
0,
1*
#36718000
1,
#36720000
0,
0*
#36722000
1,
#36724000
0,
1*
#36726000
1,
#36728000
0,
0*
#36730000
1,
#36732000
0,
1*
#36734000
1,
#36736000
0,
0*
#36738000
1,
#36740000
0,
1*
#36742000
1,
#36744000
0,
0*
#36746000
1,
#36748000
0,
1*
#36750000
1,
#36752000
0,
0*
#36754000
1,
#36756000
0,
1*
#36758000
1,
#36760000
0,
0*
#36762000
1,
#36764000
0,
1*
#36766000
1,
#36768000
0,
0*
#36770000
1,
#36772000
0,
1*
#36774000
1,
#36776000
0,
0*
#36778000
1,
#36780000
0,
1*
#36782000
1,
#36784000
0,
0*
#36786000
1,
#36788000
0,
1*
#36790000
1,
#36792000
0,
0*
#36794000
1,
#36796000
0,
1*
#36798000
1,
#36800000
0,
0*
#36802000
1,
#36804000
0,
1*
#36806000
1,
#36808000
0,
0*
#36810000
1,
#36812000
0,
1*
#36814000
1,
#36816000
0,
0*
#36818000
1,
#36820000
0,
1*
#36822000
1,
#36824000
0,
0*
#36826000
1,
#36828000
0,
1*
#36830000
1,
#36832000
0,
0*
#36834000
1,
#36836000
0,
1*
#36838000
1,
#36840000
0,
0*
#36842000
1,
#36844000
0,
1*
#36846000
1,
#36848000
0,
0*
#36850000
1,
#36852000
0,
1*
#36854000
1,
#36856000
0,
0*
#36858000
1,
#36860000
0,
1*
#36862000
1,
#36864000
0,
0*
#36866000
1,
#36868000
0,
1*
#36870000
1,
#36872000
0,
0*
#36874000
1,
#36876000
0,
1*
#36878000
1,
#36880000
0,
0*
#36882000
1,
#36884000
0,
1*
#36886000
1,
#36888000
0,
0*
#36890000
1,
#36892000
0,
1*
#36894000
1,
#36896000
0,
0*
#36898000
1,
#36900000
0,
1*
#36902000
1,
#36904000
0,
0*
#36906000
1,
#36908000
0,
1*
#36910000
1,
#36912000
0,
0*
#36914000
1,
#36916000
0,
1*
#36918000
1,
#36920000
0,
0*
#36922000
1,
#36924000
0,
1*
#36926000
1,
#36928000
0,
0*
#36930000
1,
#36932000
0,
1*
#36934000
1,
#36936000
0,
0*
#36938000
1,
#36940000
0,
1*
#36942000
1,
#36944000
0,
0*
#36946000
1,
#36948000
0,
1*
#36950000
1,
#36952000
0,
0*
#36954000
1,
#36956000
0,
1*
#36958000
1,
#36960000
0,
0*
#36962000
1,
#36964000
0,
1*
#36966000
1,
#36968000
0,
0*
#36970000
1,
#36972000
0,
1*
#36974000
1,
#36976000
0,
0*
#36978000
1,
#36980000
0,
1*
#36982000
1,
#36984000
0,
0*
#36986000
1,
#36988000
0,
1*
#36990000
1,
#36992000
0,
0*
#36994000
1,
#36996000
0,
1*
#36998000
1,
#37000000
0,
0*
#37002000
1,
#37004000
0,
1*
#37006000
1,
#37008000
0,
0*
#37010000
1,
#37012000
0,
1*
#37014000
1,
#37016000
0,
0*
#37018000
1,
#37020000
0,
1*
#37022000
1,
#37024000
0,
0*
#37026000
1,
#37028000
0,
1*
#37030000
1,
#37032000
0,
0*
#37034000
1,
#37036000
0,
1*
#37038000
1,
#37040000
0,
0*
#37042000
1,
#37044000
0,
1*
#37046000
1,
#37048000
0,
0*
#37050000
1,
#37052000
0,
1*
#37054000
1,
#37056000
0,
0*
#37058000
1,
#37060000
0,
1*
#37062000
1,
#37064000
0,
0*
#37066000
1,
#37068000
0,
1*
#37070000
1,
#37072000
0,
0*
#37074000
1,
#37076000
0,
1*
#37078000
1,
#37080000
0,
0*
#37082000
1,
#37084000
0,
1*
#37086000
1,
#37088000
0,
0*
#37090000
1,
#37092000
0,
1*
#37094000
1,
#37096000
0,
0*
#37098000
1,
#37100000
0,
1*
#37102000
1,
#37104000
0,
0*
#37106000
1,
#37108000
0,
1*
#37110000
1,
#37112000
0,
0*
#37114000
1,
#37116000
0,
1*
#37118000
1,
#37120000
0,
0*
#37122000
1,
#37124000
0,
1*
#37126000
1,
#37128000
0,
0*
#37130000
1,
#37132000
0,
1*
#37134000
1,
#37136000
0,
0*
#37138000
1,
#37140000
0,
1*
#37142000
1,
#37144000
0,
0*
#37146000
1,
#37148000
0,
1*
#37150000
1,
#37152000
0,
0*
#37154000
1,
#37156000
0,
1*
#37158000
1,
#37160000
0,
0*
#37162000
1,
#37164000
0,
1*
#37166000
1,
#37168000
0,
0*
#37170000
1,
#37172000
0,
1*
#37174000
1,
#37176000
0,
0*
#37178000
1,
#37180000
0,
1*
#37182000
1,
#37184000
0,
0*
#37186000
1,
#37188000
0,
1*
#37190000
1,
#37192000
0,
0*
#37194000
1,
#37196000
0,
1*
#37198000
1,
#37200000
0,
0*
#37202000
1,
#37204000
0,
1*
#37206000
1,
#37208000
0,
0*
#37210000
1,
#37212000
0,
1*
#37214000
1,
#37216000
0,
0*
#37218000
1,
#37220000
0,
1*
#37222000
1,
#37224000
0,
0*
#37226000
1,
#37228000
0,
1*
#37230000
1,
#37232000
0,
0*
#37234000
1,
#37236000
0,
1*
#37238000
1,
#37240000
0,
0*
#37242000
1,
#37244000
0,
1*
#37246000
1,
#37248000
0,
0*
#37250000
1,
#37252000
0,
1*
#37254000
1,
#37256000
0,
0*
#37258000
1,
#37260000
0,
1*
#37262000
1,
#37264000
0,
0*
#37266000
1,
#37268000
0,
1*
#37270000
1,
#37272000
0,
0*
#37274000
1,
#37276000
0,
1*
#37278000
1,
#37280000
0,
0*
#37282000
1,
#37284000
0,
1*
#37286000
1,
#37288000
0,
0*
#37290000
1,
#37292000
0,
1*
#37294000
1,
#37296000
0,
0*
#37298000
1,
#37300000
0,
1*
#37302000
1,
#37304000
0,
0*
#37306000
1,
#37308000
0,
1*
#37310000
1,
#37312000
0,
0*
#37314000
1,
#37316000
0,
1*
#37318000
1,
#37320000
0,
0*
#37322000
1,
#37324000
0,
1*
#37326000
1,
#37328000
0,
0*
#37330000
1,
#37332000
0,
1*
#37334000
1,
#37336000
0,
0*
#37338000
1,
#37340000
0,
1*
#37342000
1,
#37344000
0,
0*
#37346000
1,
#37348000
0,
1*
#37350000
1,
#37352000
0,
0*
#37354000
1,
#37356000
0,
1*
#37358000
1,
#37360000
0,
0*
#37362000
1,
#37364000
0,
1*
#37366000
1,
#37368000
0,
0*
#37370000
1,
#37372000
0,
1*
#37374000
1,
#37376000
0,
0*
#37378000
1,
#37380000
0,
1*
#37382000
1,
#37384000
0,
0*
#37386000
1,
#37388000
0,
1*
#37390000
1,
#37392000
0,
0*
#37394000
1,
#37396000
0,
1*
#37398000
1,
#37400000
0,
0*
#37402000
1,
#37404000
0,
1*
#37406000
1,
#37408000
0,
0*
#37410000
1,
#37412000
0,
1*
#37414000
1,
#37416000
0,
0*
#37418000
1,
#37420000
0,
1*
1)
#37422000
b11111 L
b11110 K
b10100 O
b1100 U
b11011100 #
b11011100 1
b11011100 7
b11011100 T
1!
1,
#37424000
0,
0*
#37426000
b100 2
b100 8
b100 P
b11101 L
b11111 K
b11011100 &
b11011100 .
b11011100 5
b11011100 9
b10101 O
b10100 R
b11110 0
b11110 H
b11110 S
b1101 U
b11011101 #
b11011101 1
b11011101 7
b11011101 T
1,
#37428000
b11110 I
0,
1*
#37430000
b101 2
b101 8
b101 P
b11100 L
b11101 K
b1110 U
b11011110 #
b11011110 1
b11011110 7
b11011110 T
b10110 O
b10101 R
b11111 0
b11111 H
b11111 S
1,
#37432000
0,
0*
#37434000
b110 2
b110 8
b110 P
b10100 L
b11100 K
b10111 O
b10110 R
b11101 0
b11101 H
b11101 S
b1111 U
b11011111 #
b11011111 1
b11011111 7
b11011111 T
1,
#37436000
1B
0?
b11110 3
b11110 >
b11110 J
b11101 I
0,
1*
#37438000
b111 2
b111 8
b111 P
b10101 L
b10100 K
b0 U
b11100000 #
b11100000 1
b11100000 7
b11100000 T
b11000 O
b10111 R
b11100 0
b11100 H
b11100 S
1,
#37440000
0,
0*
#37442000
b1000 2
b1000 8
b1000 P
b10111 L
b10101 K
b11001 O
b11000 R
b10100 0
b10100 H
b10100 S
b1 U
b11100001 #
b11100001 1
b11100001 7
b11100001 T
1,
#37444000
0%
1(
0B
b11101 3
b11101 >
b11101 J
b10100 I
0,
1*
#37446000
b1001 2
b1001 8
b1001 P
b10110 L
b10111 K
b10 U
b11100010 #
b11100010 1
b11100010 7
b11100010 T
b11010 O
b11001 R
b10101 0
b10101 H
b10101 S
1,
#37448000
0,
0*
#37450000
b1010 2
b1010 8
b1010 P
b10010 L
b10110 K
b11011 O
b11010 R
b10111 0
b10111 H
b10111 S
b11 U
b11100011 #
b11100011 1
b11100011 7
b11100011 T
1,
#37452000
b11111 =
b11110 <
b10100 @
b10100 3
b10100 >
b10100 J
b10111 I
0(
1$
0,
1*
#37454000
b1011 2
b1011 8
b1011 P
b10011 L
b10010 K
b100 U
b11100100 #
b11100100 1
b11100100 7
b11100100 T
b11100 O
b11011 R
b10110 0
b10110 H
b10110 S
1,
#37456000
0,
0*
#37458000
b1100 2
b1100 8
b1100 P
b10001 L
b10011 K
b11101 O
b11100 R
b10010 0
b10010 H
b10010 S
b101 U
b11100101 #
b11100101 1
b11100101 7
b11100101 T
1,
#37460000
b11011101 &
b11011101 .
b11011101 5
b11011101 9
b100 6
b100 :
b100 A
b11101 =
b11111 <
b10101 @
b10100 C
b11110 4
b11110 D
b11110 E
b10111 3
b10111 >
b10111 J
b10010 I
0,
1*
#37462000
b1101 2
b1101 8
b1101 P
b10000 L
b10001 K
b110 U
b11100110 #
b11100110 1
b11100110 7
b11100110 T
b11110 F
b11110 O
b11101 R
b10011 0
b10011 H
b10011 S
1,
#37464000
0,
0*
#37466000
b1110 2
b1110 8
b1110 P
b0 L
b10000 K
b11111 O
b11110 R
b10001 0
b10001 H
b10001 S
b11110 /
b11110 G
b11110 M
b111 U
b11100111 #
b11100111 1
b11100111 7
b11100111 T
1,
#37468000
b11011110 &
b11011110 .
b11011110 5
b11011110 9
b101 6
b101 :
b101 A
b11100 =
b11101 <
b10010 3
b10010 >
b10010 J
b10001 I
b10110 @
b10101 C
b11111 4
b11111 D
b11111 E
0,
1*
#37470000
b1111 2
b1111 8
b1111 P
b1 L
b0 K
b1000 U
b11101000 #
b11101000 1
b11101000 7
b11101000 T
b11111 F
b0 O
b11111 R
b10000 0
b10000 H
b10000 S
1,
#37472000
0,
0*
#37474000
b0 2
b0 8
b0 P
b11 L
b1 K
b1 O
b0 R
b0 0
b0 H
b0 S
b11111 /
b11111 G
b11111 M
b1001 U
b11101001 #
b11101001 1
b11101001 7
b11101001 T
1,
#37476000
b11011111 &
b11011111 .
b11011111 5
b11011111 9
b110 6
b110 :
b110 A
b10100 =
b11100 <
b10111 @
b10110 C
b11101 4
b11101 D
b11101 E
b10001 3
b10001 >
b10001 J
b0 I
0,
1*
#37478000
b1 2
b1 8
b1 P
b10 L
b11 K
b1010 U
b11101010 #
b11101010 1
b11101010 7
b11101010 T
b11101 F
b10 O
b1 R
b1 0
b1 H
b1 S
1,
#37480000
0,
0*
#37482000
b10 2
b10 8
b10 P
0Q
b110 L
b10 K
b11 O
b10 R
b11 0
b11 H
b11 S
b11101 /
b11101 G
b11101 M
b1011 U
b11101011 #
b11101011 1
b11101011 7
b11101011 T
1,
#37484000
b11100000 &
b11100000 .
b11100000 5
b11100000 9
b111 6
b111 :
b111 A
b10101 =
b10100 <
b0 3
b0 >
b0 J
b11 I
b11000 @
b10111 C
b11100 4
b11100 D
b11100 E
0,
1*
#37486000
b11 2
b11 8
b11 P
b111 L
0N
b110 K
b1100 U
b11101100 #
b11101100 1
b11101100 7
b11101100 T
b11100 F
b100 O
b11 R
b10 0
b10 H
b10 S
1,
#37488000
0,
0*
#37490000
b100 2
b100 8
b100 P
0Q
b101 L
b111 K
b101 O
b100 R
b110 0
b110 H
b110 S
b11100 /
b11100 G
b11100 M
b1101 U
b11101101 #
b11101101 1
b11101101 7
b11101101 T
1,
#37492000
b11100001 &
b11100001 .
b11100001 5
b11100001 9
b1000 6
b1000 :
b1000 A
b10111 =
b10101 <
b11001 @
b11000 C
b10100 4
b10100 D
b10100 E
b11 3
b11 >
b11 J
b110 I
0,
1*
#37494000
b101 2
b101 8
b101 P
1Q
b100 L
0N
b101 K
b1110 U
b11101110 #
b11101110 1
b11101110 7
b11101110 T
b10100 F
b110 O
b101 R
b111 0
b111 H
b111 S
1,
#37496000
0,
0*
#37498000
b110 2
b110 8
b110 P
1Q
b1100 L
0N
b100 K
1'
b111 O
b110 R
b101 0
b101 H
b101 S
b10100 /
b10100 G
b10100 M
b1111 U
b11101111 #
b11101111 1
b11101111 7
b11101111 T
1,
#37500000
b11100010 &
b11100010 .
b11100010 5
b11100010 9
b1001 6
b1001 :
b1001 A
b10110 =
b10111 <
b110 3
b110 >
b110 J
b101 I
b11010 @
b11001 C
b10101 4
b10101 D
b10101 E
0,
1*
#37502000
1N
b111 2
b111 8
b111 P
0Q
b1101 L
b1100 K
b0 U
b11110000 #
b11110000 1
b11110000 7
b11110000 T
b10101 F
b1000 O
b111 R
b100 0
b100 H
b100 S
1,
#37504000
0,
0*
#37506000
b1000 2
b1000 8
b1000 P
b1101 L
b1100 K
0N
1Q
1"
0'
b1000 O
b1000 R
b1100 0
b1100 H
b1100 S
b10101 /
b10101 G
b10101 M
b1 U
b11110001 #
b11110001 1
b11110001 7
b11110001 T
1,
#37508000
b11100011 &
b11100011 .
b11100011 5
b11100011 9
b1010 6
b1010 :
b1010 A
b10010 =
b10110 <
b11011 @
b11010 C
b10111 4
b10111 D
b10111 E
b101 3
b101 >
b101 J
b1100 I
0,
1*
#37510000
0!
b10111 F
0"
1'
1,
#37512000
0,
0*
#37514000
b1111 L
b1101 K
b1001 O
1Q
b10111 /
b10111 G
b10111 M
b10 U
b11110010 #
b11110010 1
b11110010 7
b11110010 T
1!
1,
#37516000
b11100100 &
b11100100 .
b11100100 5
b11100100 9
b1011 6
b1011 :
b1011 A
b10011 =
b10010 <
b1100 3
b1100 >
b1100 J
b11100 @
b11011 C
b10110 4
b10110 D
b10110 E
0,
1*
#37518000
1N
b1001 2
b1001 8
b1001 P
0Q
b1110 L
b1111 K
b11 U
b11110011 #
b11110011 1
b11110011 7
b11110011 T
b10110 F
b1010 O
b1001 R
b1101 0
b1101 H
b1101 S
1,
#37520000
0,
0*
#37522000
b1010 2
b1010 8
b1010 P
b1110 L
b1111 K
0N
1Q
1"
0'
b1010 O
b1010 R
b1111 0
b1111 H
b1111 S
b10110 /
b10110 G
b10110 M
b100 U
b11110100 #
b11110100 1
b11110100 7
b11110100 T
1,
#37524000
b11100101 &
b11100101 .
b11100101 5
b11100101 9
b1100 6
b1100 :
b1100 A
b10001 =
b10011 <
b11101 @
b11100 C
b10010 4
b10010 D
b10010 E
b1111 I
0,
1*
#37526000
0!
b10010 F
0"
1'
1,
#37528000
0,
0*
#37530000
b1010 L
b1110 K
b1011 O
1Q
b10010 /
b10010 G
b10010 M
b101 U
b11110101 #
b11110101 1
b11110101 7
b11110101 T
1!
1,
#37532000
b11100110 &
b11100110 .
b11100110 5
b11100110 9
b1101 6
b1101 :
b1101 A
b10000 =
b10001 <
b1111 3
b1111 >
b1111 J
b11110 @
b11101 C
b10011 4
b10011 D
b10011 E
0,
1*
#37534000
1N
b1011 2
b1011 8
b1011 P
0Q
b1011 L
b1010 K
b110 U
b11110110 #
b11110110 1
b11110110 7
b11110110 T
b10011 F
b1100 O
b1011 R
b1110 0
b1110 H
b1110 S
1,
#37536000
0,
0*
#37538000
b1100 2
b1100 8
b1100 P
b1011 L
b1010 K
0N
1Q
1"
0'
b1100 O
b1100 R
b1010 0
b1010 H
b1010 S
b10011 /
b10011 G
b10011 M
b111 U
b11110111 #
b11110111 1
b11110111 7
b11110111 T
1,
#37540000
b11100111 &
b11100111 .
b11100111 5
b11100111 9
b1110 6
b1110 :
b1110 A
0B
b0 =
b10000 <
b11111 @
b11110 C
b10001 4
b10001 D
b10001 E
b1010 I
0,
1*
#37542000
0!
b10001 F
0"
1'
1,
#37544000
0,
0*
#37546000
b1001 L
b1011 K
b1101 O
1Q
b10001 /
b10001 G
b10001 M
b1000 U
b11111000 #
b11111000 1
b11111000 7
b11111000 T
1!
1,
#37548000
b11101000 &
b11101000 .
b11101000 5
b11101000 9
b1111 6
b1111 :
b1111 A
b1 =
b0 <
b1010 3
b1010 >
b1010 J
b0 @
b11111 C
b10000 4
b10000 D
b10000 E
0,
1*
#37550000
1N
b1101 2
b1101 8
b1101 P
0Q
b1000 L
b1001 K
b1001 U
b11111001 #
b11111001 1
b11111001 7
b11111001 T
b10000 F
b1110 O
b1101 R
b1011 0
b1011 H
b1011 S
1,
#37552000
0,
0*
#37554000
b1110 2
b1110 8
b1110 P
b1000 L
b1001 K
0N
1Q
1"
0'
b1110 O
b1110 R
b1001 0
b1001 H
b1001 S
b10000 /
b10000 G
b10000 M
b1010 U
b11111010 #
b11111010 1
b11111010 7
b11111010 T
1,
#37556000
b11101001 &
b11101001 .
b11101001 5
b11101001 9
b0 6
b0 :
b0 A
b11 =
b1 <
b1 @
b0 C
b0 4
b0 D
b0 E
b1001 I
0,
1*
#37558000
0!
b0 F
0"
1'
1,
#37560000
0,
0*
#37562000
b11000 L
b1000 K
1Q
b1111 O
b0 /
b0 G
b0 M
b1011 U
b11111011 #
b11111011 1
b11111011 7
b11111011 T
1!
1,
#37564000
b11101010 &
b11101010 .
b11101010 5
b11101010 9
b1 6
b1 :
b1 A
b10 =
b11 <
b1001 3
b1001 >
b1001 J
b10 @
b1 C
b1 4
b1 D
b1 E
0,
1*
#37566000
1N
b1111 2
b1111 8
b1111 P
0Q
b11001 L
b11000 K
b1100 U
b11111100 #
b11111100 1
b11111100 7
b11111100 T
b1 F
b10000 O
b1111 R
b1000 0
b1000 H
b1000 S
1,
#37568000
0,
0*
#37570000
b0 2
b0 8
b0 P
b11001 L
b11000 K
0N
1Q
1"
0'
b10000 O
b10000 R
b11000 0
b11000 H
b11000 S
b1 /
b1 G
b1 M
b1101 U
b11111101 #
b11111101 1
b11111101 7
b11111101 T
1,
#37572000
b11101011 &
b11101011 .
b11101011 5
b11101011 9
b10 6
b10 :
b10 A
b110 =
b10 <
b11 @
b10 C
b11 4
b11 D
b11 E
b11000 I
0,
1*
#37574000
0!
b11 F
0"
1'
1,
#37576000
0,
0*
#37578000
b11011 L
b11001 K
b10001 O
1Q
b11 /
b11 G
b11 M
b1110 U
b11111110 #
b11111110 1
b11111110 7
b11111110 T
1!
1,
#37580000
b11101100 &
b11101100 .
b11101100 5
b11101100 9
b11 6
b11 :
b11 A
b111 =
b110 <
b11000 3
b11000 >
b11000 J
b100 @
b11 C
b10 4
b10 D
b10 E
0,
1*
#37582000
1N
b1 2
b1 8
b1 P
0Q
b11010 L
b11011 K
b1111 U
b11111111 #
b11111111 1
b11111111 7
b11111111 T
b10 F
b10010 O
b10001 R
b11001 0
b11001 H
b11001 S
1,
#37584000
0,
0*
#37586000
b10 2
b10 8
b10 P
b11010 L
b11011 K
0N
1Q
1"
0'
b10010 O
b10010 R
b11011 0
b11011 H
b11011 S
b10 /
b10 G
b10 M
b0 U
b0 #
b0 1
b0 7
b0 T
1,
#37588000
b11101101 &
b11101101 .
b11101101 5
b11101101 9
b100 6
b100 :
b100 A
b101 =
b111 <
b101 @
b100 C
b110 4
b110 D
b110 E
b11011 I
0,
1*
#37590000
0!
b110 F
0"
1'
1,
#37592000
0,
0*
#37594000
b11110 L
b11010 K
b10011 O
1Q
b110 /
b110 G
b110 M
b1 U
b1 #
b1 1
b1 7
b1 T
1!
1,
#37596000
b11101110 &
b11101110 .
b11101110 5
b11101110 9
b101 6
b101 :
b101 A
b100 =
b101 <
b11011 3
b11011 >
b11011 J
b110 @
b101 C
b111 4
b111 D
b111 E
0,
1*
#37598000
1N
b11 2
b11 8
b11 P
0Q
b11111 L
b11110 K
b10 U
b10 #
b10 1
b10 7
b10 T
b111 F
b10100 O
b10011 R
b11010 0
b11010 H
b11010 S
1,
#37600000
0,
0*
#37602000
b100 2
b100 8
b100 P
b11111 L
b11110 K
0N
1Q
1"
0'
b10100 O
b10100 R
b11110 0
b11110 H
b11110 S
b111 /
b111 G
b111 M
b11 U
b11 #
b11 1
b11 7
b11 T
1,
#37604000
b11101111 &
b11101111 .
b11101111 5
b11101111 9
b110 6
b110 :
b110 A
b1100 =
b100 <
b111 @
b110 C
b101 4
b101 D
b101 E
b11110 I
0,
1*
#37606000
0!
b101 F
0"
1'
1,
#37608000
0,
0*
#37610000
b11101 L
b11111 K
b10101 O
1Q
b101 /
b101 G
b101 M
b100 U
b100 #
b100 1
b100 7
b100 T
1!
1,
#37612000
b11110000 &
b11110000 .
b11110000 5
b11110000 9
b111 6
b111 :
b111 A
b1101 =
b1100 <
b11110 3
b11110 >
b11110 J
b1000 @
b111 C
b100 4
b100 D
b100 E
0,
1*
#37614000
1N
b101 2
b101 8
b101 P
0Q
b11100 L
b11101 K
b101 U
b101 #
b101 1
b101 7
b101 T
b100 F
b10110 O
b10101 R
b11111 0
b11111 H
b11111 S
1,
#37616000
0,
0*
#37618000
b110 2
b110 8
b110 P
b11100 L
b11101 K
0N
1Q
1"
0'
b10110 O
b10110 R
b11101 0
b11101 H
b11101 S
b100 /
b100 G
b100 M
b110 U
b110 #
b110 1
b110 7
b110 T
1,
#37620000
b11110010 &
b11110010 .
b11110010 5
b11110010 9
b1000 6
b1000 :
b1000 A
b1111 =
b1101 <
b1001 @
b1000 C
b1100 4
b1100 D
b1100 E
b11101 I
0,
1*
0)
#37622000
0!
b1100 F
0"
1'
1,
#37624000
0,
0*
#37626000
0Q
b1100 /
b1100 G
b1100 M
1,
#37628000
b11110011 &
b11110011 .
b11110011 5
b11110011 9
b1001 6
b1001 :
b1001 A
b1110 =
b1111 <
b11101 3
b11101 >
b11101 J
b1010 @
b1001 C
b1101 4
b1101 D
b1101 E
0,
1*
#37630000
b1101 F
0'
1,
#37632000
0,
0*
#37634000
b1101 /
b1101 G
b1101 M
1,
#37636000
b11110101 &
b11110101 .
b11110101 5
b11110101 9
b1010 6
b1010 :
b1010 A
b1010 =
b1110 <
b1011 @
b1010 C
b1111 4
b1111 D
b1111 E
0,
1*
#37638000
b1111 F
1,
#37640000
0,
0*
#37642000
b1111 /
b1111 G
b1111 M
1,
#37644000
b11110110 &
b11110110 .
b11110110 5
b11110110 9
b1011 6
b1011 :
b1011 A
b1011 =
b1010 <
b1100 @
b1011 C
b1110 4
b1110 D
b1110 E
0,
1*
#37646000
b1110 F
1,
#37648000
0,
0*
#37650000
b1110 /
b1110 G
b1110 M
1,
#37652000
b11111000 &
b11111000 .
b11111000 5
b11111000 9
b1100 6
b1100 :
b1100 A
b1001 =
b1011 <
b1101 @
b1100 C
b1010 4
b1010 D
b1010 E
0,
1*
#37654000
b1010 F
1,
#37656000
0,
0*
#37658000
b1010 /
b1010 G
b1010 M
1,
#37660000
b11111001 &
b11111001 .
b11111001 5
b11111001 9
b1101 6
b1101 :
b1101 A
b1000 =
b1001 <
b1110 @
b1101 C
b1011 4
b1011 D
b1011 E
0,
1*
#37662000
b1011 F
1,
#37664000
0,
0*
#37666000
b1011 /
b1011 G
b1011 M
1,
#37668000
b11111011 &
b11111011 .
b11111011 5
b11111011 9
b1110 6
b1110 :
b1110 A
b11000 =
b1000 <
b1111 @
b1110 C
b1001 4
b1001 D
b1001 E
0,
1*
#37670000
b1001 F
1,
#37672000
0,
0*
#37674000
b1001 /
b1001 G
b1001 M
1,
#37676000
b11111100 &
b11111100 .
b11111100 5
b11111100 9
b1111 6
b1111 :
b1111 A
b11001 =
b11000 <
b10000 @
b1111 C
b1000 4
b1000 D
b1000 E
0,
1*
#37678000
b1000 F
1,
#37680000
0,
0*
#37682000
b1000 /
b1000 G
b1000 M
1,
#37684000
b11111110 &
b11111110 .
b11111110 5
b11111110 9
b0 6
b0 :
b0 A
b11011 =
b11001 <
b10001 @
b10000 C
b11000 4
b11000 D
b11000 E
0,
1*
#37686000
b11000 F
1,
#37688000
0,
0*
#37690000
b11000 /
b11000 G
b11000 M
1,
#37692000
b11111111 &
b11111111 .
b11111111 5
b11111111 9
b1 6
b1 :
b1 A
b11010 =
b11011 <
b10010 @
b10001 C
b11001 4
b11001 D
b11001 E
0,
1*
#37694000
b11001 F
1,
#37696000
0,
0*
#37698000
b11001 /
b11001 G
b11001 M
1,
#37700000
b1 &
b1 .
b1 5
b1 9
b10 6
b10 :
b10 A
0B
b11110 =
b11010 <
b10011 @
b10010 C
b11011 4
b11011 D
b11011 E
0,
1*
#37702000
b11011 F
1,
#37704000
0,
0*
#37706000
b11011 /
b11011 G
b11011 M
1,
#37708000
b10 &
b10 .
b10 5
b10 9
b11 6
b11 :
b11 A
b11111 =
0?
b11110 <
b10100 @
b10011 C
b11010 4
b11010 D
b11010 E
0,
1*
#37710000
b11010 F
1,
#37712000
0,
0*
#37714000
b11010 /
b11010 G
b11010 M
1,
#37716000
1B
b100 &
b100 .
b100 5
b100 9
b100 6
b100 :
b100 A
b11101 =
b11111 <
b10101 @
b10100 C
b11110 4
b11110 D
b11110 E
0,
1*
#37718000
b11110 F
1,
#37720000
0,
0*
#37722000
b11110 /
b11110 G
b11110 M
1,
#37724000
1?
b101 &
b101 .
b101 5
b101 9
b101 6
b101 :
b101 A
0B
b11100 =
b11101 <
b10110 @
b10101 C
b11111 4
b11111 D
b11111 E
1(
0,
1*
#37726000
b11111 F
1,
#37728000
0,
0*
#37730000
b11111 /
b11111 G
b11111 M
1,
#37732000
b11101111 &
b11101111 .
b11101111 5
b11101111 9
b110 6
b110 :
b110 A
b11100 =
1?
b11101 <
1%
0(
b10110 @
b10110 C
b11101 4
b11101 D
b11101 E
0,
1*
#37734000
b11101 F
1,
#37736000
0,
0*
#37738000
b11101 /
b11101 G
b11101 M
1,
#37740000
0$
0,
1*
#37742000
1,
#37744000
0,
0*
#37746000
1,
#37748000
0,
1*
#37750000
1,
#37752000
0,
0*
#37754000
1,
#37756000
0,
1*
#37758000
1,
#37760000
0,
0*
#37762000
1,
#37764000
0,
1*
#37766000
1,
#37768000
0,
0*
#37770000
1,
#37772000
0,
1*
#37774000
1,
#37776000
0,
0*
#37778000
1,
#37780000
0,
1*
#37782000
1,
#37784000
0,
0*
#37786000
1,
#37788000
0,
1*
#37790000
1,
#37792000
0,
0*
#37794000
1,
#37796000
0,
1*
#37798000
1,
#37800000
0,
0*
#37802000
1,
#37804000
0,
1*
#37806000
1,
#37808000
0,
0*
#37810000
1,
#37812000
0,
1*
#37814000
1,
#37816000
0,
0*
#37818000
1,
#37820000
0,
1*
#37822000
1,
#37824000
0,
0*
#37826000
1,
#37828000
0,
1*
#37830000
1,
#37832000
0,
0*
#37834000
1,
#37836000
0,
1*
#37838000
1,
#37840000
0,
0*
#37842000
1,
#37844000
0,
1*
#37846000
1,
#37848000
0,
0*
#37850000
1,
#37852000
0,
1*
#37854000
1,
#37856000
0,
0*
#37858000
1,
#37860000
0,
1*
#37862000
1,
#37864000
0,
0*
#37866000
1,
#37868000
0,
1*
#37870000
1,
#37872000
0,
0*
#37874000
1,
#37876000
0,
1*
#37878000
1,
#37880000
0,
0*
#37882000
1,
#37884000
0,
1*
#37886000
1,
#37888000
0,
0*
#37890000
1,
#37892000
0,
1*
#37894000
1,
#37896000
0,
0*
#37898000
1,
#37900000
0,
1*
#37902000
1,
#37904000
0,
0*
#37906000
1,
#37908000
0,
1*
#37910000
1,
#37912000
0,
0*
#37914000
1,
#37916000
0,
1*
#37918000
1,
#37920000
0,
0*
#37922000
1,
#37924000
0,
1*
#37926000
1,
#37928000
0,
0*
#37930000
1,
#37932000
0,
1*
#37934000
1,
#37936000
0,
0*
#37938000
1,
#37940000
0,
1*
#37942000
1,
#37944000
0,
0*
#37946000
1,
#37948000
0,
1*
#37950000
1,
#37952000
0,
0*
#37954000
1,
#37956000
0,
1*
#37958000
1,
#37960000
0,
0*
#37962000
1,
#37964000
0,
1*
#37966000
1,
#37968000
0,
0*
#37970000
1,
#37972000
0,
1*
#37974000
1,
#37976000
0,
0*
#37978000
1,
#37980000
0,
1*
#37982000
1,
#37984000
0,
0*
#37986000
1,
#37988000
0,
1*
#37990000
1,
#37992000
0,
0*
#37994000
1,
#37996000
0,
1*
#37998000
1,
#38000000
0,
0*
#38002000
1,
#38004000
0,
1*
#38006000
1,
#38008000
0,
0*
#38010000
1,
#38012000
0,
1*
#38014000
1,
#38016000
0,
0*
#38018000
1,
#38020000
0,
1*
#38022000
1,
#38024000
0,
0*
#38026000
1,
#38028000
0,
1*
#38030000
1,
#38032000
0,
0*
#38034000
1,
#38036000
0,
1*
#38038000
1,
#38040000
0,
0*
#38042000
1,
#38044000
0,
1*
#38046000
1,
#38048000
0,
0*
#38050000
1,
#38052000
0,
1*
#38054000
1,
#38056000
0,
0*
#38058000
1,
#38060000
0,
1*
#38062000
1,
#38064000
0,
0*
#38066000
1,
#38068000
0,
1*
#38070000
1,
#38072000
0,
0*
#38074000
1,
#38076000
0,
1*
#38078000
1,
#38080000
0,
0*
#38082000
1,
#38084000
0,
1*
#38086000
1,
#38088000
0,
0*
#38090000
1,
#38092000
0,
1*
#38094000
1,
#38096000
0,
0*
#38098000
1,
#38100000
0,
1*
#38102000
1,
#38104000
0,
0*
#38106000
1,
#38108000
0,
1*
#38110000
1,
#38112000
0,
0*
#38114000
1,
#38116000
0,
1*
#38118000
1,
#38120000
0,
0*
#38122000
1,
#38124000
0,
1*
#38126000
1,
#38128000
0,
0*
#38130000
1,
#38132000
0,
1*
#38134000
1,
#38136000
0,
0*
#38138000
1,
#38140000
0,
1*
#38142000
1,
#38144000
0,
0*
#38146000
1,
#38148000
0,
1*
#38150000
1,
#38152000
0,
0*
#38154000
1,
#38156000
0,
1*
#38158000
1,
#38160000
0,
0*
#38162000
1,
#38164000
0,
1*
#38166000
1,
#38168000
0,
0*
#38170000
1,
#38172000
0,
1*
#38174000
1,
#38176000
0,
0*
#38178000
1,
#38180000
0,
1*
#38182000
1,
#38184000
0,
0*
#38186000
1,
#38188000
0,
1*
#38190000
1,
#38192000
0,
0*
#38194000
1,
#38196000
0,
1*
#38198000
1,
#38200000
0,
0*
#38202000
1,
#38204000
0,
1*
#38206000
1,
#38208000
0,
0*
#38210000
1,
#38212000
0,
1*
#38214000
1,
#38216000
0,
0*
#38218000
1,
#38220000
0,
1*
#38222000
1,
#38224000
0,
0*
#38226000
1,
#38228000
0,
1*
#38230000
1,
#38232000
0,
0*
#38234000
1,
#38236000
0,
1*
#38238000
1,
#38240000
0,
0*
#38242000
1,
#38244000
0,
1*
#38246000
1,
#38248000
0,
0*
#38250000
1,
#38252000
0,
1*
#38254000
1,
#38256000
0,
0*
#38258000
1,
#38260000
0,
1*
#38262000
1,
#38264000
0,
0*
#38266000
1,
#38268000
0,
1*
#38270000
1,
#38272000
0,
0*
#38274000
1,
#38276000
0,
1*
#38278000
1,
#38280000
0,
0*
#38282000
1,
#38284000
0,
1*
#38286000
1,
#38288000
0,
0*
#38290000
1,
#38292000
0,
1*
#38294000
1,
#38296000
0,
0*
#38298000
1,
#38300000
0,
1*
#38302000
1,
#38304000
0,
0*
#38306000
1,
#38308000
0,
1*
#38310000
1,
#38312000
0,
0*
#38314000
1,
#38316000
0,
1*
#38318000
1,
#38320000
0,
0*
#38322000
1,
#38324000
0,
1*
#38326000
1,
#38328000
0,
0*
#38330000
1,
#38332000
0,
1*
#38334000
1,
#38336000
0,
0*
#38338000
1,
#38340000
0,
1*
#38342000
1,
#38344000
0,
0*
#38346000
1,
#38348000
0,
1*
#38350000
1,
#38352000
0,
0*
#38354000
1,
#38356000
0,
1*
#38358000
1,
#38360000
0,
0*
#38362000
1,
#38364000
0,
1*
#38366000
1,
#38368000
0,
0*
#38370000
1,
#38372000
0,
1*
#38374000
1,
#38376000
0,
0*
#38378000
1,
#38380000
0,
1*
#38382000
1,
#38384000
0,
0*
#38386000
1,
#38388000
0,
1*
#38390000
1,
#38392000
0,
0*
#38394000
1,
#38396000
0,
1*
#38398000
1,
#38400000
0,
0*
#38402000
1,
#38404000
0,
1*
#38406000
1,
#38408000
0,
0*
#38410000
1,
#38412000
0,
1*
#38414000
1,
#38416000
0,
0*
#38418000
1,
#38420000
0,
1*
#38422000
1,
#38424000
0,
0*
#38426000
1,
#38428000
0,
1*
#38430000
1,
#38432000
0,
0*
#38434000
1,
#38436000
0,
1*
#38438000
1,
#38440000
0,
0*
#38442000
1,
#38444000
0,
1*
#38446000
1,
#38448000
0,
0*
#38450000
1,
#38452000
0,
1*
#38454000
1,
#38456000
0,
0*
#38458000
1,
#38460000
0,
1*
#38462000
1,
#38464000
0,
0*
#38466000
1,
#38468000
0,
1*
#38470000
1,
#38472000
0,
0*
#38474000
1,
#38476000
0,
1*
#38478000
1,
#38480000
0,
0*
#38482000
1,
#38484000
0,
1*
#38486000
1,
#38488000
0,
0*
#38490000
1,
#38492000
0,
1*
#38494000
1,
#38496000
0,
0*
#38498000
1,
#38500000
0,
1*
#38502000
1,
#38504000
0,
0*
#38506000
1,
#38508000
0,
1*
#38510000
1,
#38512000
0,
0*
#38514000
1,
#38516000
0,
1*
#38518000
1,
#38520000
0,
0*
#38522000
1,
#38524000
0,
1*
#38526000
1,
#38528000
0,
0*
#38530000
1,
#38532000
0,
1*
#38534000
1,
#38536000
0,
0*
#38538000
1,
#38540000
0,
1*
#38542000
1,
#38544000
0,
0*
#38546000
1,
#38548000
0,
1*
#38550000
1,
#38552000
0,
0*
#38554000
1,
#38556000
0,
1*
#38558000
1,
#38560000
0,
0*
#38562000
1,
#38564000
0,
1*
#38566000
1,
#38568000
0,
0*
#38570000
1,
#38572000
0,
1*
#38574000
1,
#38576000
0,
0*
#38578000
1,
#38580000
0,
1*
#38582000
1,
#38584000
0,
0*
#38586000
1,
#38588000
0,
1*
#38590000
1,
#38592000
0,
0*
#38594000
1,
#38596000
0,
1*
#38598000
1,
#38600000
0,
0*
#38602000
1,
#38604000
0,
1*
#38606000
1,
#38608000
0,
0*
#38610000
1,
#38612000
0,
1*
#38614000
1,
#38616000
0,
0*
#38618000
1,
#38620000
0,
1*
#38622000
1,
#38624000
0,
0*
#38626000
1,
#38628000
0,
1*
#38630000
1,
#38632000
0,
0*
#38634000
1,
#38636000
0,
1*
#38638000
1,
#38640000
0,
0*
#38642000
1,
#38644000
0,
1*
#38646000
1,
#38648000
0,
0*
#38650000
1,
#38652000
0,
1*
#38654000
1,
#38656000
0,
0*
#38658000
1,
#38660000
0,
1*
#38662000
1,
#38664000
0,
0*
#38666000
1,
#38668000
0,
1*
#38670000
1,
#38672000
0,
0*
#38674000
1,
#38676000
0,
1*
#38678000
1,
#38680000
0,
0*
#38682000
1,
#38684000
0,
1*
#38686000
1,
#38688000
0,
0*
#38690000
1,
#38692000
0,
1*
#38694000
1,
#38696000
0,
0*
#38698000
1,
#38700000
0,
1*
#38702000
1,
#38704000
0,
0*
#38706000
1,
#38708000
0,
1*
#38710000
1,
#38712000
0,
0*
#38714000
1,
#38716000
0,
1*
#38718000
1,
#38720000
0,
0*
#38722000
1,
#38724000
0,
1*
#38726000
1,
#38728000
0,
0*
#38730000
1,
#38732000
0,
1*
#38734000
1,
#38736000
0,
0*
#38738000
1,
#38740000
0,
1*
#38742000
1,
#38744000
0,
0*
#38746000
1,
#38748000
0,
1*
#38750000
1,
#38752000
0,
0*
#38754000
1,
#38756000
0,
1*
#38758000
1,
#38760000
0,
0*
#38762000
1,
#38764000
0,
1*
#38766000
1,
#38768000
0,
0*
#38770000
1,
#38772000
0,
1*
#38774000
1,
#38776000
0,
0*
#38778000
1,
#38780000
0,
1*
#38782000
1,
#38784000
0,
0*
#38786000
1,
#38788000
0,
1*
#38790000
1,
#38792000
0,
0*
#38794000
1,
#38796000
0,
1*
#38798000
1,
#38800000
0,
0*
#38802000
1,
#38804000
0,
1*
#38806000
1,
#38808000
0,
0*
#38810000
1,
#38812000
0,
1*
#38814000
1,
#38816000
0,
0*
#38818000
1,
#38820000
0,
1*
#38822000
1,
#38824000
0,
0*
#38826000
1,
#38828000
0,
1*
#38830000
1,
#38832000
0,
0*
#38834000
1,
#38836000
0,
1*
#38838000
1,
#38840000
0,
0*
#38842000
1,
#38844000
0,
1*
#38846000
1,
#38848000
0,
0*
#38850000
1,
#38852000
0,
1*
#38854000
1,
#38856000
0,
0*
#38858000
1,
#38860000
0,
1*
#38862000
1,
#38864000
0,
0*
#38866000
1,
#38868000
0,
1*
#38870000
1,
#38872000
0,
0*
#38874000
1,
#38876000
0,
1*
#38878000
1,
#38880000
0,
0*
#38882000
1,
#38884000
0,
1*
#38886000
1,
#38888000
0,
0*
#38890000
1,
#38892000
0,
1*
#38894000
1,
#38896000
0,
0*
#38898000
1,
#38900000
0,
1*
#38902000
1,
#38904000
0,
0*
#38906000
1,
#38908000
0,
1*
#38910000
1,
#38912000
0,
0*
#38914000
1,
#38916000
0,
1*
#38918000
1,
#38920000
0,
0*
#38922000
1,
#38924000
0,
1*
#38926000
1,
#38928000
0,
0*
#38930000
1,
#38932000
0,
1*
#38934000
1,
#38936000
0,
0*
#38938000
1,
#38940000
0,
1*
#38942000
1,
#38944000
0,
0*
#38946000
1,
#38948000
0,
1*
#38950000
1,
#38952000
0,
0*
#38954000
1,
#38956000
0,
1*
#38958000
1,
#38960000
0,
0*
#38962000
1,
#38964000
0,
1*
#38966000
1,
#38968000
0,
0*
#38970000
1,
#38972000
0,
1*
#38974000
1,
#38976000
0,
0*
#38978000
1,
#38980000
0,
1*
#38982000
1,
#38984000
0,
0*
#38986000
1,
#38988000
0,
1*
#38990000
1,
#38992000
0,
0*
#38994000
1,
#38996000
0,
1*
#38998000
1,
#39000000
0,
0*
#39002000
1,
#39004000
0,
1*
#39006000
1,
#39008000
0,
0*
#39010000
1,
#39012000
0,
1*
#39014000
1,
#39016000
0,
0*
#39018000
1,
#39020000
0,
1*
#39022000
1,
#39024000
0,
0*
#39026000
1,
#39028000
0,
1*
#39030000
1,
#39032000
0,
0*
#39034000
1,
#39036000
0,
1*
#39038000
1,
#39040000
0,
0*
#39042000
1,
#39044000
0,
1*
#39046000
1,
#39048000
0,
0*
#39050000
1,
#39052000
0,
1*
#39054000
1,
#39056000
0,
0*
#39058000
1,
#39060000
0,
1*
#39062000
1,
#39064000
0,
0*
#39066000
1,
#39068000
0,
1*
#39070000
1,
#39072000
0,
0*
#39074000
1,
#39076000
0,
1*
#39078000
1,
#39080000
0,
0*
#39082000
1,
#39084000
0,
1*
#39086000
1,
#39088000
0,
0*
#39090000
1,
#39092000
0,
1*
#39094000
1,
#39096000
0,
0*
#39098000
1,
#39100000
0,
1*
#39102000
1,
#39104000
0,
0*
#39106000
1,
#39108000
0,
1*
#39110000
1,
#39112000
0,
0*
#39114000
1,
#39116000
0,
1*
#39118000
1,
#39120000
0,
0*
#39122000
1,
#39124000
0,
1*
#39126000
1,
#39128000
0,
0*
#39130000
1,
#39132000
0,
1*
#39134000
1,
#39136000
0,
0*
#39138000
1,
#39140000
0,
1*
#39142000
1,
#39144000
0,
0*
#39146000
1,
#39148000
0,
1*
#39150000
1,
#39152000
0,
0*
#39154000
1,
#39156000
0,
1*
#39158000
1,
#39160000
0,
0*
#39162000
1,
#39164000
0,
1*
#39166000
1,
#39168000
0,
0*
#39170000
1,
#39172000
0,
1*
#39174000
1,
#39176000
0,
0*
#39178000
1,
#39180000
0,
1*
#39182000
1,
#39184000
0,
0*
#39186000
1,
#39188000
0,
1*
#39190000
1,
#39192000
0,
0*
#39194000
1,
#39196000
0,
1*
#39198000
1,
#39200000
0,
0*
#39202000
1,
#39204000
0,
1*
#39206000
1,
#39208000
0,
0*
#39210000
1,
#39212000
0,
1*
#39214000
1,
#39216000
0,
0*
#39218000
1,
#39220000
0,
1*
#39222000
1,
#39224000
0,
0*
#39226000
1,
#39228000
0,
1*
#39230000
1,
#39232000
0,
0*
#39234000
1,
#39236000
0,
1*
#39238000
1,
#39240000
0,
0*
#39242000
1,
#39244000
0,
1*
#39246000
1,
#39248000
0,
0*
#39250000
1,
#39252000
0,
1*
#39254000
1,
#39256000
0,
0*
#39258000
1,
#39260000
0,
1*
#39262000
1,
#39264000
0,
0*
#39266000
1,
#39268000
0,
1*
#39270000
1,
#39272000
0,
0*
#39274000
1,
#39276000
0,
1*
#39278000
1,
#39280000
0,
0*
#39282000
1,
#39284000
0,
1*
#39286000
1,
#39288000
0,
0*
#39290000
1,
#39292000
0,
1*
#39294000
1,
#39296000
0,
0*
#39298000
1,
#39300000
0,
1*
#39302000
1,
#39304000
0,
0*
#39306000
1,
#39308000
0,
1*
#39310000
1,
#39312000
0,
0*
#39314000
1,
#39316000
0,
1*
#39318000
1,
#39320000
0,
0*
#39322000
1,
#39324000
0,
1*
#39326000
1,
#39328000
0,
0*
#39330000
1,
#39332000
0,
1*
#39334000
1,
#39336000
0,
0*
#39338000
1,
#39340000
0,
1*
#39342000
1,
#39344000
0,
0*
#39346000
1,
#39348000
0,
1*
#39350000
1,
#39352000
0,
0*
#39354000
1,
#39356000
0,
1*
#39358000
1,
#39360000
0,
0*
#39362000
1,
#39364000
0,
1*
#39366000
1,
#39368000
0,
0*
#39370000
1,
#39372000
0,
1*
#39374000
1,
#39376000
0,
0*
#39378000
1,
#39380000
0,
1*
#39382000
1,
#39384000
0,
0*
#39386000
1,
#39388000
0,
1*
#39390000
1,
#39392000
0,
0*
#39394000
1,
#39396000
0,
1*
#39398000
1,
#39400000
0,
0*
#39402000
1,
#39404000
0,
1*
#39406000
1,
#39408000
0,
0*
#39410000
1,
#39412000
0,
1*
#39414000
1,
#39416000
0,
0*
#39418000
1,
#39420000
0,
1*
#39422000
1,
#39424000
0,
0*
#39426000
1,
#39428000
0,
1*
#39430000
1,
#39432000
0,
0*
#39434000
1,
#39436000
0,
1*
#39438000
1,
#39440000
0,
0*
#39442000
1,
#39444000
0,
1*
#39446000
1,
#39448000
0,
0*
#39450000
1,
#39452000
0,
1*
#39454000
1,
#39456000
0,
0*
#39458000
1,
#39460000
0,
1*
#39462000
1,
#39464000
0,
0*
#39466000
1,
#39468000
0,
1*
#39470000
1,
#39472000
0,
0*
#39474000
1,
#39476000
0,
1*
#39478000
1,
#39480000
0,
0*
#39482000
1,
#39484000
0,
1*
#39486000
1,
#39488000
0,
0*
#39490000
1,
#39492000
0,
1*
#39494000
1,
#39496000
0,
0*
#39498000
1,
#39500000
0,
1*
#39502000
1,
#39504000
0,
0*
#39506000
1,
#39508000
0,
1*
#39510000
1,
#39512000
0,
0*
#39514000
1,
#39516000
0,
1*
#39518000
1,
#39520000
0,
0*
#39522000
1,
#39524000
0,
1*
#39526000
1,
#39528000
0,
0*
#39530000
1,
#39532000
0,
1*
#39534000
1,
#39536000
0,
0*
#39538000
1,
#39540000
0,
1*
#39542000
1,
#39544000
0,
0*
#39546000
1,
#39548000
0,
1*
#39550000
1,
#39552000
0,
0*
#39554000
1,
#39556000
0,
1*
#39558000
1,
#39560000
0,
0*
#39562000
1,
#39564000
0,
1*
#39566000
1,
#39568000
0,
0*
#39570000
1,
#39572000
0,
1*
#39574000
1,
#39576000
0,
0*
#39578000
1,
#39580000
0,
1*
#39582000
1,
#39584000
0,
0*
#39586000
1,
#39588000
0,
1*
#39590000
1,
#39592000
0,
0*
#39594000
1,
#39596000
0,
1*
#39598000
1,
#39600000
0,
0*
#39602000
1,
#39604000
0,
1*
#39606000
1,
#39608000
0,
0*
#39610000
1,
#39612000
0,
1*
#39614000
1,
#39616000
0,
0*
#39618000
1,
#39620000
0,
1*
1)
#39622000
b10100 L
b11100 K
b10111 O
b111 U
b111 #
b111 1
b111 7
b111 T
1!
1,
#39624000
0,
0*
#39626000
b111 2
b111 8
b111 P
b10101 L
b10100 K
b111 &
b111 .
b111 5
b111 9
b11000 O
b10111 R
b11100 0
b11100 H
b11100 S
b1000 U
b1000 #
b1000 1
b1000 7
b1000 T
1,
#39628000
b11100 I
0,
1*
#39630000
b1000 2
b1000 8
b1000 P
b10111 L
b10101 K
b1001 U
b1001 #
b1001 1
b1001 7
b1001 T
b11001 O
b11000 R
b10100 0
b10100 H
b10100 S
1,
#39632000
0,
0*
#39634000
b1001 2
b1001 8
b1001 P
b10110 L
b10111 K
b11010 O
b11001 R
b10101 0
b10101 H
b10101 S
b1010 U
b1010 #
b1010 1
b1010 7
b1010 T
1,
#39636000
1B
0?
b11100 3
b11100 >
b11100 J
b10101 I
0,
1*
#39638000
b1010 2
b1010 8
b1010 P
b10010 L
b10110 K
b1011 U
b1011 #
b1011 1
b1011 7
b1011 T
b11011 O
b11010 R
b10111 0
b10111 H
b10111 S
1,
#39640000
0,
0*
#39642000
b1011 2
b1011 8
b1011 P
b10011 L
b10010 K
b11100 O
b11011 R
b10110 0
b10110 H
b10110 S
b1100 U
b1100 #
b1100 1
b1100 7
b1100 T
1,
#39644000
0B
b10101 3
b10101 >
b10101 J
b10110 I
0%
1(
0,
1*
#39646000
b1100 2
b1100 8
b1100 P
b10001 L
b10011 K
b1101 U
b1101 #
b1101 1
b1101 7
b1101 T
b11101 O
b11100 R
b10010 0
b10010 H
b10010 S
1,
#39648000
0,
0*
#39650000
b1101 2
b1101 8
b1101 P
b10000 L
b10001 K
b11110 O
b11101 R
b10011 0
b10011 H
b10011 S
b1110 U
b1110 #
b1110 1
b1110 7
b1110 T
1,
#39652000
b10100 =
b11100 <
b10111 @
1$
0(
b10110 3
b10110 >
b10110 J
b10011 I
0,
1*
#39654000
b1110 2
b1110 8
b1110 P
b0 L
b10000 K
b1111 U
b1111 #
b1111 1
b1111 7
b1111 T
b11111 O
b11110 R
b10001 0
b10001 H
b10001 S
1,
#39656000
0,
0*
#39658000
b1111 2
b1111 8
b1111 P
b1 L
b0 K
b0 O
b11111 R
b10000 0
b10000 H
b10000 S
b0 U
b10000 #
b10000 1
b10000 7
b10000 T
1,
#39660000
b1000 &
b1000 .
b1000 5
b1000 9
b111 6
b111 :
b111 A
b10101 =
0?
b10100 <
b10011 3
b10011 >
b10011 J
b10000 I
b11000 @
b10111 C
b11100 4
b11100 D
b11100 E
0,
1*
#39662000
b0 2
b0 8
b0 P
b11 L
b1 K
b1 U
b10001 #
b10001 1
b10001 7
b10001 T
b11100 F
b1 O
b0 R
b0 0
b0 H
b0 S
1,
#39664000
0,
0*
#39666000
b1 2
b1 8
b1 P
b10 L
b11 K
b10 O
b1 R
b1 0
b1 H
b1 S
b11100 /
b11100 G
b11100 M
b10 U
b10010 #
b10010 1
b10010 7
b10010 T
1,
#39668000
b1001 &
b1001 .
b1001 5
b1001 9
b1000 6
b1000 :
b1000 A
b10111 =
b10101 <
b11001 @
b11000 C
b10100 4
b10100 D
b10100 E
b10000 3
b10000 >
b10000 J
b1 I
0,
1*
#39670000
b10 2
b10 8
b10 P
b110 L
b10 K
b11 U
b10011 #
b10011 1
b10011 7
b10011 T
b10100 F
b11 O
b10 R
b11 0
b11 H
b11 S
1,
#39672000
0,
0*
#39674000
b11 2
b11 8
b11 P
b111 L
b110 K
b100 O
b11 R
b10 0
b10 H
b10 S
b10100 /
b10100 G
b10100 M
b100 U
b10100 #
b10100 1
b10100 7
b10100 T
1,
#39676000
b1010 &
b1010 .
b1010 5
b1010 9
b1001 6
b1001 :
b1001 A
b10110 =
b10111 <
b1 3
b1 >
b1 J
b10 I
b11010 @
b11001 C
b10101 4
b10101 D
b10101 E
0,
1*
#39678000
b100 2
b100 8
b100 P
b101 L
b111 K
b101 U
b10101 #
b10101 1
b10101 7
b10101 T
b10101 F
b101 O
b100 R
b110 0
b110 H
b110 S
1,
#39680000
0,
0*
#39682000
b101 2
b101 8
b101 P
b100 L
b101 K
b110 O
b101 R
b111 0
b111 H
b111 S
b10101 /
b10101 G
b10101 M
b110 U
b10110 #
b10110 1
b10110 7
b10110 T
1,
#39684000
b1011 &
b1011 .
b1011 5
b1011 9
b1010 6
b1010 :
b1010 A
b10010 =
b10110 <
b11011 @
b11010 C
b10111 4
b10111 D
b10111 E
b10 3
b10 >
b10 J
b111 I
0,
1*
#39686000
b110 2
b110 8
b110 P
b1100 L
b100 K
b111 U
b10111 #
b10111 1
b10111 7
b10111 T
b10111 F
b111 O
b110 R
b101 0
b101 H
b101 S
1,
#39688000
0,
0*
#39690000
b111 2
b111 8
b111 P
b1101 L
b1100 K
b1000 O
b111 R
b100 0
b100 H
b100 S
b10111 /
b10111 G
b10111 M
b1000 U
b11000 #
b11000 1
b11000 7
b11000 T
1,
#39692000
b1100 &
b1100 .
b1100 5
b1100 9
b1011 6
b1011 :
b1011 A
b10011 =
b10010 <
b111 3
b111 >
b111 J
b100 I
b11100 @
b11011 C
b10110 4
b10110 D
b10110 E
0,
1*
#39694000
1Q
b1000 2
b1000 8
b1000 P
b1111 L
b1101 K
b1001 U
b11001 #
b11001 1
b11001 7
b11001 T
b10110 F
b1001 O
b1000 R
b1100 0
b1100 H
b1100 S
1,
#39696000
0,
0*
#39698000
b1001 2
b1001 8
b1001 P
b1110 L
0N
b1111 K
1Q
1'
b1010 O
b1001 R
b1101 0
b1101 H
b1101 S
b10110 /
b10110 G
b10110 M
b1010 U
b11010 #
b11010 1
b11010 7
b11010 T
1,
#39700000
b1101 &
b1101 .
b1101 5
b1101 9
b1100 6
b1100 :
b1100 A
b10001 =
b10011 <
b11101 @
b11100 C
b10010 4
b10010 D
b10010 E
b100 3
b100 >
b100 J
b1101 I
0,
1*
#39702000
b1010 2
b1010 8
b1010 P
0Q
b1010 L
1N
b1110 K
b1011 U
b11011 #
b11011 1
b11011 7
b11011 T
b10010 F
b1011 O
b1010 R
b1111 0
b1111 H
b1111 S
1,
#39704000
0,
0*
#39706000
b1011 2
b1011 8
b1011 P
b1010 L
b1110 K
0N
1Q
1"
0'
b1011 O
b1011 R
b1110 0
b1110 H
b1110 S
b10010 /
b10010 G
b10010 M
b1100 U
b11100 #
b11100 1
b11100 7
b11100 T
1,
#39708000
b1110 &
b1110 .
b1110 5
b1110 9
b1101 6
b1101 :
b1101 A
b10000 =
b10001 <
b1101 3
b1101 >
b1101 J
b1110 I
b11110 @
b11101 C
b10011 4
b10011 D
b10011 E
0,
1*
#39710000
0!
b10011 F
0"
1'
1,
#39712000
0,
0*
#39714000
b1011 L
b1010 K
b1100 O
1Q
b10011 /
b10011 G
b10011 M
b1101 U
b11101 #
b11101 1
b11101 7
b11101 T
1!
1,
#39716000
b1111 &
b1111 .
b1111 5
b1111 9
b1110 6
b1110 :
b1110 A
b0 =
b10000 <
b11111 @
b11110 C
b10001 4
b10001 D
b10001 E
b1110 3
b1110 >
b1110 J
0,
1*
#39718000
b1100 2
b1100 8
b1100 P
0Q
b1001 L
1N
b1011 K
b1110 U
b11110 #
b11110 1
b11110 7
b11110 T
b10001 F
b1101 O
b1100 R
b1010 0
b1010 H
b1010 S
1,
#39720000
0,
0*
#39722000
b1101 2
b1101 8
b1101 P
b1001 L
b1011 K
0N
1Q
1"
0'
b1101 O
b1101 R
b1011 0
b1011 H
b1011 S
b10001 /
b10001 G
b10001 M
b1111 U
b11111 #
b11111 1
b11111 7
b11111 T
1,
#39724000
b10000 &
b10000 .
b10000 5
b10000 9
b1111 6
b1111 :
b1111 A
b1 =
b0 <
b1011 I
b0 @
b11111 C
b10000 4
b10000 D
b10000 E
0,
1*
#39726000
0!
b10000 F
0"
1'
1,
#39728000
0,
0*
#39730000
b1000 L
0N
b1001 K
b1110 O
1Q
b10000 /
b10000 G
b10000 M
b0 U
b100000 #
b100000 1
b100000 7
b100000 T
1!
1,
#39732000
b10001 &
b10001 .
b10001 5
b10001 9
b0 6
b0 :
b0 A
b11 =
b1 <
b1 @
b0 C
b0 4
b0 D
b0 E
b1011 3
b1011 >
b1011 J
0,
1*
#39734000
b1110 2
b1110 8
b1110 P
0Q
b11000 L
1N
b1000 K
b1 U
b100001 #
b100001 1
b100001 7
b100001 T
b0 F
b1111 O
b1110 R
b1001 0
b1001 H
b1001 S
1,
#39736000
0,
0*
#39738000
1Q
b1111 2
b1111 8
b1111 P
b11000 L
0N
b1000 K
1"
0'
b1111 O
b1111 R
b1000 0
b1000 H
b1000 S
b0 /
b0 G
b0 M
b10 U
b100010 #
b100010 1
b100010 7
b100010 T
1,
#39740000
b10010 &
b10010 .
b10010 5
b10010 9
b1 6
b1 :
b1 A
b10 =
b11 <
b1000 I
b10 @
b1 C
b1 4
b1 D
b1 E
0,
1*
#39742000
0!
b1 F
0"
1'
1,
#39744000
0,
0*
#39746000
b11001 L
b11000 K
b10000 O
1Q
b1 /
b1 G
b1 M
b11 U
b100011 #
b100011 1
b100011 7
b100011 T
1!
1,
#39748000
b10011 &
b10011 .
b10011 5
b10011 9
b10 6
b10 :
b10 A
b110 =
b10 <
b11 @
b10 C
b11 4
b11 D
b11 E
b1000 3
b1000 >
b1000 J
0,
1*
#39750000
b0 2
b0 8
b0 P
0Q
b11011 L
1N
b11001 K
b100 U
b100100 #
b100100 1
b100100 7
b100100 T
b11 F
b10001 O
b10000 R
b11000 0
b11000 H
b11000 S
1,
#39752000
0,
0*
#39754000
b1 2
b1 8
b1 P
b11011 L
b11001 K
0N
1Q
1"
0'
b10001 O
b10001 R
b11001 0
b11001 H
b11001 S
b11 /
b11 G
b11 M
b101 U
b100101 #
b100101 1
b100101 7
b100101 T
1,
#39756000
b10100 &
b10100 .
b10100 5
b10100 9
b11 6
b11 :
b11 A
b111 =
b110 <
b11001 I
b100 @
b11 C
b10 4
b10 D
b10 E
0,
1*
#39758000
0!
b10 F
0"
1'
1,
#39760000
0,
0*
#39762000
b11010 L
0N
b11011 K
b10010 O
1Q
b10 /
b10 G
b10 M
b110 U
b100110 #
b100110 1
b100110 7
b100110 T
1!
1,
#39764000
b10101 &
b10101 .
b10101 5
b10101 9
b100 6
b100 :
b100 A
b101 =
b111 <
b101 @
b100 C
b110 4
b110 D
b110 E
b11001 3
b11001 >
b11001 J
0,
1*
#39766000
b10 2
b10 8
b10 P
0Q
b11110 L
1N
b11010 K
b111 U
b100111 #
b100111 1
b100111 7
b100111 T
b110 F
b10011 O
b10010 R
b11011 0
b11011 H
b11011 S
1,
#39768000
0,
0*
#39770000
b11 2
b11 8
b11 P
b11110 L
b11010 K
0N
1Q
1"
0'
b10011 O
b10011 R
b11010 0
b11010 H
b11010 S
b110 /
b110 G
b110 M
b1000 U
b101000 #
b101000 1
b101000 7
b101000 T
1,
#39772000
b10110 &
b10110 .
b10110 5
b10110 9
b101 6
b101 :
b101 A
b100 =
b101 <
b11010 I
b110 @
b101 C
b111 4
b111 D
b111 E
0,
1*
#39774000
0!
b111 F
0"
1'
1,
#39776000
0,
0*
#39778000
b11111 L
b11110 K
b10100 O
1Q
b111 /
b111 G
b111 M
b1001 U
b101001 #
b101001 1
b101001 7
b101001 T
1!
1,
#39780000
b10111 &
b10111 .
b10111 5
b10111 9
b110 6
b110 :
b110 A
b1100 =
b100 <
b111 @
b110 C
b101 4
b101 D
b101 E
b11010 3
b11010 >
b11010 J
0,
1*
#39782000
b100 2
b100 8
b100 P
0Q
b11101 L
1N
b11111 K
b1010 U
b101010 #
b101010 1
b101010 7
b101010 T
b101 F
b10101 O
b10100 R
b11110 0
b11110 H
b11110 S
1,
#39784000
0,
0*
#39786000
b101 2
b101 8
b101 P
b11101 L
b11111 K
0N
1Q
1"
0'
b10101 O
b10101 R
b11111 0
b11111 H
b11111 S
b101 /
b101 G
b101 M
b1011 U
b101011 #
b101011 1
b101011 7
b101011 T
1,
#39788000
b11000 &
b11000 .
b11000 5
b11000 9
b111 6
b111 :
b111 A
b1101 =
b1100 <
b11111 I
b1000 @
b111 C
b100 4
b100 D
b100 E
0,
1*
#39790000
0!
b100 F
0"
1'
1,
#39792000
0,
0*
#39794000
b11100 L
0N
b11101 K
b10110 O
1Q
b100 /
b100 G
b100 M
b1100 U
b101100 #
b101100 1
b101100 7
b101100 T
1!
1,
#39796000
b11001 &
b11001 .
b11001 5
b11001 9
b1000 6
b1000 :
b1000 A
b1111 =
b1101 <
b1001 @
b1000 C
b1100 4
b1100 D
b1100 E
b11111 3
b11111 >
b11111 J
0,
1*
#39798000
b110 2
b110 8
b110 P
0Q
b10100 L
1N
b11100 K
b1101 U
b101101 #
b101101 1
b101101 7
b101101 T
b1100 F
b10111 O
b10110 R
b11101 0
b11101 H
b11101 S
1,
#39800000
0,
0*
#39802000
1Q
b111 2
b111 8
b111 P
b10100 L
0N
b11100 K
1"
0'
b10111 O
b10111 R
b11100 0
b11100 H
b11100 S
b1100 /
b1100 G
b1100 M
b1110 U
b101110 #
b101110 1
b101110 7
b101110 T
1,
#39804000
b11010 &
b11010 .
b11010 5
b11010 9
b1001 6
b1001 :
b1001 A
b1110 =
b1111 <
b11100 I
b1010 @
b1001 C
b1101 4
b1101 D
b1101 E
0,
1*
#39806000
0!
b1101 F
0"
1'
1,
#39808000
0,
0*
#39810000
b10101 L
b10100 K
b11000 O
1Q
b1101 /
b1101 G
b1101 M
b1111 U
b101111 #
b101111 1
b101111 7
b101111 T
1!
1,
#39812000
b11011 &
b11011 .
b11011 5
b11011 9
b1010 6
b1010 :
b1010 A
b1010 =
b1110 <
b1011 @
b1010 C
b1111 4
b1111 D
b1111 E
b11100 3
b11100 >
b11100 J
0,
1*
#39814000
b1000 2
b1000 8
b1000 P
0Q
b10111 L
1N
b10101 K
b0 U
b110000 #
b110000 1
b110000 7
b110000 T
b1111 F
b11001 O
b11000 R
b10100 0
b10100 H
b10100 S
1,
#39816000
0,
0*
#39818000
b1001 2
b1001 8
b1001 P
b10111 L
b10101 K
0N
1Q
1"
0'
b11001 O
b11001 R
b10101 0
b10101 H
b10101 S
b1111 /
b1111 G
b1111 M
b1 U
b110001 #
b110001 1
b110001 7
b110001 T
1,
#39820000
b11101 &
b11101 .
b11101 5
b11101 9
b1011 6
b1011 :
b1011 A
b1011 =
b1010 <
b10101 I
b1100 @
b1011 C
b1110 4
b1110 D
b1110 E
0,
1*
0)
#39822000
0!
b1110 F
0"
1'
1,
#39824000
0,
0*
#39826000
0Q
b1110 /
b1110 G
b1110 M
1,
#39828000
b11110 &
b11110 .
b11110 5
b11110 9
b1100 6
b1100 :
b1100 A
b1001 =
b1011 <
b1101 @
b1100 C
b1010 4
b1010 D
b1010 E
b10101 3
b10101 >
b10101 J
0,
1*
#39830000
b1010 F
0'
1,
#39832000
0,
0*
#39834000
b1010 /
b1010 G
b1010 M
1,
#39836000
b100000 &
b100000 .
b100000 5
b100000 9
b1101 6
b1101 :
b1101 A
b1000 =
b1001 <
b1110 @
b1101 C
b1011 4
b1011 D
b1011 E
0,
1*
#39838000
b1011 F
1,
#39840000
0,
0*
#39842000
b1011 /
b1011 G
b1011 M
1,
#39844000
b100001 &
b100001 .
b100001 5
b100001 9
b1110 6
b1110 :
b1110 A
b11000 =
b1000 <
b1111 @
b1110 C
b1001 4
b1001 D
b1001 E
0,
1*
#39846000
b1001 F
1,
#39848000
0,
0*
#39850000
b1001 /
b1001 G
b1001 M
1,
#39852000
b100011 &
b100011 .
b100011 5
b100011 9
b1111 6
b1111 :
b1111 A
b11001 =
b11000 <
b10000 @
b1111 C
b1000 4
b1000 D
b1000 E
0,
1*
#39854000
b1000 F
1,
#39856000
0,
0*
#39858000
b1000 /
b1000 G
b1000 M
1,
#39860000
b100100 &
b100100 .
b100100 5
b100100 9
b0 6
b0 :
b0 A
b11011 =
b11001 <
b10001 @
b10000 C
b11000 4
b11000 D
b11000 E
0,
1*
#39862000
b11000 F
1,
#39864000
0,
0*
#39866000
b11000 /
b11000 G
b11000 M
1,
#39868000
b100110 &
b100110 .
b100110 5
b100110 9
b1 6
b1 :
b1 A
b11010 =
b11011 <
b10010 @
b10001 C
b11001 4
b11001 D
b11001 E
0,
1*
#39870000
b11001 F
1,
#39872000
0,
0*
#39874000
b11001 /
b11001 G
b11001 M
1,
#39876000
b100111 &
b100111 .
b100111 5
b100111 9
b10 6
b10 :
b10 A
b11110 =
b11010 <
b10011 @
b10010 C
b11011 4
b11011 D
b11011 E
0,
1*
#39878000
b11011 F
1,
#39880000
0,
0*
#39882000
b11011 /
b11011 G
b11011 M
1,
#39884000
b101001 &
b101001 .
b101001 5
b101001 9
b11 6
b11 :
b11 A
b11111 =
b11110 <
b10100 @
b10011 C
b11010 4
b11010 D
b11010 E
0,
1*
#39886000
b11010 F
1,
#39888000
0,
0*
#39890000
b11010 /
b11010 G
b11010 M
1,
#39892000
b101010 &
b101010 .
b101010 5
b101010 9
b100 6
b100 :
b100 A
b11101 =
b11111 <
b10101 @
b10100 C
b11110 4
b11110 D
b11110 E
0,
1*
#39894000
b11110 F
1,
#39896000
0,
0*
#39898000
b11110 /
b11110 G
b11110 M
1,
#39900000
b101100 &
b101100 .
b101100 5
b101100 9
b101 6
b101 :
b101 A
b11100 =
b11101 <
b10110 @
b10101 C
b11111 4
b11111 D
b11111 E
0,
1*
#39902000
b11111 F
1,
#39904000
0,
0*
#39906000
b11111 /
b11111 G
b11111 M
1,
#39908000
b101101 &
b101101 .
b101101 5
b101101 9
b110 6
b110 :
b110 A
b10100 =
b11100 <
b10111 @
b10110 C
b11101 4
b11101 D
b11101 E
0,
1*
#39910000
b11101 F
1,
#39912000
0,
0*
#39914000
b11101 /
b11101 G
b11101 M
1,
#39916000
b101111 &
b101111 .
b101111 5
b101111 9
b111 6
b111 :
b111 A
1B
b10101 =
b10100 <
b11000 @
b10111 C
b11100 4
b11100 D
b11100 E
0,
1*
#39918000
b11100 F
1,
#39920000
0,
0*
#39922000
b11100 /
b11100 G
b11100 M
1,
#39924000
b110000 &
b110000 .
b110000 5
b110000 9
b1000 6
b1000 :
b1000 A
0B
b10111 =
1?
b10101 <
1(
b11001 @
b11000 C
b10100 4
b10100 D
b10100 E
0,
1*
#39926000
b10100 F
1,
#39928000
0,
0*
#39930000
b10100 /
b10100 G
b10100 M
1,
#39932000
b11010 &
b11010 .
b11010 5
b11010 9
b1001 6
b1001 :
b1001 A
b10111 =
1?
b10101 <
b11001 @
b11001 C
b10101 4
b10101 D
b10101 E
1%
0(
0,
1*
#39934000
b10101 F
1,
#39936000
0,
0*
#39938000
b10101 /
b10101 G
b10101 M
1,
#39940000
0$
0,
1*
#39942000
1,
#39944000
0,
0*
#39946000
1,
#39948000
0,
1*
#39950000
1,
#39952000
0,
0*
#39954000
1,
#39956000
0,
1*
#39958000
1,
#39960000
0,
0*
#39962000
1,
#39964000
0,
1*
#39966000
1,
#39968000
0,
0*
#39970000
1,
#39972000
0,
1*
#39974000
1,
#39976000
0,
0*
#39978000
1,
#39980000
0,
1*
#39982000
1,
#39984000
0,
0*
#39986000
1,
#39988000
0,
1*
#39990000
1,
#39992000
0,
0*
#39994000
1,
#39996000
0,
1*
#39998000
1,
#40000000
0,
0*
#40002000
1,
#40004000
0,
1*
#40006000
1,
#40008000
0,
0*
#40010000
1,
#40012000
0,
1*
#40014000
1,
#40016000
0,
0*
#40018000
1,
#40020000
0,
1*
#40022000
1,
#40024000
0,
0*
#40026000
1,
#40028000
0,
1*
#40030000
1,
#40032000
0,
0*
#40034000
1,
#40036000
0,
1*
#40038000
1,
#40040000
0,
0*
#40042000
1,
#40044000
0,
1*
#40046000
1,
#40048000
0,
0*
#40050000
1,
#40052000
0,
1*
#40054000
1,
#40056000
0,
0*
#40058000
1,
#40060000
0,
1*
#40062000
1,
#40064000
0,
0*
#40066000
1,
#40068000
0,
1*
#40070000
1,
#40072000
0,
0*
#40074000
1,
#40076000
0,
1*
#40078000
1,
#40080000
0,
0*
#40082000
1,
#40084000
0,
1*
#40086000
1,
#40088000
0,
0*
#40090000
1,
#40092000
0,
1*
#40094000
1,
#40096000
0,
0*
#40098000
1,
#40100000
0,
1*
#40102000
1,
#40104000
0,
0*
#40106000
1,
#40108000
0,
1*
#40110000
1,
#40112000
0,
0*
#40114000
1,
#40116000
0,
1*
#40118000
1,
#40120000
0,
0*
#40122000
1,
#40124000
0,
1*
#40126000
1,
#40128000
0,
0*
#40130000
1,
#40132000
0,
1*
#40134000
1,
#40136000
0,
0*
#40138000
1,
#40140000
0,
1*
#40142000
1,
#40144000
0,
0*
#40146000
1,
#40148000
0,
1*
#40150000
1,
#40152000
0,
0*
#40154000
1,
#40156000
0,
1*
#40158000
1,
#40160000
0,
0*
#40162000
1,
#40164000
0,
1*
#40166000
1,
#40168000
0,
0*
#40170000
1,
#40172000
0,
1*
#40174000
1,
#40176000
0,
0*
#40178000
1,
#40180000
0,
1*
#40182000
1,
#40184000
0,
0*
#40186000
1,
#40188000
0,
1*
#40190000
1,
#40192000
0,
0*
#40194000
1,
#40196000
0,
1*
#40198000
1,
#40200000
0,
0*
#40202000
1,
#40204000
0,
1*
#40206000
1,
#40208000
0,
0*
#40210000
1,
#40212000
0,
1*
#40214000
1,
#40216000
0,
0*
#40218000
1,
#40220000
0,
1*
#40222000
1,
#40224000
0,
0*
#40226000
1,
#40228000
0,
1*
#40230000
1,
#40232000
0,
0*
#40234000
1,
#40236000
0,
1*
#40238000
1,
#40240000
0,
0*
#40242000
1,
#40244000
0,
1*
#40246000
1,
#40248000
0,
0*
#40250000
1,
#40252000
0,
1*
#40254000
1,
#40256000
0,
0*
#40258000
1,
#40260000
0,
1*
#40262000
1,
#40264000
0,
0*
#40266000
1,
#40268000
0,
1*
#40270000
1,
#40272000
0,
0*
#40274000
1,
#40276000
0,
1*
#40278000
1,
#40280000
0,
0*
#40282000
1,
#40284000
0,
1*
#40286000
1,
#40288000
0,
0*
#40290000
1,
#40292000
0,
1*
#40294000
1,
#40296000
0,
0*
#40298000
1,
#40300000
0,
1*
#40302000
1,
#40304000
0,
0*
#40306000
1,
#40308000
0,
1*
#40310000
1,
#40312000
0,
0*
#40314000
1,
#40316000
0,
1*
#40318000
1,
#40320000
0,
0*
#40322000
1,
#40324000
0,
1*
#40326000
1,
#40328000
0,
0*
#40330000
1,
#40332000
0,
1*
#40334000
1,
#40336000
0,
0*
#40338000
1,
#40340000
0,
1*
#40342000
1,
#40344000
0,
0*
#40346000
1,
#40348000
0,
1*
#40350000
1,
#40352000
0,
0*
#40354000
1,
#40356000
0,
1*
#40358000
1,
#40360000
0,
0*
#40362000
1,
#40364000
0,
1*
#40366000
1,
#40368000
0,
0*
#40370000
1,
#40372000
0,
1*
#40374000
1,
#40376000
0,
0*
#40378000
1,
#40380000
0,
1*
#40382000
1,
#40384000
0,
0*
#40386000
1,
#40388000
0,
1*
#40390000
1,
#40392000
0,
0*
#40394000
1,
#40396000
0,
1*
#40398000
1,
#40400000
0,
0*
#40402000
1,
#40404000
0,
1*
#40406000
1,
#40408000
0,
0*
#40410000
1,
#40412000
0,
1*
#40414000
1,
#40416000
0,
0*
#40418000
1,
#40420000
0,
1*
#40422000
1,
#40424000
0,
0*
#40426000
1,
#40428000
0,
1*
#40430000
1,
#40432000
0,
0*
#40434000
1,
#40436000
0,
1*
#40438000
1,
#40440000
0,
0*
#40442000
1,
#40444000
0,
1*
#40446000
1,
#40448000
0,
0*
#40450000
1,
#40452000
0,
1*
#40454000
1,
#40456000
0,
0*
#40458000
1,
#40460000
0,
1*
#40462000
1,
#40464000
0,
0*
#40466000
1,
#40468000
0,
1*
#40470000
1,
#40472000
0,
0*
#40474000
1,
#40476000
0,
1*
#40478000
1,
#40480000
0,
0*
#40482000
1,
#40484000
0,
1*
#40486000
1,
#40488000
0,
0*
#40490000
1,
#40492000
0,
1*
#40494000
1,
#40496000
0,
0*
#40498000
1,
#40500000
0,
1*
#40502000
1,
#40504000
0,
0*
#40506000
1,
#40508000
0,
1*
#40510000
1,
#40512000
0,
0*
#40514000
1,
#40516000
0,
1*
#40518000
1,
#40520000
0,
0*
#40522000
1,
#40524000
0,
1*
#40526000
1,
#40528000
0,
0*
#40530000
1,
#40532000
0,
1*
#40534000
1,
#40536000
0,
0*
#40538000
1,
#40540000
0,
1*
#40542000
1,
#40544000
0,
0*
#40546000
1,
#40548000
0,
1*
#40550000
1,
#40552000
0,
0*
#40554000
1,
#40556000
0,
1*
#40558000
1,
#40560000
0,
0*
#40562000
1,
#40564000
0,
1*
#40566000
1,
#40568000
0,
0*
#40570000
1,
#40572000
0,
1*
#40574000
1,
#40576000
0,
0*
#40578000
1,
#40580000
0,
1*
#40582000
1,
#40584000
0,
0*
#40586000
1,
#40588000
0,
1*
#40590000
1,
#40592000
0,
0*
#40594000
1,
#40596000
0,
1*
#40598000
1,
#40600000
0,
0*
#40602000
1,
#40604000
0,
1*
#40606000
1,
#40608000
0,
0*
#40610000
1,
#40612000
0,
1*
#40614000
1,
#40616000
0,
0*
#40618000
1,
#40620000
0,
1*
#40622000
1,
#40624000
0,
0*
#40626000
1,
#40628000
0,
1*
#40630000
1,
#40632000
0,
0*
#40634000
1,
#40636000
0,
1*
#40638000
1,
#40640000
0,
0*
#40642000
1,
#40644000
0,
1*
#40646000
1,
#40648000
0,
0*
#40650000
1,
#40652000
0,
1*
#40654000
1,
#40656000
0,
0*
#40658000
1,
#40660000
0,
1*
#40662000
1,
#40664000
0,
0*
#40666000
1,
#40668000
0,
1*
#40670000
1,
#40672000
0,
0*
#40674000
1,
#40676000
0,
1*
#40678000
1,
#40680000
0,
0*
#40682000
1,
#40684000
0,
1*
#40686000
1,
#40688000
0,
0*
#40690000
1,
#40692000
0,
1*
#40694000
1,
#40696000
0,
0*
#40698000
1,
#40700000
0,
1*
#40702000
1,
#40704000
0,
0*
#40706000
1,
#40708000
0,
1*
#40710000
1,
#40712000
0,
0*
#40714000
1,
#40716000
0,
1*
#40718000
1,
#40720000
0,
0*
#40722000
1,
#40724000
0,
1*
#40726000
1,
#40728000
0,
0*
#40730000
1,
#40732000
0,
1*
#40734000
1,
#40736000
0,
0*
#40738000
1,
#40740000
0,
1*
#40742000
1,
#40744000
0,
0*
#40746000
1,
#40748000
0,
1*
#40750000
1,
#40752000
0,
0*
#40754000
1,
#40756000
0,
1*
#40758000
1,
#40760000
0,
0*
#40762000
1,
#40764000
0,
1*
#40766000
1,
#40768000
0,
0*
#40770000
1,
#40772000
0,
1*
#40774000
1,
#40776000
0,
0*
#40778000
1,
#40780000
0,
1*
#40782000
1,
#40784000
0,
0*
#40786000
1,
#40788000
0,
1*
#40790000
1,
#40792000
0,
0*
#40794000
1,
#40796000
0,
1*
#40798000
1,
#40800000
0,
0*
#40802000
1,
#40804000
0,
1*
#40806000
1,
#40808000
0,
0*
#40810000
1,
#40812000
0,
1*
#40814000
1,
#40816000
0,
0*
#40818000
1,
#40820000
0,
1*
#40822000
1,
#40824000
0,
0*
#40826000
1,
#40828000
0,
1*
#40830000
1,
#40832000
0,
0*
#40834000
1,
#40836000
0,
1*
#40838000
1,
#40840000
0,
0*
#40842000
1,
#40844000
0,
1*
#40846000
1,
#40848000
0,
0*
#40850000
1,
#40852000
0,
1*
#40854000
1,
#40856000
0,
0*
#40858000
1,
#40860000
0,
1*
#40862000
1,
#40864000
0,
0*
#40866000
1,
#40868000
0,
1*
#40870000
1,
#40872000
0,
0*
#40874000
1,
#40876000
0,
1*
#40878000
1,
#40880000
0,
0*
#40882000
1,
#40884000
0,
1*
#40886000
1,
#40888000
0,
0*
#40890000
1,
#40892000
0,
1*
#40894000
1,
#40896000
0,
0*
#40898000
1,
#40900000
0,
1*
#40902000
1,
#40904000
0,
0*
#40906000
1,
#40908000
0,
1*
#40910000
1,
#40912000
0,
0*
#40914000
1,
#40916000
0,
1*
#40918000
1,
#40920000
0,
0*
#40922000
1,
#40924000
0,
1*
#40926000
1,
#40928000
0,
0*
#40930000
1,
#40932000
0,
1*
#40934000
1,
#40936000
0,
0*
#40938000
1,
#40940000
0,
1*
#40942000
1,
#40944000
0,
0*
#40946000
1,
#40948000
0,
1*
#40950000
1,
#40952000
0,
0*
#40954000
1,
#40956000
0,
1*
#40958000
1,
#40960000
0,
0*
#40962000
1,
#40964000
0,
1*
#40966000
1,
#40968000
0,
0*
#40970000
1,
#40972000
0,
1*
#40974000
1,
#40976000
0,
0*
#40978000
1,
#40980000
0,
1*
#40982000
1,
#40984000
0,
0*
#40986000
1,
#40988000
0,
1*
#40990000
1,
#40992000
0,
0*
#40994000
1,
#40996000
0,
1*
#40998000
1,
#41000000
0,
0*
#41002000
1,
#41004000
0,
1*
#41006000
1,
#41008000
0,
0*
#41010000
1,
#41012000
0,
1*
#41014000
1,
#41016000
0,
0*
#41018000
1,
#41020000
0,
1*
#41022000
1,
#41024000
0,
0*
#41026000
1,
#41028000
0,
1*
#41030000
1,
#41032000
0,
0*
#41034000
1,
#41036000
0,
1*
#41038000
1,
#41040000
0,
0*
#41042000
1,
#41044000
0,
1*
#41046000
1,
#41048000
0,
0*
#41050000
1,
#41052000
0,
1*
#41054000
1,
#41056000
0,
0*
#41058000
1,
#41060000
0,
1*
#41062000
1,
#41064000
0,
0*
#41066000
1,
#41068000
0,
1*
#41070000
1,
#41072000
0,
0*
#41074000
1,
#41076000
0,
1*
#41078000
1,
#41080000
0,
0*
#41082000
1,
#41084000
0,
1*
#41086000
1,
#41088000
0,
0*
#41090000
1,
#41092000
0,
1*
#41094000
1,
#41096000
0,
0*
#41098000
1,
#41100000
0,
1*
#41102000
1,
#41104000
0,
0*
#41106000
1,
#41108000
0,
1*
#41110000
1,
#41112000
0,
0*
#41114000
1,
#41116000
0,
1*
#41118000
1,
#41120000
0,
0*
#41122000
1,
#41124000
0,
1*
#41126000
1,
#41128000
0,
0*
#41130000
1,
#41132000
0,
1*
#41134000
1,
#41136000
0,
0*
#41138000
1,
#41140000
0,
1*
#41142000
1,
#41144000
0,
0*
#41146000
1,
#41148000
0,
1*
#41150000
1,
#41152000
0,
0*
#41154000
1,
#41156000
0,
1*
#41158000
1,
#41160000
0,
0*
#41162000
1,
#41164000
0,
1*
#41166000
1,
#41168000
0,
0*
#41170000
1,
#41172000
0,
1*
#41174000
1,
#41176000
0,
0*
#41178000
1,
#41180000
0,
1*
#41182000
1,
#41184000
0,
0*
#41186000
1,
#41188000
0,
1*
#41190000
1,
#41192000
0,
0*
#41194000
1,
#41196000
0,
1*
#41198000
1,
#41200000
0,
0*
#41202000
1,
#41204000
0,
1*
#41206000
1,
#41208000
0,
0*
#41210000
1,
#41212000
0,
1*
#41214000
1,
#41216000
0,
0*
#41218000
1,
#41220000
0,
1*
#41222000
1,
#41224000
0,
0*
#41226000
1,
#41228000
0,
1*
#41230000
1,
#41232000
0,
0*
#41234000
1,
#41236000
0,
1*
#41238000
1,
#41240000
0,
0*
#41242000
1,
#41244000
0,
1*
#41246000
1,
#41248000
0,
0*
#41250000
1,
#41252000
0,
1*
#41254000
1,
#41256000
0,
0*
#41258000
1,
#41260000
0,
1*
#41262000
1,
#41264000
0,
0*
#41266000
1,
#41268000
0,
1*
#41270000
1,
#41272000
0,
0*
#41274000
1,
#41276000
0,
1*
#41278000
1,
#41280000
0,
0*
#41282000
1,
#41284000
0,
1*
#41286000
1,
#41288000
0,
0*
#41290000
1,
#41292000
0,
1*
#41294000
1,
#41296000
0,
0*
#41298000
1,
#41300000
0,
1*
#41302000
1,
#41304000
0,
0*
#41306000
1,
#41308000
0,
1*
#41310000
1,
#41312000
0,
0*
#41314000
1,
#41316000
0,
1*
#41318000
1,
#41320000
0,
0*
#41322000
1,
#41324000
0,
1*
#41326000
1,
#41328000
0,
0*
#41330000
1,
#41332000
0,
1*
#41334000
1,
#41336000
0,
0*
#41338000
1,
#41340000
0,
1*
#41342000
1,
#41344000
0,
0*
#41346000
1,
#41348000
0,
1*
#41350000
1,
#41352000
0,
0*
#41354000
1,
#41356000
0,
1*
#41358000
1,
#41360000
0,
0*
#41362000
1,
#41364000
0,
1*
#41366000
1,
#41368000
0,
0*
#41370000
1,
#41372000
0,
1*
#41374000
1,
#41376000
0,
0*
#41378000
1,
#41380000
0,
1*
#41382000
1,
#41384000
0,
0*
#41386000
1,
#41388000
0,
1*
#41390000
1,
#41392000
0,
0*
#41394000
1,
#41396000
0,
1*
#41398000
1,
#41400000
0,
0*
#41402000
1,
#41404000
0,
1*
#41406000
1,
#41408000
0,
0*
#41410000
1,
#41412000
0,
1*
#41414000
1,
#41416000
0,
0*
#41418000
1,
#41420000
0,
1*
#41422000
1,
#41424000
0,
0*
#41426000
1,
#41428000
0,
1*
#41430000
1,
#41432000
0,
0*
#41434000
1,
#41436000
0,
1*
#41438000
1,
#41440000
0,
0*
#41442000
1,
#41444000
0,
1*
#41446000
1,
#41448000
0,
0*
#41450000
1,
#41452000
0,
1*
#41454000
1,
#41456000
0,
0*
#41458000
1,
#41460000
0,
1*
#41462000
1,
#41464000
0,
0*
#41466000
1,
#41468000
0,
1*
#41470000
1,
#41472000
0,
0*
#41474000
1,
#41476000
0,
1*
#41478000
1,
#41480000
0,
0*
#41482000
1,
#41484000
0,
1*
#41486000
1,
#41488000
0,
0*
#41490000
1,
#41492000
0,
1*
#41494000
1,
#41496000
0,
0*
#41498000
1,
#41500000
0,
1*
#41502000
1,
#41504000
0,
0*
#41506000
1,
#41508000
0,
1*
#41510000
1,
#41512000
0,
0*
#41514000
1,
#41516000
0,
1*
#41518000
1,
#41520000
0,
0*
#41522000
1,
#41524000
0,
1*
#41526000
1,
#41528000
0,
0*
#41530000
1,
#41532000
0,
1*
#41534000
1,
#41536000
0,
0*
#41538000
1,
#41540000
0,
1*
#41542000
1,
#41544000
0,
0*
#41546000
1,
#41548000
0,
1*
#41550000
1,
#41552000
0,
0*
#41554000
1,
#41556000
0,
1*
#41558000
1,
#41560000
0,
0*
#41562000
1,
#41564000
0,
1*
#41566000
1,
#41568000
0,
0*
#41570000
1,
#41572000
0,
1*
#41574000
1,
#41576000
0,
0*
#41578000
1,
#41580000
0,
1*
#41582000
1,
#41584000
0,
0*
#41586000
1,
#41588000
0,
1*
#41590000
1,
#41592000
0,
0*
#41594000
1,
#41596000
0,
1*
#41598000
1,
#41600000
0,
0*
#41602000
1,
#41604000
0,
1*
#41606000
1,
#41608000
0,
0*
#41610000
1,
#41612000
0,
1*
#41614000
1,
#41616000
0,
0*
#41618000
1,
#41620000
0,
1*
#41622000
1,
#41624000
0,
0*
#41626000
1,
#41628000
0,
1*
#41630000
1,
#41632000
0,
0*
#41634000
1,
#41636000
0,
1*
#41638000
1,
#41640000
0,
0*
#41642000
1,
#41644000
0,
1*
#41646000
1,
#41648000
0,
0*
#41650000
1,
#41652000
0,
1*
#41654000
1,
#41656000
0,
0*
#41658000
1,
#41660000
0,
1*
#41662000
1,
#41664000
0,
0*
#41666000
1,
#41668000
0,
1*
#41670000
1,
#41672000
0,
0*
#41674000
1,
#41676000
0,
1*
#41678000
1,
#41680000
0,
0*
#41682000
1,
#41684000
0,
1*
#41686000
1,
#41688000
0,
0*
#41690000
1,
#41692000
0,
1*
#41694000
1,
#41696000
0,
0*
#41698000
1,
#41700000
0,
1*
#41702000
1,
#41704000
0,
0*
#41706000
1,
#41708000
0,
1*
#41710000
1,
#41712000
0,
0*
#41714000
1,
#41716000
0,
1*
#41718000
1,
#41720000
0,
0*
#41722000
1,
#41724000
0,
1*
#41726000
1,
#41728000
0,
0*
#41730000
1,
#41732000
0,
1*
#41734000
1,
#41736000
0,
0*
#41738000
1,
#41740000
0,
1*
#41742000
1,
#41744000
0,
0*
#41746000
1,
#41748000
0,
1*
#41750000
1,
#41752000
0,
0*
#41754000
1,
#41756000
0,
1*
#41758000
1,
#41760000
0,
0*
#41762000
1,
#41764000
0,
1*
#41766000
1,
#41768000
0,
0*
#41770000
1,
#41772000
0,
1*
#41774000
1,
#41776000
0,
0*
#41778000
1,
#41780000
0,
1*
#41782000
1,
#41784000
0,
0*
#41786000
1,
#41788000
0,
1*
#41790000
1,
#41792000
0,
0*
#41794000
1,
#41796000
0,
1*
#41798000
1,
#41800000
0,
0*
#41802000
1,
#41804000
0,
1*
#41806000
1,
#41808000
0,
0*
#41810000
1,
#41812000
0,
1*
#41814000
1,
#41816000
0,
0*
#41818000
1,
#41820000
0,
1*
1)
#41822000
b10110 L
b10111 K
b11010 O
b10 U
b110010 #
b110010 1
b110010 7
b110010 T
1!
1,
#41824000
0,
0*
#41826000
b1010 2
b1010 8
b1010 P
b10010 L
b10110 K
b110010 &
b110010 .
b110010 5
b110010 9
b11011 O
b11010 R
b10111 0
b10111 H
b10111 S
b11 U
b110011 #
b110011 1
b110011 7
b110011 T
1,
#41828000
b10111 I
0,
1*
#41830000
b1011 2
b1011 8
b1011 P
b10011 L
b10010 K
b100 U
b110100 #
b110100 1
b110100 7
b110100 T
b11100 O
b11011 R
b10110 0
b10110 H
b10110 S
1,
#41832000
0,
0*
#41834000
b1100 2
b1100 8
b1100 P
b10001 L
b10011 K
b11101 O
b11100 R
b10010 0
b10010 H
b10010 S
b101 U
b110101 #
b110101 1
b110101 7
b110101 T
1,
#41836000
1B
0?
b10111 3
b10111 >
b10111 J
b10010 I
0,
1*
#41838000
b1101 2
b1101 8
b1101 P
b10000 L
b10001 K
b110 U
b110110 #
b110110 1
b110110 7
b110110 T
b11110 O
b11101 R
b10011 0
b10011 H
b10011 S
1,
#41840000
0,
0*
#41842000
b1110 2
b1110 8
b1110 P
b0 L
b10000 K
b11111 O
b11110 R
b10001 0
b10001 H
b10001 S
b111 U
b110111 #
b110111 1
b110111 7
b110111 T
1,
#41844000
0%
1(
0B
b10010 3
b10010 >
b10010 J
b10001 I
0,
1*
#41846000
b1111 2
b1111 8
b1111 P
b1 L
b0 K
b1000 U
b111000 #
b111000 1
b111000 7
b111000 T
b0 O
b11111 R
b10000 0
b10000 H
b10000 S
1,
#41848000
0,
0*
#41850000
b0 2
b0 8
b0 P
b11 L
b1 K
b1 O
b0 R
b0 0
b0 H
b0 S
b1001 U
b111001 #
b111001 1
b111001 7
b111001 T
1,
#41852000
b10110 =
b10111 <
b11010 @
b10001 3
b10001 >
b10001 J
b0 I
0(
1$
0,
1*
#41854000
b1 2
b1 8
b1 P
b10 L
b11 K
b1010 U
b111010 #
b111010 1
b111010 7
b111010 T
b10 O
b1 R
b1 0
b1 H
b1 S
1,
#41856000
0,
0*
#41858000
b10 2
b10 8
b10 P
b110 L
b10 K
b11 O
b10 R
b11 0
b11 H
b11 S
b1011 U
b111011 #
b111011 1
b111011 7
b111011 T
1,
#41860000
b110011 &
b110011 .
b110011 5
b110011 9
b1010 6
b1010 :
b1010 A
b10010 =
b10110 <
b11011 @
b11010 C
b10111 4
b10111 D
b10111 E
b0 3
b0 >
b0 J
b11 I
0,
1*
#41862000
b11 2
b11 8
b11 P
b111 L
b110 K
b1100 U
b111100 #
b111100 1
b111100 7
b111100 T
b10111 F
b100 O
b11 R
b10 0
b10 H
b10 S
1,
#41864000
0,
0*
#41866000
b100 2
b100 8
b100 P
b101 L
b111 K
b101 O
b100 R
b110 0
b110 H
b110 S
b10111 /
b10111 G
b10111 M
b1101 U
b111101 #
b111101 1
b111101 7
b111101 T
1,
#41868000
b110100 &
b110100 .
b110100 5
b110100 9
b1011 6
b1011 :
b1011 A
b10011 =
b10010 <
b11 3
b11 >
b11 J
b110 I
b11100 @
b11011 C
b10110 4
b10110 D
b10110 E
0,
1*
#41870000
b101 2
b101 8
b101 P
b100 L
b101 K
b1110 U
b111110 #
b111110 1
b111110 7
b111110 T
b10110 F
b110 O
b101 R
b111 0
b111 H
b111 S
1,
#41872000
0,
0*
#41874000
b110 2
b110 8
b110 P
b1100 L
b100 K
b111 O
b110 R
b101 0
b101 H
b101 S
b10110 /
b10110 G
b10110 M
b1111 U
b111111 #
b111111 1
b111111 7
b111111 T
1,
#41876000
b110101 &
b110101 .
b110101 5
b110101 9
b1100 6
b1100 :
b1100 A
b10001 =
b10011 <
b11101 @
b11100 C
b10010 4
b10010 D
b10010 E
b110 3
b110 >
b110 J
b101 I
0,
1*
#41878000
b111 2
b111 8
b111 P
b1101 L
b1100 K
b0 U
b1000000 #
b1000000 1
b1000000 7
b1000000 T
b10010 F
b1000 O
b111 R
b100 0
b100 H
b100 S
1,
#41880000
0,
0*
#41882000
b1000 2
b1000 8
b1000 P
b1111 L
b1101 K
b1001 O
b1000 R
b1100 0
b1100 H
b1100 S
b10010 /
b10010 G
b10010 M
b1 U
b1000001 #
b1000001 1
b1000001 7
b1000001 T
1,
#41884000
b110110 &
b110110 .
b110110 5
b110110 9
b1101 6
b1101 :
b1101 A
b10000 =
b10001 <
b101 3
b101 >
b101 J
b1100 I
b11110 @
b11101 C
b10011 4
b10011 D
b10011 E
0,
1*
#41886000
b1001 2
b1001 8
b1001 P
b1110 L
b1111 K
b10 U
b1000010 #
b1000010 1
b1000010 7
b1000010 T
b10011 F
b1010 O
b1001 R
b1101 0
b1101 H
b1101 S
1,
#41888000
0,
0*
#41890000
b1010 2
b1010 8
b1010 P
b1010 L
b1110 K
b1011 O
b1010 R
b1111 0
b1111 H
b1111 S
b10011 /
b10011 G
b10011 M
b11 U
b1000011 #
b1000011 1
b1000011 7
b1000011 T
1,
#41892000
b110111 &
b110111 .
b110111 5
b110111 9
b1110 6
b1110 :
b1110 A
b0 =
b10000 <
b11111 @
b11110 C
b10001 4
b10001 D
b10001 E
b1100 3
b1100 >
b1100 J
b1111 I
0,
1*
#41894000
b1011 2
b1011 8
b1011 P
1Q
b1011 L
b1010 K
b100 U
b1000100 #
b1000100 1
b1000100 7
b1000100 T
b10001 F
b1100 O
b1011 R
b1110 0
b1110 H
b1110 S
1,
#41896000
0,
0*
#41898000
b1100 2
b1100 8
b1100 P
b1001 L
b1011 K
1Q
1'
b1101 O
b1100 R
b1010 0
b1010 H
b1010 S
b10001 /
b10001 G
b10001 M
b101 U
b1000101 #
b1000101 1
b1000101 7
b1000101 T
1,
#41900000
b111000 &
b111000 .
b111000 5
b111000 9
b1111 6
b1111 :
b1111 A
b1 =
0?
b0 <
b1111 3
b1111 >
b1111 J
b1010 I
b0 @
b11111 C
b10000 4
b10000 D
b10000 E
0,
1*
#41902000
1N
b1101 2
b1101 8
b1101 P
0Q
b1000 L
b1001 K
b110 U
b1000110 #
b1000110 1
b1000110 7
b1000110 T
b10000 F
b1110 O
b1101 R
b1011 0
b1011 H
b1011 S
1,
#41904000
0,
0*
#41906000
b1110 2
b1110 8
b1110 P
b1000 L
b1001 K
0N
1Q
1"
0'
b1110 O
b1110 R
b1001 0
b1001 H
b1001 S
b10000 /
b10000 G
b10000 M
b111 U
b1000111 #
b1000111 1
b1000111 7
b1000111 T
1,
#41908000
b111001 &
b111001 .
b111001 5
b111001 9
b0 6
b0 :
b0 A
b11 =
b1 <
b1 @
b0 C
b0 4
b0 D
b0 E
b1010 3
b1010 >
b1010 J
b1001 I
0,
1*
#41910000
0!
b0 F
0"
1'
1,
#41912000
0,
0*
#41914000
b11000 L
b1000 K
1Q
b1111 O
b0 /
b0 G
b0 M
b1000 U
b1001000 #
b1001000 1
b1001000 7
b1001000 T
1!
1,
#41916000
b111010 &
b111010 .
b111010 5
b111010 9
b1 6
b1 :
b1 A
b10 =
b11 <
b1001 3
b1001 >
b1001 J
b10 @
b1 C
b1 4
b1 D
b1 E
0,
1*
#41918000
1N
b1111 2
b1111 8
b1111 P
0Q
b11001 L
b11000 K
b1001 U
b1001001 #
b1001001 1
b1001001 7
b1001001 T
b1 F
b10000 O
b1111 R
b1000 0
b1000 H
b1000 S
1,
#41920000
0,
0*
#41922000
b0 2
b0 8
b0 P
b11001 L
b11000 K
0N
1Q
1"
0'
b10000 O
b10000 R
b11000 0
b11000 H
b11000 S
b1 /
b1 G
b1 M
b1010 U
b1001010 #
b1001010 1
b1001010 7
b1001010 T
1,
#41924000
b111011 &
b111011 .
b111011 5
b111011 9
b10 6
b10 :
b10 A
b110 =
b10 <
b11 @
b10 C
b11 4
b11 D
b11 E
b11000 I
0,
1*
#41926000
0!
b11 F
0"
1'
1,
#41928000
0,
0*
#41930000
b11011 L
b11001 K
b10001 O
1Q
b11 /
b11 G
b11 M
b1011 U
b1001011 #
b1001011 1
b1001011 7
b1001011 T
1!
1,
#41932000
b111100 &
b111100 .
b111100 5
b111100 9
b11 6
b11 :
b11 A
b111 =
b110 <
b11000 3
b11000 >
b11000 J
b100 @
b11 C
b10 4
b10 D
b10 E
0,
1*
#41934000
1N
b1 2
b1 8
b1 P
0Q
b11010 L
b11011 K
b1100 U
b1001100 #
b1001100 1
b1001100 7
b1001100 T
b10 F
b10010 O
b10001 R
b11001 0
b11001 H
b11001 S
1,
#41936000
0,
0*
#41938000
b10 2
b10 8
b10 P
b11010 L
b11011 K
0N
1Q
1"
0'
b10010 O
b10010 R
b11011 0
b11011 H
b11011 S
b10 /
b10 G
b10 M
b1101 U
b1001101 #
b1001101 1
b1001101 7
b1001101 T
1,
#41940000
b111101 &
b111101 .
b111101 5
b111101 9
b100 6
b100 :
b100 A
b101 =
b111 <
b101 @
b100 C
b110 4
b110 D
b110 E
b11011 I
0,
1*
#41942000
0!
b110 F
0"
1'
1,
#41944000
0,
0*
#41946000
b11110 L
b11010 K
b10011 O
1Q
b110 /
b110 G
b110 M
b1110 U
b1001110 #
b1001110 1
b1001110 7
b1001110 T
1!
1,
#41948000
b111110 &
b111110 .
b111110 5
b111110 9
b101 6
b101 :
b101 A
b100 =
b101 <
b11011 3
b11011 >
b11011 J
b110 @
b101 C
b111 4
b111 D
b111 E
0,
1*
#41950000
1N
b11 2
b11 8
b11 P
0Q
b11111 L
b11110 K
b1111 U
b1001111 #
b1001111 1
b1001111 7
b1001111 T
b111 F
b10100 O
b10011 R
b11010 0
b11010 H
b11010 S
1,
#41952000
0,
0*
#41954000
b100 2
b100 8
b100 P
b11111 L
b11110 K
0N
1Q
1"
0'
b10100 O
b10100 R
b11110 0
b11110 H
b11110 S
b111 /
b111 G
b111 M
b0 U
b1010000 #
b1010000 1
b1010000 7
b1010000 T
1,
#41956000
b111111 &
b111111 .
b111111 5
b111111 9
b110 6
b110 :
b110 A
b1100 =
b100 <
b111 @
b110 C
b101 4
b101 D
b101 E
b11110 I
0,
1*
#41958000
0!
b101 F
0"
1'
1,
#41960000
0,
0*
#41962000
b11101 L
b11111 K
b10101 O
1Q
b101 /
b101 G
b101 M
b1 U
b1010001 #
b1010001 1
b1010001 7
b1010001 T
1!
1,
#41964000
b1000000 &
b1000000 .
b1000000 5
b1000000 9
b111 6
b111 :
b111 A
b1101 =
b1100 <
b11110 3
b11110 >
b11110 J
b1000 @
b111 C
b100 4
b100 D
b100 E
0,
1*
#41966000
1N
b101 2
b101 8
b101 P
0Q
b11100 L
b11101 K
b10 U
b1010010 #
b1010010 1
b1010010 7
b1010010 T
b100 F
b10110 O
b10101 R
b11111 0
b11111 H
b11111 S
1,
#41968000
0,
0*
#41970000
b110 2
b110 8
b110 P
b11100 L
b11101 K
0N
1Q
1"
0'
b10110 O
b10110 R
b11101 0
b11101 H
b11101 S
b100 /
b100 G
b100 M
b11 U
b1010011 #
b1010011 1
b1010011 7
b1010011 T
1,
#41972000
b1000001 &
b1000001 .
b1000001 5
b1000001 9
b1000 6
b1000 :
b1000 A
b1111 =
b1101 <
b1001 @
b1000 C
b1100 4
b1100 D
b1100 E
b11101 I
0,
1*
#41974000
0!
b1100 F
0"
1'
1,
#41976000
0,
0*
#41978000
b10100 L
b11100 K
1Q
b10111 O
b1100 /
b1100 G
b1100 M
b100 U
b1010100 #
b1010100 1
b1010100 7
b1010100 T
1!
1,
#41980000
b1000010 &
b1000010 .
b1000010 5
b1000010 9
b1001 6
b1001 :
b1001 A
b1110 =
b1111 <
b11101 3
b11101 >
b11101 J
b1010 @
b1001 C
b1101 4
b1101 D
b1101 E
0,
1*
#41982000
1N
b111 2
b111 8
b111 P
0Q
b10101 L
b10100 K
b101 U
b1010101 #
b1010101 1
b1010101 7
b1010101 T
b1101 F
b11000 O
b10111 R
b11100 0
b11100 H
b11100 S
1,
#41984000
0,
0*
#41986000
b1000 2
b1000 8
b1000 P
b10101 L
b10100 K
0N
1Q
1"
0'
b11000 O
b11000 R
b10100 0
b10100 H
b10100 S
b1101 /
b1101 G
b1101 M
b110 U
b1010110 #
b1010110 1
b1010110 7
b1010110 T
1,
#41988000
b1000011 &
b1000011 .
b1000011 5
b1000011 9
b1010 6
b1010 :
b1010 A
b1010 =
b1110 <
b1011 @
b1010 C
b1111 4
b1111 D
b1111 E
b10100 I
0,
1*
#41990000
0!
b1111 F
0"
1'
1,
#41992000
0,
0*
#41994000
b10111 L
b10101 K
b11001 O
1Q
b1111 /
b1111 G
b1111 M
b111 U
b1010111 #
b1010111 1
b1010111 7
b1010111 T
1!
1,
#41996000
b1000100 &
b1000100 .
b1000100 5
b1000100 9
b1011 6
b1011 :
b1011 A
b1011 =
b1010 <
b10100 3
b10100 >
b10100 J
b1100 @
b1011 C
b1110 4
b1110 D
b1110 E
0,
1*
#41998000
1N
b1001 2
b1001 8
b1001 P
0Q
b10110 L
b10111 K
b1000 U
b1011000 #
b1011000 1
b1011000 7
b1011000 T
b1110 F
b11010 O
b11001 R
b10101 0
b10101 H
b10101 S
1,
#42000000
0,
0*
#42002000
b1010 2
b1010 8
b1010 P
b10110 L
b10111 K
0N
1Q
1"
0'
b11010 O
b11010 R
b10111 0
b10111 H
b10111 S
b1110 /
b1110 G
b1110 M
b1001 U
b1011001 #
b1011001 1
b1011001 7
b1011001 T
1,
#42004000
b1000101 &
b1000101 .
b1000101 5
b1000101 9
b1100 6
b1100 :
b1100 A
b1001 =
b1011 <
b1101 @
b1100 C
b1010 4
b1010 D
b1010 E
b10111 I
0,
1*
#42006000
0!
b1010 F
0"
1'
1,
#42008000
0,
0*
#42010000
b10010 L
b10110 K
b11011 O
1Q
b1010 /
b1010 G
b1010 M
b1010 U
b1011010 #
b1011010 1
b1011010 7
b1011010 T
1!
1,
#42012000
b1000110 &
b1000110 .
b1000110 5
b1000110 9
b1101 6
b1101 :
b1101 A
b1000 =
b1001 <
b10111 3
b10111 >
b10111 J
b1110 @
b1101 C
b1011 4
b1011 D
b1011 E
0,
1*
#42014000
1N
b1011 2
b1011 8
b1011 P
0Q
b10011 L
b10010 K
b1011 U
b1011011 #
b1011011 1
b1011011 7
b1011011 T
b1011 F
b11100 O
b11011 R
b10110 0
b10110 H
b10110 S
1,
#42016000
0,
0*
#42018000
b1100 2
b1100 8
b1100 P
b10011 L
b10010 K
0N
1Q
1"
0'
b11100 O
b11100 R
b10010 0
b10010 H
b10010 S
b1011 /
b1011 G
b1011 M
b1100 U
b1011100 #
b1011100 1
b1011100 7
b1011100 T
1,
#42020000
b1001000 &
b1001000 .
b1001000 5
b1001000 9
b1110 6
b1110 :
b1110 A
0B
b11000 =
b1000 <
b1111 @
b1110 C
b1001 4
b1001 D
b1001 E
b10010 I
0,
1*
0)
#42022000
0!
b1001 F
0"
1'
1,
#42024000
0,
0*
#42026000
0Q
b1001 /
b1001 G
b1001 M
1,
#42028000
b1001001 &
b1001001 .
b1001001 5
b1001001 9
b1111 6
b1111 :
b1111 A
b11001 =
b11000 <
b10010 3
b10010 >
b10010 J
b10000 @
b1111 C
b1000 4
b1000 D
b1000 E
0,
1*
#42030000
b1000 F
0'
1,
#42032000
0,
0*
#42034000
b1000 /
b1000 G
b1000 M
1,
#42036000
b1001011 &
b1001011 .
b1001011 5
b1001011 9
b0 6
b0 :
b0 A
b11011 =
b11001 <
b10001 @
b10000 C
b11000 4
b11000 D
b11000 E
0,
1*
#42038000
b11000 F
1,
#42040000
0,
0*
#42042000
b11000 /
b11000 G
b11000 M
1,
#42044000
b1001100 &
b1001100 .
b1001100 5
b1001100 9
b1 6
b1 :
b1 A
b11010 =
b11011 <
b10010 @
b10001 C
b11001 4
b11001 D
b11001 E
0,
1*
#42046000
b11001 F
1,
#42048000
0,
0*
#42050000
b11001 /
b11001 G
b11001 M
1,
#42052000
b1001110 &
b1001110 .
b1001110 5
b1001110 9
b10 6
b10 :
b10 A
b11110 =
b11010 <
b10011 @
b10010 C
b11011 4
b11011 D
b11011 E
0,
1*
#42054000
b11011 F
1,
#42056000
0,
0*
#42058000
b11011 /
b11011 G
b11011 M
1,
#42060000
b1001111 &
b1001111 .
b1001111 5
b1001111 9
b11 6
b11 :
b11 A
b11111 =
b11110 <
b10100 @
b10011 C
b11010 4
b11010 D
b11010 E
0,
1*
#42062000
b11010 F
1,
#42064000
0,
0*
#42066000
b11010 /
b11010 G
b11010 M
1,
#42068000
b1010001 &
b1010001 .
b1010001 5
b1010001 9
b100 6
b100 :
b100 A
b11101 =
b11111 <
b10101 @
b10100 C
b11110 4
b11110 D
b11110 E
0,
1*
#42070000
b11110 F
1,
#42072000
0,
0*
#42074000
b11110 /
b11110 G
b11110 M
1,
#42076000
b1010010 &
b1010010 .
b1010010 5
b1010010 9
b101 6
b101 :
b101 A
b11100 =
b11101 <
b10110 @
b10101 C
b11111 4
b11111 D
b11111 E
0,
1*
#42078000
b11111 F
1,
#42080000
0,
0*
#42082000
b11111 /
b11111 G
b11111 M
1,
#42084000
b1010100 &
b1010100 .
b1010100 5
b1010100 9
b110 6
b110 :
b110 A
b10100 =
b11100 <
b10111 @
b10110 C
b11101 4
b11101 D
b11101 E
0,
1*
#42086000
b11101 F
1,
#42088000
0,
0*
#42090000
b11101 /
b11101 G
b11101 M
1,
#42092000
b1010101 &
b1010101 .
b1010101 5
b1010101 9
b111 6
b111 :
b111 A
b10101 =
b10100 <
b11000 @
b10111 C
b11100 4
b11100 D
b11100 E
0,
1*
#42094000
b11100 F
1,
#42096000
0,
0*
#42098000
b11100 /
b11100 G
b11100 M
1,
#42100000
b1010111 &
b1010111 .
b1010111 5
b1010111 9
b1000 6
b1000 :
b1000 A
b10111 =
b10101 <
b11001 @
b11000 C
b10100 4
b10100 D
b10100 E
0,
1*
#42102000
b10100 F
1,
#42104000
0,
0*
#42106000
b10100 /
b10100 G
b10100 M
1,
#42108000
b1011000 &
b1011000 .
b1011000 5
b1011000 9
b1001 6
b1001 :
b1001 A
b10110 =
b10111 <
b11010 @
b11001 C
b10101 4
b10101 D
b10101 E
0,
1*
#42110000
b10101 F
1,
#42112000
0,
0*
#42114000
b10101 /
b10101 G
b10101 M
1,
#42116000
1B
b1011010 &
b1011010 .
b1011010 5
b1011010 9
b1010 6
b1010 :
b1010 A
b10010 =
b10110 <
b11011 @
b11010 C
b10111 4
b10111 D
b10111 E
0,
1*
#42118000
b10111 F
1,
#42120000
0,
0*
#42122000
b10111 /
b10111 G
b10111 M
1,
#42124000
1?
b1011011 &
b1011011 .
b1011011 5
b1011011 9
b1011 6
b1011 :
b1011 A
0B
b10011 =
b10010 <
b11100 @
b11011 C
b10110 4
b10110 D
b10110 E
1(
0,
1*
#42126000
b10110 F
1,
#42128000
0,
0*
#42130000
b10110 /
b10110 G
b10110 M
1,
#42132000
0B
b1000101 &
b1000101 .
b1000101 5
b1000101 9
b1100 6
b1100 :
b1100 A
b10011 =
1?
b10010 <
1%
0(
b11100 @
b11100 C
b10010 4
b10010 D
b10010 E
0,
1*
#42134000
b10010 F
1,
#42136000
0,
0*
#42138000
b10010 /
b10010 G
b10010 M
1,
#42140000
0$
0,
1*
#42142000
1,
#42144000
0,
0*
#42146000
1,
#42148000
0,
1*
#42150000
1,
#42152000
0,
0*
#42154000
1,
#42156000
0,
1*
#42158000
1,
#42160000
0,
0*
#42162000
1,
#42164000
0,
1*
#42166000
1,
#42168000
0,
0*
#42170000
1,
#42172000
0,
1*
#42174000
1,
#42176000
0,
0*
#42178000
1,
#42180000
0,
1*
#42182000
1,
#42184000
0,
0*
#42186000
1,
#42188000
0,
1*
#42190000
1,
#42192000
0,
0*
#42194000
1,
#42196000
0,
1*
#42198000
1,
#42200000
0,
0*
#42202000
1,
#42204000
0,
1*
#42206000
1,
#42208000
0,
0*
#42210000
1,
#42212000
0,
1*
#42214000
1,
#42216000
0,
0*
#42218000
1,
#42220000
0,
1*
#42222000
1,
#42224000
0,
0*
#42226000
1,
#42228000
0,
1*
#42230000
1,
#42232000
0,
0*
#42234000
1,
#42236000
0,
1*
#42238000
1,
#42240000
0,
0*
#42242000
1,
#42244000
0,
1*
#42246000
1,
#42248000
0,
0*
#42250000
1,
#42252000
0,
1*
#42254000
1,
#42256000
0,
0*
#42258000
1,
#42260000
0,
1*
#42262000
1,
#42264000
0,
0*
#42266000
1,
#42268000
0,
1*
#42270000
1,
#42272000
0,
0*
#42274000
1,
#42276000
0,
1*
#42278000
1,
#42280000
0,
0*
#42282000
1,
#42284000
0,
1*
#42286000
1,
#42288000
0,
0*
#42290000
1,
#42292000
0,
1*
#42294000
1,
#42296000
0,
0*
#42298000
1,
#42300000
0,
1*
#42302000
1,
#42304000
0,
0*
#42306000
1,
#42308000
0,
1*
#42310000
1,
#42312000
0,
0*
#42314000
1,
#42316000
0,
1*
#42318000
1,
#42320000
0,
0*
#42322000
1,
#42324000
0,
1*
#42326000
1,
#42328000
0,
0*
#42330000
1,
#42332000
0,
1*
#42334000
1,
#42336000
0,
0*
#42338000
1,
#42340000
0,
1*
#42342000
1,
#42344000
0,
0*
#42346000
1,
#42348000
0,
1*
#42350000
1,
#42352000
0,
0*
#42354000
1,
#42356000
0,
1*
#42358000
1,
#42360000
0,
0*
#42362000
1,
#42364000
0,
1*
#42366000
1,
#42368000
0,
0*
#42370000
1,
#42372000
0,
1*
#42374000
1,
#42376000
0,
0*
#42378000
1,
#42380000
0,
1*
#42382000
1,
#42384000
0,
0*
#42386000
1,
#42388000
0,
1*
#42390000
1,
#42392000
0,
0*
#42394000
1,
#42396000
0,
1*
#42398000
1,
#42400000
0,
0*
#42402000
1,
#42404000
0,
1*
#42406000
1,
#42408000
0,
0*
#42410000
1,
#42412000
0,
1*
#42414000
1,
#42416000
0,
0*
#42418000
1,
#42420000
0,
1*
#42422000
1,
#42424000
0,
0*
#42426000
1,
#42428000
0,
1*
#42430000
1,
#42432000
0,
0*
#42434000
1,
#42436000
0,
1*
#42438000
1,
#42440000
0,
0*
#42442000
1,
#42444000
0,
1*
#42446000
1,
#42448000
0,
0*
#42450000
1,
#42452000
0,
1*
#42454000
1,
#42456000
0,
0*
#42458000
1,
#42460000
0,
1*
#42462000
1,
#42464000
0,
0*
#42466000
1,
#42468000
0,
1*
#42470000
1,
#42472000
0,
0*
#42474000
1,
#42476000
0,
1*
#42478000
1,
#42480000
0,
0*
#42482000
1,
#42484000
0,
1*
#42486000
1,
#42488000
0,
0*
#42490000
1,
#42492000
0,
1*
#42494000
1,
#42496000
0,
0*
#42498000
1,
#42500000
0,
1*
#42502000
1,
#42504000
0,
0*
#42506000
1,
#42508000
0,
1*
#42510000
1,
#42512000
0,
0*
#42514000
1,
#42516000
0,
1*
#42518000
1,
#42520000
0,
0*
#42522000
1,
#42524000
0,
1*
#42526000
1,
#42528000
0,
0*
#42530000
1,
#42532000
0,
1*
#42534000
1,
#42536000
0,
0*
#42538000
1,
#42540000
0,
1*
#42542000
1,
#42544000
0,
0*
#42546000
1,
#42548000
0,
1*
#42550000
1,
#42552000
0,
0*
#42554000
1,
#42556000
0,
1*
#42558000
1,
#42560000
0,
0*
#42562000
1,
#42564000
0,
1*
#42566000
1,
#42568000
0,
0*
#42570000
1,
#42572000
0,
1*
#42574000
1,
#42576000
0,
0*
#42578000
1,
#42580000
0,
1*
#42582000
1,
#42584000
0,
0*
#42586000
1,
#42588000
0,
1*
#42590000
1,
#42592000
0,
0*
#42594000
1,
#42596000
0,
1*
#42598000
1,
#42600000
0,
0*
#42602000
1,
#42604000
0,
1*
#42606000
1,
#42608000
0,
0*
#42610000
1,
#42612000
0,
1*
#42614000
1,
#42616000
0,
0*
#42618000
1,
#42620000
0,
1*
#42622000
1,
#42624000
0,
0*
#42626000
1,
#42628000
0,
1*
#42630000
1,
#42632000
0,
0*
#42634000
1,
#42636000
0,
1*
#42638000
1,
#42640000
0,
0*
#42642000
1,
#42644000
0,
1*
#42646000
1,
#42648000
0,
0*
#42650000
1,
#42652000
0,
1*
#42654000
1,
#42656000
0,
0*
#42658000
1,
#42660000
0,
1*
#42662000
1,
#42664000
0,
0*
#42666000
1,
#42668000
0,
1*
#42670000
1,
#42672000
0,
0*
#42674000
1,
#42676000
0,
1*
#42678000
1,
#42680000
0,
0*
#42682000
1,
#42684000
0,
1*
#42686000
1,
#42688000
0,
0*
#42690000
1,
#42692000
0,
1*
#42694000
1,
#42696000
0,
0*
#42698000
1,
#42700000
0,
1*
#42702000
1,
#42704000
0,
0*
#42706000
1,
#42708000
0,
1*
#42710000
1,
#42712000
0,
0*
#42714000
1,
#42716000
0,
1*
#42718000
1,
#42720000
0,
0*
#42722000
1,
#42724000
0,
1*
#42726000
1,
#42728000
0,
0*
#42730000
1,
#42732000
0,
1*
#42734000
1,
#42736000
0,
0*
#42738000
1,
#42740000
0,
1*
#42742000
1,
#42744000
0,
0*
#42746000
1,
#42748000
0,
1*
#42750000
1,
#42752000
0,
0*
#42754000
1,
#42756000
0,
1*
#42758000
1,
#42760000
0,
0*
#42762000
1,
#42764000
0,
1*
#42766000
1,
#42768000
0,
0*
#42770000
1,
#42772000
0,
1*
#42774000
1,
#42776000
0,
0*
#42778000
1,
#42780000
0,
1*
#42782000
1,
#42784000
0,
0*
#42786000
1,
#42788000
0,
1*
#42790000
1,
#42792000
0,
0*
#42794000
1,
#42796000
0,
1*
#42798000
1,
#42800000
0,
0*
#42802000
1,
#42804000
0,
1*
#42806000
1,
#42808000
0,
0*
#42810000
1,
#42812000
0,
1*
#42814000
1,
#42816000
0,
0*
#42818000
1,
#42820000
0,
1*
#42822000
1,
#42824000
0,
0*
#42826000
1,
#42828000
0,
1*
#42830000
1,
#42832000
0,
0*
#42834000
1,
#42836000
0,
1*
#42838000
1,
#42840000
0,
0*
#42842000
1,
#42844000
0,
1*
#42846000
1,
#42848000
0,
0*
#42850000
1,
#42852000
0,
1*
#42854000
1,
#42856000
0,
0*
#42858000
1,
#42860000
0,
1*
#42862000
1,
#42864000
0,
0*
#42866000
1,
#42868000
0,
1*
#42870000
1,
#42872000
0,
0*
#42874000
1,
#42876000
0,
1*
#42878000
1,
#42880000
0,
0*
#42882000
1,
#42884000
0,
1*
#42886000
1,
#42888000
0,
0*
#42890000
1,
#42892000
0,
1*
#42894000
1,
#42896000
0,
0*
#42898000
1,
#42900000
0,
1*
#42902000
1,
#42904000
0,
0*
#42906000
1,
#42908000
0,
1*
#42910000
1,
#42912000
0,
0*
#42914000
1,
#42916000
0,
1*
#42918000
1,
#42920000
0,
0*
#42922000
1,
#42924000
0,
1*
#42926000
1,
#42928000
0,
0*
#42930000
1,
#42932000
0,
1*
#42934000
1,
#42936000
0,
0*
#42938000
1,
#42940000
0,
1*
#42942000
1,
#42944000
0,
0*
#42946000
1,
#42948000
0,
1*
#42950000
1,
#42952000
0,
0*
#42954000
1,
#42956000
0,
1*
#42958000
1,
#42960000
0,
0*
#42962000
1,
#42964000
0,
1*
#42966000
1,
#42968000
0,
0*
#42970000
1,
#42972000
0,
1*
#42974000
1,
#42976000
0,
0*
#42978000
1,
#42980000
0,
1*
#42982000
1,
#42984000
0,
0*
#42986000
1,
#42988000
0,
1*
#42990000
1,
#42992000
0,
0*
#42994000
1,
#42996000
0,
1*
#42998000
1,
#43000000
0,
0*
#43002000
1,
#43004000
0,
1*
#43006000
1,
#43008000
0,
0*
#43010000
1,
#43012000
0,
1*
#43014000
1,
#43016000
0,
0*
#43018000
1,
#43020000
0,
1*
#43022000
1,
#43024000
0,
0*
#43026000
1,
#43028000
0,
1*
#43030000
1,
#43032000
0,
0*
#43034000
1,
#43036000
0,
1*
#43038000
1,
#43040000
0,
0*
#43042000
1,
#43044000
0,
1*
#43046000
1,
#43048000
0,
0*
#43050000
1,
#43052000
0,
1*
#43054000
1,
#43056000
0,
0*
#43058000
1,
#43060000
0,
1*
#43062000
1,
#43064000
0,
0*
#43066000
1,
#43068000
0,
1*
#43070000
1,
#43072000
0,
0*
#43074000
1,
#43076000
0,
1*
#43078000
1,
#43080000
0,
0*
#43082000
1,
#43084000
0,
1*
#43086000
1,
#43088000
0,
0*
#43090000
1,
#43092000
0,
1*
#43094000
1,
#43096000
0,
0*
#43098000
1,
#43100000
0,
1*
#43102000
1,
#43104000
0,
0*
#43106000
1,
#43108000
0,
1*
#43110000
1,
#43112000
0,
0*
#43114000
1,
#43116000
0,
1*
#43118000
1,
#43120000
0,
0*
#43122000
1,
#43124000
0,
1*
#43126000
1,
#43128000
0,
0*
#43130000
1,
#43132000
0,
1*
#43134000
1,
#43136000
0,
0*
#43138000
1,
#43140000
0,
1*
#43142000
1,
#43144000
0,
0*
#43146000
1,
#43148000
0,
1*
#43150000
1,
#43152000
0,
0*
#43154000
1,
#43156000
0,
1*
#43158000
1,
#43160000
0,
0*
#43162000
1,
#43164000
0,
1*
#43166000
1,
#43168000
0,
0*
#43170000
1,
#43172000
0,
1*
#43174000
1,
#43176000
0,
0*
#43178000
1,
#43180000
0,
1*
#43182000
1,
#43184000
0,
0*
#43186000
1,
#43188000
0,
1*
#43190000
1,
#43192000
0,
0*
#43194000
1,
#43196000
0,
1*
#43198000
1,
#43200000
0,
0*
#43202000
1,
#43204000
0,
1*
#43206000
1,
#43208000
0,
0*
#43210000
1,
#43212000
0,
1*
#43214000
1,
#43216000
0,
0*
#43218000
1,
#43220000
0,
1*
#43222000
1,
#43224000
0,
0*
#43226000
1,
#43228000
0,
1*
#43230000
1,
#43232000
0,
0*
#43234000
1,
#43236000
0,
1*
#43238000
1,
#43240000
0,
0*
#43242000
1,
#43244000
0,
1*
#43246000
1,
#43248000
0,
0*
#43250000
1,
#43252000
0,
1*
#43254000
1,
#43256000
0,
0*
#43258000
1,
#43260000
0,
1*
#43262000
1,
#43264000
0,
0*
#43266000
1,
#43268000
0,
1*
#43270000
1,
#43272000
0,
0*
#43274000
1,
#43276000
0,
1*
#43278000
1,
#43280000
0,
0*
#43282000
1,
#43284000
0,
1*
#43286000
1,
#43288000
0,
0*
#43290000
1,
#43292000
0,
1*
#43294000
1,
#43296000
0,
0*
#43298000
1,
#43300000
0,
1*
#43302000
1,
#43304000
0,
0*
#43306000
1,
#43308000
0,
1*
#43310000
1,
#43312000
0,
0*
#43314000
1,
#43316000
0,
1*
#43318000
1,
#43320000
0,
0*
#43322000
1,
#43324000
0,
1*
#43326000
1,
#43328000
0,
0*
#43330000
1,
#43332000
0,
1*
#43334000
1,
#43336000
0,
0*
#43338000
1,
#43340000
0,
1*
#43342000
1,
#43344000
0,
0*
#43346000
1,
#43348000
0,
1*
#43350000
1,
#43352000
0,
0*
#43354000
1,
#43356000
0,
1*
#43358000
1,
#43360000
0,
0*
#43362000
1,
#43364000
0,
1*
#43366000
1,
#43368000
0,
0*
#43370000
1,
#43372000
0,
1*
#43374000
1,
#43376000
0,
0*
#43378000
1,
#43380000
0,
1*
#43382000
1,
#43384000
0,
0*
#43386000
1,
#43388000
0,
1*
#43390000
1,
#43392000
0,
0*
#43394000
1,
#43396000
0,
1*
#43398000
1,
#43400000
0,
0*
#43402000
1,
#43404000
0,
1*
#43406000
1,
#43408000
0,
0*
#43410000
1,
#43412000
0,
1*
#43414000
1,
#43416000
0,
0*
#43418000
1,
#43420000
0,
1*
#43422000
1,
#43424000
0,
0*
#43426000
1,
#43428000
0,
1*
#43430000
1,
#43432000
0,
0*
#43434000
1,
#43436000
0,
1*
#43438000
1,
#43440000
0,
0*
#43442000
1,
#43444000
0,
1*
#43446000
1,
#43448000
0,
0*
#43450000
1,
#43452000
0,
1*
#43454000
1,
#43456000
0,
0*
#43458000
1,
#43460000
0,
1*
#43462000
1,
#43464000
0,
0*
#43466000
1,
#43468000
0,
1*
#43470000
1,
#43472000
0,
0*
#43474000
1,
#43476000
0,
1*
#43478000
1,
#43480000
0,
0*
#43482000
1,
#43484000
0,
1*
#43486000
1,
#43488000
0,
0*
#43490000
1,
#43492000
0,
1*
#43494000
1,
#43496000
0,
0*
#43498000
1,
#43500000
0,
1*
#43502000
1,
#43504000
0,
0*
#43506000
1,
#43508000
0,
1*
#43510000
1,
#43512000
0,
0*
#43514000
1,
#43516000
0,
1*
#43518000
1,
#43520000
0,
0*
#43522000
1,
#43524000
0,
1*
#43526000
1,
#43528000
0,
0*
#43530000
1,
#43532000
0,
1*
#43534000
1,
#43536000
0,
0*
#43538000
1,
#43540000
0,
1*
#43542000
1,
#43544000
0,
0*
#43546000
1,
#43548000
0,
1*
#43550000
1,
#43552000
0,
0*
#43554000
1,
#43556000
0,
1*
#43558000
1,
#43560000
0,
0*
#43562000
1,
#43564000
0,
1*
#43566000
1,
#43568000
0,
0*
#43570000
1,
#43572000
0,
1*
#43574000
1,
#43576000
0,
0*
#43578000
1,
#43580000
0,
1*
#43582000
1,
#43584000
0,
0*
#43586000
1,
#43588000
0,
1*
#43590000
1,
#43592000
0,
0*
#43594000
1,
#43596000
0,
1*
#43598000
1,
#43600000
0,
0*
#43602000
1,
#43604000
0,
1*
#43606000
1,
#43608000
0,
0*
#43610000
1,
#43612000
0,
1*
#43614000
1,
#43616000
0,
0*
#43618000
1,
#43620000
0,
1*
#43622000
1,
#43624000
0,
0*
#43626000
1,
#43628000
0,
1*
#43630000
1,
#43632000
0,
0*
#43634000
1,
#43636000
0,
1*
#43638000
1,
#43640000
0,
0*
#43642000
1,
#43644000
0,
1*
#43646000
1,
#43648000
0,
0*
#43650000
1,
#43652000
0,
1*
#43654000
1,
#43656000
0,
0*
#43658000
1,
#43660000
0,
1*
#43662000
1,
#43664000
0,
0*
#43666000
1,
#43668000
0,
1*
#43670000
1,
#43672000
0,
0*
#43674000
1,
#43676000
0,
1*
#43678000
1,
#43680000
0,
0*
#43682000
1,
#43684000
0,
1*
#43686000
1,
#43688000
0,
0*
#43690000
1,
#43692000
0,
1*
#43694000
1,
#43696000
0,
0*
#43698000
1,
#43700000
0,
1*
#43702000
1,
#43704000
0,
0*
#43706000
1,
#43708000
0,
1*
#43710000
1,
#43712000
0,
0*
#43714000
1,
#43716000
0,
1*
#43718000
1,
#43720000
0,
0*
#43722000
1,
#43724000
0,
1*
#43726000
1,
#43728000
0,
0*
#43730000
1,
#43732000
0,
1*
#43734000
1,
#43736000
0,
0*
#43738000
1,
#43740000
0,
1*
#43742000
1,
#43744000
0,
0*
#43746000
1,
#43748000
0,
1*
#43750000
1,
#43752000
0,
0*
#43754000
1,
#43756000
0,
1*
#43758000
1,
#43760000
0,
0*
#43762000
1,
#43764000
0,
1*
#43766000
1,
#43768000
0,
0*
#43770000
1,
#43772000
0,
1*
#43774000
1,
#43776000
0,
0*
#43778000
1,
#43780000
0,
1*
#43782000
1,
#43784000
0,
0*
#43786000
1,
#43788000
0,
1*
#43790000
1,
#43792000
0,
0*
#43794000
1,
#43796000
0,
1*
#43798000
1,
#43800000
0,
0*
#43802000
1,
#43804000
0,
1*
#43806000
1,
#43808000
0,
0*
#43810000
1,
#43812000
0,
1*
#43814000
1,
#43816000
0,
0*
#43818000
1,
#43820000
0,
1*
#43822000
1,
#43824000
0,
0*
#43826000
1,
#43828000
0,
1*
#43830000
1,
#43832000
0,
0*
#43834000
1,
#43836000
0,
1*
#43838000
1,
#43840000
0,
0*
#43842000
1,
#43844000
0,
1*
#43846000
1,
#43848000
0,
0*
#43850000
1,
#43852000
0,
1*
#43854000
1,
#43856000
0,
0*
#43858000
1,
#43860000
0,
1*
#43862000
1,
#43864000
0,
0*
#43866000
1,
#43868000
0,
1*
#43870000
1,
#43872000
0,
0*
#43874000
1,
#43876000
0,
1*
#43878000
1,
#43880000
0,
0*
#43882000
1,
#43884000
0,
1*
#43886000
1,
#43888000
0,
0*
#43890000
1,
#43892000
0,
1*
#43894000
1,
#43896000
0,
0*
#43898000
1,
#43900000
0,
1*
#43902000
1,
#43904000
0,
0*
#43906000
1,
#43908000
0,
1*
#43910000
1,
#43912000
0,
0*
#43914000
1,
#43916000
0,
1*
#43918000
1,
#43920000
0,
0*
#43922000
1,
#43924000
0,
1*
#43926000
1,
#43928000
0,
0*
#43930000
1,
#43932000
0,
1*
#43934000
1,
#43936000
0,
0*
#43938000
1,
#43940000
0,
1*
#43942000
1,
#43944000
0,
0*
#43946000
1,
#43948000
0,
1*
#43950000
1,
#43952000
0,
0*
#43954000
1,
#43956000
0,
1*
#43958000
1,
#43960000
0,
0*
#43962000
1,
#43964000
0,
1*
#43966000
1,
#43968000
0,
0*
#43970000
1,
#43972000
0,
1*
#43974000
1,
#43976000
0,
0*
#43978000
1,
#43980000
0,
1*
#43982000
1,
#43984000
0,
0*
#43986000
1,
#43988000
0,
1*
#43990000
1,
#43992000
0,
0*
#43994000
1,
#43996000
0,
1*
#43998000
1,
#44000000
0,
0*
#44002000
1,
#44004000
0,
1*
#44006000
1,
#44008000
0,
0*
#44010000
1,
#44012000
0,
1*
#44014000
1,
#44016000
0,
0*
#44018000
1,
#44020000
0,
1*
1)
#44022000
b10001 L
b10011 K
b11101 O
b1101 U
b1011101 #
b1011101 1
b1011101 7
b1011101 T
1!
1,
#44024000
0,
0*
#44026000
b1101 2
b1101 8
b1101 P
b10000 L
b10001 K
b1011101 &
b1011101 .
b1011101 5
b1011101 9
b11110 O
b11101 R
b10011 0
b10011 H
b10011 S
b1110 U
b1011110 #
b1011110 1
b1011110 7
b1011110 T
1,
#44028000
b10011 I
0,
1*
#44030000
b1110 2
b1110 8
b1110 P
b0 L
b10000 K
b1111 U
b1011111 #
b1011111 1
b1011111 7
b1011111 T
b11111 O
b11110 R
b10001 0
b10001 H
b10001 S
1,
#44032000
0,
0*
#44034000
b1111 2
b1111 8
b1111 P
b1 L
b0 K
b0 O
b11111 R
b10000 0
b10000 H
b10000 S
b0 U
b1100000 #
b1100000 1
b1100000 7
b1100000 T
1,
#44036000
1B
0?
b10011 3
b10011 >
b10011 J
b10000 I
0,
1*
#44038000
b0 2
b0 8
b0 P
b11 L
b1 K
b1 U
b1100001 #
b1100001 1
b1100001 7
b1100001 T
b1 O
b0 R
b0 0
b0 H
b0 S
1,
#44040000
0,
0*
#44042000
b1 2
b1 8
b1 P
b10 L
b11 K
b10 O
b1 R
b1 0
b1 H
b1 S
b10 U
b1100010 #
b1100010 1
b1100010 7
b1100010 T
1,
#44044000
0B
b10000 3
b10000 >
b10000 J
b1 I
0%
1(
0,
1*
#44046000
b10 2
b10 8
b10 P
b110 L
b10 K
b11 U
b1100011 #
b1100011 1
b1100011 7
b1100011 T
b11 O
b10 R
b11 0
b11 H
b11 S
1,
#44048000
0,
0*
#44050000
b11 2
b11 8
b11 P
b111 L
b110 K
b100 O
b11 R
b10 0
b10 H
b10 S
b100 U
b1100100 #
b1100100 1
b1100100 7
b1100100 T
1,
#44052000
b10001 =
b10011 <
b11101 @
1$
0(
b1 3
b1 >
b1 J
b10 I
0,
1*
#44054000
b100 2
b100 8
b100 P
b101 L
b111 K
b101 U
b1100101 #
b1100101 1
b1100101 7
b1100101 T
b101 O
b100 R
b110 0
b110 H
b110 S
1,
#44056000
0,
0*
#44058000
b101 2
b101 8
b101 P
b100 L
b101 K
b110 O
b101 R
b111 0
b111 H
b111 S
b110 U
b1100110 #
b1100110 1
b1100110 7
b1100110 T
1,
#44060000
b1011110 &
b1011110 .
b1011110 5
b1011110 9
b1101 6
b1101 :
b1101 A
b10000 =
b10001 <
b10 3
b10 >
b10 J
b111 I
b11110 @
b11101 C
b10011 4
b10011 D
b10011 E
0,
1*
#44062000
b110 2
b110 8
b110 P
b1100 L
b100 K
b111 U
b1100111 #
b1100111 1
b1100111 7
b1100111 T
b10011 F
b111 O
b110 R
b101 0
b101 H
b101 S
1,
#44064000
0,
0*
#44066000
b111 2
b111 8
b111 P
b1101 L
0N
b1100 K
b1000 O
b111 R
b100 0
b100 H
b100 S
b10011 /
b10011 G
b10011 M
b1000 U
b1101000 #
b1101000 1
b1101000 7
b1101000 T
1,
#44068000
b1011111 &
b1011111 .
b1011111 5
b1011111 9
b1110 6
b1110 :
b1110 A
b0 =
b10000 <
b11111 @
b11110 C
b10001 4
b10001 D
b10001 E
b111 3
b111 >
b111 J
b100 I
0,
1*
#44070000
b1000 2
b1000 8
b1000 P
b1111 L
b1101 K
b1001 U
b1101001 #
b1101001 1
b1101001 7
b1101001 T
b10001 F
b1001 O
b1000 R
b1100 0
b1100 H
b1100 S
1,
#44072000
0,
0*
#44074000
b1001 2
b1001 8
b1001 P
b1110 L
b1111 K
b1010 O
b1001 R
b1101 0
b1101 H
b1101 S
b10001 /
b10001 G
b10001 M
b1010 U
b1101010 #
b1101010 1
b1101010 7
b1101010 T
1,
#44076000
b1100000 &
b1100000 .
b1100000 5
b1100000 9
b1111 6
b1111 :
b1111 A
b1 =
b0 <
b100 3
b100 >
b100 J
b1101 I
b0 @
b11111 C
b10000 4
b10000 D
b10000 E
0,
1*
#44078000
b1010 2
b1010 8
b1010 P
0Q
b1010 L
b1110 K
b1011 U
b1101011 #
b1101011 1
b1101011 7
b1101011 T
b10000 F
b1011 O
b1010 R
b1111 0
b1111 H
b1111 S
1,
#44080000
0,
0*
#44082000
b1011 2
b1011 8
b1011 P
b1011 L
b1010 K
b1100 O
b1011 R
b1110 0
b1110 H
b1110 S
b10000 /
b10000 G
b10000 M
b1100 U
b1101100 #
b1101100 1
b1101100 7
b1101100 T
1,
#44084000
b1100001 &
b1100001 .
b1100001 5
b1100001 9
b0 6
b0 :
b0 A
b11 =
b1 <
b1 @
b0 C
b0 4
b0 D
b0 E
b1101 3
b1101 >
b1101 J
b1110 I
0,
1*
#44086000
b1100 2
b1100 8
b1100 P
0Q
b1001 L
b1011 K
b1101 U
b1101101 #
b1101101 1
b1101101 7
b1101101 T
b0 F
b1101 O
b1100 R
b1010 0
b1010 H
b1010 S
1,
#44088000
0,
0*
#44090000
b1101 2
b1101 8
b1101 P
0Q
b1000 L
0N
b1001 K
b1110 O
b1101 R
b1011 0
b1011 H
b1011 S
b0 /
b0 G
b0 M
b1110 U
b1101110 #
b1101110 1
b1101110 7
b1101110 T
1,
#44092000
b1100010 &
b1100010 .
b1100010 5
b1100010 9
b1 6
b1 :
b1 A
b10 =
b11 <
b1110 3
b1110 >
b1110 J
b1011 I
b10 @
b1 C
b1 4
b1 D
b1 E
0,
1*
#44094000
1Q
b1110 2
b1110 8
b1110 P
b11000 L
b1000 K
b1111 U
b1101111 #
b1101111 1
b1101111 7
b1101111 T
b1 F
b1111 O
b1110 R
b1001 0
b1001 H
b1001 S
1,
#44096000
0,
0*
#44098000
b1111 2
b1111 8
b1111 P
b11001 L
b11000 K
1Q
1'
b10000 O
b1111 R
b1000 0
b1000 H
b1000 S
b1 /
b1 G
b1 M
b0 U
b1110000 #
b1110000 1
b1110000 7
b1110000 T
1,
#44100000
b1100011 &
b1100011 .
b1100011 5
b1100011 9
b10 6
b10 :
b10 A
b110 =
b10 <
b11 @
b10 C
b11 4
b11 D
b11 E
b1011 3
b1011 >
b1011 J
b1000 I
0,
1*
#44102000
b0 2
b0 8
b0 P
0Q
b11011 L
1N
b11001 K
b1 U
b1110001 #
b1110001 1
b1110001 7
b1110001 T
b11 F
b10001 O
b10000 R
b11000 0
b11000 H
b11000 S
1,
#44104000
0,
0*
#44106000
b1 2
b1 8
b1 P
b11011 L
b11001 K
0N
1Q
1"
0'
b10001 O
b10001 R
b11001 0
b11001 H
b11001 S
b11 /
b11 G
b11 M
b10 U
b1110010 #
b1110010 1
b1110010 7
b1110010 T
1,
#44108000
b1100100 &
b1100100 .
b1100100 5
b1100100 9
b11 6
b11 :
b11 A
b111 =
b110 <
b1000 3
b1000 >
b1000 J
b11001 I
b100 @
b11 C
b10 4
b10 D
b10 E
0,
1*
#44110000
0!
b10 F
0"
1'
1,
#44112000
0,
0*
#44114000
b11010 L
0N
b11011 K
b10010 O
1Q
b10 /
b10 G
b10 M
b11 U
b1110011 #
b1110011 1
b1110011 7
b1110011 T
1!
1,
#44116000
b1100101 &
b1100101 .
b1100101 5
b1100101 9
b100 6
b100 :
b100 A
b101 =
b111 <
b101 @
b100 C
b110 4
b110 D
b110 E
b11001 3
b11001 >
b11001 J
0,
1*
#44118000
b10 2
b10 8
b10 P
0Q
b11110 L
1N
b11010 K
b100 U
b1110100 #
b1110100 1
b1110100 7
b1110100 T
b110 F
b10011 O
b10010 R
b11011 0
b11011 H
b11011 S
1,
#44120000
0,
0*
#44122000
b11 2
b11 8
b11 P
b11110 L
b11010 K
0N
1Q
1"
0'
b10011 O
b10011 R
b11010 0
b11010 H
b11010 S
b110 /
b110 G
b110 M
b101 U
b1110101 #
b1110101 1
b1110101 7
b1110101 T
1,
#44124000
b1100110 &
b1100110 .
b1100110 5
b1100110 9
b101 6
b101 :
b101 A
b100 =
b101 <
b11010 I
b110 @
b101 C
b111 4
b111 D
b111 E
0,
1*
#44126000
0!
b111 F
0"
1'
1,
#44128000
0,
0*
#44130000
b11111 L
b11110 K
b10100 O
1Q
b111 /
b111 G
b111 M
b110 U
b1110110 #
b1110110 1
b1110110 7
b1110110 T
1!
1,
#44132000
b1100111 &
b1100111 .
b1100111 5
b1100111 9
b110 6
b110 :
b110 A
b1100 =
b100 <
b111 @
b110 C
b101 4
b101 D
b101 E
b11010 3
b11010 >
b11010 J
0,
1*
#44134000
b100 2
b100 8
b100 P
0Q
b11101 L
1N
b11111 K
b111 U
b1110111 #
b1110111 1
b1110111 7
b1110111 T
b101 F
b10101 O
b10100 R
b11110 0
b11110 H
b11110 S
1,
#44136000
0,
0*
#44138000
b101 2
b101 8
b101 P
b11101 L
b11111 K
0N
1Q
1"
0'
b10101 O
b10101 R
b11111 0
b11111 H
b11111 S
b101 /
b101 G
b101 M
b1000 U
b1111000 #
b1111000 1
b1111000 7
b1111000 T
1,
#44140000
b1101000 &
b1101000 .
b1101000 5
b1101000 9
b111 6
b111 :
b111 A
b1101 =
b1100 <
b11111 I
b1000 @
b111 C
b100 4
b100 D
b100 E
0,
1*
#44142000
0!
b100 F
0"
1'
1,
#44144000
0,
0*
#44146000
b11100 L
0N
b11101 K
b10110 O
1Q
b100 /
b100 G
b100 M
b1001 U
b1111001 #
b1111001 1
b1111001 7
b1111001 T
1!
1,
#44148000
b1101001 &
b1101001 .
b1101001 5
b1101001 9
b1000 6
b1000 :
b1000 A
b1111 =
b1101 <
b1001 @
b1000 C
b1100 4
b1100 D
b1100 E
b11111 3
b11111 >
b11111 J
0,
1*
#44150000
b110 2
b110 8
b110 P
0Q
b10100 L
1N
b11100 K
b1010 U
b1111010 #
b1111010 1
b1111010 7
b1111010 T
b1100 F
b10111 O
b10110 R
b11101 0
b11101 H
b11101 S
1,
#44152000
0,
0*
#44154000
1Q
b111 2
b111 8
b111 P
b10100 L
0N
b11100 K
1"
0'
b10111 O
b10111 R
b11100 0
b11100 H
b11100 S
b1100 /
b1100 G
b1100 M
b1011 U
b1111011 #
b1111011 1
b1111011 7
b1111011 T
1,
#44156000
b1101010 &
b1101010 .
b1101010 5
b1101010 9
b1001 6
b1001 :
b1001 A
b1110 =
b1111 <
b11100 I
b1010 @
b1001 C
b1101 4
b1101 D
b1101 E
0,
1*
#44158000
0!
b1101 F
0"
1'
1,
#44160000
0,
0*
#44162000
b10101 L
b10100 K
b11000 O
1Q
b1101 /
b1101 G
b1101 M
b1100 U
b1111100 #
b1111100 1
b1111100 7
b1111100 T
1!
1,
#44164000
b1101011 &
b1101011 .
b1101011 5
b1101011 9
b1010 6
b1010 :
b1010 A
b1010 =
b1110 <
b1011 @
b1010 C
b1111 4
b1111 D
b1111 E
b11100 3
b11100 >
b11100 J
0,
1*
#44166000
b1000 2
b1000 8
b1000 P
0Q
b10111 L
1N
b10101 K
b1101 U
b1111101 #
b1111101 1
b1111101 7
b1111101 T
b1111 F
b11001 O
b11000 R
b10100 0
b10100 H
b10100 S
1,
#44168000
0,
0*
#44170000
b1001 2
b1001 8
b1001 P
b10111 L
b10101 K
0N
1Q
1"
0'
b11001 O
b11001 R
b10101 0
b10101 H
b10101 S
b1111 /
b1111 G
b1111 M
b1110 U
b1111110 #
b1111110 1
b1111110 7
b1111110 T
1,
#44172000
b1101100 &
b1101100 .
b1101100 5
b1101100 9
b1011 6
b1011 :
b1011 A
b1011 =
b1010 <
b10101 I
b1100 @
b1011 C
b1110 4
b1110 D
b1110 E
0,
1*
#44174000
0!
b1110 F
0"
1'
1,
#44176000
0,
0*
#44178000
b10110 L
0N
b10111 K
b11010 O
1Q
b1110 /
b1110 G
b1110 M
b1111 U
b1111111 #
b1111111 1
b1111111 7
b1111111 T
1!
1,
#44180000
b1101101 &
b1101101 .
b1101101 5
b1101101 9
b1100 6
b1100 :
b1100 A
b1001 =
b1011 <
b1101 @
b1100 C
b1010 4
b1010 D
b1010 E
b10101 3
b10101 >
b10101 J
0,
1*
#44182000
b1010 2
b1010 8
b1010 P
0Q
b10010 L
1N
b10110 K
b0 U
b10000000 #
b10000000 1
b10000000 7
b10000000 T
b1010 F
b11011 O
b11010 R
b10111 0
b10111 H
b10111 S
1,
#44184000
0,
0*
#44186000
b1011 2
b1011 8
b1011 P
b10010 L
b10110 K
0N
1Q
1"
0'
b11011 O
b11011 R
b10110 0
b10110 H
b10110 S
b1010 /
b1010 G
b1010 M
b1 U
b10000001 #
b10000001 1
b10000001 7
b10000001 T
1,
#44188000
b1101110 &
b1101110 .
b1101110 5
b1101110 9
b1101 6
b1101 :
b1101 A
b1000 =
b1001 <
b10110 I
b1110 @
b1101 C
b1011 4
b1011 D
b1011 E
0,
1*
#44190000
0!
b1011 F
0"
1'
1,
#44192000
0,
0*
#44194000
b10011 L
b10010 K
b11100 O
1Q
b1011 /
b1011 G
b1011 M
b10 U
b10000010 #
b10000010 1
b10000010 7
b10000010 T
1!
1,
#44196000
b1101111 &
b1101111 .
b1101111 5
b1101111 9
b1110 6
b1110 :
b1110 A
b11000 =
b1000 <
b1111 @
b1110 C
b1001 4
b1001 D
b1001 E
b10110 3
b10110 >
b10110 J
0,
1*
#44198000
b1100 2
b1100 8
b1100 P
0Q
b10001 L
1N
b10011 K
b11 U
b10000011 #
b10000011 1
b10000011 7
b10000011 T
b1001 F
b11101 O
b11100 R
b10010 0
b10010 H
b10010 S
1,
#44200000
0,
0*
#44202000
b1101 2
b1101 8
b1101 P
b10001 L
b10011 K
0N
1Q
1"
0'
b11101 O
b11101 R
b10011 0
b10011 H
b10011 S
b1001 /
b1001 G
b1001 M
b100 U
b10000100 #
b10000100 1
b10000100 7
b10000100 T
1,
#44204000
b1110000 &
b1110000 .
b1110000 5
b1110000 9
b1111 6
b1111 :
b1111 A
b11001 =
b11000 <
b10011 I
b10000 @
b1111 C
b1000 4
b1000 D
b1000 E
0,
1*
#44206000
0!
b1000 F
0"
1'
1,
#44208000
0,
0*
#44210000
b10000 L
0N
b10001 K
b11110 O
1Q
b1000 /
b1000 G
b1000 M
b101 U
b10000101 #
b10000101 1
b10000101 7
b10000101 T
1!
1,
#44212000
b1110001 &
b1110001 .
b1110001 5
b1110001 9
b0 6
b0 :
b0 A
b11011 =
b11001 <
b10001 @
b10000 C
b11000 4
b11000 D
b11000 E
b10011 3
b10011 >
b10011 J
0,
1*
#44214000
b1110 2
b1110 8
b1110 P
0Q
b0 L
1N
b10000 K
b110 U
b10000110 #
b10000110 1
b10000110 7
b10000110 T
b11000 F
b11111 O
b11110 R
b10001 0
b10001 H
b10001 S
1,
#44216000
0,
0*
#44218000
1Q
b1111 2
b1111 8
b1111 P
b0 L
0N
b10000 K
1"
0'
b11111 O
b11111 R
b10000 0
b10000 H
b10000 S
b11000 /
b11000 G
b11000 M
b111 U
b10000111 #
b10000111 1
b10000111 7
b10000111 T
1,
#44220000
b1110011 &
b1110011 .
b1110011 5
b1110011 9
b1 6
b1 :
b1 A
b11010 =
b11011 <
b10000 I
b10010 @
b10001 C
b11001 4
b11001 D
b11001 E
0,
1*
0)
#44222000
0!
b11001 F
0"
1'
1,
#44224000
0,
0*
#44226000
0Q
b11001 /
b11001 G
b11001 M
1,
#44228000
b1110100 &
b1110100 .
b1110100 5
b1110100 9
b10 6
b10 :
b10 A
b11110 =
b11010 <
b10011 @
b10010 C
b11011 4
b11011 D
b11011 E
b10000 3
b10000 >
b10000 J
0,
1*
#44230000
b11011 F
0'
1,
#44232000
0,
0*
#44234000
b11011 /
b11011 G
b11011 M
1,
#44236000
b1110110 &
b1110110 .
b1110110 5
b1110110 9
b11 6
b11 :
b11 A
b11111 =
b11110 <
b10100 @
b10011 C
b11010 4
b11010 D
b11010 E
0,
1*
#44238000
b11010 F
1,
#44240000
0,
0*
#44242000
b11010 /
b11010 G
b11010 M
1,
#44244000
b1110111 &
b1110111 .
b1110111 5
b1110111 9
b100 6
b100 :
b100 A
b11101 =
b11111 <
b10101 @
b10100 C
b11110 4
b11110 D
b11110 E
0,
1*
#44246000
b11110 F
1,
#44248000
0,
0*
#44250000
b11110 /
b11110 G
b11110 M
1,
#44252000
b1111001 &
b1111001 .
b1111001 5
b1111001 9
b101 6
b101 :
b101 A
b11100 =
b11101 <
b10110 @
b10101 C
b11111 4
b11111 D
b11111 E
0,
1*
#44254000
b11111 F
1,
#44256000
0,
0*
#44258000
b11111 /
b11111 G
b11111 M
1,
#44260000
b1111010 &
b1111010 .
b1111010 5
b1111010 9
b110 6
b110 :
b110 A
b10100 =
b11100 <
b10111 @
b10110 C
b11101 4
b11101 D
b11101 E
0,
1*
#44262000
b11101 F
1,
#44264000
0,
0*
#44266000
b11101 /
b11101 G
b11101 M
1,
#44268000
b1111100 &
b1111100 .
b1111100 5
b1111100 9
b111 6
b111 :
b111 A
b10101 =
b10100 <
b11000 @
b10111 C
b11100 4
b11100 D
b11100 E
0,
1*
#44270000
b11100 F
1,
#44272000
0,
0*
#44274000
b11100 /
b11100 G
b11100 M
1,
#44276000
b1111101 &
b1111101 .
b1111101 5
b1111101 9
b1000 6
b1000 :
b1000 A
b10111 =
b10101 <
b11001 @
b11000 C
b10100 4
b10100 D
b10100 E
0,
1*
#44278000
b10100 F
1,
#44280000
0,
0*
#44282000
b10100 /
b10100 G
b10100 M
1,
#44284000
b1111111 &
b1111111 .
b1111111 5
b1111111 9
b1001 6
b1001 :
b1001 A
b10110 =
b10111 <
b11010 @
b11001 C
b10101 4
b10101 D
b10101 E
0,
1*
#44286000
b10101 F
1,
#44288000
0,
0*
#44290000
b10101 /
b10101 G
b10101 M
1,
#44292000
b10000000 &
b10000000 .
b10000000 5
b10000000 9
b1010 6
b1010 :
b1010 A
b10010 =
b10110 <
b11011 @
b11010 C
b10111 4
b10111 D
b10111 E
0,
1*
#44294000
b10111 F
1,
#44296000
0,
0*
#44298000
b10111 /
b10111 G
b10111 M
1,
#44300000
b10000010 &
b10000010 .
b10000010 5
b10000010 9
b1011 6
b1011 :
b1011 A
b10011 =
b10010 <
b11100 @
b11011 C
b10110 4
b10110 D
b10110 E
0,
1*
#44302000
b10110 F
1,
#44304000
0,
0*
#44306000
b10110 /
b10110 G
b10110 M
1,
#44308000
b10000011 &
b10000011 .
b10000011 5
b10000011 9
b1100 6
b1100 :
b1100 A
0B
b10001 =
b10011 <
b11101 @
b11100 C
b10010 4
b10010 D
b10010 E
0,
1*
#44310000
b10010 F
1,
#44312000
0,
0*
#44314000
b10010 /
b10010 G
b10010 M
1,
#44316000
b10000101 &
b10000101 .
b10000101 5
b10000101 9
b1101 6
b1101 :
b1101 A
1B
b10000 =
0?
b10001 <
b11110 @
b11101 C
b10011 4
b10011 D
b10011 E
0,
1*
#44318000
b10011 F
1,
#44320000
0,
0*
#44322000
b10011 /
b10011 G
b10011 M
1,
#44324000
b10000110 &
b10000110 .
b10000110 5
b10000110 9
b1110 6
b1110 :
b1110 A
0B
b0 =
1?
b10000 <
1(
b11111 @
b11110 C
b10001 4
b10001 D
b10001 E
0,
1*
#44326000
b10001 F
1,
#44328000
0,
0*
#44330000
b10001 /
b10001 G
b10001 M
1,
#44332000
b1110000 &
b1110000 .
b1110000 5
b1110000 9
b1111 6
b1111 :
b1111 A
b0 =
1?
b10000 <
b11111 @
b11111 C
b10000 4
b10000 D
b10000 E
1%
0(
0,
1*
#44334000
b10000 F
1,
#44336000
0,
0*
#44338000
b10000 /
b10000 G
b10000 M
1,
#44340000
0$
0,
1*
#44342000
1,
#44344000
0,
0*
#44346000
1,
#44348000
0,
1*
#44350000
1,
#44352000
0,
0*
#44354000
1,
#44356000
0,
1*
#44358000
1,
#44360000
0,
0*
#44362000
1,
#44364000
0,
1*
#44366000
1,
#44368000
0,
0*
#44370000
1,
#44372000
0,
1*
#44374000
1,
#44376000
0,
0*
#44378000
1,
#44380000
0,
1*
#44382000
1,
#44384000
0,
0*
#44386000
1,
#44388000
0,
1*
#44390000
1,
#44392000
0,
0*
#44394000
1,
#44396000
0,
1*
#44398000
1,
#44400000
0,
0*
#44402000
1,
#44404000
0,
1*
#44406000
1,
#44408000
0,
0*
#44410000
1,
#44412000
0,
1*
#44414000
1,
#44416000
0,
0*
#44418000
1,
#44420000
0,
1*
#44422000
1,
#44424000
0,
0*
#44426000
1,
#44428000
0,
1*
#44430000
1,
#44432000
0,
0*
#44434000
1,
#44436000
0,
1*
#44438000
1,
#44440000
0,
0*
#44442000
1,
#44444000
0,
1*
#44446000
1,
#44448000
0,
0*
#44450000
1,
#44452000
0,
1*
#44454000
1,
#44456000
0,
0*
#44458000
1,
#44460000
0,
1*
#44462000
1,
#44464000
0,
0*
#44466000
1,
#44468000
0,
1*
#44470000
1,
#44472000
0,
0*
#44474000
1,
#44476000
0,
1*
#44478000
1,
#44480000
0,
0*
#44482000
1,
#44484000
0,
1*
#44486000
1,
#44488000
0,
0*
#44490000
1,
#44492000
0,
1*
#44494000
1,
#44496000
0,
0*
#44498000
1,
#44500000
0,
1*
#44502000
1,
#44504000
0,
0*
#44506000
1,
#44508000
0,
1*
#44510000
1,
#44512000
0,
0*
#44514000
1,
#44516000
0,
1*
#44518000
1,
#44520000
0,
0*
#44522000
1,
#44524000
0,
1*
#44526000
1,
#44528000
0,
0*
#44530000
1,
#44532000
0,
1*
#44534000
1,
#44536000
0,
0*
#44538000
1,
#44540000
0,
1*
#44542000
1,
#44544000
0,
0*
#44546000
1,
#44548000
0,
1*
#44550000
1,
#44552000
0,
0*
#44554000
1,
#44556000
0,
1*
#44558000
1,
#44560000
0,
0*
#44562000
1,
#44564000
0,
1*
#44566000
1,
#44568000
0,
0*
#44570000
1,
#44572000
0,
1*
#44574000
1,
#44576000
0,
0*
#44578000
1,
#44580000
0,
1*
#44582000
1,
#44584000
0,
0*
#44586000
1,
#44588000
0,
1*
#44590000
1,
#44592000
0,
0*
#44594000
1,
#44596000
0,
1*
#44598000
1,
#44600000
0,
0*
#44602000
1,
#44604000
0,
1*
#44606000
1,
#44608000
0,
0*
#44610000
1,
#44612000
0,
1*
#44614000
1,
#44616000
0,
0*
#44618000
1,
#44620000
0,
1*
#44622000
1,
#44624000
0,
0*
#44626000
1,
#44628000
0,
1*
#44630000
1,
#44632000
0,
0*
#44634000
1,
#44636000
0,
1*
#44638000
1,
#44640000
0,
0*
#44642000
1,
#44644000
0,
1*
#44646000
1,
#44648000
0,
0*
#44650000
1,
#44652000
0,
1*
#44654000
1,
#44656000
0,
0*
#44658000
1,
#44660000
0,
1*
#44662000
1,
#44664000
0,
0*
#44666000
1,
#44668000
0,
1*
#44670000
1,
#44672000
0,
0*
#44674000
1,
#44676000
0,
1*
#44678000
1,
#44680000
0,
0*
#44682000
1,
#44684000
0,
1*
#44686000
1,
#44688000
0,
0*
#44690000
1,
#44692000
0,
1*
#44694000
1,
#44696000
0,
0*
#44698000
1,
#44700000
0,
1*
#44702000
1,
#44704000
0,
0*
#44706000
1,
#44708000
0,
1*
#44710000
1,
#44712000
0,
0*
#44714000
1,
#44716000
0,
1*
#44718000
1,
#44720000
0,
0*
#44722000
1,
#44724000
0,
1*
#44726000
1,
#44728000
0,
0*
#44730000
1,
#44732000
0,
1*
#44734000
1,
#44736000
0,
0*
#44738000
1,
#44740000
0,
1*
#44742000
1,
#44744000
0,
0*
#44746000
1,
#44748000
0,
1*
#44750000
1,
#44752000
0,
0*
#44754000
1,
#44756000
0,
1*
#44758000
1,
#44760000
0,
0*
#44762000
1,
#44764000
0,
1*
#44766000
1,
#44768000
0,
0*
#44770000
1,
#44772000
0,
1*
#44774000
1,
#44776000
0,
0*
#44778000
1,
#44780000
0,
1*
#44782000
1,
#44784000
0,
0*
#44786000
1,
#44788000
0,
1*
#44790000
1,
#44792000
0,
0*
#44794000
1,
#44796000
0,
1*
#44798000
1,
#44800000
0,
0*
#44802000
1,
#44804000
0,
1*
#44806000
1,
#44808000
0,
0*
#44810000
1,
#44812000
0,
1*
#44814000
1,
#44816000
0,
0*
#44818000
1,
#44820000
0,
1*
#44822000
1,
#44824000
0,
0*
#44826000
1,
#44828000
0,
1*
#44830000
1,
#44832000
0,
0*
#44834000
1,
#44836000
0,
1*
#44838000
1,
#44840000
0,
0*
#44842000
1,
#44844000
0,
1*
#44846000
1,
#44848000
0,
0*
#44850000
1,
#44852000
0,
1*
#44854000
1,
#44856000
0,
0*
#44858000
1,
#44860000
0,
1*
#44862000
1,
#44864000
0,
0*
#44866000
1,
#44868000
0,
1*
#44870000
1,
#44872000
0,
0*
#44874000
1,
#44876000
0,
1*
#44878000
1,
#44880000
0,
0*
#44882000
1,
#44884000
0,
1*
#44886000
1,
#44888000
0,
0*
#44890000
1,
#44892000
0,
1*
#44894000
1,
#44896000
0,
0*
#44898000
1,
#44900000
0,
1*
#44902000
1,
#44904000
0,
0*
#44906000
1,
#44908000
0,
1*
#44910000
1,
#44912000
0,
0*
#44914000
1,
#44916000
0,
1*
#44918000
1,
#44920000
0,
0*
#44922000
1,
#44924000
0,
1*
#44926000
1,
#44928000
0,
0*
#44930000
1,
#44932000
0,
1*
#44934000
1,
#44936000
0,
0*
#44938000
1,
#44940000
0,
1*
#44942000
1,
#44944000
0,
0*
#44946000
1,
#44948000
0,
1*
#44950000
1,
#44952000
0,
0*
#44954000
1,
#44956000
0,
1*
#44958000
1,
#44960000
0,
0*
#44962000
1,
#44964000
0,
1*
#44966000
1,
#44968000
0,
0*
#44970000
1,
#44972000
0,
1*
#44974000
1,
#44976000
0,
0*
#44978000
1,
#44980000
0,
1*
#44982000
1,
#44984000
0,
0*
#44986000
1,
#44988000
0,
1*
#44990000
1,
#44992000
0,
0*
#44994000
1,
#44996000
0,
1*
#44998000
1,
#45000000
0,
0*
#45002000
1,
#45004000
0,
1*
#45006000
1,
#45008000
0,
0*
#45010000
1,
#45012000
0,
1*
#45014000
1,
#45016000
0,
0*
#45018000
1,
#45020000
0,
1*
#45022000
1,
#45024000
0,
0*
#45026000
1,
#45028000
0,
1*
#45030000
1,
#45032000
0,
0*
#45034000
1,
#45036000
0,
1*
#45038000
1,
#45040000
0,
0*
#45042000
1,
#45044000
0,
1*
#45046000
1,
#45048000
0,
0*
#45050000
1,
#45052000
0,
1*
#45054000
1,
#45056000
0,
0*
#45058000
1,
#45060000
0,
1*
#45062000
1,
#45064000
0,
0*
#45066000
1,
#45068000
0,
1*
#45070000
1,
#45072000
0,
0*
#45074000
1,
#45076000
0,
1*
#45078000
1,
#45080000
0,
0*
#45082000
1,
#45084000
0,
1*
#45086000
1,
#45088000
0,
0*
#45090000
1,
#45092000
0,
1*
#45094000
1,
#45096000
0,
0*
#45098000
1,
#45100000
0,
1*
#45102000
1,
#45104000
0,
0*
#45106000
1,
#45108000
0,
1*
#45110000
1,
#45112000
0,
0*
#45114000
1,
#45116000
0,
1*
#45118000
1,
#45120000
0,
0*
#45122000
1,
#45124000
0,
1*
#45126000
1,
#45128000
0,
0*
#45130000
1,
#45132000
0,
1*
#45134000
1,
#45136000
0,
0*
#45138000
1,
#45140000
0,
1*
#45142000
1,
#45144000
0,
0*
#45146000
1,
#45148000
0,
1*
#45150000
1,
#45152000
0,
0*
#45154000
1,
#45156000
0,
1*
#45158000
1,
#45160000
0,
0*
#45162000
1,
#45164000
0,
1*
#45166000
1,
#45168000
0,
0*
#45170000
1,
#45172000
0,
1*
#45174000
1,
#45176000
0,
0*
#45178000
1,
#45180000
0,
1*
#45182000
1,
#45184000
0,
0*
#45186000
1,
#45188000
0,
1*
#45190000
1,
#45192000
0,
0*
#45194000
1,
#45196000
0,
1*
#45198000
1,
#45200000
0,
0*
#45202000
1,
#45204000
0,
1*
#45206000
1,
#45208000
0,
0*
#45210000
1,
#45212000
0,
1*
#45214000
1,
#45216000
0,
0*
#45218000
1,
#45220000
0,
1*
#45222000
1,
#45224000
0,
0*
#45226000
1,
#45228000
0,
1*
#45230000
1,
#45232000
0,
0*
#45234000
1,
#45236000
0,
1*
#45238000
1,
#45240000
0,
0*
#45242000
1,
#45244000
0,
1*
#45246000
1,
#45248000
0,
0*
#45250000
1,
#45252000
0,
1*
#45254000
1,
#45256000
0,
0*
#45258000
1,
#45260000
0,
1*
#45262000
1,
#45264000
0,
0*
#45266000
1,
#45268000
0,
1*
#45270000
1,
#45272000
0,
0*
#45274000
1,
#45276000
0,
1*
#45278000
1,
#45280000
0,
0*
#45282000
1,
#45284000
0,
1*
#45286000
1,
#45288000
0,
0*
#45290000
1,
#45292000
0,
1*
#45294000
1,
#45296000
0,
0*
#45298000
1,
#45300000
0,
1*
#45302000
1,
#45304000
0,
0*
#45306000
1,
#45308000
0,
1*
#45310000
1,
#45312000
0,
0*
#45314000
1,
#45316000
0,
1*
#45318000
1,
#45320000
0,
0*
#45322000
1,
#45324000
0,
1*
#45326000
1,
#45328000
0,
0*
#45330000
1,
#45332000
0,
1*
#45334000
1,
#45336000
0,
0*
#45338000
1,
#45340000
0,
1*
#45342000
1,
#45344000
0,
0*
#45346000
1,
#45348000
0,
1*
#45350000
1,
#45352000
0,
0*
#45354000
1,
#45356000
0,
1*
#45358000
1,
#45360000
0,
0*
#45362000
1,
#45364000
0,
1*
#45366000
1,
#45368000
0,
0*
#45370000
1,
#45372000
0,
1*
#45374000
1,
#45376000
0,
0*
#45378000
1,
#45380000
0,
1*
#45382000
1,
#45384000
0,
0*
#45386000
1,
#45388000
0,
1*
#45390000
1,
#45392000
0,
0*
#45394000
1,
#45396000
0,
1*
#45398000
1,
#45400000
0,
0*
#45402000
1,
#45404000
0,
1*
#45406000
1,
#45408000
0,
0*
#45410000
1,
#45412000
0,
1*
#45414000
1,
#45416000
0,
0*
#45418000
1,
#45420000
0,
1*
#45422000
1,
#45424000
0,
0*
#45426000
1,
#45428000
0,
1*
#45430000
1,
#45432000
0,
0*
#45434000
1,
#45436000
0,
1*
#45438000
1,
#45440000
0,
0*
#45442000
1,
#45444000
0,
1*
#45446000
1,
#45448000
0,
0*
#45450000
1,
#45452000
0,
1*
#45454000
1,
#45456000
0,
0*
#45458000
1,
#45460000
0,
1*
#45462000
1,
#45464000
0,
0*
#45466000
1,
#45468000
0,
1*
#45470000
1,
#45472000
0,
0*
#45474000
1,
#45476000
0,
1*
#45478000
1,
#45480000
0,
0*
#45482000
1,
#45484000
0,
1*
#45486000
1,
#45488000
0,
0*
#45490000
1,
#45492000
0,
1*
#45494000
1,
#45496000
0,
0*
#45498000
1,
#45500000
0,
1*
#45502000
1,
#45504000
0,
0*
#45506000
1,
#45508000
0,
1*
#45510000
1,
#45512000
0,
0*
#45514000
1,
#45516000
0,
1*
#45518000
1,
#45520000
0,
0*
#45522000
1,
#45524000
0,
1*
#45526000
1,
#45528000
0,
0*
#45530000
1,
#45532000
0,
1*
#45534000
1,
#45536000
0,
0*
#45538000
1,
#45540000
0,
1*
#45542000
1,
#45544000
0,
0*
#45546000
1,
#45548000
0,
1*
#45550000
1,
#45552000
0,
0*
#45554000
1,
#45556000
0,
1*
#45558000
1,
#45560000
0,
0*
#45562000
1,
#45564000
0,
1*
#45566000
1,
#45568000
0,
0*
#45570000
1,
#45572000
0,
1*
#45574000
1,
#45576000
0,
0*
#45578000
1,
#45580000
0,
1*
#45582000
1,
#45584000
0,
0*
#45586000
1,
#45588000
0,
1*
#45590000
1,
#45592000
0,
0*
#45594000
1,
#45596000
0,
1*
#45598000
1,
#45600000
0,
0*
#45602000
1,
#45604000
0,
1*
#45606000
1,
#45608000
0,
0*
#45610000
1,
#45612000
0,
1*
#45614000
1,
#45616000
0,
0*
#45618000
1,
#45620000
0,
1*
#45622000
1,
#45624000
0,
0*
#45626000
1,
#45628000
0,
1*
#45630000
1,
#45632000
0,
0*
#45634000
1,
#45636000
0,
1*
#45638000
1,
#45640000
0,
0*
#45642000
1,
#45644000
0,
1*
#45646000
1,
#45648000
0,
0*
#45650000
1,
#45652000
0,
1*
#45654000
1,
#45656000
0,
0*
#45658000
1,
#45660000
0,
1*
#45662000
1,
#45664000
0,
0*
#45666000
1,
#45668000
0,
1*
#45670000
1,
#45672000
0,
0*
#45674000
1,
#45676000
0,
1*
#45678000
1,
#45680000
0,
0*
#45682000
1,
#45684000
0,
1*
#45686000
1,
#45688000
0,
0*
#45690000
1,
#45692000
0,
1*
#45694000
1,
#45696000
0,
0*
#45698000
1,
#45700000
0,
1*
#45702000
1,
#45704000
0,
0*
#45706000
1,
#45708000
0,
1*
#45710000
1,
#45712000
0,
0*
#45714000
1,
#45716000
0,
1*
#45718000
1,
#45720000
0,
0*
#45722000
1,
#45724000
0,
1*
#45726000
1,
#45728000
0,
0*
#45730000
1,
#45732000
0,
1*
#45734000
1,
#45736000
0,
0*
#45738000
1,
#45740000
0,
1*
#45742000
1,
#45744000
0,
0*
#45746000
1,
#45748000
0,
1*
#45750000
1,
#45752000
0,
0*
#45754000
1,
#45756000
0,
1*
#45758000
1,
#45760000
0,
0*
#45762000
1,
#45764000
0,
1*
#45766000
1,
#45768000
0,
0*
#45770000
1,
#45772000
0,
1*
#45774000
1,
#45776000
0,
0*
#45778000
1,
#45780000
0,
1*
#45782000
1,
#45784000
0,
0*
#45786000
1,
#45788000
0,
1*
#45790000
1,
#45792000
0,
0*
#45794000
1,
#45796000
0,
1*
#45798000
1,
#45800000
0,
0*
#45802000
1,
#45804000
0,
1*
#45806000
1,
#45808000
0,
0*
#45810000
1,
#45812000
0,
1*
#45814000
1,
#45816000
0,
0*
#45818000
1,
#45820000
0,
1*
#45822000
1,
#45824000
0,
0*
#45826000
1,
#45828000
0,
1*
#45830000
1,
#45832000
0,
0*
#45834000
1,
#45836000
0,
1*
#45838000
1,
#45840000
0,
0*
#45842000
1,
#45844000
0,
1*
#45846000
1,
#45848000
0,
0*
#45850000
1,
#45852000
0,
1*
#45854000
1,
#45856000
0,
0*
#45858000
1,
#45860000
0,
1*
#45862000
1,
#45864000
0,
0*
#45866000
1,
#45868000
0,
1*
#45870000
1,
#45872000
0,
0*
#45874000
1,
#45876000
0,
1*
#45878000
1,
#45880000
0,
0*
#45882000
1,
#45884000
0,
1*
#45886000
1,
#45888000
0,
0*
#45890000
1,
#45892000
0,
1*
#45894000
1,
#45896000
0,
0*
#45898000
1,
#45900000
0,
1*
#45902000
1,
#45904000
0,
0*
#45906000
1,
#45908000
0,
1*
#45910000
1,
#45912000
0,
0*
#45914000
1,
#45916000
0,
1*
#45918000
1,
#45920000
0,
0*
#45922000
1,
#45924000
0,
1*
#45926000
1,
#45928000
0,
0*
#45930000
1,
#45932000
0,
1*
#45934000
1,
#45936000
0,
0*
#45938000
1,
#45940000
0,
1*
#45942000
1,
#45944000
0,
0*
#45946000
1,
#45948000
0,
1*
#45950000
1,
#45952000
0,
0*
#45954000
1,
#45956000
0,
1*
#45958000
1,
#45960000
0,
0*
#45962000
1,
#45964000
0,
1*
#45966000
1,
#45968000
0,
0*
#45970000
1,
#45972000
0,
1*
#45974000
1,
#45976000
0,
0*
#45978000
1,
#45980000
0,
1*
#45982000
1,
#45984000
0,
0*
#45986000
1,
#45988000
0,
1*
#45990000
1,
#45992000
0,
0*
#45994000
1,
#45996000
0,
1*
#45998000
1,
#46000000
0,
0*
#46002000
1,
#46004000
0,
1*
#46006000
1,
#46008000
0,
0*
#46010000
1,
#46012000
0,
1*
#46014000
1,
#46016000
0,
0*
#46018000
1,
#46020000
0,
1*
#46022000
1,
#46024000
0,
0*
#46026000
1,
#46028000
0,
1*
#46030000
1,
#46032000
0,
0*
#46034000
1,
#46036000
0,
1*
#46038000
1,
#46040000
0,
0*
#46042000
1,
#46044000
0,
1*
#46046000
1,
#46048000
0,
0*
#46050000
1,
#46052000
0,
1*
#46054000
1,
#46056000
0,
0*
#46058000
1,
#46060000
0,
1*
#46062000
1,
#46064000
0,
0*
#46066000
1,
#46068000
0,
1*
#46070000
1,
#46072000
0,
0*
#46074000
1,
#46076000
0,
1*
#46078000
1,
#46080000
0,
0*
#46082000
1,
#46084000
0,
1*
#46086000
1,
#46088000
0,
0*
#46090000
1,
#46092000
0,
1*
#46094000
1,
#46096000
0,
0*
#46098000
1,
#46100000
0,
1*
#46102000
1,
#46104000
0,
0*
#46106000
1,
#46108000
0,
1*
#46110000
1,
#46112000
0,
0*
#46114000
1,
#46116000
0,
1*
#46118000
1,
#46120000
0,
0*
#46122000
1,
#46124000
0,
1*
#46126000
1,
#46128000
0,
0*
#46130000
1,
#46132000
0,
1*
#46134000
1,
#46136000
0,
0*
#46138000
1,
#46140000
0,
1*
#46142000
1,
#46144000
0,
0*
#46146000
1,
#46148000
0,
1*
#46150000
1,
#46152000
0,
0*
#46154000
1,
#46156000
0,
1*
#46158000
1,
#46160000
0,
0*
#46162000
1,
#46164000
0,
1*
#46166000
1,
#46168000
0,
0*
#46170000
1,
#46172000
0,
1*
#46174000
1,
#46176000
0,
0*
#46178000
1,
#46180000
0,
1*
#46182000
1,
#46184000
0,
0*
#46186000
1,
#46188000
0,
1*
#46190000
1,
#46192000
0,
0*
#46194000
1,
#46196000
0,
1*
#46198000
1,
#46200000
0,
0*
#46202000
1,
#46204000
0,
1*
#46206000
1,
#46208000
0,
0*
#46210000
1,
#46212000
0,
1*
#46214000
1,
#46216000
0,
0*
#46218000
1,
#46220000
0,
1*
1)
#46222000
b1 L
b0 K
b0 O
b1000 U
b10001000 #
b10001000 1
b10001000 7
b10001000 T
1!
1,
#46224000
0,
0*
#46226000
b0 2
b0 8
b0 P
b11 L
b1 K
b10001000 &
b10001000 .
b10001000 5
b10001000 9
b1 O
b0 R
b0 0
b0 H
b0 S
b1001 U
b10001001 #
b10001001 1
b10001001 7
b10001001 T
1,
#46228000
b0 I
0,
1*
#46230000
b1 2
b1 8
b1 P
b10 L
b11 K
b1010 U
b10001010 #
b10001010 1
b10001010 7
b10001010 T
b10 O
b1 R
b1 0
b1 H
b1 S
1,
#46232000
0,
0*
#46234000
b10 2
b10 8
b10 P
b110 L
b10 K
b11 O
b10 R
b11 0
b11 H
b11 S
b1011 U
b10001011 #
b10001011 1
b10001011 7
b10001011 T
1,
#46236000
1B
0?
b0 3
b0 >
b0 J
b11 I
0,
1*
#46238000
b11 2
b11 8
b11 P
b111 L
b110 K
b1100 U
b10001100 #
b10001100 1
b10001100 7
b10001100 T
b100 O
b11 R
b10 0
b10 H
b10 S
1,
#46240000
0,
0*
#46242000
b100 2
b100 8
b100 P
b101 L
b111 K
b101 O
b100 R
b110 0
b110 H
b110 S
b1101 U
b10001101 #
b10001101 1
b10001101 7
b10001101 T
1,
#46244000
0%
1(
0B
b11 3
b11 >
b11 J
b110 I
0,
1*
#46246000
b101 2
b101 8
b101 P
b100 L
b101 K
b1110 U
b10001110 #
b10001110 1
b10001110 7
b10001110 T
b110 O
b101 R
b111 0
b111 H
b111 S
1,
#46248000
0,
0*
#46250000
b110 2
b110 8
b110 P
b1100 L
b100 K
b111 O
b110 R
b101 0
b101 H
b101 S
b1111 U
b10001111 #
b10001111 1
b10001111 7
b10001111 T
1,
#46252000
b1 =
b0 <
b0 @
b110 3
b110 >
b110 J
b101 I
0(
1$
0,
1*
#46254000
b111 2
b111 8
b111 P
b1101 L
b1100 K
b0 U
b10010000 #
b10010000 1
b10010000 7
b10010000 T
b1000 O
b111 R
b100 0
b100 H
b100 S
1,
#46256000
0,
0*
#46258000
b1000 2
b1000 8
b1000 P
b1111 L
b1101 K
b1001 O
b1000 R
b1100 0
b1100 H
b1100 S
b1 U
b10010001 #
b10010001 1
b10010001 7
b10010001 T
1,
#46260000
b10001001 &
b10001001 .
b10001001 5
b10001001 9
b0 6
b0 :
b0 A
b11 =
b1 <
b1 @
b0 C
b0 4
b0 D
b0 E
b101 3
b101 >
b101 J
b1100 I
0,
1*
#46262000
b1001 2
b1001 8
b1001 P
b1110 L
b1111 K
b10 U
b10010010 #
b10010010 1
b10010010 7
b10010010 T
b0 F
b1010 O
b1001 R
b1101 0
b1101 H
b1101 S
1,
#46264000
0,
0*
#46266000
b1010 2
b1010 8
b1010 P
b1010 L
b1110 K
b1011 O
b1010 R
b1111 0
b1111 H
b1111 S
b0 /
b0 G
b0 M
b11 U
b10010011 #
b10010011 1
b10010011 7
b10010011 T
1,
#46268000
b10001010 &
b10001010 .
b10001010 5
b10001010 9
b1 6
b1 :
b1 A
b10 =
b11 <
b1100 3
b1100 >
b1100 J
b1111 I
b10 @
b1 C
b1 4
b1 D
b1 E
0,
1*
#46270000
b1011 2
b1011 8
b1011 P
b1011 L
b1010 K
b100 U
b10010100 #
b10010100 1
b10010100 7
b10010100 T
b1 F
b1100 O
b1011 R
b1110 0
b1110 H
b1110 S
1,
#46272000
0,
0*
#46274000
b1100 2
b1100 8
b1100 P
b1001 L
b1011 K
b1101 O
b1100 R
b1010 0
b1010 H
b1010 S
b1 /
b1 G
b1 M
b101 U
b10010101 #
b10010101 1
b10010101 7
b10010101 T
1,
#46276000
b10001011 &
b10001011 .
b10001011 5
b10001011 9
b10 6
b10 :
b10 A
b110 =
b10 <
b11 @
b10 C
b11 4
b11 D
b11 E
b1111 3
b1111 >
b1111 J
b1010 I
0,
1*
#46278000
b1101 2
b1101 8
b1101 P
b1000 L
b1001 K
b110 U
b10010110 #
b10010110 1
b10010110 7
b10010110 T
b11 F
b1110 O
b1101 R
b1011 0
b1011 H
b1011 S
1,
#46280000
0,
0*
#46282000
b1110 2
b1110 8
b1110 P
b11000 L
b1000 K
b1111 O
b1110 R
b1001 0
b1001 H
b1001 S
b11 /
b11 G
b11 M
b111 U
b10010111 #
b10010111 1
b10010111 7
b10010111 T
1,
#46284000
b10001100 &
b10001100 .
b10001100 5
b10001100 9
b11 6
b11 :
b11 A
b111 =
b110 <
b1010 3
b1010 >
b1010 J
b1001 I
b100 @
b11 C
b10 4
b10 D
b10 E
0,
1*
#46286000
b1111 2
b1111 8
b1111 P
b11001 L
b11000 K
b1000 U
b10011000 #
b10011000 1
b10011000 7
b10011000 T
b10 F
b10000 O
b1111 R
b1000 0
b1000 H
b1000 S
1,
#46288000
0,
0*
#46290000
b0 2
b0 8
b0 P
0Q
b11011 L
b11001 K
b10001 O
b10000 R
b11000 0
b11000 H
b11000 S
b10 /
b10 G
b10 M
b1001 U
b10011001 #
b10011001 1
b10011001 7
b10011001 T
1,
#46292000
b10001101 &
b10001101 .
b10001101 5
b10001101 9
b100 6
b100 :
b100 A
b101 =
b111 <
b101 @
b100 C
b110 4
b110 D
b110 E
b1001 3
b1001 >
b1001 J
b11000 I
0,
1*
#46294000
b1 2
b1 8
b1 P
1Q
b11010 L
0N
b11011 K
b1010 U
b10011010 #
b10011010 1
b10011010 7
b10011010 T
b110 F
b10010 O
b10001 R
b11001 0
b11001 H
b11001 S
1,
#46296000
0,
0*
#46298000
b10 2
b10 8
b10 P
b11110 L
b11010 K
1Q
1'
b10011 O
b10010 R
b11011 0
b11011 H
b11011 S
b110 /
b110 G
b110 M
b1011 U
b10011011 #
b10011011 1
b10011011 7
b10011011 T
1,
#46300000
b10001110 &
b10001110 .
b10001110 5
b10001110 9
b101 6
b101 :
b101 A
b100 =
b101 <
b11000 3
b11000 >
b11000 J
b11011 I
b110 @
b101 C
b111 4
b111 D
b111 E
0,
1*
#46302000
1N
b11 2
b11 8
b11 P
0Q
b11111 L
b11110 K
b1100 U
b10011100 #
b10011100 1
b10011100 7
b10011100 T
b111 F
b10100 O
b10011 R
b11010 0
b11010 H
b11010 S
1,
#46304000
0,
0*
#46306000
b100 2
b100 8
b100 P
b11111 L
b11110 K
0N
1Q
1"
0'
b10100 O
b10100 R
b11110 0
b11110 H
b11110 S
b111 /
b111 G
b111 M
b1101 U
b10011101 #
b10011101 1
b10011101 7
b10011101 T
1,
#46308000
b10001111 &
b10001111 .
b10001111 5
b10001111 9
b110 6
b110 :
b110 A
b1100 =
b100 <
b111 @
b110 C
b101 4
b101 D
b101 E
b11011 3
b11011 >
b11011 J
b11110 I
0,
1*
#46310000
0!
b101 F
0"
1'
1,
#46312000
0,
0*
#46314000
b11101 L
b11111 K
b10101 O
1Q
b101 /
b101 G
b101 M
b1110 U
b10011110 #
b10011110 1
b10011110 7
b10011110 T
1!
1,
#46316000
b10010000 &
b10010000 .
b10010000 5
b10010000 9
b111 6
b111 :
b111 A
b1101 =
b1100 <
b11110 3
b11110 >
b11110 J
b1000 @
b111 C
b100 4
b100 D
b100 E
0,
1*
#46318000
1N
b101 2
b101 8
b101 P
0Q
b11100 L
b11101 K
b1111 U
b10011111 #
b10011111 1
b10011111 7
b10011111 T
b100 F
b10110 O
b10101 R
b11111 0
b11111 H
b11111 S
1,
#46320000
0,
0*
#46322000
b110 2
b110 8
b110 P
b11100 L
b11101 K
0N
1Q
1"
0'
b10110 O
b10110 R
b11101 0
b11101 H
b11101 S
b100 /
b100 G
b100 M
b0 U
b10100000 #
b10100000 1
b10100000 7
b10100000 T
1,
#46324000
b10010001 &
b10010001 .
b10010001 5
b10010001 9
b1000 6
b1000 :
b1000 A
b1111 =
b1101 <
b1001 @
b1000 C
b1100 4
b1100 D
b1100 E
b11101 I
0,
1*
#46326000
0!
b1100 F
0"
1'
1,
#46328000
0,
0*
#46330000
b10100 L
b11100 K
1Q
b10111 O
b1100 /
b1100 G
b1100 M
b1 U
b10100001 #
b10100001 1
b10100001 7
b10100001 T
1!
1,
#46332000
b10010010 &
b10010010 .
b10010010 5
b10010010 9
b1001 6
b1001 :
b1001 A
b1110 =
b1111 <
b11101 3
b11101 >
b11101 J
b1010 @
b1001 C
b1101 4
b1101 D
b1101 E
0,
1*
#46334000
1N
b111 2
b111 8
b111 P
0Q
b10101 L
b10100 K
b10 U
b10100010 #
b10100010 1
b10100010 7
b10100010 T
b1101 F
b11000 O
b10111 R
b11100 0
b11100 H
b11100 S
1,
#46336000
0,
0*
#46338000
b1000 2
b1000 8
b1000 P
b10101 L
b10100 K
0N
1Q
1"
0'
b11000 O
b11000 R
b10100 0
b10100 H
b10100 S
b1101 /
b1101 G
b1101 M
b11 U
b10100011 #
b10100011 1
b10100011 7
b10100011 T
1,
#46340000
b10010011 &
b10010011 .
b10010011 5
b10010011 9
b1010 6
b1010 :
b1010 A
b1010 =
b1110 <
b1011 @
b1010 C
b1111 4
b1111 D
b1111 E
b10100 I
0,
1*
#46342000
0!
b1111 F
0"
1'
1,
#46344000
0,
0*
#46346000
b10111 L
b10101 K
b11001 O
1Q
b1111 /
b1111 G
b1111 M
b100 U
b10100100 #
b10100100 1
b10100100 7
b10100100 T
1!
1,
#46348000
b10010100 &
b10010100 .
b10010100 5
b10010100 9
b1011 6
b1011 :
b1011 A
b1011 =
b1010 <
b10100 3
b10100 >
b10100 J
b1100 @
b1011 C
b1110 4
b1110 D
b1110 E
0,
1*
#46350000
1N
b1001 2
b1001 8
b1001 P
0Q
b10110 L
b10111 K
b101 U
b10100101 #
b10100101 1
b10100101 7
b10100101 T
b1110 F
b11010 O
b11001 R
b10101 0
b10101 H
b10101 S
1,
#46352000
0,
0*
#46354000
b1010 2
b1010 8
b1010 P
b10110 L
b10111 K
0N
1Q
1"
0'
b11010 O
b11010 R
b10111 0
b10111 H
b10111 S
b1110 /
b1110 G
b1110 M
b110 U
b10100110 #
b10100110 1
b10100110 7
b10100110 T
1,
#46356000
b10010101 &
b10010101 .
b10010101 5
b10010101 9
b1100 6
b1100 :
b1100 A
b1001 =
b1011 <
b1101 @
b1100 C
b1010 4
b1010 D
b1010 E
b10111 I
0,
1*
#46358000
0!
b1010 F
0"
1'
1,
#46360000
0,
0*
#46362000
b10010 L
b10110 K
b11011 O
1Q
b1010 /
b1010 G
b1010 M
b111 U
b10100111 #
b10100111 1
b10100111 7
b10100111 T
1!
1,
#46364000
b10010110 &
b10010110 .
b10010110 5
b10010110 9
b1101 6
b1101 :
b1101 A
b1000 =
b1001 <
b10111 3
b10111 >
b10111 J
b1110 @
b1101 C
b1011 4
b1011 D
b1011 E
0,
1*
#46366000
1N
b1011 2
b1011 8
b1011 P
0Q
b10011 L
b10010 K
b1000 U
b10101000 #
b10101000 1
b10101000 7
b10101000 T
b1011 F
b11100 O
b11011 R
b10110 0
b10110 H
b10110 S
1,
#46368000
0,
0*
#46370000
b1100 2
b1100 8
b1100 P
b10011 L
b10010 K
0N
1Q
1"
0'
b11100 O
b11100 R
b10010 0
b10010 H
b10010 S
b1011 /
b1011 G
b1011 M
b1001 U
b10101001 #
b10101001 1
b10101001 7
b10101001 T
1,
#46372000
b10010111 &
b10010111 .
b10010111 5
b10010111 9
b1110 6
b1110 :
b1110 A
0B
b11000 =
b1000 <
b1111 @
b1110 C
b1001 4
b1001 D
b1001 E
b10010 I
0,
1*
#46374000
0!
b1001 F
0"
1'
1,
#46376000
0,
0*
#46378000
b10001 L
b10011 K
b11101 O
1Q
b1001 /
b1001 G
b1001 M
b1010 U
b10101010 #
b10101010 1
b10101010 7
b10101010 T
1!
1,
#46380000
b10011000 &
b10011000 .
b10011000 5
b10011000 9
b1111 6
b1111 :
b1111 A
b11001 =
b11000 <
b10010 3
b10010 >
b10010 J
b10000 @
b1111 C
b1000 4
b1000 D
b1000 E
0,
1*
#46382000
1N
b1101 2
b1101 8
b1101 P
0Q
b10000 L
b10001 K
b1011 U
b10101011 #
b10101011 1
b10101011 7
b10101011 T
b1000 F
b11110 O
b11101 R
b10011 0
b10011 H
b10011 S
1,
#46384000
0,
0*
#46386000
b1110 2
b1110 8
b1110 P
b10000 L
b10001 K
0N
1Q
1"
0'
b11110 O
b11110 R
b10001 0
b10001 H
b10001 S
b1000 /
b1000 G
b1000 M
b1100 U
b10101100 #
b10101100 1
b10101100 7
b10101100 T
1,
#46388000
b10011001 &
b10011001 .
b10011001 5
b10011001 9
b0 6
b0 :
b0 A
b11011 =
b11001 <
b10001 @
b10000 C
b11000 4
b11000 D
b11000 E
b10001 I
0,
1*
#46390000
0!
b11000 F
0"
1'
1,
#46392000
0,
0*
#46394000
b0 L
b10000 K
1Q
b11111 O
b11000 /
b11000 G
b11000 M
b1101 U
b10101101 #
b10101101 1
b10101101 7
b10101101 T
1!
1,
#46396000
b10011010 &
b10011010 .
b10011010 5
b10011010 9
b1 6
b1 :
b1 A
b11010 =
b11011 <
b10001 3
b10001 >
b10001 J
b10010 @
b10001 C
b11001 4
b11001 D
b11001 E
0,
1*
#46398000
1N
b1111 2
b1111 8
b1111 P
0Q
b1 L
b0 K
b1110 U
b10101110 #
b10101110 1
b10101110 7
b10101110 T
b11001 F
b0 O
b11111 R
b10000 0
b10000 H
b10000 S
1,
#46400000
0,
0*
#46402000
b0 2
b0 8
b0 P
b1 L
b0 K
0N
1Q
1"
0'
b0 O
b0 R
b0 0
b0 H
b0 S
b11001 /
b11001 G
b11001 M
b1111 U
b10101111 #
b10101111 1
b10101111 7
b10101111 T
1,
#46404000
b10011011 &
b10011011 .
b10011011 5
b10011011 9
b10 6
b10 :
b10 A
b11110 =
b11010 <
b10011 @
b10010 C
b11011 4
b11011 D
b11011 E
b0 I
0,
1*
#46406000
0!
b11011 F
0"
1'
1,
#46408000
0,
0*
#46410000
b11 L
b1 K
b1 O
1Q
b11011 /
b11011 G
b11011 M
b0 U
b10110000 #
b10110000 1
b10110000 7
b10110000 T
1!
1,
#46412000
b10011100 &
b10011100 .
b10011100 5
b10011100 9
b11 6
b11 :
b11 A
b11111 =
b11110 <
b0 3
b0 >
b0 J
b10100 @
b10011 C
b11010 4
b11010 D
b11010 E
0,
1*
#46414000
1N
b1 2
b1 8
b1 P
0Q
b10 L
b11 K
b1 U
b10110001 #
b10110001 1
b10110001 7
b10110001 T
b11010 F
b10 O
b1 R
b1 0
b1 H
b1 S
1,
#46416000
0,
0*
#46418000
b10 2
b10 8
b10 P
b10 L
b11 K
0N
1Q
1"
0'
b10 O
b10 R
b11 0
b11 H
b11 S
b11010 /
b11010 G
b11010 M
b10 U
b10110010 #
b10110010 1
b10110010 7
b10110010 T
1,
#46420000
b10011110 &
b10011110 .
b10011110 5
b10011110 9
b100 6
b100 :
b100 A
b11101 =
b11111 <
b10101 @
b10100 C
b11110 4
b11110 D
b11110 E
b11 I
0,
1*
0)
#46422000
0!
b11110 F
0"
1'
1,
#46424000
0,
0*
#46426000
0Q
b11110 /
b11110 G
b11110 M
1,
#46428000
b10011111 &
b10011111 .
b10011111 5
b10011111 9
b101 6
b101 :
b101 A
b11100 =
b11101 <
b11 3
b11 >
b11 J
b10110 @
b10101 C
b11111 4
b11111 D
b11111 E
0,
1*
#46430000
b11111 F
0'
1,
#46432000
0,
0*
#46434000
b11111 /
b11111 G
b11111 M
1,
#46436000
b10100001 &
b10100001 .
b10100001 5
b10100001 9
b110 6
b110 :
b110 A
b10100 =
b11100 <
b10111 @
b10110 C
b11101 4
b11101 D
b11101 E
0,
1*
#46438000
b11101 F
1,
#46440000
0,
0*
#46442000
b11101 /
b11101 G
b11101 M
1,
#46444000
b10100010 &
b10100010 .
b10100010 5
b10100010 9
b111 6
b111 :
b111 A
b10101 =
b10100 <
b11000 @
b10111 C
b11100 4
b11100 D
b11100 E
0,
1*
#46446000
b11100 F
1,
#46448000
0,
0*
#46450000
b11100 /
b11100 G
b11100 M
1,
#46452000
b10100100 &
b10100100 .
b10100100 5
b10100100 9
b1000 6
b1000 :
b1000 A
b10111 =
b10101 <
b11001 @
b11000 C
b10100 4
b10100 D
b10100 E
0,
1*
#46454000
b10100 F
1,
#46456000
0,
0*
#46458000
b10100 /
b10100 G
b10100 M
1,
#46460000
b10100101 &
b10100101 .
b10100101 5
b10100101 9
b1001 6
b1001 :
b1001 A
b10110 =
b10111 <
b11010 @
b11001 C
b10101 4
b10101 D
b10101 E
0,
1*
#46462000
b10101 F
1,
#46464000
0,
0*
#46466000
b10101 /
b10101 G
b10101 M
1,
#46468000
b10100111 &
b10100111 .
b10100111 5
b10100111 9
b1010 6
b1010 :
b1010 A
b10010 =
b10110 <
b11011 @
b11010 C
b10111 4
b10111 D
b10111 E
0,
1*
#46470000
b10111 F
1,
#46472000
0,
0*
#46474000
b10111 /
b10111 G
b10111 M
1,
#46476000
b10101000 &
b10101000 .
b10101000 5
b10101000 9
b1011 6
b1011 :
b1011 A
b10011 =
b10010 <
b11100 @
b11011 C
b10110 4
b10110 D
b10110 E
0,
1*
#46478000
b10110 F
1,
#46480000
0,
0*
#46482000
b10110 /
b10110 G
b10110 M
1,
#46484000
b10101010 &
b10101010 .
b10101010 5
b10101010 9
b1100 6
b1100 :
b1100 A
b10001 =
b10011 <
b11101 @
b11100 C
b10010 4
b10010 D
b10010 E
0,
1*
#46486000
b10010 F
1,
#46488000
0,
0*
#46490000
b10010 /
b10010 G
b10010 M
1,
#46492000
b10101011 &
b10101011 .
b10101011 5
b10101011 9
b1101 6
b1101 :
b1101 A
b10000 =
b10001 <
b11110 @
b11101 C
b10011 4
b10011 D
b10011 E
0,
1*
#46494000
b10011 F
1,
#46496000
0,
0*
#46498000
b10011 /
b10011 G
b10011 M
1,
#46500000
b10101101 &
b10101101 .
b10101101 5
b10101101 9
b1110 6
b1110 :
b1110 A
b0 =
b10000 <
b11111 @
b11110 C
b10001 4
b10001 D
b10001 E
0,
1*
#46502000
b10001 F
1,
#46504000
0,
0*
#46506000
b10001 /
b10001 G
b10001 M
1,
#46508000
b10101110 &
b10101110 .
b10101110 5
b10101110 9
b1111 6
b1111 :
b1111 A
b1 =
b0 <
b0 @
b11111 C
b10000 4
b10000 D
b10000 E
0,
1*
#46510000
b10000 F
1,
#46512000
0,
0*
#46514000
b10000 /
b10000 G
b10000 M
1,
#46516000
1B
b10110000 &
b10110000 .
b10110000 5
b10110000 9
b0 6
b0 :
b0 A
b11 =
b1 <
b1 @
b0 C
b0 4
b0 D
b0 E
0,
1*
#46518000
b0 F
1,
#46520000
0,
0*
#46522000
b0 /
b0 G
b0 M
1,
#46524000
1?
b10110001 &
b10110001 .
b10110001 5
b10110001 9
b1 6
b1 :
b1 A
0B
b10 =
b11 <
b10 @
b1 C
b1 4
b1 D
b1 E
1(
0,
1*
#46526000
b1 F
1,
#46528000
0,
0*
#46530000
b1 /
b1 G
b1 M
1,
#46532000
b10011011 &
b10011011 .
b10011011 5
b10011011 9
b10 6
b10 :
b10 A
b10 =
1?
b11 <
1%
0(
b10 @
b10 C
b11 4
b11 D
b11 E
0,
1*
#46534000
b11 F
1,
#46536000
0,
0*
#46538000
b11 /
b11 G
b11 M
1,
#46540000
0$
0,
1*
#46542000
1,
#46544000
0,
0*
#46546000
1,
#46548000
0,
1*
#46550000
1,
#46552000
0,
0*
#46554000
1,
#46556000
0,
1*
#46558000
1,
#46560000
0,
0*
#46562000
1,
#46564000
0,
1*
#46566000
1,
#46568000
0,
0*
#46570000
1,
#46572000
0,
1*
#46574000
1,
#46576000
0,
0*
#46578000
1,
#46580000
0,
1*
#46582000
1,
#46584000
0,
0*
#46586000
1,
#46588000
0,
1*
#46590000
1,
#46592000
0,
0*
#46594000
1,
#46596000
0,
1*
#46598000
1,
#46600000
0,
0*
#46602000
1,
#46604000
0,
1*
#46606000
1,
#46608000
0,
0*
#46610000
1,
#46612000
0,
1*
#46614000
1,
#46616000
0,
0*
#46618000
1,
#46620000
0,
1*
#46622000
1,
#46624000
0,
0*
#46626000
1,
#46628000
0,
1*
#46630000
1,
#46632000
0,
0*
#46634000
1,
#46636000
0,
1*
#46638000
1,
#46640000
0,
0*
#46642000
1,
#46644000
0,
1*
#46646000
1,
#46648000
0,
0*
#46650000
1,
#46652000
0,
1*
#46654000
1,
#46656000
0,
0*
#46658000
1,
#46660000
0,
1*
#46662000
1,
#46664000
0,
0*
#46666000
1,
#46668000
0,
1*
#46670000
1,
#46672000
0,
0*
#46674000
1,
#46676000
0,
1*
#46678000
1,
#46680000
0,
0*
#46682000
1,
#46684000
0,
1*
#46686000
1,
#46688000
0,
0*
#46690000
1,
#46692000
0,
1*
#46694000
1,
#46696000
0,
0*
#46698000
1,
#46700000
0,
1*
#46702000
1,
#46704000
0,
0*
#46706000
1,
#46708000
0,
1*
#46710000
1,
#46712000
0,
0*
#46714000
1,
#46716000
0,
1*
#46718000
1,
#46720000
0,
0*
#46722000
1,
#46724000
0,
1*
#46726000
1,
#46728000
0,
0*
#46730000
1,
#46732000
0,
1*
#46734000
1,
#46736000
0,
0*
#46738000
1,
#46740000
0,
1*
#46742000
1,
#46744000
0,
0*
#46746000
1,
#46748000
0,
1*
#46750000
1,
#46752000
0,
0*
#46754000
1,
#46756000
0,
1*
#46758000
1,
#46760000
0,
0*
#46762000
1,
#46764000
0,
1*
#46766000
1,
#46768000
0,
0*
#46770000
1,
#46772000
0,
1*
#46774000
1,
#46776000
0,
0*
#46778000
1,
#46780000
0,
1*
#46782000
1,
#46784000
0,
0*
#46786000
1,
#46788000
0,
1*
#46790000
1,
#46792000
0,
0*
#46794000
1,
#46796000
0,
1*
#46798000
1,
#46800000
0,
0*
#46802000
1,
#46804000
0,
1*
#46806000
1,
#46808000
0,
0*
#46810000
1,
#46812000
0,
1*
#46814000
1,
#46816000
0,
0*
#46818000
1,
#46820000
0,
1*
#46822000
1,
#46824000
0,
0*
#46826000
1,
#46828000
0,
1*
#46830000
1,
#46832000
0,
0*
#46834000
1,
#46836000
0,
1*
#46838000
1,
#46840000
0,
0*
#46842000
1,
#46844000
0,
1*
#46846000
1,
#46848000
0,
0*
#46850000
1,
#46852000
0,
1*
#46854000
1,
#46856000
0,
0*
#46858000
1,
#46860000
0,
1*
#46862000
1,
#46864000
0,
0*
#46866000
1,
#46868000
0,
1*
#46870000
1,
#46872000
0,
0*
#46874000
1,
#46876000
0,
1*
#46878000
1,
#46880000
0,
0*
#46882000
1,
#46884000
0,
1*
#46886000
1,
#46888000
0,
0*
#46890000
1,
#46892000
0,
1*
#46894000
1,
#46896000
0,
0*
#46898000
1,
#46900000
0,
1*
#46902000
1,
#46904000
0,
0*
#46906000
1,
#46908000
0,
1*
#46910000
1,
#46912000
0,
0*
#46914000
1,
#46916000
0,
1*
#46918000
1,
#46920000
0,
0*
#46922000
1,
#46924000
0,
1*
#46926000
1,
#46928000
0,
0*
#46930000
1,
#46932000
0,
1*
#46934000
1,
#46936000
0,
0*
#46938000
1,
#46940000
0,
1*
#46942000
1,
#46944000
0,
0*
#46946000
1,
#46948000
0,
1*
#46950000
1,
#46952000
0,
0*
#46954000
1,
#46956000
0,
1*
#46958000
1,
#46960000
0,
0*
#46962000
1,
#46964000
0,
1*
#46966000
1,
#46968000
0,
0*
#46970000
1,
#46972000
0,
1*
#46974000
1,
#46976000
0,
0*
#46978000
1,
#46980000
0,
1*
#46982000
1,
#46984000
0,
0*
#46986000
1,
#46988000
0,
1*
#46990000
1,
#46992000
0,
0*
#46994000
1,
#46996000
0,
1*
#46998000
1,
#47000000
0,
0*
#47002000
1,
#47004000
0,
1*
#47006000
1,
#47008000
0,
0*
#47010000
1,
#47012000
0,
1*
#47014000
1,
#47016000
0,
0*
#47018000
1,
#47020000
0,
1*
#47022000
1,
#47024000
0,
0*
#47026000
1,
#47028000
0,
1*
#47030000
1,
#47032000
0,
0*
#47034000
1,
#47036000
0,
1*
#47038000
1,
#47040000
0,
0*
#47042000
1,
#47044000
0,
1*
#47046000
1,
#47048000
0,
0*
#47050000
1,
#47052000
0,
1*
#47054000
1,
#47056000
0,
0*
#47058000
1,
#47060000
0,
1*
#47062000
1,
#47064000
0,
0*
#47066000
1,
#47068000
0,
1*
#47070000
1,
#47072000
0,
0*
#47074000
1,
#47076000
0,
1*
#47078000
1,
#47080000
0,
0*
#47082000
1,
#47084000
0,
1*
#47086000
1,
#47088000
0,
0*
#47090000
1,
#47092000
0,
1*
#47094000
1,
#47096000
0,
0*
#47098000
1,
#47100000
0,
1*
#47102000
1,
#47104000
0,
0*
#47106000
1,
#47108000
0,
1*
#47110000
1,
#47112000
0,
0*
#47114000
1,
#47116000
0,
1*
#47118000
1,
#47120000
0,
0*
#47122000
1,
#47124000
0,
1*
#47126000
1,
#47128000
0,
0*
#47130000
1,
#47132000
0,
1*
#47134000
1,
#47136000
0,
0*
#47138000
1,
#47140000
0,
1*
#47142000
1,
#47144000
0,
0*
#47146000
1,
#47148000
0,
1*
#47150000
1,
#47152000
0,
0*
#47154000
1,
#47156000
0,
1*
#47158000
1,
#47160000
0,
0*
#47162000
1,
#47164000
0,
1*
#47166000
1,
#47168000
0,
0*
#47170000
1,
#47172000
0,
1*
#47174000
1,
#47176000
0,
0*
#47178000
1,
#47180000
0,
1*
#47182000
1,
#47184000
0,
0*
#47186000
1,
#47188000
0,
1*
#47190000
1,
#47192000
0,
0*
#47194000
1,
#47196000
0,
1*
#47198000
1,
#47200000
0,
0*
#47202000
1,
#47204000
0,
1*
#47206000
1,
#47208000
0,
0*
#47210000
1,
#47212000
0,
1*
#47214000
1,
#47216000
0,
0*
#47218000
1,
#47220000
0,
1*
#47222000
1,
#47224000
0,
0*
#47226000
1,
#47228000
0,
1*
#47230000
1,
#47232000
0,
0*
#47234000
1,
#47236000
0,
1*
#47238000
1,
#47240000
0,
0*
#47242000
1,
#47244000
0,
1*
#47246000
1,
#47248000
0,
0*
#47250000
1,
#47252000
0,
1*
#47254000
1,
#47256000
0,
0*
#47258000
1,
#47260000
0,
1*
#47262000
1,
#47264000
0,
0*
#47266000
1,
#47268000
0,
1*
#47270000
1,
#47272000
0,
0*
#47274000
1,
#47276000
0,
1*
#47278000
1,
#47280000
0,
0*
#47282000
1,
#47284000
0,
1*
#47286000
1,
#47288000
0,
0*
#47290000
1,
#47292000
0,
1*
#47294000
1,
#47296000
0,
0*
#47298000
1,
#47300000
0,
1*
#47302000
1,
#47304000
0,
0*
#47306000
1,
#47308000
0,
1*
#47310000
1,
#47312000
0,
0*
#47314000
1,
#47316000
0,
1*
#47318000
1,
#47320000
0,
0*
#47322000
1,
#47324000
0,
1*
#47326000
1,
#47328000
0,
0*
#47330000
1,
#47332000
0,
1*
#47334000
1,
#47336000
0,
0*
#47338000
1,
#47340000
0,
1*
#47342000
1,
#47344000
0,
0*
#47346000
1,
#47348000
0,
1*
#47350000
1,
#47352000
0,
0*
#47354000
1,
#47356000
0,
1*
#47358000
1,
#47360000
0,
0*
#47362000
1,
#47364000
0,
1*
#47366000
1,
#47368000
0,
0*
#47370000
1,
#47372000
0,
1*
#47374000
1,
#47376000
0,
0*
#47378000
1,
#47380000
0,
1*
#47382000
1,
#47384000
0,
0*
#47386000
1,
#47388000
0,
1*
#47390000
1,
#47392000
0,
0*
#47394000
1,
#47396000
0,
1*
#47398000
1,
#47400000
0,
0*
#47402000
1,
#47404000
0,
1*
#47406000
1,
#47408000
0,
0*
#47410000
1,
#47412000
0,
1*
#47414000
1,
#47416000
0,
0*
#47418000
1,
#47420000
0,
1*
#47422000
1,
#47424000
0,
0*
#47426000
1,
#47428000
0,
1*
#47430000
1,
#47432000
0,
0*
#47434000
1,
#47436000
0,
1*
#47438000
1,
#47440000
0,
0*
#47442000
1,
#47444000
0,
1*
#47446000
1,
#47448000
0,
0*
#47450000
1,
#47452000
0,
1*
#47454000
1,
#47456000
0,
0*
#47458000
1,
#47460000
0,
1*
#47462000
1,
#47464000
0,
0*
#47466000
1,
#47468000
0,
1*
#47470000
1,
#47472000
0,
0*
#47474000
1,
#47476000
0,
1*
#47478000
1,
#47480000
0,
0*
#47482000
1,
#47484000
0,
1*
#47486000
1,
#47488000
0,
0*
#47490000
1,
#47492000
0,
1*
#47494000
1,
#47496000
0,
0*
#47498000
1,
#47500000
0,
1*
#47502000
1,
#47504000
0,
0*
#47506000
1,
#47508000
0,
1*
#47510000
1,
#47512000
0,
0*
#47514000
1,
#47516000
0,
1*
#47518000
1,
#47520000
0,
0*
#47522000
1,
#47524000
0,
1*
#47526000
1,
#47528000
0,
0*
#47530000
1,
#47532000
0,
1*
#47534000
1,
#47536000
0,
0*
#47538000
1,
#47540000
0,
1*
#47542000
1,
#47544000
0,
0*
#47546000
1,
#47548000
0,
1*
#47550000
1,
#47552000
0,
0*
#47554000
1,
#47556000
0,
1*
#47558000
1,
#47560000
0,
0*
#47562000
1,
#47564000
0,
1*
#47566000
1,
#47568000
0,
0*
#47570000
1,
#47572000
0,
1*
#47574000
1,
#47576000
0,
0*
#47578000
1,
#47580000
0,
1*
#47582000
1,
#47584000
0,
0*
#47586000
1,
#47588000
0,
1*
#47590000
1,
#47592000
0,
0*
#47594000
1,
#47596000
0,
1*
#47598000
1,
#47600000
0,
0*
#47602000
1,
#47604000
0,
1*
#47606000
1,
#47608000
0,
0*
#47610000
1,
#47612000
0,
1*
#47614000
1,
#47616000
0,
0*
#47618000
1,
#47620000
0,
1*
#47622000
1,
#47624000
0,
0*
#47626000
1,
#47628000
0,
1*
#47630000
1,
#47632000
0,
0*
#47634000
1,
#47636000
0,
1*
#47638000
1,
#47640000
0,
0*
#47642000
1,
#47644000
0,
1*
#47646000
1,
#47648000
0,
0*
#47650000
1,
#47652000
0,
1*
#47654000
1,
#47656000
0,
0*
#47658000
1,
#47660000
0,
1*
#47662000
1,
#47664000
0,
0*
#47666000
1,
#47668000
0,
1*
#47670000
1,
#47672000
0,
0*
#47674000
1,
#47676000
0,
1*
#47678000
1,
#47680000
0,
0*
#47682000
1,
#47684000
0,
1*
#47686000
1,
#47688000
0,
0*
#47690000
1,
#47692000
0,
1*
#47694000
1,
#47696000
0,
0*
#47698000
1,
#47700000
0,
1*
#47702000
1,
#47704000
0,
0*
#47706000
1,
#47708000
0,
1*
#47710000
1,
#47712000
0,
0*
#47714000
1,
#47716000
0,
1*
#47718000
1,
#47720000
0,
0*
#47722000
1,
#47724000
0,
1*
#47726000
1,
#47728000
0,
0*
#47730000
1,
#47732000
0,
1*
#47734000
1,
#47736000
0,
0*
#47738000
1,
#47740000
0,
1*
#47742000
1,
#47744000
0,
0*
#47746000
1,
#47748000
0,
1*
#47750000
1,
#47752000
0,
0*
#47754000
1,
#47756000
0,
1*
#47758000
1,
#47760000
0,
0*
#47762000
1,
#47764000
0,
1*
#47766000
1,
#47768000
0,
0*
#47770000
1,
#47772000
0,
1*
#47774000
1,
#47776000
0,
0*
#47778000
1,
#47780000
0,
1*
#47782000
1,
#47784000
0,
0*
#47786000
1,
#47788000
0,
1*
#47790000
1,
#47792000
0,
0*
#47794000
1,
#47796000
0,
1*
#47798000
1,
#47800000
0,
0*
#47802000
1,
#47804000
0,
1*
#47806000
1,
#47808000
0,
0*
#47810000
1,
#47812000
0,
1*
#47814000
1,
#47816000
0,
0*
#47818000
1,
#47820000
0,
1*
#47822000
1,
#47824000
0,
0*
#47826000
1,
#47828000
0,
1*
#47830000
1,
#47832000
0,
0*
#47834000
1,
#47836000
0,
1*
#47838000
1,
#47840000
0,
0*
#47842000
1,
#47844000
0,
1*
#47846000
1,
#47848000
0,
0*
#47850000
1,
#47852000
0,
1*
#47854000
1,
#47856000
0,
0*
#47858000
1,
#47860000
0,
1*
#47862000
1,
#47864000
0,
0*
#47866000
1,
#47868000
0,
1*
#47870000
1,
#47872000
0,
0*
#47874000
1,
#47876000
0,
1*
#47878000
1,
#47880000
0,
0*
#47882000
1,
#47884000
0,
1*
#47886000
1,
#47888000
0,
0*
#47890000
1,
#47892000
0,
1*
#47894000
1,
#47896000
0,
0*
#47898000
1,
#47900000
0,
1*
#47902000
1,
#47904000
0,
0*
#47906000
1,
#47908000
0,
1*
#47910000
1,
#47912000
0,
0*
#47914000
1,
#47916000
0,
1*
#47918000
1,
#47920000
0,
0*
#47922000
1,
#47924000
0,
1*
#47926000
1,
#47928000
0,
0*
#47930000
1,
#47932000
0,
1*
#47934000
1,
#47936000
0,
0*
#47938000
1,
#47940000
0,
1*
#47942000
1,
#47944000
0,
0*
#47946000
1,
#47948000
0,
1*
#47950000
1,
#47952000
0,
0*
#47954000
1,
#47956000
0,
1*
#47958000
1,
#47960000
0,
0*
#47962000
1,
#47964000
0,
1*
#47966000
1,
#47968000
0,
0*
#47970000
1,
#47972000
0,
1*
#47974000
1,
#47976000
0,
0*
#47978000
1,
#47980000
0,
1*
#47982000
1,
#47984000
0,
0*
#47986000
1,
#47988000
0,
1*
#47990000
1,
#47992000
0,
0*
#47994000
1,
#47996000
0,
1*
#47998000
1,
#48000000
0,
0*
#48002000
1,
#48004000
0,
1*
#48006000
1,
#48008000
0,
0*
#48010000
1,
#48012000
0,
1*
#48014000
1,
#48016000
0,
0*
#48018000
1,
#48020000
0,
1*
#48022000
1,
#48024000
0,
0*
#48026000
1,
#48028000
0,
1*
#48030000
1,
#48032000
0,
0*
#48034000
1,
#48036000
0,
1*
#48038000
1,
#48040000
0,
0*
#48042000
1,
#48044000
0,
1*
#48046000
1,
#48048000
0,
0*
#48050000
1,
#48052000
0,
1*
#48054000
1,
#48056000
0,
0*
#48058000
1,
#48060000
0,
1*
#48062000
1,
#48064000
0,
0*
#48066000
1,
#48068000
0,
1*
#48070000
1,
#48072000
0,
0*
#48074000
1,
#48076000
0,
1*
#48078000
1,
#48080000
0,
0*
#48082000
1,
#48084000
0,
1*
#48086000
1,
#48088000
0,
0*
#48090000
1,
#48092000
0,
1*
#48094000
1,
#48096000
0,
0*
#48098000
1,
#48100000
0,
1*
#48102000
1,
#48104000
0,
0*
#48106000
1,
#48108000
0,
1*
#48110000
1,
#48112000
0,
0*
#48114000
1,
#48116000
0,
1*
#48118000
1,
#48120000
0,
0*
#48122000
1,
#48124000
0,
1*
#48126000
1,
#48128000
0,
0*
#48130000
1,
#48132000
0,
1*
#48134000
1,
#48136000
0,
0*
#48138000
1,
#48140000
0,
1*
#48142000
1,
#48144000
0,
0*
#48146000
1,
#48148000
0,
1*
#48150000
1,
#48152000
0,
0*
#48154000
1,
#48156000
0,
1*
#48158000
1,
#48160000
0,
0*
#48162000
1,
#48164000
0,
1*
#48166000
1,
#48168000
0,
0*
#48170000
1,
#48172000
0,
1*
#48174000
1,
#48176000
0,
0*
#48178000
1,
#48180000
0,
1*
#48182000
1,
#48184000
0,
0*
#48186000
1,
#48188000
0,
1*
#48190000
1,
#48192000
0,
0*
#48194000
1,
#48196000
0,
1*
#48198000
1,
#48200000
0,
0*
#48202000
1,
#48204000
0,
1*
#48206000
1,
#48208000
0,
0*
#48210000
1,
#48212000
0,
1*
#48214000
1,
#48216000
0,
0*
#48218000
1,
#48220000
0,
1*
#48222000
1,
#48224000
0,
0*
#48226000
1,
#48228000
0,
1*
#48230000
1,
#48232000
0,
0*
#48234000
1,
#48236000
0,
1*
#48238000
1,
#48240000
0,
0*
#48242000
1,
#48244000
0,
1*
#48246000
1,
#48248000
0,
0*
#48250000
1,
#48252000
0,
1*
#48254000
1,
#48256000
0,
0*
#48258000
1,
#48260000
0,
1*
#48262000
1,
#48264000
0,
0*
#48266000
1,
#48268000
0,
1*
#48270000
1,
#48272000
0,
0*
#48274000
1,
#48276000
0,
1*
#48278000
1,
#48280000
0,
0*
#48282000
1,
#48284000
0,
1*
#48286000
1,
#48288000
0,
0*
#48290000
1,
#48292000
0,
1*
#48294000
1,
#48296000
0,
0*
#48298000
1,
#48300000
0,
1*
#48302000
1,
#48304000
0,
0*
#48306000
1,
#48308000
0,
1*
#48310000
1,
#48312000
0,
0*
#48314000
1,
#48316000
0,
1*
#48318000
1,
#48320000
0,
0*
#48322000
1,
#48324000
0,
1*
#48326000
1,
#48328000
0,
0*
#48330000
1,
#48332000
0,
1*
#48334000
1,
#48336000
0,
0*
#48338000
1,
#48340000
0,
1*
#48342000
1,
#48344000
0,
0*
#48346000
1,
#48348000
0,
1*
#48350000
1,
#48352000
0,
0*
#48354000
1,
#48356000
0,
1*
#48358000
1,
#48360000
0,
0*
#48362000
1,
#48364000
0,
1*
#48366000
1,
#48368000
0,
0*
#48370000
1,
#48372000
0,
1*
#48374000
1,
#48376000
0,
0*
#48378000
1,
#48380000
0,
1*
#48382000
1,
#48384000
0,
0*
#48386000
1,
#48388000
0,
1*
#48390000
1,
#48392000
0,
0*
#48394000
1,
#48396000
0,
1*
#48398000
1,
#48400000
0,
0*
#48402000
1,
#48404000
0,
1*
#48406000
1,
#48408000
0,
0*
#48410000
1,
#48412000
0,
1*
#48414000
1,
#48416000
0,
0*
#48418000
1,
#48420000
0,
1*
1)
#48422000
b110 L
b10 K
b11 O
b11 U
b10110011 #
b10110011 1
b10110011 7
b10110011 T
1!
1,
#48424000
0,
0*
#48426000
b11 2
b11 8
b11 P
b111 L
b110 K
b10110011 &
b10110011 .
b10110011 5
b10110011 9
b100 O
b11 R
b10 0
b10 H
b10 S
b100 U
b10110100 #
b10110100 1
b10110100 7
b10110100 T
1,
#48428000
b10 I
0,
1*
#48430000
b100 2
b100 8
b100 P
b101 L
b111 K
b101 U
b10110101 #
b10110101 1
b10110101 7
b10110101 T
b101 O
b100 R
b110 0
b110 H
b110 S
1,
#48432000
0,
0*
#48434000
b101 2
b101 8
b101 P
b100 L
b101 K
b110 O
b101 R
b111 0
b111 H
b111 S
b110 U
b10110110 #
b10110110 1
b10110110 7
b10110110 T
1,
#48436000
1B
0?
b10 3
b10 >
b10 J
b111 I
0,
1*
#48438000
b110 2
b110 8
b110 P
b1100 L
b100 K
b111 U
b10110111 #
b10110111 1
b10110111 7
b10110111 T
b111 O
b110 R
b101 0
b101 H
b101 S
1,
#48440000
0,
0*
#48442000
b111 2
b111 8
b111 P
b1101 L
b1100 K
b1000 O
b111 R
b100 0
b100 H
b100 S
b1000 U
b10111000 #
b10111000 1
b10111000 7
b10111000 T
1,
#48444000
0B
b111 3
b111 >
b111 J
b100 I
0%
1(
0,
1*
#48446000
b1000 2
b1000 8
b1000 P
b1111 L
b1101 K
b1001 U
b10111001 #
b10111001 1
b10111001 7
b10111001 T
b1001 O
b1000 R
b1100 0
b1100 H
b1100 S
1,
#48448000
0,
0*
#48450000
b1001 2
b1001 8
b1001 P
b1110 L
b1111 K
b1010 O
b1001 R
b1101 0
b1101 H
b1101 S
b1010 U
b10111010 #
b10111010 1
b10111010 7
b10111010 T
1,
#48452000
b110 =
b10 <
b11 @
1$
0(
b100 3
b100 >
b100 J
b1101 I
0,
1*
#48454000
b1010 2
b1010 8
b1010 P
b1010 L
b1110 K
b1011 U
b10111011 #
b10111011 1
b10111011 7
b10111011 T
b1011 O
b1010 R
b1111 0
b1111 H
b1111 S
1,
#48456000
0,
0*
#48458000
b1011 2
b1011 8
b1011 P
b1011 L
b1010 K
b1100 O
b1011 R
b1110 0
b1110 H
b1110 S
b1100 U
b10111100 #
b10111100 1
b10111100 7
b10111100 T
1,
#48460000
b10110100 &
b10110100 .
b10110100 5
b10110100 9
b11 6
b11 :
b11 A
b111 =
b110 <
b1101 3
b1101 >
b1101 J
b1110 I
b100 @
b11 C
b10 4
b10 D
b10 E
0,
1*
#48462000
b1100 2
b1100 8
b1100 P
b1001 L
b1011 K
b1101 U
b10111101 #
b10111101 1
b10111101 7
b10111101 T
b10 F
b1101 O
b1100 R
b1010 0
b1010 H
b1010 S
1,
#48464000
0,
0*
#48466000
b1101 2
b1101 8
b1101 P
b1000 L
b1001 K
b1110 O
b1101 R
b1011 0
b1011 H
b1011 S
b10 /
b10 G
b10 M
b1110 U
b10111110 #
b10111110 1
b10111110 7
b10111110 T
1,
#48468000
b10110101 &
b10110101 .
b10110101 5
b10110101 9
b100 6
b100 :
b100 A
b101 =
b111 <
b101 @
b100 C
b110 4
b110 D
b110 E
b1110 3
b1110 >
b1110 J
b1011 I
0,
1*
#48470000
b1110 2
b1110 8
b1110 P
b11000 L
b1000 K
b1111 U
b10111111 #
b10111111 1
b10111111 7
b10111111 T
b110 F
b1111 O
b1110 R
b1001 0
b1001 H
b1001 S
1,
#48472000
0,
0*
#48474000
b1111 2
b1111 8
b1111 P
b11001 L
b11000 K
b10000 O
b1111 R
b1000 0
b1000 H
b1000 S
b110 /
b110 G
b110 M
b0 U
b11000000 #
b11000000 1
b11000000 7
b11000000 T
1,
#48476000
b10110110 &
b10110110 .
b10110110 5
b10110110 9
b101 6
b101 :
b101 A
b100 =
b101 <
b1011 3
b1011 >
b1011 J
b1000 I
b110 @
b101 C
b111 4
b111 D
b111 E
0,
1*
#48478000
b0 2
b0 8
b0 P
b11011 L
b11001 K
b1 U
b11000001 #
b11000001 1
b11000001 7
b11000001 T
b111 F
b10001 O
b10000 R
b11000 0
b11000 H
b11000 S
1,
#48480000
0,
0*
#48482000
b1 2
b1 8
b1 P
b11010 L
b11011 K
b10010 O
b10001 R
b11001 0
b11001 H
b11001 S
b111 /
b111 G
b111 M
b10 U
b11000010 #
b11000010 1
b11000010 7
b11000010 T
1,
#48484000
b10110111 &
b10110111 .
b10110111 5
b10110111 9
b110 6
b110 :
b110 A
b1100 =
b100 <
b111 @
b110 C
b101 4
b101 D
b101 E
b1000 3
b1000 >
b1000 J
b11001 I
0,
1*
#48486000
b10 2
b10 8
b10 P
b11110 L
b11010 K
b11 U
b11000011 #
b11000011 1
b11000011 7
b11000011 T
b101 F
b10011 O
b10010 R
b11011 0
b11011 H
b11011 S
1,
#48488000
0,
0*
#48490000
b11 2
b11 8
b11 P
b11111 L
0N
b11110 K
b10100 O
b10011 R
b11010 0
b11010 H
b11010 S
b101 /
b101 G
b101 M
b100 U
b11000100 #
b11000100 1
b11000100 7
b11000100 T
1,
#48492000
b10111000 &
b10111000 .
b10111000 5
b10111000 9
b111 6
b111 :
b111 A
b1101 =
b1100 <
b11001 3
b11001 >
b11001 J
b11010 I
b1000 @
b111 C
b100 4
b100 D
b100 E
0,
1*
#48494000
1Q
b100 2
b100 8
b100 P
b11101 L
b11111 K
b101 U
b11000101 #
b11000101 1
b11000101 7
b11000101 T
b100 F
b10101 O
b10100 R
b11110 0
b11110 H
b11110 S
1,
#48496000
0,
0*
#48498000
b101 2
b101 8
b101 P
b11100 L
0N
b11101 K
1Q
1'
b10110 O
b10101 R
b11111 0
b11111 H
b11111 S
b100 /
b100 G
b100 M
b110 U
b11000110 #
b11000110 1
b11000110 7
b11000110 T
1,
#48500000
b10111001 &
b10111001 .
b10111001 5
b10111001 9
b1000 6
b1000 :
b1000 A
b1111 =
b1101 <
b1001 @
b1000 C
b1100 4
b1100 D
b1100 E
b11010 3
b11010 >
b11010 J
b11111 I
0,
1*
#48502000
b110 2
b110 8
b110 P
0Q
b10100 L
1N
b11100 K
b111 U
b11000111 #
b11000111 1
b11000111 7
b11000111 T
b1100 F
b10111 O
b10110 R
b11101 0
b11101 H
b11101 S
1,
#48504000
0,
0*
#48506000
1Q
b111 2
b111 8
b111 P
b10100 L
0N
b11100 K
1"
0'
b10111 O
b10111 R
b11100 0
b11100 H
b11100 S
b1100 /
b1100 G
b1100 M
b1000 U
b11001000 #
b11001000 1
b11001000 7
b11001000 T
1,
#48508000
b10111010 &
b10111010 .
b10111010 5
b10111010 9
b1001 6
b1001 :
b1001 A
b1110 =
b1111 <
b11111 3
b11111 >
b11111 J
b11100 I
b1010 @
b1001 C
b1101 4
b1101 D
b1101 E
0,
1*
#48510000
0!
b1101 F
0"
1'
1,
#48512000
0,
0*
#48514000
b10101 L
b10100 K
b11000 O
1Q
b1101 /
b1101 G
b1101 M
b1001 U
b11001001 #
b11001001 1
b11001001 7
b11001001 T
1!
1,
#48516000
b10111011 &
b10111011 .
b10111011 5
b10111011 9
b1010 6
b1010 :
b1010 A
b1010 =
b1110 <
b1011 @
b1010 C
b1111 4
b1111 D
b1111 E
b11100 3
b11100 >
b11100 J
0,
1*
#48518000
b1000 2
b1000 8
b1000 P
0Q
b10111 L
1N
b10101 K
b1010 U
b11001010 #
b11001010 1
b11001010 7
b11001010 T
b1111 F
b11001 O
b11000 R
b10100 0
b10100 H
b10100 S
1,
#48520000
0,
0*
#48522000
b1001 2
b1001 8
b1001 P
b10111 L
b10101 K
0N
1Q
1"
0'
b11001 O
b11001 R
b10101 0
b10101 H
b10101 S
b1111 /
b1111 G
b1111 M
b1011 U
b11001011 #
b11001011 1
b11001011 7
b11001011 T
1,
#48524000
b10111100 &
b10111100 .
b10111100 5
b10111100 9
b1011 6
b1011 :
b1011 A
b1011 =
b1010 <
b10101 I
b1100 @
b1011 C
b1110 4
b1110 D
b1110 E
0,
1*
#48526000
0!
b1110 F
0"
1'
1,
#48528000
0,
0*
#48530000
b10110 L
0N
b10111 K
b11010 O
1Q
b1110 /
b1110 G
b1110 M
b1100 U
b11001100 #
b11001100 1
b11001100 7
b11001100 T
1!
1,
#48532000
b10111101 &
b10111101 .
b10111101 5
b10111101 9
b1100 6
b1100 :
b1100 A
b1001 =
b1011 <
b1101 @
b1100 C
b1010 4
b1010 D
b1010 E
b10101 3
b10101 >
b10101 J
0,
1*
#48534000
b1010 2
b1010 8
b1010 P
0Q
b10010 L
1N
b10110 K
b1101 U
b11001101 #
b11001101 1
b11001101 7
b11001101 T
b1010 F
b11011 O
b11010 R
b10111 0
b10111 H
b10111 S
1,
#48536000
0,
0*
#48538000
b1011 2
b1011 8
b1011 P
b10010 L
b10110 K
0N
1Q
1"
0'
b11011 O
b11011 R
b10110 0
b10110 H
b10110 S
b1010 /
b1010 G
b1010 M
b1110 U
b11001110 #
b11001110 1
b11001110 7
b11001110 T
1,
#48540000
b10111110 &
b10111110 .
b10111110 5
b10111110 9
b1101 6
b1101 :
b1101 A
b1000 =
b1001 <
b10110 I
b1110 @
b1101 C
b1011 4
b1011 D
b1011 E
0,
1*
#48542000
0!
b1011 F
0"
1'
1,
#48544000
0,
0*
#48546000
b10011 L
b10010 K
b11100 O
1Q
b1011 /
b1011 G
b1011 M
b1111 U
b11001111 #
b11001111 1
b11001111 7
b11001111 T
1!
1,
#48548000
b10111111 &
b10111111 .
b10111111 5
b10111111 9
b1110 6
b1110 :
b1110 A
b11000 =
b1000 <
b1111 @
b1110 C
b1001 4
b1001 D
b1001 E
b10110 3
b10110 >
b10110 J
0,
1*
#48550000
b1100 2
b1100 8
b1100 P
0Q
b10001 L
1N
b10011 K
b0 U
b11010000 #
b11010000 1
b11010000 7
b11010000 T
b1001 F
b11101 O
b11100 R
b10010 0
b10010 H
b10010 S
1,
#48552000
0,
0*
#48554000
b1101 2
b1101 8
b1101 P
b10001 L
b10011 K
0N
1Q
1"
0'
b11101 O
b11101 R
b10011 0
b10011 H
b10011 S
b1001 /
b1001 G
b1001 M
b1 U
b11010001 #
b11010001 1
b11010001 7
b11010001 T
1,
#48556000
b11000000 &
b11000000 .
b11000000 5
b11000000 9
b1111 6
b1111 :
b1111 A
b11001 =
b11000 <
b10011 I
b10000 @
b1111 C
b1000 4
b1000 D
b1000 E
0,
1*
#48558000
0!
b1000 F
0"
1'
1,
#48560000
0,
0*
#48562000
b10000 L
0N
b10001 K
b11110 O
1Q
b1000 /
b1000 G
b1000 M
b10 U
b11010010 #
b11010010 1
b11010010 7
b11010010 T
1!
1,
#48564000
b11000001 &
b11000001 .
b11000001 5
b11000001 9
b0 6
b0 :
b0 A
b11011 =
b11001 <
b10001 @
b10000 C
b11000 4
b11000 D
b11000 E
b10011 3
b10011 >
b10011 J
0,
1*
#48566000
b1110 2
b1110 8
b1110 P
0Q
b0 L
1N
b10000 K
b11 U
b11010011 #
b11010011 1
b11010011 7
b11010011 T
b11000 F
b11111 O
b11110 R
b10001 0
b10001 H
b10001 S
1,
#48568000
0,
0*
#48570000
1Q
b1111 2
b1111 8
b1111 P
b0 L
0N
b10000 K
1"
0'
b11111 O
b11111 R
b10000 0
b10000 H
b10000 S
b11000 /
b11000 G
b11000 M
b100 U
b11010100 #
b11010100 1
b11010100 7
b11010100 T
1,
#48572000
b11000010 &
b11000010 .
b11000010 5
b11000010 9
b1 6
b1 :
b1 A
b11010 =
b11011 <
b10000 I
b10010 @
b10001 C
b11001 4
b11001 D
b11001 E
0,
1*
#48574000
0!
b11001 F
0"
1'
1,
#48576000
0,
0*
#48578000
b1 L
b0 K
b0 O
1Q
b11001 /
b11001 G
b11001 M
b101 U
b11010101 #
b11010101 1
b11010101 7
b11010101 T
1!
1,
#48580000
b11000011 &
b11000011 .
b11000011 5
b11000011 9
b10 6
b10 :
b10 A
b11110 =
b11010 <
b10011 @
b10010 C
b11011 4
b11011 D
b11011 E
b10000 3
b10000 >
b10000 J
0,
1*
#48582000
b0 2
b0 8
b0 P
0Q
b11 L
1N
b1 K
b110 U
b11010110 #
b11010110 1
b11010110 7
b11010110 T
b11011 F
b1 O
b0 R
b0 0
b0 H
b0 S
1,
#48584000
0,
0*
#48586000
b1 2
b1 8
b1 P
b11 L
b1 K
0N
1Q
1"
0'
b1 O
b1 R
b1 0
b1 H
b1 S
b11011 /
b11011 G
b11011 M
b111 U
b11010111 #
b11010111 1
b11010111 7
b11010111 T
1,
#48588000
b11000100 &
b11000100 .
b11000100 5
b11000100 9
b11 6
b11 :
b11 A
b11111 =
b11110 <
b1 I
b10100 @
b10011 C
b11010 4
b11010 D
b11010 E
0,
1*
#48590000
0!
b11010 F
0"
1'
1,
#48592000
0,
0*
#48594000
b10 L
0N
b11 K
b10 O
1Q
b11010 /
b11010 G
b11010 M
b1000 U
b11011000 #
b11011000 1
b11011000 7
b11011000 T
1!
1,
#48596000
b11000101 &
b11000101 .
b11000101 5
b11000101 9
b100 6
b100 :
b100 A
b11101 =
b11111 <
b10101 @
b10100 C
b11110 4
b11110 D
b11110 E
b1 3
b1 >
b1 J
0,
1*
#48598000
b10 2
b10 8
b10 P
0Q
b110 L
1N
b10 K
b1001 U
b11011001 #
b11011001 1
b11011001 7
b11011001 T
b11110 F
b11 O
b10 R
b11 0
b11 H
b11 S
1,
#48600000
0,
0*
#48602000
b11 2
b11 8
b11 P
b110 L
b10 K
0N
1Q
1"
0'
b11 O
b11 R
b10 0
b10 H
b10 S
b11110 /
b11110 G
b11110 M
b1010 U
b11011010 #
b11011010 1
b11011010 7
b11011010 T
1,
#48604000
b11000110 &
b11000110 .
b11000110 5
b11000110 9
b101 6
b101 :
b101 A
b11100 =
b11101 <
b10 I
b10110 @
b10101 C
b11111 4
b11111 D
b11111 E
0,
1*
#48606000
0!
b11111 F
0"
1'
1,
#48608000
0,
0*
#48610000
b111 L
b110 K
b100 O
1Q
b11111 /
b11111 G
b11111 M
b1011 U
b11011011 #
b11011011 1
b11011011 7
b11011011 T
1!
1,
#48612000
b11000111 &
b11000111 .
b11000111 5
b11000111 9
b110 6
b110 :
b110 A
b10100 =
b11100 <
b10111 @
b10110 C
b11101 4
b11101 D
b11101 E
b10 3
b10 >
b10 J
0,
1*
#48614000
b100 2
b100 8
b100 P
0Q
b101 L
1N
b111 K
b1100 U
b11011100 #
b11011100 1
b11011100 7
b11011100 T
b11101 F
b101 O
b100 R
b110 0
b110 H
b110 S
1,
#48616000
0,
0*
#48618000
b101 2
b101 8
b101 P
b101 L
b111 K
0N
1Q
1"
0'
b101 O
b101 R
b111 0
b111 H
b111 S
b11101 /
b11101 G
b11101 M
b1101 U
b11011101 #
b11011101 1
b11011101 7
b11011101 T
1,
#48620000
b11001001 &
b11001001 .
b11001001 5
b11001001 9
b111 6
b111 :
b111 A
b10101 =
b10100 <
b111 I
b11000 @
b10111 C
b11100 4
b11100 D
b11100 E
0,
1*
0)
#48622000
0!
b11100 F
0"
1'
1,
#48624000
0,
0*
#48626000
0Q
b11100 /
b11100 G
b11100 M
1,
#48628000
b11001010 &
b11001010 .
b11001010 5
b11001010 9
b1000 6
b1000 :
b1000 A
b10111 =
b10101 <
b11001 @
b11000 C
b10100 4
b10100 D
b10100 E
b111 3
b111 >
b111 J
0,
1*
#48630000
b10100 F
0'
1,
#48632000
0,
0*
#48634000
b10100 /
b10100 G
b10100 M
1,
#48636000
b11001100 &
b11001100 .
b11001100 5
b11001100 9
b1001 6
b1001 :
b1001 A
b10110 =
b10111 <
b11010 @
b11001 C
b10101 4
b10101 D
b10101 E
0,
1*
#48638000
b10101 F
1,
#48640000
0,
0*
#48642000
b10101 /
b10101 G
b10101 M
1,
#48644000
b11001101 &
b11001101 .
b11001101 5
b11001101 9
b1010 6
b1010 :
b1010 A
b10010 =
b10110 <
b11011 @
b11010 C
b10111 4
b10111 D
b10111 E
0,
1*
#48646000
b10111 F
1,
#48648000
0,
0*
#48650000
b10111 /
b10111 G
b10111 M
1,
#48652000
b11001111 &
b11001111 .
b11001111 5
b11001111 9
b1011 6
b1011 :
b1011 A
b10011 =
b10010 <
b11100 @
b11011 C
b10110 4
b10110 D
b10110 E
0,
1*
#48654000
b10110 F
1,
#48656000
0,
0*
#48658000
b10110 /
b10110 G
b10110 M
1,
#48660000
b11010000 &
b11010000 .
b11010000 5
b11010000 9
b1100 6
b1100 :
b1100 A
b10001 =
b10011 <
b11101 @
b11100 C
b10010 4
b10010 D
b10010 E
0,
1*
#48662000
b10010 F
1,
#48664000
0,
0*
#48666000
b10010 /
b10010 G
b10010 M
1,
#48668000
b11010010 &
b11010010 .
b11010010 5
b11010010 9
b1101 6
b1101 :
b1101 A
b10000 =
b10001 <
b11110 @
b11101 C
b10011 4
b10011 D
b10011 E
0,
1*
#48670000
b10011 F
1,
#48672000
0,
0*
#48674000
b10011 /
b10011 G
b10011 M
1,
#48676000
b11010011 &
b11010011 .
b11010011 5
b11010011 9
b1110 6
b1110 :
b1110 A
b0 =
b10000 <
b11111 @
b11110 C
b10001 4
b10001 D
b10001 E
0,
1*
#48678000
b10001 F
1,
#48680000
0,
0*
#48682000
b10001 /
b10001 G
b10001 M
1,
#48684000
b11010101 &
b11010101 .
b11010101 5
b11010101 9
b1111 6
b1111 :
b1111 A
b1 =
b0 <
b0 @
b11111 C
b10000 4
b10000 D
b10000 E
0,
1*
#48686000
b10000 F
1,
#48688000
0,
0*
#48690000
b10000 /
b10000 G
b10000 M
1,
#48692000
b11010110 &
b11010110 .
b11010110 5
b11010110 9
b0 6
b0 :
b0 A
b11 =
b1 <
b1 @
b0 C
b0 4
b0 D
b0 E
0,
1*
#48694000
b0 F
1,
#48696000
0,
0*
#48698000
b0 /
b0 G
b0 M
1,
#48700000
b11011000 &
b11011000 .
b11011000 5
b11011000 9
b1 6
b1 :
b1 A
b10 =
b11 <
b10 @
b1 C
b1 4
b1 D
b1 E
0,
1*
#48702000
b1 F
1,
#48704000
0,
0*
#48706000
b1 /
b1 G
b1 M
1,
#48708000
b11011001 &
b11011001 .
b11011001 5
b11011001 9
b10 6
b10 :
b10 A
b110 =
b10 <
b11 @
b10 C
b11 4
b11 D
b11 E
0,
1*
#48710000
b11 F
1,
#48712000
0,
0*
#48714000
b11 /
b11 G
b11 M
1,
#48716000
b11011011 &
b11011011 .
b11011011 5
b11011011 9
b11 6
b11 :
b11 A
1B
b111 =
b110 <
b100 @
b11 C
b10 4
b10 D
b10 E
0,
1*
#48718000
b10 F
1,
#48720000
0,
0*
#48722000
b10 /
b10 G
b10 M
1,
#48724000
b11011100 &
b11011100 .
b11011100 5
b11011100 9
b100 6
b100 :
b100 A
0B
b101 =
1?
b111 <
1(
b101 @
b100 C
b110 4
b110 D
b110 E
0,
1*
#48726000
b110 F
1,
#48728000
0,
0*
#48730000
b110 /
b110 G
b110 M
1,
#48732000
b11000110 &
b11000110 .
b11000110 5
b11000110 9
b101 6
b101 :
b101 A
b101 =
1?
b111 <
b101 @
b101 C
b111 4
b111 D
b111 E
1%
0(
0,
1*
#48734000
b111 F
1,
#48736000
0,
0*
#48738000
b111 /
b111 G
b111 M
1,
#48740000
0$
0,
1*
#48742000
1,
#48744000
0,
0*
#48746000
1,
#48748000
0,
1*
#48750000
1,
#48752000
0,
0*
#48754000
1,
#48756000
0,
1*
#48758000
1,
#48760000
0,
0*
#48762000
1,
#48764000
0,
1*
#48766000
1,
#48768000
0,
0*
#48770000
1,
#48772000
0,
1*
#48774000
1,
#48776000
0,
0*
#48778000
1,
#48780000
0,
1*
#48782000
1,
#48784000
0,
0*
#48786000
1,
#48788000
0,
1*
#48790000
1,
#48792000
0,
0*
#48794000
1,
#48796000
0,
1*
#48798000
1,
#48800000
0,
0*
#48802000
1,
#48804000
0,
1*
#48806000
1,
#48808000
0,
0*
#48810000
1,
#48812000
0,
1*
#48814000
1,
#48816000
0,
0*
#48818000
1,
#48820000
0,
1*
#48822000
1,
#48824000
0,
0*
#48826000
1,
#48828000
0,
1*
#48830000
1,
#48832000
0,
0*
#48834000
1,
#48836000
0,
1*
#48838000
1,
#48840000
0,
0*
#48842000
1,
#48844000
0,
1*
#48846000
1,
#48848000
0,
0*
#48850000
1,
#48852000
0,
1*
#48854000
1,
#48856000
0,
0*
#48858000
1,
#48860000
0,
1*
#48862000
1,
#48864000
0,
0*
#48866000
1,
#48868000
0,
1*
#48870000
1,
#48872000
0,
0*
#48874000
1,
#48876000
0,
1*
#48878000
1,
#48880000
0,
0*
#48882000
1,
#48884000
0,
1*
#48886000
1,
#48888000
0,
0*
#48890000
1,
#48892000
0,
1*
#48894000
1,
#48896000
0,
0*
#48898000
1,
#48900000
0,
1*
#48902000
1,
#48904000
0,
0*
#48906000
1,
#48908000
0,
1*
#48910000
1,
#48912000
0,
0*
#48914000
1,
#48916000
0,
1*
#48918000
1,
#48920000
0,
0*
#48922000
1,
#48924000
0,
1*
#48926000
1,
#48928000
0,
0*
#48930000
1,
#48932000
0,
1*
#48934000
1,
#48936000
0,
0*
#48938000
1,
#48940000
0,
1*
#48942000
1,
#48944000
0,
0*
#48946000
1,
#48948000
0,
1*
#48950000
1,
#48952000
0,
0*
#48954000
1,
#48956000
0,
1*
#48958000
1,
#48960000
0,
0*
#48962000
1,
#48964000
0,
1*
#48966000
1,
#48968000
0,
0*
#48970000
1,
#48972000
0,
1*
#48974000
1,
#48976000
0,
0*
#48978000
1,
#48980000
0,
1*
#48982000
1,
#48984000
0,
0*
#48986000
1,
#48988000
0,
1*
#48990000
1,
#48992000
0,
0*
#48994000
1,
#48996000
0,
1*
#48998000
1,
#49000000
0,
0*
#49002000
1,
#49004000
0,
1*
#49006000
1,
#49008000
0,
0*
#49010000
1,
#49012000
0,
1*
#49014000
1,
#49016000
0,
0*
#49018000
1,
#49020000
0,
1*
#49022000
1,
#49024000
0,
0*
#49026000
1,
#49028000
0,
1*
#49030000
1,
#49032000
0,
0*
#49034000
1,
#49036000
0,
1*
#49038000
1,
#49040000
0,
0*
#49042000
1,
#49044000
0,
1*
#49046000
1,
#49048000
0,
0*
#49050000
1,
#49052000
0,
1*
#49054000
1,
#49056000
0,
0*
#49058000
1,
#49060000
0,
1*
#49062000
1,
#49064000
0,
0*
#49066000
1,
#49068000
0,
1*
#49070000
1,
#49072000
0,
0*
#49074000
1,
#49076000
0,
1*
#49078000
1,
#49080000
0,
0*
#49082000
1,
#49084000
0,
1*
#49086000
1,
#49088000
0,
0*
#49090000
1,
#49092000
0,
1*
#49094000
1,
#49096000
0,
0*
#49098000
1,
#49100000
0,
1*
#49102000
1,
#49104000
0,
0*
#49106000
1,
#49108000
0,
1*
#49110000
1,
#49112000
0,
0*
#49114000
1,
#49116000
0,
1*
#49118000
1,
#49120000
0,
0*
#49122000
1,
#49124000
0,
1*
#49126000
1,
#49128000
0,
0*
#49130000
1,
#49132000
0,
1*
#49134000
1,
#49136000
0,
0*
#49138000
1,
#49140000
0,
1*
#49142000
1,
#49144000
0,
0*
#49146000
1,
#49148000
0,
1*
#49150000
1,
#49152000
0,
0*
#49154000
1,
#49156000
0,
1*
#49158000
1,
#49160000
0,
0*
#49162000
1,
#49164000
0,
1*
#49166000
1,
#49168000
0,
0*
#49170000
1,
#49172000
0,
1*
#49174000
1,
#49176000
0,
0*
#49178000
1,
#49180000
0,
1*
#49182000
1,
#49184000
0,
0*
#49186000
1,
#49188000
0,
1*
#49190000
1,
#49192000
0,
0*
#49194000
1,
#49196000
0,
1*
#49198000
1,
#49200000
0,
0*
#49202000
1,
#49204000
0,
1*
#49206000
1,
#49208000
0,
0*
#49210000
1,
#49212000
0,
1*
#49214000
1,
#49216000
0,
0*
#49218000
1,
#49220000
0,
1*
#49222000
1,
#49224000
0,
0*
#49226000
1,
#49228000
0,
1*
#49230000
1,
#49232000
0,
0*
#49234000
1,
#49236000
0,
1*
#49238000
1,
#49240000
0,
0*
#49242000
1,
#49244000
0,
1*
#49246000
1,
#49248000
0,
0*
#49250000
1,
#49252000
0,
1*
#49254000
1,
#49256000
0,
0*
#49258000
1,
#49260000
0,
1*
#49262000
1,
#49264000
0,
0*
#49266000
1,
#49268000
0,
1*
#49270000
1,
#49272000
0,
0*
#49274000
1,
#49276000
0,
1*
#49278000
1,
#49280000
0,
0*
#49282000
1,
#49284000
0,
1*
#49286000
1,
#49288000
0,
0*
#49290000
1,
#49292000
0,
1*
#49294000
1,
#49296000
0,
0*
#49298000
1,
#49300000
0,
1*
#49302000
1,
#49304000
0,
0*
#49306000
1,
#49308000
0,
1*
#49310000
1,
#49312000
0,
0*
#49314000
1,
#49316000
0,
1*
#49318000
1,
#49320000
0,
0*
#49322000
1,
#49324000
0,
1*
#49326000
1,
#49328000
0,
0*
#49330000
1,
#49332000
0,
1*
#49334000
1,
#49336000
0,
0*
#49338000
1,
#49340000
0,
1*
#49342000
1,
#49344000
0,
0*
#49346000
1,
#49348000
0,
1*
#49350000
1,
#49352000
0,
0*
#49354000
1,
#49356000
0,
1*
#49358000
1,
#49360000
0,
0*
#49362000
1,
#49364000
0,
1*
#49366000
1,
#49368000
0,
0*
#49370000
1,
#49372000
0,
1*
#49374000
1,
#49376000
0,
0*
#49378000
1,
#49380000
0,
1*
#49382000
1,
#49384000
0,
0*
#49386000
1,
#49388000
0,
1*
#49390000
1,
#49392000
0,
0*
#49394000
1,
#49396000
0,
1*
#49398000
1,
#49400000
0,
0*
#49402000
1,
#49404000
0,
1*
#49406000
1,
#49408000
0,
0*
#49410000
1,
#49412000
0,
1*
#49414000
1,
#49416000
0,
0*
#49418000
1,
#49420000
0,
1*
#49422000
1,
#49424000
0,
0*
#49426000
1,
#49428000
0,
1*
#49430000
1,
#49432000
0,
0*
#49434000
1,
#49436000
0,
1*
#49438000
1,
#49440000
0,
0*
#49442000
1,
#49444000
0,
1*
#49446000
1,
#49448000
0,
0*
#49450000
1,
#49452000
0,
1*
#49454000
1,
#49456000
0,
0*
#49458000
1,
#49460000
0,
1*
#49462000
1,
#49464000
0,
0*
#49466000
1,
#49468000
0,
1*
#49470000
1,
#49472000
0,
0*
#49474000
1,
#49476000
0,
1*
#49478000
1,
#49480000
0,
0*
#49482000
1,
#49484000
0,
1*
#49486000
1,
#49488000
0,
0*
#49490000
1,
#49492000
0,
1*
#49494000
1,
#49496000
0,
0*
#49498000
1,
#49500000
0,
1*
#49502000
1,
#49504000
0,
0*
#49506000
1,
#49508000
0,
1*
#49510000
1,
#49512000
0,
0*
#49514000
1,
#49516000
0,
1*
#49518000
1,
#49520000
0,
0*
#49522000
1,
#49524000
0,
1*
#49526000
1,
#49528000
0,
0*
#49530000
1,
#49532000
0,
1*
#49534000
1,
#49536000
0,
0*
#49538000
1,
#49540000
0,
1*
#49542000
1,
#49544000
0,
0*
#49546000
1,
#49548000
0,
1*
#49550000
1,
#49552000
0,
0*
#49554000
1,
#49556000
0,
1*
#49558000
1,
#49560000
0,
0*
#49562000
1,
#49564000
0,
1*
#49566000
1,
#49568000
0,
0*
#49570000
1,
#49572000
0,
1*
#49574000
1,
#49576000
0,
0*
#49578000
1,
#49580000
0,
1*
#49582000
1,
#49584000
0,
0*
#49586000
1,
#49588000
0,
1*
#49590000
1,
#49592000
0,
0*
#49594000
1,
#49596000
0,
1*
#49598000
1,
#49600000
0,
0*
#49602000
1,
#49604000
0,
1*
#49606000
1,
#49608000
0,
0*
#49610000
1,
#49612000
0,
1*
#49614000
1,
#49616000
0,
0*
#49618000
1,
#49620000
0,
1*
#49622000
1,
#49624000
0,
0*
#49626000
1,
#49628000
0,
1*
#49630000
1,
#49632000
0,
0*
#49634000
1,
#49636000
0,
1*
#49638000
1,
#49640000
0,
0*
#49642000
1,
#49644000
0,
1*
#49646000
1,
#49648000
0,
0*
#49650000
1,
#49652000
0,
1*
#49654000
1,
#49656000
0,
0*
#49658000
1,
#49660000
0,
1*
#49662000
1,
#49664000
0,
0*
#49666000
1,
#49668000
0,
1*
#49670000
1,
#49672000
0,
0*
#49674000
1,
#49676000
0,
1*
#49678000
1,
#49680000
0,
0*
#49682000
1,
#49684000
0,
1*
#49686000
1,
#49688000
0,
0*
#49690000
1,
#49692000
0,
1*
#49694000
1,
#49696000
0,
0*
#49698000
1,
#49700000
0,
1*
#49702000
1,
#49704000
0,
0*
#49706000
1,
#49708000
0,
1*
#49710000
1,
#49712000
0,
0*
#49714000
1,
#49716000
0,
1*
#49718000
1,
#49720000
0,
0*
#49722000
1,
#49724000
0,
1*
#49726000
1,
#49728000
0,
0*
#49730000
1,
#49732000
0,
1*
#49734000
1,
#49736000
0,
0*
#49738000
1,
#49740000
0,
1*
#49742000
1,
#49744000
0,
0*
#49746000
1,
#49748000
0,
1*
#49750000
1,
#49752000
0,
0*
#49754000
1,
#49756000
0,
1*
#49758000
1,
#49760000
0,
0*
#49762000
1,
#49764000
0,
1*
#49766000
1,
#49768000
0,
0*
#49770000
1,
#49772000
0,
1*
#49774000
1,
#49776000
0,
0*
#49778000
1,
#49780000
0,
1*
#49782000
1,
#49784000
0,
0*
#49786000
1,
#49788000
0,
1*
#49790000
1,
#49792000
0,
0*
#49794000
1,
#49796000
0,
1*
#49798000
1,
#49800000
0,
0*
#49802000
1,
#49804000
0,
1*
#49806000
1,
#49808000
0,
0*
#49810000
1,
#49812000
0,
1*
#49814000
1,
#49816000
0,
0*
#49818000
1,
#49820000
0,
1*
#49822000
1,
#49824000
0,
0*
#49826000
1,
#49828000
0,
1*
#49830000
1,
#49832000
0,
0*
#49834000
1,
#49836000
0,
1*
#49838000
1,
#49840000
0,
0*
#49842000
1,
#49844000
0,
1*
#49846000
1,
#49848000
0,
0*
#49850000
1,
#49852000
0,
1*
#49854000
1,
#49856000
0,
0*
#49858000
1,
#49860000
0,
1*
#49862000
1,
#49864000
0,
0*
#49866000
1,
#49868000
0,
1*
#49870000
1,
#49872000
0,
0*
#49874000
1,
#49876000
0,
1*
#49878000
1,
#49880000
0,
0*
#49882000
1,
#49884000
0,
1*
#49886000
1,
#49888000
0,
0*
#49890000
1,
#49892000
0,
1*
#49894000
1,
#49896000
0,
0*
#49898000
1,
#49900000
0,
1*
#49902000
1,
#49904000
0,
0*
#49906000
1,
#49908000
0,
1*
#49910000
1,
#49912000
0,
0*
#49914000
1,
#49916000
0,
1*
#49918000
1,
#49920000
0,
0*
#49922000
1,
#49924000
0,
1*
#49926000
1,
#49928000
0,
0*
#49930000
1,
#49932000
0,
1*
#49934000
1,
#49936000
0,
0*
#49938000
1,
#49940000
0,
1*
#49942000
1,
#49944000
0,
0*
#49946000
1,
#49948000
0,
1*
#49950000
1,
#49952000
0,
0*
#49954000
1,
#49956000
0,
1*
#49958000
1,
#49960000
0,
0*
#49962000
1,
#49964000
0,
1*
#49966000
1,
#49968000
0,
0*
#49970000
1,
#49972000
0,
1*
#49974000
1,
#49976000
0,
0*
#49978000
1,
#49980000
0,
1*
#49982000
1,
#49984000
0,
0*
#49986000
1,
#49988000
0,
1*
#49990000
1,
#49992000
0,
0*
#49994000
1,
#49996000
0,
1*
#49998000
1,
#50000000
0,
0*
