$date
	Wed Jan 14 21:26:52 2026
$end
$version
	Icarus Verilog
$end
$timescale
	1ps
$end
$scope module system_async_fifo_top_sim $end
$var wire 1 ! wfull_o $end
$var wire 1 " rempty_o $end
$var wire 8 # rdata_o [7:0] $end
$var reg 1 $ prod_en $end
$var reg 1 % rclk $end
$var reg 1 & rrst_n $end
$var reg 1 ' wclk $end
$var reg 1 ( wrst_n $end
$scope module dut $end
$var wire 1 $ prod_en $end
$var wire 1 % rclk $end
$var wire 8 ) rdata_o [7:0] $end
$var wire 1 & rrst_n $end
$var wire 1 ' wclk $end
$var wire 1 ( wrst_n $end
$var wire 1 * winc $end
$var wire 1 ! wfull_o $end
$var wire 8 + wdata [7:0] $end
$var wire 1 , rinc $end
$var wire 1 " rempty_o $end
$var wire 8 - rdata [7:0] $end
$var wire 1 . awfull $end
$var wire 1 / arempty $end
$scope module u_cons $end
$var wire 1 % clk $end
$var wire 1 & rst_n $end
$var wire 1 " rempty $end
$var wire 8 0 rdata [7:0] $end
$var reg 1 , rinc $end
$upscope $end
$scope module u_fifo $end
$var wire 1 % rclk $end
$var wire 1 , rinc $end
$var wire 1 & rrst_n $end
$var wire 1 ' wclk $end
$var wire 1 ( wrst_n $end
$var wire 5 1 wq2_rptr [4:0] $end
$var wire 5 2 wptr [4:0] $end
$var wire 1 * winc $end
$var wire 1 ! wfull $end
$var wire 8 3 wdata [7:0] $end
$var wire 4 4 waddr [3:0] $end
$var wire 5 5 rq2_wptr [4:0] $end
$var wire 5 6 rptr [4:0] $end
$var wire 1 " rempty $end
$var wire 8 7 rdata [7:0] $end
$var wire 4 8 raddr [3:0] $end
$var wire 1 . awfull $end
$var wire 1 / arempty $end
$scope module fifomem $end
$var wire 1 % rclk $end
$var wire 1 , rclken $end
$var wire 1 ' wclk $end
$var wire 1 ! wfull $end
$var wire 8 9 wdata [7:0] $end
$var wire 1 * wclken $end
$var wire 4 : waddr [3:0] $end
$var wire 8 ; rdata [7:0] $end
$var wire 4 < raddr [3:0] $end
$var integer 32 = i [31:0] $end
$scope begin fallthrough $end
$upscope $end
$upscope $end
$scope module rptr_empty $end
$var wire 1 % rclk $end
$var wire 5 > rgraynext [4:0] $end
$var wire 5 ? rgraynextm1 [4:0] $end
$var wire 1 , rinc $end
$var wire 1 & rrst_n $end
$var wire 5 @ rq2_wptr [4:0] $end
$var wire 1 A rempty_val $end
$var wire 5 B rbinnext [4:0] $end
$var wire 4 C raddr [3:0] $end
$var wire 1 D arempty_val $end
$var reg 1 / arempty $end
$var reg 5 E rbin [4:0] $end
$var reg 1 " rempty $end
$var reg 5 F rptr [4:0] $end
$upscope $end
$scope module sync_r2w $end
$var wire 5 G rptr [4:0] $end
$var wire 1 ' wclk $end
$var wire 1 ( wrst_n $end
$var reg 5 H wq1_rptr [4:0] $end
$var reg 5 I wq2_rptr [4:0] $end
$upscope $end
$scope module sync_w2r $end
$var wire 1 % rclk $end
$var wire 1 & rrst_n $end
$var wire 5 J wptr [4:0] $end
$var reg 5 K rq1_wptr [4:0] $end
$var reg 5 L rq2_wptr [4:0] $end
$upscope $end
$scope module wptr_full $end
$var wire 1 ' wclk $end
$var wire 5 M wgraynext [4:0] $end
$var wire 5 N wgraynextp1 [4:0] $end
$var wire 5 O wq2_rptr [4:0] $end
$var wire 1 ( wrst_n $end
$var wire 1 * winc $end
$var wire 1 P wfull_val $end
$var wire 5 Q wbinnext [4:0] $end
$var wire 4 R waddr [3:0] $end
$var wire 1 S awfull_val $end
$var reg 1 . awfull $end
$var reg 5 T wbin [4:0] $end
$var reg 1 ! wfull $end
$var reg 5 U wptr [4:0] $end
$upscope $end
$upscope $end
$scope module u_prod $end
$var wire 1 ' clk $end
$var wire 1 $ enable $end
$var wire 1 ( rst_n $end
$var wire 1 ! wfull $end
$var reg 8 V wdata [7:0] $end
$var reg 1 * winc $end
$var integer 32 W cnt [31:0] $end
$upscope $end
$upscope $end
$upscope $end
$enddefinitions $end
#0
$dumpvars
b0 W
b0 V
b0 U
b0 T
0S
b0 R
b0 Q
0P
b0 O
b1 N
b0 M
b0 L
b0 K
b0 J
b0 I
b0 H
b0 G
b0 F
b0 E
0D
b0 C
b0 B
1A
b0 @
b1 ?
b0 >
b10000 =
b0 <
b0 ;
b0 :
b0 9
b0 8
b0 7
b0 6
b0 5
b0 4
b0 3
b0 2
b0 1
b0 0
0/
0.
b0 -
0,
b0 +
0*
b0 )
0(
0'
0&
0%
0$
b0 #
1"
0!
$end
#2000
1'
#3000
1%
#4000
0'
#6000
1'
0%
#8000
0'
#9000
1%
#10000
1'
#12000
0'
0%
#14000
1'
#15000
1%
#16000
0'
#18000
1'
0%
#20000
0'
1$
1&
1(
#21000
1%
#22000
b11 N
b1 M
b1 Q
b1 W
b1 +
b1 3
b1 9
b1 V
1*
1'
#24000
0'
0%
#26000
b1 4
b1 :
b1 R
b10 N
b11 M
b1 #
b1 )
b1 -
b1 0
b1 7
b1 ;
b10 Q
b1 T
b1 2
b1 J
b1 U
b10 W
b10 +
b10 3
b10 9
b10 V
1'
#27000
b1 K
1%
#28000
0'
#30000
b10 4
b10 :
b10 R
b110 N
b10 M
b11 W
b11 +
b11 3
b11 9
b11 V
b11 Q
b10 T
b11 2
b11 J
b11 U
1'
0%
#32000
0'
#33000
1D
0A
b1 5
b1 @
b1 L
b11 K
1%
#34000
b11 4
b11 :
b11 R
b111 N
b110 M
b100 Q
b11 T
b10 2
b10 J
b10 U
b100 W
b100 +
b100 3
b100 9
b100 V
1'
#36000
0'
0%
#38000
b100 4
b100 :
b100 R
b101 N
b111 M
b101 W
b101 +
b101 3
b101 9
b101 V
b101 Q
b100 T
b110 2
b110 J
b110 U
1'
#39000
0"
1/
0D
b11 5
b11 @
b11 L
b110 K
1%
#40000
0'
#42000
b101 4
b101 :
b101 R
b100 N
b101 M
b110 Q
b101 T
b111 2
b111 J
b111 U
b110 W
b110 +
b110 3
b110 9
b110 V
1'
0%
#44000
0'
#45000
b11 ?
b1 >
b1 B
b110 5
b110 @
b110 L
b111 K
0/
1,
1%
#46000
b110 4
b110 :
b110 R
b1100 N
b100 M
b111 W
b111 +
b111 3
b111 9
b111 V
b111 Q
b110 T
b101 2
b101 J
b101 U
1'
#48000
0'
0%
#50000
b111 4
b111 :
b111 R
b1101 N
b1100 M
b1000 Q
b111 T
b100 2
b100 J
b100 U
b1000 W
b1000 +
b1000 3
b1000 9
b1000 V
1'
#51000
b10 #
b10 )
b10 -
b10 0
b10 7
b10 ;
b1 8
b1 <
b1 C
b10 ?
b11 >
b10 B
b1 E
b1 6
b1 F
b1 G
b111 5
b111 @
b111 L
b100 K
1%
#52000
0'
#54000
b1000 4
b1000 :
b1000 R
b1111 N
b1101 M
b1001 W
b1001 +
b1001 3
b1001 9
b1001 V
b1 H
b1001 Q
b1000 T
b1100 2
b1100 J
b1100 U
1'
0%
#56000
0'
#57000
b11 #
b11 )
b11 -
b11 0
b11 7
b11 ;
b10 8
b10 <
b10 C
b110 ?
b10 >
b100 5
b100 @
b100 L
b1100 K
b11 B
b10 E
b11 6
b11 F
b11 G
1%
#58000
b1001 4
b1001 :
b1001 R
b1110 N
b1111 M
b1010 Q
b1001 T
b1101 2
b1101 J
b1101 U
b1 1
b1 I
b1 O
b11 H
b1010 W
b1010 +
b1010 3
b1010 9
b1010 V
1'
#60000
0'
0%
#62000
b1010 4
b1010 :
b1010 R
b1010 N
b1110 M
b1011 W
b1011 +
b1011 3
b1011 9
b1011 V
b11 1
b11 I
b11 O
b1011 Q
b1010 T
b1111 2
b1111 J
b1111 U
1'
#63000
b100 #
b100 )
b100 -
b100 0
b100 7
b100 ;
b11 8
b11 <
b11 C
b111 ?
b110 >
b100 B
b11 E
b10 6
b10 F
b10 G
b1100 5
b1100 @
b1100 L
b1111 K
1%
#64000
0'
#66000
b1011 4
b1011 :
b1011 R
b1011 N
b1010 M
b1100 Q
b1011 T
b1110 2
b1110 J
b1110 U
b10 H
b1100 W
b1100 +
b1100 3
b1100 9
b1100 V
1'
0%
#68000
0'
#69000
b101 #
b101 )
b101 -
b101 0
b101 7
b101 ;
b100 8
b100 <
b100 C
b101 ?
b111 >
b1111 5
b1111 @
b1111 L
b1110 K
b101 B
b100 E
b110 6
b110 F
b110 G
1%
#70000
b1100 4
b1100 :
b1100 R
b1001 N
b1011 M
b1101 W
b1101 +
b1101 3
b1101 9
b1101 V
b10 1
b10 I
b10 O
b110 H
b1101 Q
b1100 T
b1010 2
b1010 J
b1010 U
1'
#72000
0'
0%
#74000
b1101 4
b1101 :
b1101 R
b1000 N
b1001 M
b1110 Q
b1101 T
b1011 2
b1011 J
b1011 U
b110 1
b110 I
b110 O
b1110 W
b1110 +
b1110 3
b1110 9
b1110 V
1'
#75000
b110 #
b110 )
b110 -
b110 0
b110 7
b110 ;
b101 8
b101 <
b101 C
b100 ?
b101 >
b110 B
b101 E
b111 6
b111 F
b111 G
b1110 5
b1110 @
b1110 L
b1011 K
1%
#76000
0'
#78000
b1110 4
b1110 :
b1110 R
b11000 N
b1000 M
b1111 W
b1111 +
b1111 3
b1111 9
b1111 V
b111 H
b1111 Q
b1110 T
b1001 2
b1001 J
b1001 U
1'
0%
#80000
0'
#81000
b111 #
b111 )
b111 -
b111 0
b111 7
b111 ;
b110 8
b110 <
b110 C
0D
b1100 ?
b100 >
b1011 5
b1011 @
b1011 L
b1001 K
b111 B
b110 E
b101 6
b101 F
b101 G
1%
#82000
b1111 4
b1111 :
b1111 R
b11001 N
b11000 M
b10000 Q
b1111 T
b1000 2
b1000 J
b1000 U
b111 1
b111 I
b111 O
b101 H
b0 W
b10000 +
b10000 3
b10000 9
b10000 V
1'
#84000
0'
0%
#86000
b0 4
b0 :
b0 R
b11011 N
b11001 M
b1 W
b10001 +
b10001 3
b10001 9
b10001 V
b101 1
b101 I
b101 O
b10001 Q
b10000 T
b11000 2
b11000 J
b11000 U
1'
#87000
b1000 #
b1000 )
b1000 -
b1000 0
b1000 7
b1000 ;
b111 8
b111 <
b111 C
b1101 ?
b1100 >
b1000 B
b111 E
b100 6
b100 F
b100 G
b1001 5
b1001 @
b1001 L
b11000 K
1%
#88000
0'
#90000
b1 4
b1 :
b1 R
b11010 N
b11011 M
b10010 Q
b10001 T
b11001 2
b11001 J
b11001 U
b100 H
b10 W
b10010 +
b10010 3
b10010 9
b10010 V
1'
0%
#92000
0'
#93000
b1001 #
b1001 )
b1001 -
b1001 0
b1001 7
b1001 ;
b1000 8
b1000 <
b1000 C
b1111 ?
b1101 >
b11000 5
b11000 @
b11000 L
b11001 K
b1001 B
b1000 E
b1100 6
b1100 F
b1100 G
1%
#94000
b10 4
b10 :
b10 R
0S
b11110 N
b11010 M
b11 W
b10011 +
b10011 3
b10011 9
b10011 V
b100 1
b100 I
b100 O
b1100 H
b10011 Q
b10010 T
b11011 2
b11011 J
b11011 U
1'
#96000
0'
0%
#98000
b11 4
b11 :
b11 R
b11111 N
b11110 M
b10100 Q
b10011 T
b11010 2
b11010 J
b11010 U
b1100 1
b1100 I
b1100 O
b100 W
b10100 +
b10100 3
b10100 9
b10100 V
1'
#99000
b1010 #
b1010 )
b1010 -
b1010 0
b1010 7
b1010 ;
b1001 8
b1001 <
b1001 C
b1110 ?
b1111 >
b1010 B
b1001 E
b1101 6
b1101 F
b1101 G
b11001 5
b11001 @
b11001 L
b11010 K
1%
#100000
0'
#102000
b100 4
b100 :
b100 R
b11101 N
b11111 M
b101 W
b10101 +
b10101 3
b10101 9
b10101 V
b1101 H
b10101 Q
b10100 T
b11110 2
b11110 J
b11110 U
1'
0%
#104000
0'
#105000
b1011 #
b1011 )
b1011 -
b1011 0
b1011 7
b1011 ;
b1010 8
b1010 <
b1010 C
b1010 ?
b1110 >
b11010 5
b11010 @
b11010 L
b11110 K
b1011 B
b1010 E
b1111 6
b1111 F
b1111 G
1%
#106000
b101 4
b101 :
b101 R
b11100 N
b11101 M
b10110 Q
b10101 T
b11111 2
b11111 J
b11111 U
b1101 1
b1101 I
b1101 O
b1111 H
b110 W
b10110 +
b10110 3
b10110 9
b10110 V
1'
#108000
0'
0%
#110000
b110 4
b110 :
b110 R
b10100 N
b11100 M
b111 W
b10111 +
b10111 3
b10111 9
b10111 V
b1111 1
b1111 I
b1111 O
b10111 Q
b10110 T
b11101 2
b11101 J
b11101 U
1'
#111000
b1100 #
b1100 )
b1100 -
b1100 0
b1100 7
b1100 ;
b1011 8
b1011 <
b1011 C
b1011 ?
b1010 >
b1100 B
b1011 E
b1110 6
b1110 F
b1110 G
b11110 5
b11110 @
b11110 L
b11101 K
1%
#112000
0'
#114000
b111 4
b111 :
b111 R
b10101 N
b10100 M
b11000 Q
b10111 T
b11100 2
b11100 J
b11100 U
b1110 H
b1000 W
b11000 +
b11000 3
b11000 9
b11000 V
1'
0%
#116000
0'
#117000
b1101 #
b1101 )
b1101 -
b1101 0
b1101 7
b1101 ;
b1100 8
b1100 <
b1100 C
b1001 ?
b1011 >
b11101 5
b11101 @
b11101 L
b11100 K
b1101 B
b1100 E
b1010 6
b1010 F
b1010 G
1%
#118000
0S
b1000 4
b1000 :
b1000 R
b10111 N
b10101 M
b1001 W
b11001 +
b11001 3
b11001 9
b11001 V
b1110 1
b1110 I
b1110 O
b1010 H
b11001 Q
b11000 T
b10100 2
b10100 J
b10100 U
1'
#120000
0'
0%
#122000
b1001 4
b1001 :
b1001 R
b10110 N
b10111 M
b11010 Q
b11001 T
b10101 2
b10101 J
b10101 U
b1010 1
b1010 I
b1010 O
b1010 W
b11010 +
b11010 3
b11010 9
b11010 V
1'
#123000
b1110 #
b1110 )
b1110 -
b1110 0
b1110 7
b1110 ;
b1101 8
b1101 <
b1101 C
b1000 ?
b1001 >
b1110 B
b1101 E
b1011 6
b1011 F
b1011 G
b11100 5
b11100 @
b11100 L
b10101 K
1%
#124000
0'
#126000
1S
b1010 4
b1010 :
b1010 R
b10010 N
b10110 M
b1011 W
b11011 +
b11011 3
b11011 9
b11011 V
b1011 H
b11011 Q
b11010 T
b10111 2
b10111 J
b10111 U
1'
0%
#128000
0'
#129000
b1111 #
b1111 )
b1111 -
b1111 0
b1111 7
b1111 ;
b1110 8
b1110 <
b1110 C
b11000 ?
b1000 >
b10101 5
b10101 @
b10101 L
b10111 K
b1111 B
b1110 E
b1001 6
b1001 F
b1001 G
1%
#130000
b1011 4
b1011 :
b1011 R
b10011 N
b10010 M
1S
1.
b11100 Q
b11011 T
b10110 2
b10110 J
b10110 U
b1011 1
b1011 I
b1011 O
b1001 H
b1100 W
b11100 +
b11100 3
b11100 9
b11100 V
1'
#132000
0'
0%
#134000
b1100 4
b1100 :
b1100 R
1S
b10001 N
0P
b10011 M
b1101 W
b11101 +
b11101 3
b11101 9
b11101 V
b1001 1
b1001 I
b1001 O
b11101 Q
b11100 T
b10010 2
b10010 J
b10010 U
1'
#135000
b10000 #
b10000 )
b10000 -
b10000 0
b10000 7
b10000 ;
b1111 8
b1111 <
b1111 C
b11001 ?
0A
b11000 >
b10000 B
b1111 E
b1000 6
b1000 F
b1000 G
b10111 5
b10111 @
b10111 L
b10010 K
1%
#136000
0'
#138000
1P
b1101 4
b1101 :
b1101 R
0S
b10000 N
b10001 M
b11110 Q
b11101 T
b10011 2
b10011 J
b10011 U
b1000 H
b1110 W
b11110 +
b11110 3
b11110 9
b11110 V
1'
0%
#140000
0'
#141000
b10001 #
b10001 )
b10001 -
b10001 0
b10001 7
b10001 ;
b0 8
b0 <
b0 C
b11011 ?
b11001 >
b10010 5
b10010 @
b10010 L
b10011 K
b10001 B
b10000 E
b11000 6
b11000 F
b11000 G
1%
#142000
1S
b1110 4
b1110 :
b1110 R
b10000 N
0P
b10001 M
b1111 W
b11111 +
b11111 3
b11111 9
b11111 V
b1000 1
b1000 I
b1000 O
b11000 H
b11110 Q
b11110 T
b10001 2
b10001 J
b10001 U
1!
0.
1'
#144000
0'
0%
#146000
0S
0!
1.
b11000 1
b11000 I
b11000 O
0*
1'
#147000
b10010 #
b10010 )
b10010 -
b10010 0
b10010 7
b10010 ;
b1 8
b1 <
b1 C
b11010 ?
b11011 >
b10010 B
b10001 E
b11001 6
b11001 F
b11001 G
b10011 5
b10011 @
b10011 L
b10001 K
1%
#148000
0'
#150000
1S
b0 N
b10000 M
b11111 Q
b0 W
b100000 +
b100000 3
b100000 9
b100000 V
1*
b11001 H
0.
1'
0%
#152000
0'
#153000
b10011 #
b10011 )
b10011 -
b10011 0
b10011 7
b10011 ;
b10 8
b10 <
b10 C
b11110 ?
b11010 >
b10001 5
b10001 @
b10001 L
b10011 B
b10010 E
b11011 6
b11011 F
b11011 G
1%
#154000
b1111 4
b1111 :
b1111 R
b1 N
b0 M
1S
1.
b0 Q
b11111 T
b10000 2
b10000 J
b10000 U
b11001 1
b11001 I
b11001 O
b11011 H
b1 W
b100001 +
b100001 3
b100001 9
b100001 V
1'
#156000
0'
0%
#158000
b0 4
b0 :
b0 R
1S
b11 N
0P
b1 M
b10 W
b100010 +
b100010 3
b100010 9
b100010 V
b11011 1
b11011 I
b11011 O
b1 Q
b0 T
b0 2
b0 J
b0 U
1'
#159000
b10100 #
b10100 )
b10100 -
b10100 0
b10100 7
b10100 ;
b11 8
b11 <
b11 C
b11111 ?
b11110 >
b10100 B
b10011 E
b11010 6
b11010 F
b11010 G
b0 K
1%
#160000
0'
#162000
1P
b1 4
b1 :
b1 R
0S
b10 N
b11 M
b10 Q
b1 T
b1 2
b1 J
b1 U
b11010 H
b11 W
b100011 +
b100011 3
b100011 9
b100011 V
1'
0%
#164000
0'
#165000
b10101 #
b10101 )
b10101 -
b10101 0
b10101 7
b10101 ;
b100 8
b100 <
b100 C
b11101 ?
b11111 >
b0 5
b0 @
b0 L
b1 K
b10101 B
b10100 E
b11110 6
b11110 F
b11110 G
1%
#166000
1S
b10 4
b10 :
b10 R
b10 N
0P
b11 M
b100 W
b100100 +
b100100 3
b100100 9
b100100 V
b11010 1
b11010 I
b11010 O
b11110 H
b10 Q
b10 T
b11 2
b11 J
b11 U
1!
0.
1'
#168000
0'
0%
#170000
0S
0!
1.
b11110 1
b11110 I
b11110 O
0*
1'
#171000
b10110 #
b10110 )
b10110 -
b10110 0
b10110 7
b10110 ;
b101 8
b101 <
b101 C
b11100 ?
b11101 >
b10110 B
b10101 E
b11111 6
b11111 F
b11111 G
b1 5
b1 @
b1 L
b11 K
1%
#172000
0'
#174000
1S
b110 N
b10 M
b11 Q
b101 W
b100101 +
b100101 3
b100101 9
b100101 V
1*
b11111 H
0.
1'
0%
#176000
0'
#177000
b10111 #
b10111 )
b10111 -
b10111 0
b10111 7
b10111 ;
b110 8
b110 <
b110 C
b10100 ?
b11100 >
b11 5
b11 @
b11 L
b10111 B
b10110 E
b11101 6
b11101 F
b11101 G
1%
#178000
b11 4
b11 :
b11 R
b111 N
b110 M
1S
1.
b100 Q
b11 T
b10 2
b10 J
b10 U
b11111 1
b11111 I
b11111 O
b11101 H
b110 W
b100110 +
b100110 3
b100110 9
b100110 V
1'
#180000
0'
0%
#182000
b100 4
b100 :
b100 R
1S
b101 N
0P
b111 M
b111 W
b100111 +
b100111 3
b100111 9
b100111 V
b11101 1
b11101 I
b11101 O
b101 Q
b100 T
b110 2
b110 J
b110 U
1'
#183000
b11000 #
b11000 )
b11000 -
b11000 0
b11000 7
b11000 ;
b111 8
b111 <
b111 C
b10101 ?
b10100 >
b11000 B
b10111 E
b11100 6
b11100 F
b11100 G
b110 K
1%
#184000
0'
#186000
1P
b101 4
b101 :
b101 R
0S
b100 N
b101 M
b110 Q
b101 T
b111 2
b111 J
b111 U
b11100 H
b1000 W
b101000 +
b101000 3
b101000 9
b101000 V
1'
0%
#188000
0'
#189000
b11001 #
b11001 )
b11001 -
b11001 0
b11001 7
b11001 ;
b1000 8
b1000 <
b1000 C
b10111 ?
b10101 >
b110 5
b110 @
b110 L
b111 K
b11001 B
b11000 E
b10100 6
b10100 F
b10100 G
1%
#190000
1S
b110 4
b110 :
b110 R
b100 N
0P
b101 M
b1001 W
b101001 +
b101001 3
b101001 9
b101001 V
b11100 1
b11100 I
b11100 O
b10100 H
b110 Q
b110 T
b101 2
b101 J
b101 U
1!
0.
1'
#192000
0'
0%
#194000
0S
0!
1.
b10100 1
b10100 I
b10100 O
0*
1'
#195000
b11010 #
b11010 )
b11010 -
b11010 0
b11010 7
b11010 ;
b1001 8
b1001 <
b1001 C
b10110 ?
b10111 >
b11010 B
b11001 E
b10101 6
b10101 F
b10101 G
b111 5
b111 @
b111 L
b101 K
1%
#196000
0'
#198000
1S
b1100 N
b100 M
b111 Q
b1010 W
b101010 +
b101010 3
b101010 9
b101010 V
1*
b10101 H
0.
1'
0%
#200000
0'
#201000
b11011 #
b11011 )
b11011 -
b11011 0
b11011 7
b11011 ;
b1010 8
b1010 <
b1010 C
b10010 ?
b10110 >
b101 5
b101 @
b101 L
b11011 B
b11010 E
b10111 6
b10111 F
b10111 G
1%
#202000
b111 4
b111 :
b111 R
b1101 N
b1100 M
1S
1.
b1000 Q
b111 T
b100 2
b100 J
b100 U
b10101 1
b10101 I
b10101 O
b10111 H
b1011 W
b101011 +
b101011 3
b101011 9
b101011 V
1'
#204000
0'
0%
#206000
b1000 4
b1000 :
b1000 R
1S
b1111 N
0P
b1101 M
b1100 W
b101100 +
b101100 3
b101100 9
b101100 V
b10111 1
b10111 I
b10111 O
b1001 Q
b1000 T
b1100 2
b1100 J
b1100 U
1'
#207000
b11100 #
b11100 )
b11100 -
b11100 0
b11100 7
b11100 ;
b1011 8
b1011 <
b1011 C
b10011 ?
b10010 >
b11100 B
b11011 E
b10110 6
b10110 F
b10110 G
b1100 K
1%
#208000
0'
#210000
1P
b1001 4
b1001 :
b1001 R
0S
b1110 N
b1111 M
b1010 Q
b1001 T
b1101 2
b1101 J
b1101 U
b10110 H
b1101 W
b101101 +
b101101 3
b101101 9
b101101 V
1'
0%
#212000
0'
#213000
b11101 #
b11101 )
b11101 -
b11101 0
b11101 7
b11101 ;
b1100 8
b1100 <
b1100 C
b10001 ?
b10011 >
b1100 5
b1100 @
b1100 L
b1101 K
b11101 B
b11100 E
b10010 6
b10010 F
b10010 G
1%
#214000
1S
b1010 4
b1010 :
b1010 R
b1110 N
0P
b1111 M
b1110 W
b101110 +
b101110 3
b101110 9
b101110 V
b10110 1
b10110 I
b10110 O
b10010 H
b1010 Q
b1010 T
b1111 2
b1111 J
b1111 U
1!
0.
1'
#216000
0'
0%
#218000
0S
0!
1.
b10010 1
b10010 I
b10010 O
0*
1'
#219000
b11110 #
b11110 )
b11110 -
b11110 0
b11110 7
b11110 ;
b1101 8
b1101 <
b1101 C
b10000 ?
b10001 >
b11110 B
b11101 E
b10011 6
b10011 F
b10011 G
b1101 5
b1101 @
b1101 L
b1111 K
1%
#220000
0'
0$
#222000
b10011 H
0.
1'
0%
#224000
0'
#225000
b100000 #
b100000 )
b100000 -
b100000 0
b100000 7
b100000 ;
b1110 8
b1110 <
b1110 C
0D
b0 ?
b10000 >
b1111 5
b1111 @
b1111 L
b11111 B
b11110 E
b10001 6
b10001 F
b10001 G
1%
#226000
b10011 1
b10011 I
b10011 O
b10001 H
1'
#228000
0'
0%
#230000
b10001 1
b10001 I
b10001 O
1'
#231000
b100001 #
b100001 )
b100001 -
b100001 0
b100001 7
b100001 ;
b1111 8
b1111 <
b1111 C
b1 ?
0A
b0 >
b0 B
b11111 E
b10000 6
b10000 F
b10000 G
1%
#232000
0'
#234000
b10000 H
1'
0%
#236000
0'
#237000
b100010 #
b100010 )
b100010 -
b100010 0
b100010 7
b100010 ;
b0 8
b0 <
b0 C
b11 ?
b1 >
b1 B
b0 E
b0 6
b0 F
b0 G
1%
#238000
b10000 1
b10000 I
b10000 O
b0 H
1'
#240000
0'
0%
#242000
b0 1
b0 I
b0 O
1'
#243000
b100011 #
b100011 )
b100011 -
b100011 0
b100011 7
b100011 ;
b1 8
b1 <
b1 C
b10 ?
b11 >
b10 B
b1 E
b1 6
b1 F
b1 G
1%
#244000
0'
#246000
b1 H
1'
0%
#248000
0'
#249000
b100101 #
b100101 )
b100101 -
b100101 0
b100101 7
b100101 ;
b10 8
b10 <
b10 C
b110 ?
b10 >
b11 B
b10 E
b11 6
b11 F
b11 G
1%
#250000
b1 1
b1 I
b1 O
b11 H
1'
#252000
0'
0%
#254000
b11 1
b11 I
b11 O
1'
#255000
b100110 #
b100110 )
b100110 -
b100110 0
b100110 7
b100110 ;
b11 8
b11 <
b11 C
b111 ?
b110 >
b100 B
b11 E
b10 6
b10 F
b10 G
1%
#256000
0'
#258000
b10 H
1'
0%
#260000
0'
#261000
b100111 #
b100111 )
b100111 -
b100111 0
b100111 7
b100111 ;
b100 8
b100 <
b100 C
b101 ?
b111 >
b101 B
b100 E
b110 6
b110 F
b110 G
1%
#262000
b10 1
b10 I
b10 O
b110 H
1'
#264000
0'
0%
#266000
b110 1
b110 I
b110 O
1'
#267000
b101000 #
b101000 )
b101000 -
b101000 0
b101000 7
b101000 ;
b101 8
b101 <
b101 C
b100 ?
b101 >
b110 B
b101 E
b111 6
b111 F
b111 G
1%
#268000
0'
#270000
b111 H
1'
0%
#272000
0'
#273000
b101010 #
b101010 )
b101010 -
b101010 0
b101010 7
b101010 ;
b110 8
b110 <
b110 C
b1100 ?
b100 >
b111 B
b110 E
b101 6
b101 F
b101 G
1%
#274000
b111 1
b111 I
b111 O
b101 H
1'
#276000
0'
0%
#278000
b101 1
b101 I
b101 O
1'
#279000
b101011 #
b101011 )
b101011 -
b101011 0
b101011 7
b101011 ;
b111 8
b111 <
b111 C
b1101 ?
b1100 >
b1000 B
b111 E
b100 6
b100 F
b100 G
1%
#280000
0'
#282000
b100 H
1'
0%
#284000
0'
#285000
1D
b101100 #
b101100 )
b101100 -
b101100 0
b101100 7
b101100 ;
b1000 8
b1000 <
b1000 C
b1111 ?
b1101 >
b1001 B
b1000 E
b1100 6
b1100 F
b1100 G
1%
#286000
b100 1
b100 I
b100 O
b1100 H
1'
#288000
0'
0%
#290000
b1100 1
b1100 I
b1100 O
1'
#291000
1A
b101101 #
b101101 )
b101101 -
b101101 0
b101101 7
b101101 ;
b1001 8
b1001 <
b1001 C
0D
b1110 ?
b1111 >
1/
b1010 B
b1001 E
b1101 6
b1101 F
b1101 G
1%
#292000
0'
#294000
b1101 H
1'
0%
#296000
0'
#297000
b11011 #
b11011 )
b11011 -
b11011 0
b11011 7
b11011 ;
b1010 8
b1010 <
b1010 C
b1110 ?
1A
b1111 >
b1010 B
b1010 E
b1111 6
b1111 F
b1111 G
1"
0/
1%
#298000
b1101 1
b1101 I
b1101 O
b1111 H
1'
#300000
0'
0%
#302000
b1111 1
b1111 I
b1111 O
1'
#303000
0,
1%
#304000
0'
#306000
1'
0%
#308000
0'
#309000
1%
#310000
1'
#312000
0'
0%
#314000
1'
#315000
1%
#316000
0'
#318000
1'
0%
#320000
0'
#321000
1%
#322000
1'
#324000
0'
0%
#326000
1'
#327000
1%
#328000
0'
#330000
1'
0%
#332000
0'
#333000
1%
#334000
1'
#336000
0'
0%
#338000
1'
#339000
1%
#340000
0'
#342000
1'
0%
#344000
0'
#345000
1%
#346000
1'
#348000
0'
0%
#350000
1'
#351000
1%
#352000
0'
#354000
1'
0%
#356000
0'
#357000
1%
#358000
1'
#360000
0'
0%
#362000
1'
#363000
1%
#364000
0'
#366000
1'
0%
#368000
0'
#369000
1%
#370000
1'
#372000
0'
0%
#374000
1'
#375000
1%
#376000
0'
#378000
1'
0%
#380000
0'
#381000
1%
#382000
1'
#384000
0'
0%
#386000
1'
#387000
1%
#388000
0'
#390000
1'
0%
#392000
0'
#393000
1%
#394000
1'
#396000
0'
0%
#398000
1'
#399000
1%
#400000
0'
#402000
1'
0%
#404000
0'
#405000
1%
#406000
1'
#408000
0'
0%
#410000
1'
#411000
1%
#412000
0'
#414000
1'
0%
#416000
0'
#417000
1%
#418000
1'
#420000
0'
0%
#422000
1'
#423000
1%
#424000
0'
#426000
1'
0%
#428000
0'
#429000
1%
#430000
1'
#432000
0'
0%
#434000
1'
#435000
1%
#436000
0'
#438000
1'
0%
#440000
0'
#441000
1%
#442000
1'
#444000
0'
0%
#446000
1'
#447000
1%
#448000
0'
#450000
1'
0%
#452000
0'
#453000
1%
#454000
1'
#456000
0'
0%
#458000
1'
#459000
1%
#460000
0'
#462000
1'
0%
#464000
0'
#465000
1%
#466000
1'
#468000
0'
0%
#470000
1'
#471000
1%
#472000
0'
#474000
1'
0%
#476000
0'
#477000
1%
#478000
1'
#480000
0'
0%
#482000
1'
#483000
1%
#484000
0'
#486000
1'
0%
#488000
0'
#489000
1%
#490000
1'
#492000
0'
0%
#494000
1'
#495000
1%
#496000
0'
#498000
1'
0%
#500000
0'
#501000
1%
#502000
1'
#504000
0'
0%
#506000
1'
#507000
1%
#508000
0'
#510000
1'
0%
#512000
0'
#513000
1%
#514000
1'
#516000
0'
0%
#518000
1'
#519000
1%
#520000
0'
#522000
1'
0%
#524000
0'
#525000
1%
#526000
1'
#528000
0'
0%
#530000
1'
#531000
1%
#532000
0'
#534000
1'
0%
#536000
0'
#537000
1%
#538000
1'
#540000
0'
0%
#542000
1'
#543000
1%
#544000
0'
#546000
1'
0%
#548000
0'
#549000
1%
#550000
1'
#552000
0'
0%
#554000
1'
#555000
1%
#556000
0'
#558000
1'
0%
#560000
0'
#561000
1%
#562000
1'
#564000
0'
0%
#566000
1'
#567000
1%
#568000
0'
#570000
1'
0%
#572000
0'
#573000
1%
#574000
1'
#576000
0'
0%
#578000
1'
#579000
1%
#580000
0'
#582000
1'
0%
#584000
0'
#585000
1%
#586000
1'
#588000
0'
0%
#590000
1'
#591000
1%
#592000
0'
#594000
1'
0%
#596000
0'
#597000
1%
#598000
1'
#600000
0'
0%
#602000
1'
#603000
1%
#604000
0'
#606000
1'
0%
#608000
0'
#609000
1%
#610000
1'
#612000
0'
0%
#614000
1'
#615000
1%
#616000
0'
#618000
1'
0%
#620000
0'
#621000
1%
#622000
1'
#624000
0'
0%
#626000
1'
#627000
1%
#628000
0'
#630000
1'
0%
#632000
0'
#633000
1%
#634000
1'
#636000
0'
0%
#638000
1'
#639000
1%
#640000
0'
#642000
1'
0%
#644000
0'
#645000
1%
#646000
1'
#648000
0'
0%
#650000
1'
#651000
1%
#652000
0'
#654000
1'
0%
#656000
0'
#657000
1%
#658000
1'
#660000
0'
0%
#662000
1'
#663000
1%
#664000
0'
#666000
1'
0%
#668000
0'
#669000
1%
#670000
1'
#672000
0'
0%
#674000
1'
#675000
1%
#676000
0'
#678000
1'
0%
#680000
0'
#681000
1%
#682000
1'
#684000
0'
0%
#686000
1'
#687000
1%
#688000
0'
#690000
1'
0%
#692000
0'
#693000
1%
#694000
1'
#696000
0'
0%
#698000
1'
#699000
1%
#700000
0'
#702000
1'
0%
#704000
0'
#705000
1%
#706000
1'
#708000
0'
0%
#710000
1'
#711000
1%
#712000
0'
#714000
1'
0%
#716000
0'
#717000
1%
#718000
1'
#720000
0'
0%
#722000
1'
#723000
1%
#724000
0'
#726000
1'
0%
#728000
0'
#729000
1%
#730000
1'
#732000
0'
0%
#734000
1'
#735000
1%
#736000
0'
#738000
1'
0%
#740000
0'
#741000
1%
#742000
1'
#744000
0'
0%
#746000
1'
#747000
1%
#748000
0'
#750000
1'
0%
#752000
0'
#753000
1%
#754000
1'
#756000
0'
0%
#758000
1'
#759000
1%
#760000
0'
#762000
1'
0%
#764000
0'
#765000
1%
#766000
1'
#768000
0'
0%
#770000
1'
#771000
1%
#772000
0'
#774000
1'
0%
#776000
0'
#777000
1%
#778000
1'
#780000
0'
0%
#782000
1'
#783000
1%
#784000
0'
#786000
1'
0%
#788000
0'
#789000
1%
#790000
1'
#792000
0'
0%
#794000
1'
#795000
1%
#796000
0'
#798000
1'
0%
#800000
0'
#801000
1%
#802000
1'
#804000
0'
0%
#806000
1'
#807000
1%
#808000
0'
#810000
1'
0%
#812000
0'
#813000
1%
#814000
1'
#816000
0'
0%
#818000
1'
#819000
1%
#820000
0'
#822000
1'
0%
#824000
0'
#825000
1%
#826000
1'
#828000
0'
0%
#830000
1'
#831000
1%
#832000
0'
#834000
1'
0%
#836000
0'
#837000
1%
#838000
1'
#840000
0'
0%
#842000
1'
#843000
1%
#844000
0'
#846000
1'
0%
#848000
0'
#849000
1%
#850000
1'
#852000
0'
0%
#854000
1'
#855000
1%
#856000
0'
#858000
1'
0%
#860000
0'
#861000
1%
#862000
1'
#864000
0'
0%
#866000
1'
#867000
1%
#868000
0'
#870000
1'
0%
#872000
0'
#873000
1%
#874000
1'
#876000
0'
0%
#878000
1'
#879000
1%
#880000
0'
#882000
1'
0%
#884000
0'
#885000
1%
#886000
1'
#888000
0'
0%
#890000
1'
#891000
1%
#892000
0'
#894000
1'
0%
#896000
0'
#897000
1%
#898000
1'
#900000
0'
0%
#902000
1'
#903000
1%
#904000
0'
#906000
1'
0%
#908000
0'
#909000
1%
#910000
1'
#912000
0'
0%
#914000
1'
#915000
1%
#916000
0'
#918000
1'
0%
#920000
0'
#921000
1%
#922000
1'
#924000
0'
0%
#926000
1'
#927000
1%
#928000
0'
#930000
1'
0%
#932000
0'
#933000
1%
#934000
1'
#936000
0'
0%
#938000
1'
#939000
1%
#940000
0'
#942000
1'
0%
#944000
0'
#945000
1%
#946000
1'
#948000
0'
0%
#950000
1'
#951000
1%
#952000
0'
#954000
1'
0%
#956000
0'
#957000
1%
#958000
1'
#960000
0'
0%
#962000
1'
#963000
1%
#964000
0'
#966000
1'
0%
#968000
0'
#969000
1%
#970000
1'
#972000
0'
0%
#974000
1'
#975000
1%
#976000
0'
#978000
1'
0%
#980000
0'
#981000
1%
#982000
1'
#984000
0'
0%
#986000
1'
#987000
1%
#988000
0'
#990000
1'
0%
#992000
0'
#993000
1%
#994000
1'
#996000
0'
0%
#998000
1'
#999000
1%
#1000000
0'
#1002000
1'
0%
#1004000
0'
#1005000
1%
#1006000
1'
#1008000
0'
0%
#1010000
1'
#1011000
1%
#1012000
0'
#1014000
1'
0%
#1016000
0'
#1017000
1%
#1018000
1'
#1020000
0'
0%
#1022000
1'
#1023000
1%
#1024000
0'
#1026000
1'
0%
#1028000
0'
#1029000
1%
#1030000
1'
#1032000
0'
0%
#1034000
1'
#1035000
1%
#1036000
0'
#1038000
1'
0%
#1040000
0'
#1041000
1%
#1042000
1'
#1044000
0'
0%
#1046000
1'
#1047000
1%
#1048000
0'
#1050000
1'
0%
#1052000
0'
#1053000
1%
#1054000
1'
#1056000
0'
0%
#1058000
1'
#1059000
1%
#1060000
0'
#1062000
1'
0%
#1064000
0'
#1065000
1%
#1066000
1'
#1068000
0'
0%
#1070000
1'
#1071000
1%
#1072000
0'
#1074000
1'
0%
#1076000
0'
#1077000
1%
#1078000
1'
#1080000
0'
0%
#1082000
1'
#1083000
1%
#1084000
0'
#1086000
1'
0%
#1088000
0'
#1089000
1%
#1090000
1'
#1092000
0'
0%
#1094000
1'
#1095000
1%
#1096000
0'
#1098000
1'
0%
#1100000
0'
#1101000
1%
#1102000
1'
#1104000
0'
0%
#1106000
1'
#1107000
1%
#1108000
0'
#1110000
1'
0%
#1112000
0'
#1113000
1%
#1114000
1'
#1116000
0'
0%
#1118000
1'
#1119000
1%
#1120000
0'
#1122000
1'
0%
#1124000
0'
#1125000
1%
#1126000
1'
#1128000
0'
0%
#1130000
1'
#1131000
1%
#1132000
0'
#1134000
1'
0%
#1136000
0'
#1137000
1%
#1138000
1'
#1140000
0'
0%
#1142000
1'
#1143000
1%
#1144000
0'
#1146000
1'
0%
#1148000
0'
#1149000
1%
#1150000
1'
#1152000
0'
0%
#1154000
1'
#1155000
1%
#1156000
0'
#1158000
1'
0%
#1160000
0'
#1161000
1%
#1162000
1'
#1164000
0'
0%
#1166000
1'
#1167000
1%
#1168000
0'
#1170000
1'
0%
#1172000
0'
#1173000
1%
#1174000
1'
#1176000
0'
0%
#1178000
1'
#1179000
1%
#1180000
0'
#1182000
1'
0%
#1184000
0'
#1185000
1%
#1186000
1'
#1188000
0'
0%
#1190000
1'
#1191000
1%
#1192000
0'
#1194000
1'
0%
#1196000
0'
#1197000
1%
#1198000
1'
#1200000
0'
0%
#1202000
1'
#1203000
1%
#1204000
0'
#1206000
1'
0%
#1208000
0'
#1209000
1%
#1210000
1'
#1212000
0'
0%
#1214000
1'
#1215000
1%
#1216000
0'
#1218000
1'
0%
#1220000
0'
#1221000
1%
#1222000
1'
#1224000
0'
0%
#1226000
1'
#1227000
1%
#1228000
0'
#1230000
1'
0%
#1232000
0'
#1233000
1%
#1234000
1'
#1236000
0'
0%
#1238000
1'
#1239000
1%
#1240000
0'
#1242000
1'
0%
#1244000
0'
#1245000
1%
#1246000
1'
#1248000
0'
0%
#1250000
1'
#1251000
1%
#1252000
0'
#1254000
1'
0%
#1256000
0'
#1257000
1%
#1258000
1'
#1260000
0'
0%
#1262000
1'
#1263000
1%
#1264000
0'
#1266000
1'
0%
#1268000
0'
#1269000
1%
#1270000
1'
#1272000
0'
0%
#1274000
1'
#1275000
1%
#1276000
0'
#1278000
1'
0%
#1280000
0'
#1281000
1%
#1282000
1'
#1284000
0'
0%
#1286000
1'
#1287000
1%
#1288000
0'
#1290000
1'
0%
#1292000
0'
#1293000
1%
#1294000
1'
#1296000
0'
0%
#1298000
1'
#1299000
1%
#1300000
0'
#1302000
1'
0%
#1304000
0'
#1305000
1%
#1306000
1'
#1308000
0'
0%
#1310000
1'
#1311000
1%
#1312000
0'
#1314000
1'
0%
#1316000
0'
#1317000
1%
#1318000
1'
#1320000
0'
0%
#1322000
1'
#1323000
1%
#1324000
0'
#1326000
1'
0%
#1328000
0'
#1329000
1%
#1330000
1'
#1332000
0'
0%
#1334000
1'
#1335000
1%
#1336000
0'
#1338000
1'
0%
#1340000
0'
#1341000
1%
#1342000
1'
#1344000
0'
0%
#1346000
1'
#1347000
1%
#1348000
0'
#1350000
1'
0%
#1352000
0'
#1353000
1%
#1354000
1'
#1356000
0'
0%
#1358000
1'
#1359000
1%
#1360000
0'
#1362000
1'
0%
#1364000
0'
#1365000
1%
#1366000
1'
#1368000
0'
0%
#1370000
1'
#1371000
1%
#1372000
0'
#1374000
1'
0%
#1376000
0'
#1377000
1%
#1378000
1'
#1380000
0'
0%
#1382000
1'
#1383000
1%
#1384000
0'
#1386000
1'
0%
#1388000
0'
#1389000
1%
#1390000
1'
#1392000
0'
0%
#1394000
1'
#1395000
1%
#1396000
0'
#1398000
1'
0%
#1400000
0'
#1401000
1%
#1402000
1'
#1404000
0'
0%
#1406000
1'
#1407000
1%
#1408000
0'
#1410000
1'
0%
#1412000
0'
#1413000
1%
#1414000
1'
#1416000
0'
0%
#1418000
1'
#1419000
1%
#1420000
0'
#1422000
1'
0%
#1424000
0'
#1425000
1%
#1426000
1'
#1428000
0'
0%
#1430000
1'
#1431000
1%
#1432000
0'
#1434000
1'
0%
#1436000
0'
#1437000
1%
#1438000
1'
#1440000
0'
0%
#1442000
1'
#1443000
1%
#1444000
0'
#1446000
1'
0%
#1448000
0'
#1449000
1%
#1450000
1'
#1452000
0'
0%
#1454000
1'
#1455000
1%
#1456000
0'
#1458000
1'
0%
#1460000
0'
#1461000
1%
#1462000
1'
#1464000
0'
0%
#1466000
1'
#1467000
1%
#1468000
0'
#1470000
1'
0%
#1472000
0'
#1473000
1%
#1474000
1'
#1476000
0'
0%
#1478000
1'
#1479000
1%
#1480000
0'
#1482000
1'
0%
#1484000
0'
#1485000
1%
#1486000
1'
#1488000
0'
0%
#1490000
1'
#1491000
1%
#1492000
0'
#1494000
1'
0%
#1496000
0'
#1497000
1%
#1498000
1'
#1500000
0'
0%
#1502000
1'
#1503000
1%
#1504000
0'
#1506000
1'
0%
#1508000
0'
#1509000
1%
#1510000
1'
#1512000
0'
0%
#1514000
1'
#1515000
1%
#1516000
0'
#1518000
1'
0%
#1520000
0'
#1521000
1%
#1522000
1'
#1524000
0'
0%
#1526000
1'
#1527000
1%
#1528000
0'
#1530000
1'
0%
#1532000
0'
#1533000
1%
#1534000
1'
#1536000
0'
0%
#1538000
1'
#1539000
1%
#1540000
0'
#1542000
1'
0%
#1544000
0'
#1545000
1%
#1546000
1'
#1548000
0'
0%
#1550000
1'
#1551000
1%
#1552000
0'
#1554000
1'
0%
#1556000
0'
#1557000
1%
#1558000
1'
#1560000
0'
0%
#1562000
1'
#1563000
1%
#1564000
0'
#1566000
1'
0%
#1568000
0'
#1569000
1%
#1570000
1'
#1572000
0'
0%
#1574000
1'
#1575000
1%
#1576000
0'
#1578000
1'
0%
#1580000
0'
#1581000
1%
#1582000
1'
#1584000
0'
0%
#1586000
1'
#1587000
1%
#1588000
0'
#1590000
1'
0%
#1592000
0'
#1593000
1%
#1594000
1'
#1596000
0'
0%
#1598000
1'
#1599000
1%
#1600000
0'
#1602000
1'
0%
#1604000
0'
#1605000
1%
#1606000
1'
#1608000
0'
0%
#1610000
1'
#1611000
1%
#1612000
0'
#1614000
1'
0%
#1616000
0'
#1617000
1%
#1618000
1'
#1620000
0'
0%
#1622000
1'
#1623000
1%
#1624000
0'
#1626000
1'
0%
#1628000
0'
#1629000
1%
#1630000
1'
#1632000
0'
0%
#1634000
1'
#1635000
1%
#1636000
0'
#1638000
1'
0%
#1640000
0'
#1641000
1%
#1642000
1'
#1644000
0'
0%
#1646000
1'
#1647000
1%
#1648000
0'
#1650000
1'
0%
#1652000
0'
#1653000
1%
#1654000
1'
#1656000
0'
0%
#1658000
1'
#1659000
1%
#1660000
0'
#1662000
1'
0%
#1664000
0'
#1665000
1%
#1666000
1'
#1668000
0'
0%
#1670000
1'
#1671000
1%
#1672000
0'
#1674000
1'
0%
#1676000
0'
#1677000
1%
#1678000
1'
#1680000
0'
0%
#1682000
1'
#1683000
1%
#1684000
0'
#1686000
1'
0%
#1688000
0'
#1689000
1%
#1690000
1'
#1692000
0'
0%
#1694000
1'
#1695000
1%
#1696000
0'
#1698000
1'
0%
#1700000
0'
#1701000
1%
#1702000
1'
#1704000
0'
0%
#1706000
1'
#1707000
1%
#1708000
0'
#1710000
1'
0%
#1712000
0'
#1713000
1%
#1714000
1'
#1716000
0'
0%
#1718000
1'
#1719000
1%
#1720000
0'
#1722000
1'
0%
#1724000
0'
#1725000
1%
#1726000
1'
#1728000
0'
0%
#1730000
1'
#1731000
1%
#1732000
0'
#1734000
1'
0%
#1736000
0'
#1737000
1%
#1738000
1'
#1740000
0'
0%
#1742000
1'
#1743000
1%
#1744000
0'
#1746000
1'
0%
#1748000
0'
#1749000
1%
#1750000
1'
#1752000
0'
0%
#1754000
1'
#1755000
1%
#1756000
0'
#1758000
1'
0%
#1760000
0'
#1761000
1%
#1762000
1'
#1764000
0'
0%
#1766000
1'
#1767000
1%
#1768000
0'
#1770000
1'
0%
#1772000
0'
#1773000
1%
#1774000
1'
#1776000
0'
0%
#1778000
1'
#1779000
1%
#1780000
0'
#1782000
1'
0%
#1784000
0'
#1785000
1%
#1786000
1'
#1788000
0'
0%
#1790000
1'
#1791000
1%
#1792000
0'
#1794000
1'
0%
#1796000
0'
#1797000
1%
#1798000
1'
#1800000
0'
0%
#1802000
1'
#1803000
1%
#1804000
0'
#1806000
1'
0%
#1808000
0'
#1809000
1%
#1810000
1'
#1812000
0'
0%
#1814000
1'
#1815000
1%
#1816000
0'
#1818000
1'
0%
#1820000
0'
#1821000
1%
#1822000
1'
#1824000
0'
0%
#1826000
1'
#1827000
1%
#1828000
0'
#1830000
1'
0%
#1832000
0'
#1833000
1%
#1834000
1'
#1836000
0'
0%
#1838000
1'
#1839000
1%
#1840000
0'
#1842000
1'
0%
#1844000
0'
#1845000
1%
#1846000
1'
#1848000
0'
0%
#1850000
1'
#1851000
1%
#1852000
0'
#1854000
1'
0%
#1856000
0'
#1857000
1%
#1858000
1'
#1860000
0'
0%
#1862000
1'
#1863000
1%
#1864000
0'
#1866000
1'
0%
#1868000
0'
#1869000
1%
#1870000
1'
#1872000
0'
0%
#1874000
1'
#1875000
1%
#1876000
0'
#1878000
1'
0%
#1880000
0'
#1881000
1%
#1882000
1'
#1884000
0'
0%
#1886000
1'
#1887000
1%
#1888000
0'
#1890000
1'
0%
#1892000
0'
#1893000
1%
#1894000
1'
#1896000
0'
0%
#1898000
1'
#1899000
1%
#1900000
0'
#1902000
1'
0%
#1904000
0'
#1905000
1%
#1906000
1'
#1908000
0'
0%
#1910000
1'
#1911000
1%
#1912000
0'
#1914000
1'
0%
#1916000
0'
#1917000
1%
#1918000
1'
#1920000
0'
0%
#1922000
1'
#1923000
1%
#1924000
0'
#1926000
1'
0%
#1928000
0'
#1929000
1%
#1930000
1'
#1932000
0'
0%
#1934000
1'
#1935000
1%
#1936000
0'
#1938000
1'
0%
#1940000
0'
#1941000
1%
#1942000
1'
#1944000
0'
0%
#1946000
1'
#1947000
1%
#1948000
0'
#1950000
1'
0%
#1952000
0'
#1953000
1%
#1954000
1'
#1956000
0'
0%
#1958000
1'
#1959000
1%
#1960000
0'
#1962000
1'
0%
#1964000
0'
#1965000
1%
#1966000
1'
#1968000
0'
0%
#1970000
1'
#1971000
1%
#1972000
0'
#1974000
1'
0%
#1976000
0'
#1977000
1%
#1978000
1'
#1980000
0'
0%
#1982000
1'
#1983000
1%
#1984000
0'
#1986000
1'
0%
#1988000
0'
#1989000
1%
#1990000
1'
#1992000
0'
0%
#1994000
1'
#1995000
1%
#1996000
0'
#1998000
1'
0%
#2000000
0'
#2001000
1%
#2002000
1'
#2004000
0'
0%
#2006000
1'
#2007000
1%
#2008000
0'
#2010000
1'
0%
#2012000
0'
#2013000
1%
#2014000
1'
#2016000
0'
0%
#2018000
1'
#2019000
1%
#2020000
0'
#2022000
1'
0%
#2024000
0'
#2025000
1%
#2026000
1'
#2028000
0'
0%
#2030000
1'
#2031000
1%
#2032000
0'
#2034000
1'
0%
#2036000
0'
#2037000
1%
#2038000
1'
#2040000
0'
0%
#2042000
1'
#2043000
1%
#2044000
0'
#2046000
1'
0%
#2048000
0'
#2049000
1%
#2050000
1'
#2052000
0'
0%
#2054000
1'
#2055000
1%
#2056000
0'
#2058000
1'
0%
#2060000
0'
#2061000
1%
#2062000
1'
#2064000
0'
0%
#2066000
1'
#2067000
1%
#2068000
0'
#2070000
1'
0%
#2072000
0'
#2073000
1%
#2074000
1'
#2076000
0'
0%
#2078000
1'
#2079000
1%
#2080000
0'
#2082000
1'
0%
#2084000
0'
#2085000
1%
#2086000
1'
#2088000
0'
0%
#2090000
1'
#2091000
1%
#2092000
0'
#2094000
1'
0%
#2096000
0'
#2097000
1%
#2098000
1'
#2100000
0'
0%
#2102000
1'
#2103000
1%
#2104000
0'
#2106000
1'
0%
#2108000
0'
#2109000
1%
#2110000
1'
#2112000
0'
0%
#2114000
1'
#2115000
1%
#2116000
0'
#2118000
1'
0%
#2120000
0'
#2121000
1%
#2122000
1'
#2124000
0'
0%
#2126000
1'
#2127000
1%
#2128000
0'
#2130000
1'
0%
#2132000
0'
#2133000
1%
#2134000
1'
#2136000
0'
0%
#2138000
1'
#2139000
1%
#2140000
0'
#2142000
1'
0%
#2144000
0'
#2145000
1%
#2146000
1'
#2148000
0'
0%
#2150000
1'
#2151000
1%
#2152000
0'
#2154000
1'
0%
#2156000
0'
#2157000
1%
#2158000
1'
#2160000
0'
0%
#2162000
1'
#2163000
1%
#2164000
0'
#2166000
1'
0%
#2168000
0'
#2169000
1%
#2170000
1'
#2172000
0'
0%
#2174000
1'
#2175000
1%
#2176000
0'
#2178000
1'
0%
#2180000
0'
#2181000
1%
#2182000
1'
#2184000
0'
0%
#2186000
1'
#2187000
1%
#2188000
0'
#2190000
1'
0%
#2192000
0'
#2193000
1%
#2194000
1'
#2196000
0'
0%
#2198000
1'
#2199000
1%
#2200000
0'
#2202000
1'
0%
#2204000
0'
#2205000
1%
#2206000
1'
#2208000
0'
0%
#2210000
1'
#2211000
1%
#2212000
0'
#2214000
1'
0%
#2216000
0'
#2217000
1%
#2218000
1'
#2220000
0'
0%
1$
#2222000
b1010 N
b1110 M
b1011 Q
b1111 W
b101111 +
b101111 3
b101111 9
b101111 V
1*
1'
#2223000
1%
#2224000
0'
#2226000
b1011 4
b1011 :
b1011 R
b1011 N
b1010 M
b101111 #
b101111 )
b101111 -
b101111 0
b101111 7
b101111 ;
b1100 Q
b1011 T
b1110 2
b1110 J
b1110 U
b0 W
b110000 +
b110000 3
b110000 9
b110000 V
1'
0%
#2228000
0'
#2229000
b1110 K
1%
#2230000
b1100 4
b1100 :
b1100 R
b1001 N
b1011 M
b1 W
b110001 +
b110001 3
b110001 9
b110001 V
b1101 Q
b1100 T
b1010 2
b1010 J
b1010 U
1'
#2232000
0'
0%
#2234000
b1101 4
b1101 :
b1101 R
b1000 N
b1001 M
b1110 Q
b1101 T
b1011 2
b1011 J
b1011 U
b10 W
b110010 +
b110010 3
b110010 9
b110010 V
1'
#2235000
1D
0A
b1110 5
b1110 @
b1110 L
b1011 K
1%
#2236000
0'
#2238000
b1110 4
b1110 :
b1110 R
0S
b11000 N
b1000 M
b11 W
b110011 +
b110011 3
b110011 9
b110011 V
b1111 Q
b1110 T
b1001 2
b1001 J
b1001 U
1'
0%
#2240000
0'
#2241000
0D
b1011 5
b1011 @
b1011 L
b1001 K
0"
1/
1%
#2242000
b1111 4
b1111 :
b1111 R
b11001 N
0P
b11000 M
b10000 Q
b1111 T
b1000 2
b1000 J
b1000 U
b100 W
b110100 +
b110100 3
b110100 9
b110100 V
1'
#2244000
0'
0%
#2246000
b0 4
b0 :
b0 R
b11011 N
b11001 M
b101 W
b110101 +
b110101 3
b110101 9
b110101 V
b10001 Q
b10000 T
b11000 2
b11000 J
b11000 U
1'
#2247000
0D
b1010 ?
b1110 >
b1011 B
1,
0/
b1001 5
b1001 @
b1001 L
b11000 K
1%
#2248000
0'
#2250000
b1 4
b1 :
b1 R
b11010 N
b11011 M
b10010 Q
b10001 T
b11001 2
b11001 J
b11001 U
b110 W
b110110 +
b110110 3
b110110 9
b110110 V
1'
0%
#2252000
0'
#2253000
b110000 #
b110000 )
b110000 -
b110000 0
b110000 7
b110000 ;
b1011 8
b1011 <
b1011 C
b1011 ?
b1010 >
b11000 5
b11000 @
b11000 L
b11001 K
b1100 B
b1011 E
b1110 6
b1110 F
b1110 G
1%
#2254000
b10 4
b10 :
b10 R
b11110 N
b11010 M
b111 W
b110111 +
b110111 3
b110111 9
b110111 V
b1110 H
b10011 Q
b10010 T
b11011 2
b11011 J
b11011 U
1'
#2256000
0'
0%
#2258000
b11 4
b11 :
b11 R
b11111 N
b11110 M
b10100 Q
b10011 T
b11010 2
b11010 J
b11010 U
b1110 1
b1110 I
b1110 O
b1000 W
b111000 +
b111000 3
b111000 9
b111000 V
1'
#2259000
b110001 #
b110001 )
b110001 -
b110001 0
b110001 7
b110001 ;
b1100 8
b1100 <
b1100 C
b1001 ?
b1011 >
b1101 B
b1100 E
b1010 6
b1010 F
b1010 G
b11001 5
b11001 @
b11001 L
b11010 K
1%
#2260000
0'
#2262000
b100 4
b100 :
b100 R
b11101 N
b11111 M
b1001 W
b111001 +
b111001 3
b111001 9
b111001 V
b1010 H
b10101 Q
b10100 T
b11110 2
b11110 J
b11110 U
1'
0%
#2264000
0'
#2265000
b110010 #
b110010 )
b110010 -
b110010 0
b110010 7
b110010 ;
b1101 8
b1101 <
b1101 C
b1000 ?
b1001 >
b11010 5
b11010 @
b11010 L
b11110 K
b1110 B
b1101 E
b1011 6
b1011 F
b1011 G
1%
#2266000
b101 4
b101 :
b101 R
b11100 N
b11101 M
b10110 Q
b10101 T
b11111 2
b11111 J
b11111 U
b1010 1
b1010 I
b1010 O
b1011 H
b1010 W
b111010 +
b111010 3
b111010 9
b111010 V
1'
#2268000
0'
0%
#2270000
0S
b110 4
b110 :
b110 R
b10100 N
b11100 M
b1011 W
b111011 +
b111011 3
b111011 9
b111011 V
b1011 1
b1011 I
b1011 O
b10111 Q
b10110 T
b11101 2
b11101 J
b11101 U
1'
#2271000
b110011 #
b110011 )
b110011 -
b110011 0
b110011 7
b110011 ;
b1110 8
b1110 <
b1110 C
b11000 ?
b1000 >
b1111 B
b1110 E
b1001 6
b1001 F
b1001 G
b11110 5
b11110 @
b11110 L
b11101 K
1%
#2272000
0'
#2274000
b111 4
b111 :
b111 R
b10101 N
0P
b10100 M
b11000 Q
b10111 T
b11100 2
b11100 J
b11100 U
b1001 H
b1100 W
b111100 +
b111100 3
b111100 9
b111100 V
1'
0%
#2276000
0'
#2277000
b110100 #
b110100 )
b110100 -
b110100 0
b110100 7
b110100 ;
b1111 8
b1111 <
b1111 C
b11001 ?
b11000 >
b11101 5
b11101 @
b11101 L
b11100 K
b10000 B
b1111 E
b1000 6
b1000 F
b1000 G
1%
#2278000
b1000 4
b1000 :
b1000 R
b10111 N
b10101 M
b1101 W
b111101 +
b111101 3
b111101 9
b111101 V
b1001 1
b1001 I
b1001 O
b1000 H
b11001 Q
b11000 T
b10100 2
b10100 J
b10100 U
1'
#2280000
0'
0%
#2282000
b1001 4
b1001 :
b1001 R
b10110 N
b10111 M
b11010 Q
b11001 T
b10101 2
b10101 J
b10101 U
b1000 1
b1000 I
b1000 O
b1110 W
b111110 +
b111110 3
b111110 9
b111110 V
1'
#2283000
b110101 #
b110101 )
b110101 -
b110101 0
b110101 7
b110101 ;
b0 8
b0 <
b0 C
b11011 ?
b11001 >
b10001 B
b10000 E
b11000 6
b11000 F
b11000 G
b11100 5
b11100 @
b11100 L
b10101 K
1%
#2284000
0'
#2286000
b1010 4
b1010 :
b1010 R
b10010 N
b10110 M
b1111 W
b111111 +
b111111 3
b111111 9
b111111 V
b11000 H
b11011 Q
b11010 T
b10111 2
b10111 J
b10111 U
1'
0%
#2288000
0'
#2289000
b110110 #
b110110 )
b110110 -
b110110 0
b110110 7
b110110 ;
b1 8
b1 <
b1 C
b11010 ?
b11011 >
b10101 5
b10101 @
b10101 L
b10111 K
b10010 B
b10001 E
b11001 6
b11001 F
b11001 G
1%
#2290000
b1011 4
b1011 :
b1011 R
b10011 N
b10010 M
b11100 Q
b11011 T
b10110 2
b10110 J
b10110 U
b11000 1
b11000 I
b11000 O
b11001 H
b0 W
b1000000 +
b1000000 3
b1000000 9
b1000000 V
1'
#2292000
0'
0%
#2294000
b1100 4
b1100 :
b1100 R
b10001 N
b10011 M
b1 W
b1000001 +
b1000001 3
b1000001 9
b1000001 V
b11001 1
b11001 I
b11001 O
b11101 Q
b11100 T
b10010 2
b10010 J
b10010 U
1'
#2295000
b110111 #
b110111 )
b110111 -
b110111 0
b110111 7
b110111 ;
b10 8
b10 <
b10 C
b11110 ?
b11010 >
b10011 B
b10010 E
b11011 6
b11011 F
b11011 G
b10111 5
b10111 @
b10111 L
b10010 K
1%
#2296000
0'
#2298000
b1101 4
b1101 :
b1101 R
b10000 N
b10001 M
b11110 Q
b11101 T
b10011 2
b10011 J
b10011 U
b11011 H
b10 W
b1000010 +
b1000010 3
b1000010 9
b1000010 V
1'
0%
#2300000
0'
#2301000
b111000 #
b111000 )
b111000 -
b111000 0
b111000 7
b111000 ;
b11 8
b11 <
b11 C
b11111 ?
b11110 >
b10010 5
b10010 @
b10010 L
b10011 K
b10100 B
b10011 E
b11010 6
b11010 F
b11010 G
1%
#2302000
b1110 4
b1110 :
b1110 R
b0 N
b10000 M
b11 W
b1000011 +
b1000011 3
b1000011 9
b1000011 V
b11011 1
b11011 I
b11011 O
b11010 H
b11111 Q
b11110 T
b10001 2
b10001 J
b10001 U
1'
#2304000
0'
0%
#2306000
b1111 4
b1111 :
b1111 R
b1 N
b0 M
b0 Q
b11111 T
b10000 2
b10000 J
b10000 U
b11010 1
b11010 I
b11010 O
b100 W
b1000100 +
b1000100 3
b1000100 9
b1000100 V
1'
#2307000
b111001 #
b111001 )
b111001 -
b111001 0
b111001 7
b111001 ;
b100 8
b100 <
b100 C
b11101 ?
b11111 >
b10101 B
b10100 E
b11110 6
b11110 F
b11110 G
b10011 5
b10011 @
b10011 L
b10000 K
1%
#2308000
0'
#2310000
b0 4
b0 :
b0 R
0S
b11 N
b1 M
b101 W
b1000101 +
b1000101 3
b1000101 9
b1000101 V
b11110 H
b1 Q
b0 T
b0 2
b0 J
b0 U
1'
0%
#2312000
0'
#2313000
b111010 #
b111010 )
b111010 -
b111010 0
b111010 7
b111010 ;
b101 8
b101 <
b101 C
b11100 ?
b11101 >
b10000 5
b10000 @
b10000 L
b0 K
b10110 B
b10101 E
b11111 6
b11111 F
b11111 G
1%
#2314000
b1 4
b1 :
b1 R
b10 N
b11 M
b10 Q
b1 T
b1 2
b1 J
b1 U
b11110 1
b11110 I
b11110 O
b11111 H
b110 W
b1000110 +
b1000110 3
b1000110 9
b1000110 V
1'
#2316000
0'
0%
#2318000
b10 4
b10 :
b10 R
b110 N
b10 M
b111 W
b1000111 +
b1000111 3
b1000111 9
b1000111 V
b11111 1
b11111 I
b11111 O
b11 Q
b10 T
b11 2
b11 J
b11 U
1'
#2319000
b111011 #
b111011 )
b111011 -
b111011 0
b111011 7
b111011 ;
b110 8
b110 <
b110 C
b10100 ?
b11100 >
b10111 B
b10110 E
b11101 6
b11101 F
b11101 G
b0 5
b0 @
b0 L
b11 K
1%
#2320000
0'
#2322000
b11 4
b11 :
b11 R
1S
b111 N
b110 M
b100 Q
b11 T
b10 2
b10 J
b10 U
b11101 H
b1000 W
b1001000 +
b1001000 3
b1001000 9
b1001000 V
1'
0%
#2324000
0'
#2325000
b111100 #
b111100 )
b111100 -
b111100 0
b111100 7
b111100 ;
b111 8
b111 <
b111 C
b10101 ?
b10100 >
b11 5
b11 @
b11 L
b10 K
b11000 B
b10111 E
b11100 6
b11100 F
b11100 G
1%
#2326000
b100 4
b100 :
b100 R
1S
b101 N
0P
b111 M
b1001 W
b1001001 +
b1001001 3
b1001001 9
b1001001 V
b11101 1
b11101 I
b11101 O
b11100 H
b101 Q
b100 T
b110 2
b110 J
b110 U
1.
1'
#2328000
0'
0%
#2330000
b101 4
b101 :
b101 R
b100 N
0P
b101 M
1S
b110 Q
b101 T
b111 2
b111 J
b111 U
b11100 1
b11100 I
b11100 O
b1010 W
b1001010 +
b1001010 3
b1001010 9
b1001010 V
1'
#2331000
b111101 #
b111101 )
b111101 -
b111101 0
b111101 7
b111101 ;
b1000 8
b1000 <
b1000 C
b10111 ?
b10101 >
b11001 B
b11000 E
b10100 6
b10100 F
b10100 G
b10 5
b10 @
b10 L
b111 K
1%
#2332000
0'
#2334000
b110 4
b110 :
b110 R
0S
b1100 N
1P
b100 M
b1011 W
b1001011 +
b1001011 3
b1001011 9
b1001011 V
b10100 H
b111 Q
b110 T
b101 2
b101 J
b101 U
1'
0%
#2336000
0'
#2337000
b111110 #
b111110 )
b111110 -
b111110 0
b111110 7
b111110 ;
b1001 8
b1001 <
b1001 C
b10110 ?
b10111 >
b111 5
b111 @
b111 L
b101 K
b11010 B
b11001 E
b10101 6
b10101 F
b10101 G
1%
#2338000
1S
b111 4
b111 :
b111 R
b1100 N
0P
b100 M
1!
0.
b111 Q
b111 T
b100 2
b100 J
b100 U
b10100 1
b10100 I
b10100 O
b10101 H
b1100 W
b1001100 +
b1001100 3
b1001100 9
b1001100 V
1'
#2340000
0'
0%
#2342000
0S
0*
b10101 1
b10101 I
b10101 O
0!
1.
1'
#2343000
b111111 #
b111111 )
b111111 -
b111111 0
b111111 7
b111111 ;
b1010 8
b1010 <
b1010 C
b10010 ?
b10110 >
b11011 B
b11010 E
b10111 6
b10111 F
b10111 G
b101 5
b101 @
b101 L
b100 K
1%
#2344000
0'
#2346000
1S
b1101 N
b1100 M
b1000 Q
0.
b10111 H
b1101 W
b1001101 +
b1001101 3
b1001101 9
b1001101 V
1*
1'
0%
#2348000
0'
#2349000
b1000000 #
b1000000 )
b1000000 -
b1000000 0
b1000000 7
b1000000 ;
b1011 8
b1011 <
b1011 C
b10011 ?
b10010 >
b100 5
b100 @
b100 L
b11100 B
b11011 E
b10110 6
b10110 F
b10110 G
1%
#2350000
b1000 4
b1000 :
b1000 R
1S
b1111 N
0P
b1101 M
b1110 W
b1001110 +
b1001110 3
b1001110 9
b1001110 V
b10111 1
b10111 I
b10111 O
b10110 H
b1001 Q
b1000 T
b1100 2
b1100 J
b1100 U
1.
1'
#2352000
0'
0%
#2354000
b1001 4
b1001 :
b1001 R
b1110 N
0P
b1111 M
1S
b1010 Q
b1001 T
b1101 2
b1101 J
b1101 U
b10110 1
b10110 I
b10110 O
b1111 W
b1001111 +
b1001111 3
b1001111 9
b1001111 V
1'
#2355000
b1000001 #
b1000001 )
b1000001 -
b1000001 0
b1000001 7
b1000001 ;
b1100 8
b1100 <
b1100 C
b10001 ?
b10011 >
b11101 B
b11100 E
b10010 6
b10010 F
b10010 G
b1101 K
1%
#2356000
0'
#2358000
b1010 4
b1010 :
b1010 R
0S
b1010 N
1P
b1110 M
b0 W
b1010000 +
b1010000 3
b1010000 9
b1010000 V
b10010 H
b1011 Q
b1010 T
b1111 2
b1111 J
b1111 U
1'
0%
#2360000
0'
#2361000
b1000010 #
b1000010 )
b1000010 -
b1000010 0
b1000010 7
b1000010 ;
b1101 8
b1101 <
b1101 C
b10000 ?
b10001 >
b1101 5
b1101 @
b1101 L
b1111 K
b11110 B
b11101 E
b10011 6
b10011 F
b10011 G
1%
#2362000
b1011 4
b1011 :
b1011 R
b1010 N
b1110 M
0P
1S
1!
0.
b1011 Q
b1011 T
b1110 2
b1110 J
b1110 U
b10010 1
b10010 I
b10010 O
b10011 H
b1 W
b1010001 +
b1010001 3
b1010001 9
b1010001 V
1'
#2364000
0'
0%
#2366000
0S
0*
b10011 1
b10011 I
b10011 O
0!
1.
1'
#2367000
b1000011 #
b1000011 )
b1000011 -
b1000011 0
b1000011 7
b1000011 ;
b1110 8
b1110 <
b1110 C
0D
b0 ?
b10000 >
b11111 B
b11110 E
b10001 6
b10001 F
b10001 G
b1111 5
b1111 @
b1111 L
b1110 K
1%
#2368000
0'
#2370000
1S
b1011 N
b1010 M
b1100 Q
0.
b10001 H
b10 W
b1010010 +
b1010010 3
b1010010 9
b1010010 V
1*
1'
0%
#2372000
0'
#2373000
b1000100 #
b1000100 )
b1000100 -
b1000100 0
b1000100 7
b1000100 ;
b1111 8
b1111 <
b1111 C
b1 ?
b0 >
b1110 5
b1110 @
b1110 L
b0 B
b11111 E
b10000 6
b10000 F
b10000 G
1%
#2374000
b1100 4
b1100 :
b1100 R
1S
b1001 N
0P
b1011 M
b11 W
b1010011 +
b1010011 3
b1010011 9
b1010011 V
b10001 1
b10001 I
b10001 O
b10000 H
b1101 Q
b1100 T
b1010 2
b1010 J
b1010 U
1.
1'
#2376000
0'
0%
#2378000
b1101 4
b1101 :
b1101 R
b1000 N
0P
b1001 M
1S
b1110 Q
b1101 T
b1011 2
b1011 J
b1011 U
b10000 1
b10000 I
b10000 O
b100 W
b1010100 +
b1010100 3
b1010100 9
b1010100 V
1'
#2379000
b1000101 #
b1000101 )
b1000101 -
b1000101 0
b1000101 7
b1000101 ;
b0 8
b0 <
b0 C
b11 ?
b1 >
b1 B
b0 E
b0 6
b0 F
b0 G
b1011 K
1%
#2380000
0'
#2382000
b1110 4
b1110 :
b1110 R
0S
b11000 N
1P
b1000 M
b101 W
b1010101 +
b1010101 3
b1010101 9
b1010101 V
b0 H
b1111 Q
b1110 T
b1001 2
b1001 J
b1001 U
1'
0%
#2384000
0'
#2385000
b1000110 #
b1000110 )
b1000110 -
b1000110 0
b1000110 7
b1000110 ;
b1 8
b1 <
b1 C
b10 ?
b11 >
b1011 5
b1011 @
b1011 L
b1001 K
b10 B
b1 E
b1 6
b1 F
b1 G
1%
#2386000
1S
b1111 4
b1111 :
b1111 R
b11000 N
0P
b1000 M
1!
0.
b1111 Q
b1111 T
b1000 2
b1000 J
b1000 U
b0 1
b0 I
b0 O
b1 H
b110 W
b1010110 +
b1010110 3
b1010110 9
b1010110 V
1'
#2388000
0'
0%
#2390000
0S
0*
b1 1
b1 I
b1 O
0!
1.
1'
#2391000
b1000111 #
b1000111 )
b1000111 -
b1000111 0
b1000111 7
b1000111 ;
b10 8
b10 <
b10 C
b110 ?
b10 >
b11 B
b10 E
b11 6
b11 F
b11 G
b1001 5
b1001 @
b1001 L
b1000 K
1%
#2392000
0'
#2394000
1S
b11001 N
b11000 M
b10000 Q
0.
b11 H
b111 W
b1010111 +
b1010111 3
b1010111 9
b1010111 V
1*
1'
0%
#2396000
0'
#2397000
b1001000 #
b1001000 )
b1001000 -
b1001000 0
b1001000 7
b1001000 ;
b11 8
b11 <
b11 C
b111 ?
b110 >
b1000 5
b1000 @
b1000 L
b100 B
b11 E
b10 6
b10 F
b10 G
1%
#2398000
b0 4
b0 :
b0 R
1S
b11011 N
0P
b11001 M
b1000 W
b1011000 +
b1011000 3
b1011000 9
b1011000 V
b11 1
b11 I
b11 O
b10 H
b10001 Q
b10000 T
b11000 2
b11000 J
b11000 U
1.
1'
#2400000
0'
0%
#2402000
b1 4
b1 :
b1 R
b11010 N
0P
b11011 M
1S
b10010 Q
b10001 T
b11001 2
b11001 J
b11001 U
b10 1
b10 I
b10 O
b1001 W
b1011001 +
b1011001 3
b1011001 9
b1011001 V
1'
#2403000
b1001001 #
b1001001 )
b1001001 -
b1001001 0
b1001001 7
b1001001 ;
b100 8
b100 <
b100 C
b101 ?
b111 >
b101 B
b100 E
b110 6
b110 F
b110 G
b11001 K
1%
#2404000
0'
#2406000
b10 4
b10 :
b10 R
0S
b11110 N
1P
b11010 M
b1010 W
b1011010 +
b1011010 3
b1011010 9
b1011010 V
b110 H
b10011 Q
b10010 T
b11011 2
b11011 J
b11011 U
1'
0%
#2408000
0'
#2409000
b1001010 #
b1001010 )
b1001010 -
b1001010 0
b1001010 7
b1001010 ;
b101 8
b101 <
b101 C
b100 ?
b101 >
b11001 5
b11001 @
b11001 L
b11011 K
b110 B
b101 E
b111 6
b111 F
b111 G
1%
#2410000
b11 4
b11 :
b11 R
b11110 N
b11010 M
0P
1S
1!
0.
b10011 Q
b10011 T
b11010 2
b11010 J
b11010 U
b110 1
b110 I
b110 O
b111 H
b1011 W
b1011011 +
b1011011 3
b1011011 9
b1011011 V
1'
#2412000
0'
0%
#2414000
0S
0*
b111 1
b111 I
b111 O
0!
1.
1'
#2415000
b1001011 #
b1001011 )
b1001011 -
b1001011 0
b1001011 7
b1001011 ;
b110 8
b110 <
b110 C
b1100 ?
b100 >
b111 B
b110 E
b101 6
b101 F
b101 G
b11011 5
b11011 @
b11011 L
b11010 K
1%
#2416000
0'
#2418000
1S
b11111 N
b11110 M
b10100 Q
0.
b101 H
b1100 W
b1011100 +
b1011100 3
b1011100 9
b1011100 V
1*
1'
0%
#2420000
0'
0$
#2421000
b1001101 #
b1001101 )
b1001101 -
b1001101 0
b1001101 7
b1001101 ;
b111 8
b111 <
b111 C
b1101 ?
b1100 >
b11010 5
b11010 @
b11010 L
b1000 B
b111 E
b100 6
b100 F
b100 G
1%
#2422000
b100 4
b100 :
b100 R
0S
b11111 N
0P
b11110 M
0*
b101 1
b101 I
b101 O
b100 H
b10100 Q
b10100 T
b11110 2
b11110 J
b11110 U
1.
1'
#2424000
0'
0%
#2426000
0.
b100 1
b100 I
b100 O
1'
#2427000
b1001110 #
b1001110 )
b1001110 -
b1001110 0
b1001110 7
b1001110 ;
b1000 8
b1000 <
b1000 C
b1111 ?
b1101 >
b1001 B
b1000 E
b1100 6
b1100 F
b1100 G
b11110 K
1%
#2428000
0'
#2430000
b1100 H
1'
0%
#2432000
0'
#2433000
b1001111 #
b1001111 )
b1001111 -
b1001111 0
b1001111 7
b1001111 ;
b1001 8
b1001 <
b1001 C
b1110 ?
b1111 >
b11110 5
b11110 @
b11110 L
b1010 B
b1001 E
b1101 6
b1101 F
b1101 G
1%
#2434000
b1100 1
b1100 I
b1100 O
b1101 H
1'
#2436000
0'
0%
#2438000
b1101 1
b1101 I
b1101 O
1'
#2439000
b1010000 #
b1010000 )
b1010000 -
b1010000 0
b1010000 7
b1010000 ;
b1010 8
b1010 <
b1010 C
b1010 ?
b1110 >
b1011 B
b1010 E
b1111 6
b1111 F
b1111 G
1%
#2440000
0'
#2442000
b1111 H
1'
0%
#2444000
0'
#2445000
b1010010 #
b1010010 )
b1010010 -
b1010010 0
b1010010 7
b1010010 ;
b1011 8
b1011 <
b1011 C
b1011 ?
b1010 >
b1100 B
b1011 E
b1110 6
b1110 F
b1110 G
1%
#2446000
b1111 1
b1111 I
b1111 O
b1110 H
1'
#2448000
0'
0%
#2450000
b1110 1
b1110 I
b1110 O
1'
#2451000
b1010011 #
b1010011 )
b1010011 -
b1010011 0
b1010011 7
b1010011 ;
b1100 8
b1100 <
b1100 C
b1001 ?
b1011 >
b1101 B
b1100 E
b1010 6
b1010 F
b1010 G
1%
#2452000
0'
#2454000
b1010 H
1'
0%
#2456000
0'
#2457000
b1010100 #
b1010100 )
b1010100 -
b1010100 0
b1010100 7
b1010100 ;
b1101 8
b1101 <
b1101 C
b1000 ?
b1001 >
b1110 B
b1101 E
b1011 6
b1011 F
b1011 G
1%
#2458000
b1010 1
b1010 I
b1010 O
b1011 H
1'
#2460000
0'
0%
#2462000
b1011 1
b1011 I
b1011 O
1'
#2463000
b1010101 #
b1010101 )
b1010101 -
b1010101 0
b1010101 7
b1010101 ;
b1110 8
b1110 <
b1110 C
b11000 ?
b1000 >
b1111 B
b1110 E
b1001 6
b1001 F
b1001 G
1%
#2464000
0'
#2466000
b1001 H
1'
0%
#2468000
0'
#2469000
b1010111 #
b1010111 )
b1010111 -
b1010111 0
b1010111 7
b1010111 ;
b1111 8
b1111 <
b1111 C
b11001 ?
b11000 >
b10000 B
b1111 E
b1000 6
b1000 F
b1000 G
1%
#2470000
b1001 1
b1001 I
b1001 O
b1000 H
1'
#2472000
0'
0%
#2474000
b1000 1
b1000 I
b1000 O
1'
#2475000
b1011000 #
b1011000 )
b1011000 -
b1011000 0
b1011000 7
b1011000 ;
b0 8
b0 <
b0 C
b11011 ?
b11001 >
b10001 B
b10000 E
b11000 6
b11000 F
b11000 G
1%
#2476000
0'
#2478000
b11000 H
1'
0%
#2480000
0'
#2481000
b1011001 #
b1011001 )
b1011001 -
b1011001 0
b1011001 7
b1011001 ;
b1 8
b1 <
b1 C
b11010 ?
b11011 >
b10010 B
b10001 E
b11001 6
b11001 F
b11001 G
1%
#2482000
b11000 1
b11000 I
b11000 O
b11001 H
1'
#2484000
0'
0%
#2486000
b11001 1
b11001 I
b11001 O
1'
#2487000
1D
b1011010 #
b1011010 )
b1011010 -
b1011010 0
b1011010 7
b1011010 ;
b10 8
b10 <
b10 C
b11110 ?
b11010 >
b10011 B
b10010 E
b11011 6
b11011 F
b11011 G
1%
#2488000
0'
#2490000
b11011 H
1'
0%
#2492000
0'
#2493000
1A
b1011100 #
b1011100 )
b1011100 -
b1011100 0
b1011100 7
b1011100 ;
b11 8
b11 <
b11 C
0D
b11111 ?
b11110 >
b10100 B
b10011 E
b11010 6
b11010 F
b11010 G
1/
1%
#2494000
b11011 1
b11011 I
b11011 O
b11010 H
1'
#2496000
0'
0%
#2498000
b11010 1
b11010 I
b11010 O
1'
#2499000
0D
b1001001 #
b1001001 )
b1001001 -
b1001001 0
b1001001 7
b1001001 ;
b100 8
b100 <
b100 C
b11111 ?
1A
b11110 >
1"
0/
b10100 B
b10100 E
b11110 6
b11110 F
b11110 G
1%
#2500000
0'
#2502000
b11110 H
1'
0%
#2504000
0'
#2505000
0,
1%
#2506000
b11110 1
b11110 I
b11110 O
1'
#2508000
0'
0%
#2510000
1'
#2511000
1%
#2512000
0'
#2514000
1'
0%
#2516000
0'
#2517000
1%
#2518000
1'
#2520000
0'
0%
#2522000
1'
#2523000
1%
#2524000
0'
#2526000
1'
0%
#2528000
0'
#2529000
1%
#2530000
1'
#2532000
0'
0%
#2534000
1'
#2535000
1%
#2536000
0'
#2538000
1'
0%
#2540000
0'
#2541000
1%
#2542000
1'
#2544000
0'
0%
#2546000
1'
#2547000
1%
#2548000
0'
#2550000
1'
0%
#2552000
0'
#2553000
1%
#2554000
1'
#2556000
0'
0%
#2558000
1'
#2559000
1%
#2560000
0'
#2562000
1'
0%
#2564000
0'
#2565000
1%
#2566000
1'
#2568000
0'
0%
#2570000
1'
#2571000
1%
#2572000
0'
#2574000
1'
0%
#2576000
0'
#2577000
1%
#2578000
1'
#2580000
0'
0%
#2582000
1'
#2583000
1%
#2584000
0'
#2586000
1'
0%
#2588000
0'
#2589000
1%
#2590000
1'
#2592000
0'
0%
#2594000
1'
#2595000
1%
#2596000
0'
#2598000
1'
0%
#2600000
0'
#2601000
1%
#2602000
1'
#2604000
0'
0%
#2606000
1'
#2607000
1%
#2608000
0'
#2610000
1'
0%
#2612000
0'
#2613000
1%
#2614000
1'
#2616000
0'
0%
#2618000
1'
#2619000
1%
#2620000
0'
#2622000
1'
0%
#2624000
0'
#2625000
1%
#2626000
1'
#2628000
0'
0%
#2630000
1'
#2631000
1%
#2632000
0'
#2634000
1'
0%
#2636000
0'
#2637000
1%
#2638000
1'
#2640000
0'
0%
#2642000
1'
#2643000
1%
#2644000
0'
#2646000
1'
0%
#2648000
0'
#2649000
1%
#2650000
1'
#2652000
0'
0%
#2654000
1'
#2655000
1%
#2656000
0'
#2658000
1'
0%
#2660000
0'
#2661000
1%
#2662000
1'
#2664000
0'
0%
#2666000
1'
#2667000
1%
#2668000
0'
#2670000
1'
0%
#2672000
0'
#2673000
1%
#2674000
1'
#2676000
0'
0%
#2678000
1'
#2679000
1%
#2680000
0'
#2682000
1'
0%
#2684000
0'
#2685000
1%
#2686000
1'
#2688000
0'
0%
#2690000
1'
#2691000
1%
#2692000
0'
#2694000
1'
0%
#2696000
0'
#2697000
1%
#2698000
1'
#2700000
0'
0%
#2702000
1'
#2703000
1%
#2704000
0'
#2706000
1'
0%
#2708000
0'
#2709000
1%
#2710000
1'
#2712000
0'
0%
#2714000
1'
#2715000
1%
#2716000
0'
#2718000
1'
0%
#2720000
0'
#2721000
1%
#2722000
1'
#2724000
0'
0%
#2726000
1'
#2727000
1%
#2728000
0'
#2730000
1'
0%
#2732000
0'
#2733000
1%
#2734000
1'
#2736000
0'
0%
#2738000
1'
#2739000
1%
#2740000
0'
#2742000
1'
0%
#2744000
0'
#2745000
1%
#2746000
1'
#2748000
0'
0%
#2750000
1'
#2751000
1%
#2752000
0'
#2754000
1'
0%
#2756000
0'
#2757000
1%
#2758000
1'
#2760000
0'
0%
#2762000
1'
#2763000
1%
#2764000
0'
#2766000
1'
0%
#2768000
0'
#2769000
1%
#2770000
1'
#2772000
0'
0%
#2774000
1'
#2775000
1%
#2776000
0'
#2778000
1'
0%
#2780000
0'
#2781000
1%
#2782000
1'
#2784000
0'
0%
#2786000
1'
#2787000
1%
#2788000
0'
#2790000
1'
0%
#2792000
0'
#2793000
1%
#2794000
1'
#2796000
0'
0%
#2798000
1'
#2799000
1%
#2800000
0'
#2802000
1'
0%
#2804000
0'
#2805000
1%
#2806000
1'
#2808000
0'
0%
#2810000
1'
#2811000
1%
#2812000
0'
#2814000
1'
0%
#2816000
0'
#2817000
1%
#2818000
1'
#2820000
0'
0%
#2822000
1'
#2823000
1%
#2824000
0'
#2826000
1'
0%
#2828000
0'
#2829000
1%
#2830000
1'
#2832000
0'
0%
#2834000
1'
#2835000
1%
#2836000
0'
#2838000
1'
0%
#2840000
0'
#2841000
1%
#2842000
1'
#2844000
0'
0%
#2846000
1'
#2847000
1%
#2848000
0'
#2850000
1'
0%
#2852000
0'
#2853000
1%
#2854000
1'
#2856000
0'
0%
#2858000
1'
#2859000
1%
#2860000
0'
#2862000
1'
0%
#2864000
0'
#2865000
1%
#2866000
1'
#2868000
0'
0%
#2870000
1'
#2871000
1%
#2872000
0'
#2874000
1'
0%
#2876000
0'
#2877000
1%
#2878000
1'
#2880000
0'
0%
#2882000
1'
#2883000
1%
#2884000
0'
#2886000
1'
0%
#2888000
0'
#2889000
1%
#2890000
1'
#2892000
0'
0%
#2894000
1'
#2895000
1%
#2896000
0'
#2898000
1'
0%
#2900000
0'
#2901000
1%
#2902000
1'
#2904000
0'
0%
#2906000
1'
#2907000
1%
#2908000
0'
#2910000
1'
0%
#2912000
0'
#2913000
1%
#2914000
1'
#2916000
0'
0%
#2918000
1'
#2919000
1%
#2920000
0'
#2922000
1'
0%
#2924000
0'
#2925000
1%
#2926000
1'
#2928000
0'
0%
#2930000
1'
#2931000
1%
#2932000
0'
#2934000
1'
0%
#2936000
0'
#2937000
1%
#2938000
1'
#2940000
0'
0%
#2942000
1'
#2943000
1%
#2944000
0'
#2946000
1'
0%
#2948000
0'
#2949000
1%
#2950000
1'
#2952000
0'
0%
#2954000
1'
#2955000
1%
#2956000
0'
#2958000
1'
0%
#2960000
0'
#2961000
1%
#2962000
1'
#2964000
0'
0%
#2966000
1'
#2967000
1%
#2968000
0'
#2970000
1'
0%
#2972000
0'
#2973000
1%
#2974000
1'
#2976000
0'
0%
#2978000
1'
#2979000
1%
#2980000
0'
#2982000
1'
0%
#2984000
0'
#2985000
1%
#2986000
1'
#2988000
0'
0%
#2990000
1'
#2991000
1%
#2992000
0'
#2994000
1'
0%
#2996000
0'
#2997000
1%
#2998000
1'
#3000000
0'
0%
#3002000
1'
#3003000
1%
#3004000
0'
#3006000
1'
0%
#3008000
0'
#3009000
1%
#3010000
1'
#3012000
0'
0%
#3014000
1'
#3015000
1%
#3016000
0'
#3018000
1'
0%
#3020000
0'
#3021000
1%
#3022000
1'
#3024000
0'
0%
#3026000
1'
#3027000
1%
#3028000
0'
#3030000
1'
0%
#3032000
0'
#3033000
1%
#3034000
1'
#3036000
0'
0%
#3038000
1'
#3039000
1%
#3040000
0'
#3042000
1'
0%
#3044000
0'
#3045000
1%
#3046000
1'
#3048000
0'
0%
#3050000
1'
#3051000
1%
#3052000
0'
#3054000
1'
0%
#3056000
0'
#3057000
1%
#3058000
1'
#3060000
0'
0%
#3062000
1'
#3063000
1%
#3064000
0'
#3066000
1'
0%
#3068000
0'
#3069000
1%
#3070000
1'
#3072000
0'
0%
#3074000
1'
#3075000
1%
#3076000
0'
#3078000
1'
0%
#3080000
0'
#3081000
1%
#3082000
1'
#3084000
0'
0%
#3086000
1'
#3087000
1%
#3088000
0'
#3090000
1'
0%
#3092000
0'
#3093000
1%
#3094000
1'
#3096000
0'
0%
#3098000
1'
#3099000
1%
#3100000
0'
#3102000
1'
0%
#3104000
0'
#3105000
1%
#3106000
1'
#3108000
0'
0%
#3110000
1'
#3111000
1%
#3112000
0'
#3114000
1'
0%
#3116000
0'
#3117000
1%
#3118000
1'
#3120000
0'
0%
#3122000
1'
#3123000
1%
#3124000
0'
#3126000
1'
0%
#3128000
0'
#3129000
1%
#3130000
1'
#3132000
0'
0%
#3134000
1'
#3135000
1%
#3136000
0'
#3138000
1'
0%
#3140000
0'
#3141000
1%
#3142000
1'
#3144000
0'
0%
#3146000
1'
#3147000
1%
#3148000
0'
#3150000
1'
0%
#3152000
0'
#3153000
1%
#3154000
1'
#3156000
0'
0%
#3158000
1'
#3159000
1%
#3160000
0'
#3162000
1'
0%
#3164000
0'
#3165000
1%
#3166000
1'
#3168000
0'
0%
#3170000
1'
#3171000
1%
#3172000
0'
#3174000
1'
0%
#3176000
0'
#3177000
1%
#3178000
1'
#3180000
0'
0%
#3182000
1'
#3183000
1%
#3184000
0'
#3186000
1'
0%
#3188000
0'
#3189000
1%
#3190000
1'
#3192000
0'
0%
#3194000
1'
#3195000
1%
#3196000
0'
#3198000
1'
0%
#3200000
0'
#3201000
1%
#3202000
1'
#3204000
0'
0%
#3206000
1'
#3207000
1%
#3208000
0'
#3210000
1'
0%
#3212000
0'
#3213000
1%
#3214000
1'
#3216000
0'
0%
#3218000
1'
#3219000
1%
#3220000
0'
#3222000
1'
0%
#3224000
0'
#3225000
1%
#3226000
1'
#3228000
0'
0%
#3230000
1'
#3231000
1%
#3232000
0'
#3234000
1'
0%
#3236000
0'
#3237000
1%
#3238000
1'
#3240000
0'
0%
#3242000
1'
#3243000
1%
#3244000
0'
#3246000
1'
0%
#3248000
0'
#3249000
1%
#3250000
1'
#3252000
0'
0%
#3254000
1'
#3255000
1%
#3256000
0'
#3258000
1'
0%
#3260000
0'
#3261000
1%
#3262000
1'
#3264000
0'
0%
#3266000
1'
#3267000
1%
#3268000
0'
#3270000
1'
0%
#3272000
0'
#3273000
1%
#3274000
1'
#3276000
0'
0%
#3278000
1'
#3279000
1%
#3280000
0'
#3282000
1'
0%
#3284000
0'
#3285000
1%
#3286000
1'
#3288000
0'
0%
#3290000
1'
#3291000
1%
#3292000
0'
#3294000
1'
0%
#3296000
0'
#3297000
1%
#3298000
1'
#3300000
0'
0%
#3302000
1'
#3303000
1%
#3304000
0'
#3306000
1'
0%
#3308000
0'
#3309000
1%
#3310000
1'
#3312000
0'
0%
#3314000
1'
#3315000
1%
#3316000
0'
#3318000
1'
0%
#3320000
0'
#3321000
1%
#3322000
1'
#3324000
0'
0%
#3326000
1'
#3327000
1%
#3328000
0'
#3330000
1'
0%
#3332000
0'
#3333000
1%
#3334000
1'
#3336000
0'
0%
#3338000
1'
#3339000
1%
#3340000
0'
#3342000
1'
0%
#3344000
0'
#3345000
1%
#3346000
1'
#3348000
0'
0%
#3350000
1'
#3351000
1%
#3352000
0'
#3354000
1'
0%
#3356000
0'
#3357000
1%
#3358000
1'
#3360000
0'
0%
#3362000
1'
#3363000
1%
#3364000
0'
#3366000
1'
0%
#3368000
0'
#3369000
1%
#3370000
1'
#3372000
0'
0%
#3374000
1'
#3375000
1%
#3376000
0'
#3378000
1'
0%
#3380000
0'
#3381000
1%
#3382000
1'
#3384000
0'
0%
#3386000
1'
#3387000
1%
#3388000
0'
#3390000
1'
0%
#3392000
0'
#3393000
1%
#3394000
1'
#3396000
0'
0%
#3398000
1'
#3399000
1%
#3400000
0'
#3402000
1'
0%
#3404000
0'
#3405000
1%
#3406000
1'
#3408000
0'
0%
#3410000
1'
#3411000
1%
#3412000
0'
#3414000
1'
0%
#3416000
0'
#3417000
1%
#3418000
1'
#3420000
0'
0%
#3422000
1'
#3423000
1%
#3424000
0'
#3426000
1'
0%
#3428000
0'
#3429000
1%
#3430000
1'
#3432000
0'
0%
#3434000
1'
#3435000
1%
#3436000
0'
#3438000
1'
0%
#3440000
0'
#3441000
1%
#3442000
1'
#3444000
0'
0%
#3446000
1'
#3447000
1%
#3448000
0'
#3450000
1'
0%
#3452000
0'
#3453000
1%
#3454000
1'
#3456000
0'
0%
#3458000
1'
#3459000
1%
#3460000
0'
#3462000
1'
0%
#3464000
0'
#3465000
1%
#3466000
1'
#3468000
0'
0%
#3470000
1'
#3471000
1%
#3472000
0'
#3474000
1'
0%
#3476000
0'
#3477000
1%
#3478000
1'
#3480000
0'
0%
#3482000
1'
#3483000
1%
#3484000
0'
#3486000
1'
0%
#3488000
0'
#3489000
1%
#3490000
1'
#3492000
0'
0%
#3494000
1'
#3495000
1%
#3496000
0'
#3498000
1'
0%
#3500000
0'
#3501000
1%
#3502000
1'
#3504000
0'
0%
#3506000
1'
#3507000
1%
#3508000
0'
#3510000
1'
0%
#3512000
0'
#3513000
1%
#3514000
1'
#3516000
0'
0%
#3518000
1'
#3519000
1%
#3520000
0'
#3522000
1'
0%
#3524000
0'
#3525000
1%
#3526000
1'
#3528000
0'
0%
#3530000
1'
#3531000
1%
#3532000
0'
#3534000
1'
0%
#3536000
0'
#3537000
1%
#3538000
1'
#3540000
0'
0%
#3542000
1'
#3543000
1%
#3544000
0'
#3546000
1'
0%
#3548000
0'
#3549000
1%
#3550000
1'
#3552000
0'
0%
#3554000
1'
#3555000
1%
#3556000
0'
#3558000
1'
0%
#3560000
0'
#3561000
1%
#3562000
1'
#3564000
0'
0%
#3566000
1'
#3567000
1%
#3568000
0'
#3570000
1'
0%
#3572000
0'
#3573000
1%
#3574000
1'
#3576000
0'
0%
#3578000
1'
#3579000
1%
#3580000
0'
#3582000
1'
0%
#3584000
0'
#3585000
1%
#3586000
1'
#3588000
0'
0%
#3590000
1'
#3591000
1%
#3592000
0'
#3594000
1'
0%
#3596000
0'
#3597000
1%
#3598000
1'
#3600000
0'
0%
#3602000
1'
#3603000
1%
#3604000
0'
#3606000
1'
0%
#3608000
0'
#3609000
1%
#3610000
1'
#3612000
0'
0%
#3614000
1'
#3615000
1%
#3616000
0'
#3618000
1'
0%
#3620000
0'
#3621000
1%
#3622000
1'
#3624000
0'
0%
#3626000
1'
#3627000
1%
#3628000
0'
#3630000
1'
0%
#3632000
0'
#3633000
1%
#3634000
1'
#3636000
0'
0%
#3638000
1'
#3639000
1%
#3640000
0'
#3642000
1'
0%
#3644000
0'
#3645000
1%
#3646000
1'
#3648000
0'
0%
#3650000
1'
#3651000
1%
#3652000
0'
#3654000
1'
0%
#3656000
0'
#3657000
1%
#3658000
1'
#3660000
0'
0%
#3662000
1'
#3663000
1%
#3664000
0'
#3666000
1'
0%
#3668000
0'
#3669000
1%
#3670000
1'
#3672000
0'
0%
#3674000
1'
#3675000
1%
#3676000
0'
#3678000
1'
0%
#3680000
0'
#3681000
1%
#3682000
1'
#3684000
0'
0%
#3686000
1'
#3687000
1%
#3688000
0'
#3690000
1'
0%
#3692000
0'
#3693000
1%
#3694000
1'
#3696000
0'
0%
#3698000
1'
#3699000
1%
#3700000
0'
#3702000
1'
0%
#3704000
0'
#3705000
1%
#3706000
1'
#3708000
0'
0%
#3710000
1'
#3711000
1%
#3712000
0'
#3714000
1'
0%
#3716000
0'
#3717000
1%
#3718000
1'
#3720000
0'
0%
#3722000
1'
#3723000
1%
#3724000
0'
#3726000
1'
0%
#3728000
0'
#3729000
1%
#3730000
1'
#3732000
0'
0%
#3734000
1'
#3735000
1%
#3736000
0'
#3738000
1'
0%
#3740000
0'
#3741000
1%
#3742000
1'
#3744000
0'
0%
#3746000
1'
#3747000
1%
#3748000
0'
#3750000
1'
0%
#3752000
0'
#3753000
1%
#3754000
1'
#3756000
0'
0%
#3758000
1'
#3759000
1%
#3760000
0'
#3762000
1'
0%
#3764000
0'
#3765000
1%
#3766000
1'
#3768000
0'
0%
#3770000
1'
#3771000
1%
#3772000
0'
#3774000
1'
0%
#3776000
0'
#3777000
1%
#3778000
1'
#3780000
0'
0%
#3782000
1'
#3783000
1%
#3784000
0'
#3786000
1'
0%
#3788000
0'
#3789000
1%
#3790000
1'
#3792000
0'
0%
#3794000
1'
#3795000
1%
#3796000
0'
#3798000
1'
0%
#3800000
0'
#3801000
1%
#3802000
1'
#3804000
0'
0%
#3806000
1'
#3807000
1%
#3808000
0'
#3810000
1'
0%
#3812000
0'
#3813000
1%
#3814000
1'
#3816000
0'
0%
#3818000
1'
#3819000
1%
#3820000
0'
#3822000
1'
0%
#3824000
0'
#3825000
1%
#3826000
1'
#3828000
0'
0%
#3830000
1'
#3831000
1%
#3832000
0'
#3834000
1'
0%
#3836000
0'
#3837000
1%
#3838000
1'
#3840000
0'
0%
#3842000
1'
#3843000
1%
#3844000
0'
#3846000
1'
0%
#3848000
0'
#3849000
1%
#3850000
1'
#3852000
0'
0%
#3854000
1'
#3855000
1%
#3856000
0'
#3858000
1'
0%
#3860000
0'
#3861000
1%
#3862000
1'
#3864000
0'
0%
#3866000
1'
#3867000
1%
#3868000
0'
#3870000
1'
0%
#3872000
0'
#3873000
1%
#3874000
1'
#3876000
0'
0%
#3878000
1'
#3879000
1%
#3880000
0'
#3882000
1'
0%
#3884000
0'
#3885000
1%
#3886000
1'
#3888000
0'
0%
#3890000
1'
#3891000
1%
#3892000
0'
#3894000
1'
0%
#3896000
0'
#3897000
1%
#3898000
1'
#3900000
0'
0%
#3902000
1'
#3903000
1%
#3904000
0'
#3906000
1'
0%
#3908000
0'
#3909000
1%
#3910000
1'
#3912000
0'
0%
#3914000
1'
#3915000
1%
#3916000
0'
#3918000
1'
0%
#3920000
0'
#3921000
1%
#3922000
1'
#3924000
0'
0%
#3926000
1'
#3927000
1%
#3928000
0'
#3930000
1'
0%
#3932000
0'
#3933000
1%
#3934000
1'
#3936000
0'
0%
#3938000
1'
#3939000
1%
#3940000
0'
#3942000
1'
0%
#3944000
0'
#3945000
1%
#3946000
1'
#3948000
0'
0%
#3950000
1'
#3951000
1%
#3952000
0'
#3954000
1'
0%
#3956000
0'
#3957000
1%
#3958000
1'
#3960000
0'
0%
#3962000
1'
#3963000
1%
#3964000
0'
#3966000
1'
0%
#3968000
0'
#3969000
1%
#3970000
1'
#3972000
0'
0%
#3974000
1'
#3975000
1%
#3976000
0'
#3978000
1'
0%
#3980000
0'
#3981000
1%
#3982000
1'
#3984000
0'
0%
#3986000
1'
#3987000
1%
#3988000
0'
#3990000
1'
0%
#3992000
0'
#3993000
1%
#3994000
1'
#3996000
0'
0%
#3998000
1'
#3999000
1%
#4000000
0'
#4002000
1'
0%
#4004000
0'
#4005000
1%
#4006000
1'
#4008000
0'
0%
#4010000
1'
#4011000
1%
#4012000
0'
#4014000
1'
0%
#4016000
0'
#4017000
1%
#4018000
1'
#4020000
0'
0%
#4022000
1'
#4023000
1%
#4024000
0'
#4026000
1'
0%
#4028000
0'
#4029000
1%
#4030000
1'
#4032000
0'
0%
#4034000
1'
#4035000
1%
#4036000
0'
#4038000
1'
0%
#4040000
0'
#4041000
1%
#4042000
1'
#4044000
0'
0%
#4046000
1'
#4047000
1%
#4048000
0'
#4050000
1'
0%
#4052000
0'
#4053000
1%
#4054000
1'
#4056000
0'
0%
#4058000
1'
#4059000
1%
#4060000
0'
#4062000
1'
0%
#4064000
0'
#4065000
1%
#4066000
1'
#4068000
0'
0%
#4070000
1'
#4071000
1%
#4072000
0'
#4074000
1'
0%
#4076000
0'
#4077000
1%
#4078000
1'
#4080000
0'
0%
#4082000
1'
#4083000
1%
#4084000
0'
#4086000
1'
0%
#4088000
0'
#4089000
1%
#4090000
1'
#4092000
0'
0%
#4094000
1'
#4095000
1%
#4096000
0'
#4098000
1'
0%
#4100000
0'
#4101000
1%
#4102000
1'
#4104000
0'
0%
#4106000
1'
#4107000
1%
#4108000
0'
#4110000
1'
0%
#4112000
0'
#4113000
1%
#4114000
1'
#4116000
0'
0%
#4118000
1'
#4119000
1%
#4120000
0'
#4122000
1'
0%
#4124000
0'
#4125000
1%
#4126000
1'
#4128000
0'
0%
#4130000
1'
#4131000
1%
#4132000
0'
#4134000
1'
0%
#4136000
0'
#4137000
1%
#4138000
1'
#4140000
0'
0%
#4142000
1'
#4143000
1%
#4144000
0'
#4146000
1'
0%
#4148000
0'
#4149000
1%
#4150000
1'
#4152000
0'
0%
#4154000
1'
#4155000
1%
#4156000
0'
#4158000
1'
0%
#4160000
0'
#4161000
1%
#4162000
1'
#4164000
0'
0%
#4166000
1'
#4167000
1%
#4168000
0'
#4170000
1'
0%
#4172000
0'
#4173000
1%
#4174000
1'
#4176000
0'
0%
#4178000
1'
#4179000
1%
#4180000
0'
#4182000
1'
0%
#4184000
0'
#4185000
1%
#4186000
1'
#4188000
0'
0%
#4190000
1'
#4191000
1%
#4192000
0'
#4194000
1'
0%
#4196000
0'
#4197000
1%
#4198000
1'
#4200000
0'
0%
#4202000
1'
#4203000
1%
#4204000
0'
#4206000
1'
0%
#4208000
0'
#4209000
1%
#4210000
1'
#4212000
0'
0%
#4214000
1'
#4215000
1%
#4216000
0'
#4218000
1'
0%
#4220000
0'
#4221000
1%
#4222000
1'
#4224000
0'
0%
#4226000
1'
#4227000
1%
#4228000
0'
#4230000
1'
0%
#4232000
0'
#4233000
1%
#4234000
1'
#4236000
0'
0%
#4238000
1'
#4239000
1%
#4240000
0'
#4242000
1'
0%
#4244000
0'
#4245000
1%
#4246000
1'
#4248000
0'
0%
#4250000
1'
#4251000
1%
#4252000
0'
#4254000
1'
0%
#4256000
0'
#4257000
1%
#4258000
1'
#4260000
0'
0%
#4262000
1'
#4263000
1%
#4264000
0'
#4266000
1'
0%
#4268000
0'
#4269000
1%
#4270000
1'
#4272000
0'
0%
#4274000
1'
#4275000
1%
#4276000
0'
#4278000
1'
0%
#4280000
0'
#4281000
1%
#4282000
1'
#4284000
0'
0%
#4286000
1'
#4287000
1%
#4288000
0'
#4290000
1'
0%
#4292000
0'
#4293000
1%
#4294000
1'
#4296000
0'
0%
#4298000
1'
#4299000
1%
#4300000
0'
#4302000
1'
0%
#4304000
0'
#4305000
1%
#4306000
1'
#4308000
0'
0%
#4310000
1'
#4311000
1%
#4312000
0'
#4314000
1'
0%
#4316000
0'
#4317000
1%
#4318000
1'
#4320000
0'
0%
#4322000
1'
#4323000
1%
#4324000
0'
#4326000
1'
0%
#4328000
0'
#4329000
1%
#4330000
1'
#4332000
0'
0%
#4334000
1'
#4335000
1%
#4336000
0'
#4338000
1'
0%
#4340000
0'
#4341000
1%
#4342000
1'
#4344000
0'
0%
#4346000
1'
#4347000
1%
#4348000
0'
#4350000
1'
0%
#4352000
0'
#4353000
1%
#4354000
1'
#4356000
0'
0%
#4358000
1'
#4359000
1%
#4360000
0'
#4362000
1'
0%
#4364000
0'
#4365000
1%
#4366000
1'
#4368000
0'
0%
#4370000
1'
#4371000
1%
#4372000
0'
#4374000
1'
0%
#4376000
0'
#4377000
1%
#4378000
1'
#4380000
0'
0%
#4382000
1'
#4383000
1%
#4384000
0'
#4386000
1'
0%
#4388000
0'
#4389000
1%
#4390000
1'
#4392000
0'
0%
#4394000
1'
#4395000
1%
#4396000
0'
#4398000
1'
0%
#4400000
0'
#4401000
1%
#4402000
1'
#4404000
0'
0%
#4406000
1'
#4407000
1%
#4408000
0'
#4410000
1'
0%
#4412000
0'
#4413000
1%
#4414000
1'
#4416000
0'
0%
#4418000
1'
#4419000
1%
#4420000
0'
1$
#4422000
b11101 N
b11111 M
b10101 Q
b1101 W
b1011101 +
b1011101 3
b1011101 9
b1011101 V
1*
1'
0%
#4424000
0'
#4425000
1%
#4426000
b101 4
b101 :
b101 R
b11100 N
b11101 M
b1011101 #
b1011101 )
b1011101 -
b1011101 0
b1011101 7
b1011101 ;
b10110 Q
b10101 T
b11111 2
b11111 J
b11111 U
b1110 W
b1011110 +
b1011110 3
b1011110 9
b1011110 V
1'
#4428000
0'
0%
#4430000
b110 4
b110 :
b110 R
b10100 N
b11100 M
b1111 W
b1011111 +
b1011111 3
b1011111 9
b1011111 V
b10111 Q
b10110 T
b11101 2
b11101 J
b11101 U
1'
#4431000
b11101 K
1%
#4432000
0'
#4434000
b111 4
b111 :
b111 R
b10101 N
b10100 M
b11000 Q
b10111 T
b11100 2
b11100 J
b11100 U
b0 W
b1100000 +
b1100000 3
b1100000 9
b1100000 V
1'
0%
#4436000
0'
#4437000
0A
b11101 5
b11101 @
b11101 L
b11100 K
1%
#4438000
b1000 4
b1000 :
b1000 R
b10111 N
b10101 M
b1 W
b1100001 +
b1100001 3
b1100001 9
b1100001 V
b11001 Q
b11000 T
b10100 2
b10100 J
b10100 U
1'
#4440000
0'
0%
#4442000
b1001 4
b1001 :
b1001 R
b10110 N
b10111 M
b11010 Q
b11001 T
b10101 2
b10101 J
b10101 U
b10 W
b1100010 +
b1100010 3
b1100010 9
b1100010 V
1'
#4443000
0"
b11100 5
b11100 @
b11100 L
b10101 K
1%
#4444000
0'
#4446000
b1010 4
b1010 :
b1010 R
b10010 N
b10110 M
b11 W
b1100011 +
b1100011 3
b1100011 9
b1100011 V
b11011 Q
b11010 T
b10111 2
b10111 J
b10111 U
1'
0%
#4448000
0'
#4449000
b11101 ?
b11111 >
b10101 B
b10101 5
b10101 @
b10101 L
b10111 K
1,
1%
#4450000
b1011 4
b1011 :
b1011 R
b10011 N
b10010 M
b11100 Q
b11011 T
b10110 2
b10110 J
b10110 U
b100 W
b1100100 +
b1100100 3
b1100100 9
b1100100 V
1'
#4452000
0'
0%
#4454000
b1100 4
b1100 :
b1100 R
b10001 N
b10011 M
b101 W
b1100101 +
b1100101 3
b1100101 9
b1100101 V
b11101 Q
b11100 T
b10010 2
b10010 J
b10010 U
1'
#4455000
b1011110 #
b1011110 )
b1011110 -
b1011110 0
b1011110 7
b1011110 ;
b101 8
b101 <
b101 C
b11100 ?
b11101 >
b10110 B
b10101 E
b11111 6
b11111 F
b11111 G
b10111 5
b10111 @
b10111 L
b10010 K
1%
#4456000
0'
#4458000
b1101 4
b1101 :
b1101 R
b10000 N
b10001 M
b11110 Q
b11101 T
b10011 2
b10011 J
b10011 U
b11111 H
b110 W
b1100110 +
b1100110 3
b1100110 9
b1100110 V
1'
0%
#4460000
0'
#4461000
b1011111 #
b1011111 )
b1011111 -
b1011111 0
b1011111 7
b1011111 ;
b110 8
b110 <
b110 C
b10100 ?
b11100 >
b10010 5
b10010 @
b10010 L
b10011 K
b10111 B
b10110 E
b11101 6
b11101 F
b11101 G
1%
#4462000
b1110 4
b1110 :
b1110 R
b0 N
b10000 M
b111 W
b1100111 +
b1100111 3
b1100111 9
b1100111 V
b11111 1
b11111 I
b11111 O
b11101 H
b11111 Q
b11110 T
b10001 2
b10001 J
b10001 U
1'
#4464000
0'
0%
#4466000
b1111 4
b1111 :
b1111 R
b1 N
b0 M
b0 Q
b11111 T
b10000 2
b10000 J
b10000 U
b11101 1
b11101 I
b11101 O
b1000 W
b1101000 +
b1101000 3
b1101000 9
b1101000 V
1'
#4467000
b1100000 #
b1100000 )
b1100000 -
b1100000 0
b1100000 7
b1100000 ;
b111 8
b111 <
b111 C
b10101 ?
0A
b10100 >
b11000 B
b10111 E
b11100 6
b11100 F
b11100 G
b10011 5
b10011 @
b10011 L
b10000 K
1%
#4468000
0'
#4470000
b0 4
b0 :
b0 R
b11 N
b1 M
b1001 W
b1101001 +
b1101001 3
b1101001 9
b1101001 V
b11100 H
b1 Q
b0 T
b0 2
b0 J
b0 U
1'
0%
#4472000
0'
#4473000
b1100001 #
b1100001 )
b1100001 -
b1100001 0
b1100001 7
b1100001 ;
b1000 8
b1000 <
b1000 C
b10111 ?
b10101 >
b10000 5
b10000 @
b10000 L
b0 K
b11001 B
b11000 E
b10100 6
b10100 F
b10100 G
1%
#4474000
b1 4
b1 :
b1 R
b10 N
b11 M
b10 Q
b1 T
b1 2
b1 J
b1 U
b11100 1
b11100 I
b11100 O
b10100 H
b1010 W
b1101010 +
b1101010 3
b1101010 9
b1101010 V
1'
#4476000
0'
0%
#4478000
b10 4
b10 :
b10 R
b110 N
b10 M
b1011 W
b1101011 +
b1101011 3
b1101011 9
b1101011 V
b10100 1
b10100 I
b10100 O
b11 Q
b10 T
b11 2
b11 J
b11 U
1'
#4479000
b1100010 #
b1100010 )
b1100010 -
b1100010 0
b1100010 7
b1100010 ;
b1001 8
b1001 <
b1001 C
b10110 ?
b10111 >
b11010 B
b11001 E
b10101 6
b10101 F
b10101 G
b0 5
b0 @
b0 L
b11 K
1%
#4480000
0'
#4482000
b11 4
b11 :
b11 R
b111 N
b110 M
b100 Q
b11 T
b10 2
b10 J
b10 U
b10101 H
b1100 W
b1101100 +
b1101100 3
b1101100 9
b1101100 V
1'
0%
#4484000
0'
#4485000
b1100011 #
b1100011 )
b1100011 -
b1100011 0
b1100011 7
b1100011 ;
b1010 8
b1010 <
b1010 C
b10010 ?
b10110 >
b11 5
b11 @
b11 L
b10 K
b11011 B
b11010 E
b10111 6
b10111 F
b10111 G
1%
#4486000
b100 4
b100 :
b100 R
b101 N
b111 M
b1101 W
b1101101 +
b1101101 3
b1101101 9
b1101101 V
b10101 1
b10101 I
b10101 O
b10111 H
b101 Q
b100 T
b110 2
b110 J
b110 U
1'
#4488000
0'
0%
#4490000
b101 4
b101 :
b101 R
b100 N
b101 M
b110 Q
b101 T
b111 2
b111 J
b111 U
b10111 1
b10111 I
b10111 O
b1110 W
b1101110 +
b1101110 3
b1101110 9
b1101110 V
1'
#4491000
b1100100 #
b1100100 )
b1100100 -
b1100100 0
b1100100 7
b1100100 ;
b1011 8
b1011 <
b1011 C
b10011 ?
b10010 >
b11100 B
b11011 E
b10110 6
b10110 F
b10110 G
b10 5
b10 @
b10 L
b111 K
1%
#4492000
0'
#4494000
b110 4
b110 :
b110 R
b1100 N
b100 M
b1111 W
b1101111 +
b1101111 3
b1101111 9
b1101111 V
b10110 H
b111 Q
b110 T
b101 2
b101 J
b101 U
1'
0%
#4496000
0'
#4497000
b1100101 #
b1100101 )
b1100101 -
b1100101 0
b1100101 7
b1100101 ;
b1100 8
b1100 <
b1100 C
b10001 ?
b10011 >
b111 5
b111 @
b111 L
b101 K
b11101 B
b11100 E
b10010 6
b10010 F
b10010 G
1%
#4498000
b111 4
b111 :
b111 R
b1101 N
b1100 M
b1000 Q
b111 T
b100 2
b100 J
b100 U
b10110 1
b10110 I
b10110 O
b10010 H
b0 W
b1110000 +
b1110000 3
b1110000 9
b1110000 V
1'
#4500000
0'
0%
#4502000
b1000 4
b1000 :
b1000 R
0S
b1111 N
b1101 M
b1 W
b1110001 +
b1110001 3
b1110001 9
b1110001 V
b10010 1
b10010 I
b10010 O
b1001 Q
b1000 T
b1100 2
b1100 J
b1100 U
1'
#4503000
b1100110 #
b1100110 )
b1100110 -
b1100110 0
b1100110 7
b1100110 ;
b1101 8
b1101 <
b1101 C
b10000 ?
b10001 >
b11110 B
b11101 E
b10011 6
b10011 F
b10011 G
b101 5
b101 @
b101 L
b1100 K
1%
#4504000
0'
#4506000
b1001 4
b1001 :
b1001 R
b1110 N
b1111 M
b1010 Q
b1001 T
b1101 2
b1101 J
b1101 U
b10011 H
b10 W
b1110010 +
b1110010 3
b1110010 9
b1110010 V
1'
0%
#4508000
0'
#4509000
b1100111 #
b1100111 )
b1100111 -
b1100111 0
b1100111 7
b1100111 ;
b1110 8
b1110 <
b1110 C
b0 ?
b10000 >
b1100 5
b1100 @
b1100 L
b1101 K
b11111 B
b11110 E
b10001 6
b10001 F
b10001 G
1%
#4510000
b1010 4
b1010 :
b1010 R
b1010 N
b1110 M
b11 W
b1110011 +
b1110011 3
b1110011 9
b1110011 V
b10011 1
b10011 I
b10011 O
b10001 H
b1011 Q
b1010 T
b1111 2
b1111 J
b1111 U
1'
#4512000
0'
0%
#4514000
b1011 4
b1011 :
b1011 R
b1011 N
0P
b1010 M
b1100 Q
b1011 T
b1110 2
b1110 J
b1110 U
b10001 1
b10001 I
b10001 O
b100 W
b1110100 +
b1110100 3
b1110100 9
b1110100 V
1'
#4515000
b1101000 #
b1101000 )
b1101000 -
b1101000 0
b1101000 7
b1101000 ;
b1111 8
b1111 <
b1111 C
b1 ?
b0 >
b0 B
b11111 E
b10000 6
b10000 F
b10000 G
b1101 5
b1101 @
b1101 L
b1110 K
1%
#4516000
0'
#4518000
1S
b1100 4
b1100 :
b1100 R
b1001 N
b1011 M
b101 W
b1110101 +
b1110101 3
b1110101 9
b1110101 V
b10000 H
b1101 Q
b1100 T
b1010 2
b1010 J
b1010 U
1'
0%
#4520000
0'
#4521000
b1101001 #
b1101001 )
b1101001 -
b1101001 0
b1101001 7
b1101001 ;
b0 8
b0 <
b0 C
b11 ?
b1 >
b1110 5
b1110 @
b1110 L
b1010 K
b1 B
b0 E
b0 6
b0 F
b0 G
1%
#4522000
b1101 4
b1101 :
b1101 R
b1000 N
0P
b1001 M
1S
1.
b1110 Q
b1101 T
b1011 2
b1011 J
b1011 U
b10000 1
b10000 I
b10000 O
b0 H
b110 W
b1110110 +
b1110110 3
b1110110 9
b1110110 V
1'
#4524000
0'
0%
#4526000
b1110 4
b1110 :
b1110 R
1S
b11000 N
0P
b1000 M
b111 W
b1110111 +
b1110111 3
b1110111 9
b1110111 V
b0 1
b0 I
b0 O
b1111 Q
b1110 T
b1001 2
b1001 J
b1001 U
1'
#4527000
b1101010 #
b1101010 )
b1101010 -
b1101010 0
b1101010 7
b1101010 ;
b1 8
b1 <
b1 C
b10 ?
b11 >
b10 B
b1 E
b1 6
b1 F
b1 G
b1010 5
b1010 @
b1010 L
b1001 K
1%
#4528000
0'
#4530000
1P
b1111 4
b1111 :
b1111 R
0S
b11001 N
b11000 M
b10000 Q
b1111 T
b1000 2
b1000 J
b1000 U
b1 H
b1000 W
b1111000 +
b1111000 3
b1111000 9
b1111000 V
1'
0%
#4532000
0'
#4533000
b1101011 #
b1101011 )
b1101011 -
b1101011 0
b1101011 7
b1101011 ;
b10 8
b10 <
b10 C
b110 ?
b10 >
b1001 5
b1001 @
b1001 L
b1000 K
b11 B
b10 E
b11 6
b11 F
b11 G
1%
#4534000
1S
b0 4
b0 :
b0 R
b11001 N
0P
b11000 M
b1001 W
b1111001 +
b1111001 3
b1111001 9
b1111001 V
b1 1
b1 I
b1 O
b11 H
b10000 Q
b10000 T
b11000 2
b11000 J
b11000 U
1!
0.
1'
#4536000
0'
0%
#4538000
0S
0!
1.
b11 1
b11 I
b11 O
0*
1'
#4539000
b1101100 #
b1101100 )
b1101100 -
b1101100 0
b1101100 7
b1101100 ;
b11 8
b11 <
b11 C
b111 ?
b110 >
b100 B
b11 E
b10 6
b10 F
b10 G
b1000 5
b1000 @
b1000 L
b11000 K
1%
#4540000
0'
#4542000
1S
b11011 N
b11001 M
b10001 Q
b1010 W
b1111010 +
b1111010 3
b1111010 9
b1111010 V
1*
b10 H
0.
1'
0%
#4544000
0'
#4545000
b1101101 #
b1101101 )
b1101101 -
b1101101 0
b1101101 7
b1101101 ;
b100 8
b100 <
b100 C
b101 ?
b111 >
b11000 5
b11000 @
b11000 L
b101 B
b100 E
b110 6
b110 F
b110 G
1%
#4546000
b1 4
b1 :
b1 R
b11010 N
0P
b11011 M
1S
1.
b10010 Q
b10001 T
b11001 2
b11001 J
b11001 U
b10 1
b10 I
b10 O
b110 H
b1011 W
b1111011 +
b1111011 3
b1111011 9
b1111011 V
1'
#4548000
0'
0%
#4550000
b10 4
b10 :
b10 R
1S
b11110 N
0P
b11010 M
b1100 W
b1111100 +
b1111100 3
b1111100 9
b1111100 V
b110 1
b110 I
b110 O
b10011 Q
b10010 T
b11011 2
b11011 J
b11011 U
1'
#4551000
b1101110 #
b1101110 )
b1101110 -
b1101110 0
b1101110 7
b1101110 ;
b101 8
b101 <
b101 C
b100 ?
b101 >
b110 B
b101 E
b111 6
b111 F
b111 G
b11011 K
1%
#4552000
0'
#4554000
1P
b11 4
b11 :
b11 R
0S
b11111 N
b11110 M
b10100 Q
b10011 T
b11010 2
b11010 J
b11010 U
b111 H
b1101 W
b1111101 +
b1111101 3
b1111101 9
b1111101 V
1'
0%
#4556000
0'
#4557000
b1101111 #
b1101111 )
b1101111 -
b1101111 0
b1101111 7
b1101111 ;
b110 8
b110 <
b110 C
b1100 ?
b100 >
b11011 5
b11011 @
b11011 L
b11010 K
b111 B
b110 E
b101 6
b101 F
b101 G
1%
#4558000
1S
b100 4
b100 :
b100 R
b11111 N
0P
b11110 M
b1110 W
b1111110 +
b1111110 3
b1111110 9
b1111110 V
b111 1
b111 I
b111 O
b101 H
b10100 Q
b10100 T
b11110 2
b11110 J
b11110 U
1!
0.
1'
#4560000
0'
0%
#4562000
0S
0!
1.
b101 1
b101 I
b101 O
0*
1'
#4563000
b1110000 #
b1110000 )
b1110000 -
b1110000 0
b1110000 7
b1110000 ;
b111 8
b111 <
b111 C
b1101 ?
b1100 >
b1000 B
b111 E
b100 6
b100 F
b100 G
b11010 5
b11010 @
b11010 L
b11110 K
1%
#4564000
0'
#4566000
1S
b11101 N
b11111 M
b10101 Q
b1111 W
b1111111 +
b1111111 3
b1111111 9
b1111111 V
1*
b100 H
0.
1'
0%
#4568000
0'
#4569000
b1110001 #
b1110001 )
b1110001 -
b1110001 0
b1110001 7
b1110001 ;
b1000 8
b1000 <
b1000 C
b1111 ?
b1101 >
b11110 5
b11110 @
b11110 L
b1001 B
b1000 E
b1100 6
b1100 F
b1100 G
1%
#4570000
b101 4
b101 :
b101 R
b11100 N
0P
b11101 M
1S
1.
b10110 Q
b10101 T
b11111 2
b11111 J
b11111 U
b100 1
b100 I
b100 O
b1100 H
b0 W
b10000000 +
b10000000 3
b10000000 9
b10000000 V
1'
#4572000
0'
0%
#4574000
b110 4
b110 :
b110 R
1S
b10100 N
0P
b11100 M
b1 W
b10000001 +
b10000001 3
b10000001 9
b10000001 V
b1100 1
b1100 I
b1100 O
b10111 Q
b10110 T
b11101 2
b11101 J
b11101 U
1'
#4575000
b1110010 #
b1110010 )
b1110010 -
b1110010 0
b1110010 7
b1110010 ;
b1001 8
b1001 <
b1001 C
b1110 ?
b1111 >
b1010 B
b1001 E
b1101 6
b1101 F
b1101 G
b11101 K
1%
#4576000
0'
#4578000
1P
b111 4
b111 :
b111 R
0S
b10101 N
b10100 M
b11000 Q
b10111 T
b11100 2
b11100 J
b11100 U
b1101 H
b10 W
b10000010 +
b10000010 3
b10000010 9
b10000010 V
1'
0%
#4580000
0'
#4581000
b1110011 #
b1110011 )
b1110011 -
b1110011 0
b1110011 7
b1110011 ;
b1010 8
b1010 <
b1010 C
b1010 ?
b1110 >
b11101 5
b11101 @
b11101 L
b11100 K
b1011 B
b1010 E
b1111 6
b1111 F
b1111 G
1%
#4582000
1S
b1000 4
b1000 :
b1000 R
b10101 N
0P
b10100 M
b11 W
b10000011 +
b10000011 3
b10000011 9
b10000011 V
b1101 1
b1101 I
b1101 O
b1111 H
b11000 Q
b11000 T
b10100 2
b10100 J
b10100 U
1!
0.
1'
#4584000
0'
0%
#4586000
0S
0!
1.
b1111 1
b1111 I
b1111 O
0*
1'
#4587000
b1110100 #
b1110100 )
b1110100 -
b1110100 0
b1110100 7
b1110100 ;
b1011 8
b1011 <
b1011 C
b1011 ?
b1010 >
b1100 B
b1011 E
b1110 6
b1110 F
b1110 G
b11100 5
b11100 @
b11100 L
b10100 K
1%
#4588000
0'
#4590000
1S
b10111 N
b10101 M
b11001 Q
b100 W
b10000100 +
b10000100 3
b10000100 9
b10000100 V
1*
b1110 H
0.
1'
0%
#4592000
0'
#4593000
b1110101 #
b1110101 )
b1110101 -
b1110101 0
b1110101 7
b1110101 ;
b1100 8
b1100 <
b1100 C
b1001 ?
b1011 >
b10100 5
b10100 @
b10100 L
b1101 B
b1100 E
b1010 6
b1010 F
b1010 G
1%
#4594000
b1001 4
b1001 :
b1001 R
b10110 N
0P
b10111 M
1S
1.
b11010 Q
b11001 T
b10101 2
b10101 J
b10101 U
b1110 1
b1110 I
b1110 O
b1010 H
b101 W
b10000101 +
b10000101 3
b10000101 9
b10000101 V
1'
#4596000
0'
0%
#4598000
b1010 4
b1010 :
b1010 R
1S
b10010 N
0P
b10110 M
b110 W
b10000110 +
b10000110 3
b10000110 9
b10000110 V
b1010 1
b1010 I
b1010 O
b11011 Q
b11010 T
b10111 2
b10111 J
b10111 U
1'
#4599000
b1110110 #
b1110110 )
b1110110 -
b1110110 0
b1110110 7
b1110110 ;
b1101 8
b1101 <
b1101 C
b1000 ?
b1001 >
b1110 B
b1101 E
b1011 6
b1011 F
b1011 G
b10111 K
1%
#4600000
0'
#4602000
1P
b1011 4
b1011 :
b1011 R
0S
b10011 N
b10010 M
b11100 Q
b11011 T
b10110 2
b10110 J
b10110 U
b1011 H
b111 W
b10000111 +
b10000111 3
b10000111 9
b10000111 V
1'
0%
#4604000
0'
#4605000
b1110111 #
b1110111 )
b1110111 -
b1110111 0
b1110111 7
b1110111 ;
b1110 8
b1110 <
b1110 C
0D
b11000 ?
b1000 >
b10111 5
b10111 @
b10111 L
b10110 K
b1111 B
b1110 E
b1001 6
b1001 F
b1001 G
1%
#4606000
1S
b1100 4
b1100 :
b1100 R
b10011 N
0P
b10010 M
b1000 W
b10001000 +
b10001000 3
b10001000 9
b10001000 V
b1011 1
b1011 I
b1011 O
b1001 H
b11100 Q
b11100 T
b10010 2
b10010 J
b10010 U
1!
0.
1'
#4608000
0'
0%
#4610000
0S
0!
1.
b1001 1
b1001 I
b1001 O
0*
1'
#4611000
b1111000 #
b1111000 )
b1111000 -
b1111000 0
b1111000 7
b1111000 ;
b1111 8
b1111 <
b1111 C
b11001 ?
b11000 >
b10000 B
b1111 E
b1000 6
b1000 F
b1000 G
b10110 5
b10110 @
b10110 L
b10010 K
1%
#4612000
0'
#4614000
1S
b10001 N
b10011 M
b11101 Q
b1001 W
b10001001 +
b10001001 3
b10001001 9
b10001001 V
1*
b1000 H
0.
1'
0%
#4616000
0'
#4617000
b1111010 #
b1111010 )
b1111010 -
b1111010 0
b1111010 7
b1111010 ;
b0 8
b0 <
b0 C
b11011 ?
b11001 >
b10010 5
b10010 @
b10010 L
b10001 B
b10000 E
b11000 6
b11000 F
b11000 G
1%
#4618000
b1101 4
b1101 :
b1101 R
b10000 N
0P
b10001 M
1S
1.
b11110 Q
b11101 T
b10011 2
b10011 J
b10011 U
b1000 1
b1000 I
b1000 O
b11000 H
b1010 W
b10001010 +
b10001010 3
b10001010 9
b10001010 V
1'
#4620000
0'
0%
0$
#4622000
b1110 4
b1110 :
b1110 R
0S
b10000 N
0P
b10001 M
0*
b11000 1
b11000 I
b11000 O
b11110 Q
b11110 T
b10001 2
b10001 J
b10001 U
1'
#4623000
b1111011 #
b1111011 )
b1111011 -
b1111011 0
b1111011 7
b1111011 ;
b1 8
b1 <
b1 C
b11010 ?
b11011 >
b10010 B
b10001 E
b11001 6
b11001 F
b11001 G
b10001 K
1%
#4624000
0'
#4626000
0.
b11001 H
1'
0%
#4628000
0'
#4629000
b1111100 #
b1111100 )
b1111100 -
b1111100 0
b1111100 7
b1111100 ;
b10 8
b10 <
b10 C
b11110 ?
b11010 >
b10001 5
b10001 @
b10001 L
b10011 B
b10010 E
b11011 6
b11011 F
b11011 G
1%
#4630000
b11001 1
b11001 I
b11001 O
b11011 H
1'
#4632000
0'
0%
#4634000
b11011 1
b11011 I
b11011 O
1'
#4635000
b1111101 #
b1111101 )
b1111101 -
b1111101 0
b1111101 7
b1111101 ;
b11 8
b11 <
b11 C
b11111 ?
b11110 >
b10100 B
b10011 E
b11010 6
b11010 F
b11010 G
1%
#4636000
0'
#4638000
b11010 H
1'
0%
#4640000
0'
#4641000
b1111111 #
b1111111 )
b1111111 -
b1111111 0
b1111111 7
b1111111 ;
b100 8
b100 <
b100 C
b11101 ?
b11111 >
b10101 B
b10100 E
b11110 6
b11110 F
b11110 G
1%
#4642000
b11010 1
b11010 I
b11010 O
b11110 H
1'
#4644000
0'
0%
#4646000
b11110 1
b11110 I
b11110 O
1'
#4647000
b10000000 #
b10000000 )
b10000000 -
b10000000 0
b10000000 7
b10000000 ;
b101 8
b101 <
b101 C
b11100 ?
b11101 >
b10110 B
b10101 E
b11111 6
b11111 F
b11111 G
1%
#4648000
0'
#4650000
b11111 H
1'
0%
#4652000
0'
#4653000
b10000001 #
b10000001 )
b10000001 -
b10000001 0
b10000001 7
b10000001 ;
b110 8
b110 <
b110 C
b10100 ?
b11100 >
b10111 B
b10110 E
b11101 6
b11101 F
b11101 G
1%
#4654000
b11111 1
b11111 I
b11111 O
b11101 H
1'
#4656000
0'
0%
#4658000
b11101 1
b11101 I
b11101 O
1'
#4659000
b10000010 #
b10000010 )
b10000010 -
b10000010 0
b10000010 7
b10000010 ;
b111 8
b111 <
b111 C
b10101 ?
b10100 >
b11000 B
b10111 E
b11100 6
b11100 F
b11100 G
1%
#4660000
0'
#4662000
b11100 H
1'
0%
#4664000
0'
#4665000
b10000100 #
b10000100 )
b10000100 -
b10000100 0
b10000100 7
b10000100 ;
b1000 8
b1000 <
b1000 C
b10111 ?
b10101 >
b11001 B
b11000 E
b10100 6
b10100 F
b10100 G
1%
#4666000
b11100 1
b11100 I
b11100 O
b10100 H
1'
#4668000
0'
0%
#4670000
b10100 1
b10100 I
b10100 O
1'
#4671000
b10000101 #
b10000101 )
b10000101 -
b10000101 0
b10000101 7
b10000101 ;
b1001 8
b1001 <
b1001 C
b10110 ?
b10111 >
b11010 B
b11001 E
b10101 6
b10101 F
b10101 G
1%
#4672000
0'
#4674000
b10101 H
1'
0%
#4676000
0'
#4677000
b10000110 #
b10000110 )
b10000110 -
b10000110 0
b10000110 7
b10000110 ;
b1010 8
b1010 <
b1010 C
0D
b10010 ?
b10110 >
b11011 B
b11010 E
b10111 6
b10111 F
b10111 G
1%
#4678000
b10101 1
b10101 I
b10101 O
b10111 H
1'
#4680000
0'
0%
#4682000
b10111 1
b10111 I
b10111 O
1'
#4683000
b10000111 #
b10000111 )
b10000111 -
b10000111 0
b10000111 7
b10000111 ;
b1011 8
b1011 <
b1011 C
b10011 ?
0A
b10010 >
b11100 B
b11011 E
b10110 6
b10110 F
b10110 G
1%
#4684000
0'
#4686000
b10110 H
1'
0%
#4688000
0'
#4689000
1D
b10001001 #
b10001001 )
b10001001 -
b10001001 0
b10001001 7
b10001001 ;
b1100 8
b1100 <
b1100 C
b10001 ?
b10011 >
b11101 B
b11100 E
b10010 6
b10010 F
b10010 G
1%
#4690000
b10110 1
b10110 I
b10110 O
b10010 H
1'
#4692000
0'
0%
#4694000
b10010 1
b10010 I
b10010 O
1'
#4695000
1A
b10001010 #
b10001010 )
b10001010 -
b10001010 0
b10001010 7
b10001010 ;
b1101 8
b1101 <
b1101 C
0D
b10000 ?
b10001 >
1/
b11110 B
b11101 E
b10011 6
b10011 F
b10011 G
1%
#4696000
0'
#4698000
b10011 H
1'
0%
#4700000
0'
#4701000
b1110111 #
b1110111 )
b1110111 -
b1110111 0
b1110111 7
b1110111 ;
b1110 8
b1110 <
b1110 C
b10000 ?
1A
b10001 >
b11110 B
b11110 E
b10001 6
b10001 F
b10001 G
1"
0/
1%
#4702000
b10011 1
b10011 I
b10011 O
b10001 H
1'
#4704000
0'
0%
#4706000
b10001 1
b10001 I
b10001 O
1'
#4707000
0,
1%
#4708000
0'
#4710000
1'
0%
#4712000
0'
#4713000
1%
#4714000
1'
#4716000
0'
0%
#4718000
1'
#4719000
1%
#4720000
0'
#4722000
1'
0%
#4724000
0'
#4725000
1%
#4726000
1'
#4728000
0'
0%
#4730000
1'
#4731000
1%
#4732000
0'
#4734000
1'
0%
#4736000
0'
#4737000
1%
#4738000
1'
#4740000
0'
0%
#4742000
1'
#4743000
1%
#4744000
0'
#4746000
1'
0%
#4748000
0'
#4749000
1%
#4750000
1'
#4752000
0'
0%
#4754000
1'
#4755000
1%
#4756000
0'
#4758000
1'
0%
#4760000
0'
#4761000
1%
#4762000
1'
#4764000
0'
0%
#4766000
1'
#4767000
1%
#4768000
0'
#4770000
1'
0%
#4772000
0'
#4773000
1%
#4774000
1'
#4776000
0'
0%
#4778000
1'
#4779000
1%
#4780000
0'
#4782000
1'
0%
#4784000
0'
#4785000
1%
#4786000
1'
#4788000
0'
0%
#4790000
1'
#4791000
1%
#4792000
0'
#4794000
1'
0%
#4796000
0'
#4797000
1%
#4798000
1'
#4800000
0'
0%
#4802000
1'
#4803000
1%
#4804000
0'
#4806000
1'
0%
#4808000
0'
#4809000
1%
#4810000
1'
#4812000
0'
0%
#4814000
1'
#4815000
1%
#4816000
0'
#4818000
1'
0%
#4820000
0'
#4821000
1%
#4822000
1'
#4824000
0'
0%
#4826000
1'
#4827000
1%
#4828000
0'
#4830000
1'
0%
#4832000
0'
#4833000
1%
#4834000
1'
#4836000
0'
0%
#4838000
1'
#4839000
1%
#4840000
0'
#4842000
1'
0%
#4844000
0'
#4845000
1%
#4846000
1'
#4848000
0'
0%
#4850000
1'
#4851000
1%
#4852000
0'
#4854000
1'
0%
#4856000
0'
#4857000
1%
#4858000
1'
#4860000
0'
0%
#4862000
1'
#4863000
1%
#4864000
0'
#4866000
1'
0%
#4868000
0'
#4869000
1%
#4870000
1'
#4872000
0'
0%
#4874000
1'
#4875000
1%
#4876000
0'
#4878000
1'
0%
#4880000
0'
#4881000
1%
#4882000
1'
#4884000
0'
0%
#4886000
1'
#4887000
1%
#4888000
0'
#4890000
1'
0%
#4892000
0'
#4893000
1%
#4894000
1'
#4896000
0'
0%
#4898000
1'
#4899000
1%
#4900000
0'
#4902000
1'
0%
#4904000
0'
#4905000
1%
#4906000
1'
#4908000
0'
0%
#4910000
1'
#4911000
1%
#4912000
0'
#4914000
1'
0%
#4916000
0'
#4917000
1%
#4918000
1'
#4920000
0'
0%
#4922000
1'
#4923000
1%
#4924000
0'
#4926000
1'
0%
#4928000
0'
#4929000
1%
#4930000
1'
#4932000
0'
0%
#4934000
1'
#4935000
1%
#4936000
0'
#4938000
1'
0%
#4940000
0'
#4941000
1%
#4942000
1'
#4944000
0'
0%
#4946000
1'
#4947000
1%
#4948000
0'
#4950000
1'
0%
#4952000
0'
#4953000
1%
#4954000
1'
#4956000
0'
0%
#4958000
1'
#4959000
1%
#4960000
0'
#4962000
1'
0%
#4964000
0'
#4965000
1%
#4966000
1'
#4968000
0'
0%
#4970000
1'
#4971000
1%
#4972000
0'
#4974000
1'
0%
#4976000
0'
#4977000
1%
#4978000
1'
#4980000
0'
0%
#4982000
1'
#4983000
1%
#4984000
0'
#4986000
1'
0%
#4988000
0'
#4989000
1%
#4990000
1'
#4992000
0'
0%
#4994000
1'
#4995000
1%
#4996000
0'
#4998000
1'
0%
#5000000
0'
#5001000
1%
#5002000
1'
#5004000
0'
0%
#5006000
1'
#5007000
1%
#5008000
0'
#5010000
1'
0%
#5012000
0'
#5013000
1%
#5014000
1'
#5016000
0'
0%
#5018000
1'
#5019000
1%
#5020000
0'
#5022000
1'
0%
#5024000
0'
#5025000
1%
#5026000
1'
#5028000
0'
0%
#5030000
1'
#5031000
1%
#5032000
0'
#5034000
1'
0%
#5036000
0'
#5037000
1%
#5038000
1'
#5040000
0'
0%
#5042000
1'
#5043000
1%
#5044000
0'
#5046000
1'
0%
#5048000
0'
#5049000
1%
#5050000
1'
#5052000
0'
0%
#5054000
1'
#5055000
1%
#5056000
0'
#5058000
1'
0%
#5060000
0'
#5061000
1%
#5062000
1'
#5064000
0'
0%
#5066000
1'
#5067000
1%
#5068000
0'
#5070000
1'
0%
#5072000
0'
#5073000
1%
#5074000
1'
#5076000
0'
0%
#5078000
1'
#5079000
1%
#5080000
0'
#5082000
1'
0%
#5084000
0'
#5085000
1%
#5086000
1'
#5088000
0'
0%
#5090000
1'
#5091000
1%
#5092000
0'
#5094000
1'
0%
#5096000
0'
#5097000
1%
#5098000
1'
#5100000
0'
0%
#5102000
1'
#5103000
1%
#5104000
0'
#5106000
1'
0%
#5108000
0'
#5109000
1%
#5110000
1'
#5112000
0'
0%
#5114000
1'
#5115000
1%
#5116000
0'
#5118000
1'
0%
#5120000
0'
#5121000
1%
#5122000
1'
#5124000
0'
0%
#5126000
1'
#5127000
1%
#5128000
0'
#5130000
1'
0%
#5132000
0'
#5133000
1%
#5134000
1'
#5136000
0'
0%
#5138000
1'
#5139000
1%
#5140000
0'
#5142000
1'
0%
#5144000
0'
#5145000
1%
#5146000
1'
#5148000
0'
0%
#5150000
1'
#5151000
1%
#5152000
0'
#5154000
1'
0%
#5156000
0'
#5157000
1%
#5158000
1'
#5160000
0'
0%
#5162000
1'
#5163000
1%
#5164000
0'
#5166000
1'
0%
#5168000
0'
#5169000
1%
#5170000
1'
#5172000
0'
0%
#5174000
1'
#5175000
1%
#5176000
0'
#5178000
1'
0%
#5180000
0'
#5181000
1%
#5182000
1'
#5184000
0'
0%
#5186000
1'
#5187000
1%
#5188000
0'
#5190000
1'
0%
#5192000
0'
#5193000
1%
#5194000
1'
#5196000
0'
0%
#5198000
1'
#5199000
1%
#5200000
0'
#5202000
1'
0%
#5204000
0'
#5205000
1%
#5206000
1'
#5208000
0'
0%
#5210000
1'
#5211000
1%
#5212000
0'
#5214000
1'
0%
#5216000
0'
#5217000
1%
#5218000
1'
#5220000
0'
0%
#5222000
1'
#5223000
1%
#5224000
0'
#5226000
1'
0%
#5228000
0'
#5229000
1%
#5230000
1'
#5232000
0'
0%
#5234000
1'
#5235000
1%
#5236000
0'
#5238000
1'
0%
#5240000
0'
#5241000
1%
#5242000
1'
#5244000
0'
0%
#5246000
1'
#5247000
1%
#5248000
0'
#5250000
1'
0%
#5252000
0'
#5253000
1%
#5254000
1'
#5256000
0'
0%
#5258000
1'
#5259000
1%
#5260000
0'
#5262000
1'
0%
#5264000
0'
#5265000
1%
#5266000
1'
#5268000
0'
0%
#5270000
1'
#5271000
1%
#5272000
0'
#5274000
1'
0%
#5276000
0'
#5277000
1%
#5278000
1'
#5280000
0'
0%
#5282000
1'
#5283000
1%
#5284000
0'
#5286000
1'
0%
#5288000
0'
#5289000
1%
#5290000
1'
#5292000
0'
0%
#5294000
1'
#5295000
1%
#5296000
0'
#5298000
1'
0%
#5300000
0'
#5301000
1%
#5302000
1'
#5304000
0'
0%
#5306000
1'
#5307000
1%
#5308000
0'
#5310000
1'
0%
#5312000
0'
#5313000
1%
#5314000
1'
#5316000
0'
0%
#5318000
1'
#5319000
1%
#5320000
0'
#5322000
1'
0%
#5324000
0'
#5325000
1%
#5326000
1'
#5328000
0'
0%
#5330000
1'
#5331000
1%
#5332000
0'
#5334000
1'
0%
#5336000
0'
#5337000
1%
#5338000
1'
#5340000
0'
0%
#5342000
1'
#5343000
1%
#5344000
0'
#5346000
1'
0%
#5348000
0'
#5349000
1%
#5350000
1'
#5352000
0'
0%
#5354000
1'
#5355000
1%
#5356000
0'
#5358000
1'
0%
#5360000
0'
#5361000
1%
#5362000
1'
#5364000
0'
0%
#5366000
1'
#5367000
1%
#5368000
0'
#5370000
1'
0%
#5372000
0'
#5373000
1%
#5374000
1'
#5376000
0'
0%
#5378000
1'
#5379000
1%
#5380000
0'
#5382000
1'
0%
#5384000
0'
#5385000
1%
#5386000
1'
#5388000
0'
0%
#5390000
1'
#5391000
1%
#5392000
0'
#5394000
1'
0%
#5396000
0'
#5397000
1%
#5398000
1'
#5400000
0'
0%
#5402000
1'
#5403000
1%
#5404000
0'
#5406000
1'
0%
#5408000
0'
#5409000
1%
#5410000
1'
#5412000
0'
0%
#5414000
1'
#5415000
1%
#5416000
0'
#5418000
1'
0%
#5420000
0'
#5421000
1%
#5422000
1'
#5424000
0'
0%
#5426000
1'
#5427000
1%
#5428000
0'
#5430000
1'
0%
#5432000
0'
#5433000
1%
#5434000
1'
#5436000
0'
0%
#5438000
1'
#5439000
1%
#5440000
0'
#5442000
1'
0%
#5444000
0'
#5445000
1%
#5446000
1'
#5448000
0'
0%
#5450000
1'
#5451000
1%
#5452000
0'
#5454000
1'
0%
#5456000
0'
#5457000
1%
#5458000
1'
#5460000
0'
0%
#5462000
1'
#5463000
1%
#5464000
0'
#5466000
1'
0%
#5468000
0'
#5469000
1%
#5470000
1'
#5472000
0'
0%
#5474000
1'
#5475000
1%
#5476000
0'
#5478000
1'
0%
#5480000
0'
#5481000
1%
#5482000
1'
#5484000
0'
0%
#5486000
1'
#5487000
1%
#5488000
0'
#5490000
1'
0%
#5492000
0'
#5493000
1%
#5494000
1'
#5496000
0'
0%
#5498000
1'
#5499000
1%
#5500000
0'
#5502000
1'
0%
#5504000
0'
#5505000
1%
#5506000
1'
#5508000
0'
0%
#5510000
1'
#5511000
1%
#5512000
0'
#5514000
1'
0%
#5516000
0'
#5517000
1%
#5518000
1'
#5520000
0'
0%
#5522000
1'
#5523000
1%
#5524000
0'
#5526000
1'
0%
#5528000
0'
#5529000
1%
#5530000
1'
#5532000
0'
0%
#5534000
1'
#5535000
1%
#5536000
0'
#5538000
1'
0%
#5540000
0'
#5541000
1%
#5542000
1'
#5544000
0'
0%
#5546000
1'
#5547000
1%
#5548000
0'
#5550000
1'
0%
#5552000
0'
#5553000
1%
#5554000
1'
#5556000
0'
0%
#5558000
1'
#5559000
1%
#5560000
0'
#5562000
1'
0%
#5564000
0'
#5565000
1%
#5566000
1'
#5568000
0'
0%
#5570000
1'
#5571000
1%
#5572000
0'
#5574000
1'
0%
#5576000
0'
#5577000
1%
#5578000
1'
#5580000
0'
0%
#5582000
1'
#5583000
1%
#5584000
0'
#5586000
1'
0%
#5588000
0'
#5589000
1%
#5590000
1'
#5592000
0'
0%
#5594000
1'
#5595000
1%
#5596000
0'
#5598000
1'
0%
#5600000
0'
#5601000
1%
#5602000
1'
#5604000
0'
0%
#5606000
1'
#5607000
1%
#5608000
0'
#5610000
1'
0%
#5612000
0'
#5613000
1%
#5614000
1'
#5616000
0'
0%
#5618000
1'
#5619000
1%
#5620000
0'
#5622000
1'
0%
#5624000
0'
#5625000
1%
#5626000
1'
#5628000
0'
0%
#5630000
1'
#5631000
1%
#5632000
0'
#5634000
1'
0%
#5636000
0'
#5637000
1%
#5638000
1'
#5640000
0'
0%
#5642000
1'
#5643000
1%
#5644000
0'
#5646000
1'
0%
#5648000
0'
#5649000
1%
#5650000
1'
#5652000
0'
0%
#5654000
1'
#5655000
1%
#5656000
0'
#5658000
1'
0%
#5660000
0'
#5661000
1%
#5662000
1'
#5664000
0'
0%
#5666000
1'
#5667000
1%
#5668000
0'
#5670000
1'
0%
#5672000
0'
#5673000
1%
#5674000
1'
#5676000
0'
0%
#5678000
1'
#5679000
1%
#5680000
0'
#5682000
1'
0%
#5684000
0'
#5685000
1%
#5686000
1'
#5688000
0'
0%
#5690000
1'
#5691000
1%
#5692000
0'
#5694000
1'
0%
#5696000
0'
#5697000
1%
#5698000
1'
#5700000
0'
0%
#5702000
1'
#5703000
1%
#5704000
0'
#5706000
1'
0%
#5708000
0'
#5709000
1%
#5710000
1'
#5712000
0'
0%
#5714000
1'
#5715000
1%
#5716000
0'
#5718000
1'
0%
#5720000
0'
#5721000
1%
#5722000
1'
#5724000
0'
0%
#5726000
1'
#5727000
1%
#5728000
0'
#5730000
1'
0%
#5732000
0'
#5733000
1%
#5734000
1'
#5736000
0'
0%
#5738000
1'
#5739000
1%
#5740000
0'
#5742000
1'
0%
#5744000
0'
#5745000
1%
#5746000
1'
#5748000
0'
0%
#5750000
1'
#5751000
1%
#5752000
0'
#5754000
1'
0%
#5756000
0'
#5757000
1%
#5758000
1'
#5760000
0'
0%
#5762000
1'
#5763000
1%
#5764000
0'
#5766000
1'
0%
#5768000
0'
#5769000
1%
#5770000
1'
#5772000
0'
0%
#5774000
1'
#5775000
1%
#5776000
0'
#5778000
1'
0%
#5780000
0'
#5781000
1%
#5782000
1'
#5784000
0'
0%
#5786000
1'
#5787000
1%
#5788000
0'
#5790000
1'
0%
#5792000
0'
#5793000
1%
#5794000
1'
#5796000
0'
0%
#5798000
1'
#5799000
1%
#5800000
0'
#5802000
1'
0%
#5804000
0'
#5805000
1%
#5806000
1'
#5808000
0'
0%
#5810000
1'
#5811000
1%
#5812000
0'
#5814000
1'
0%
#5816000
0'
#5817000
1%
#5818000
1'
#5820000
0'
0%
#5822000
1'
#5823000
1%
#5824000
0'
#5826000
1'
0%
#5828000
0'
#5829000
1%
#5830000
1'
#5832000
0'
0%
#5834000
1'
#5835000
1%
#5836000
0'
#5838000
1'
0%
#5840000
0'
#5841000
1%
#5842000
1'
#5844000
0'
0%
#5846000
1'
#5847000
1%
#5848000
0'
#5850000
1'
0%
#5852000
0'
#5853000
1%
#5854000
1'
#5856000
0'
0%
#5858000
1'
#5859000
1%
#5860000
0'
#5862000
1'
0%
#5864000
0'
#5865000
1%
#5866000
1'
#5868000
0'
0%
#5870000
1'
#5871000
1%
#5872000
0'
#5874000
1'
0%
#5876000
0'
#5877000
1%
#5878000
1'
#5880000
0'
0%
#5882000
1'
#5883000
1%
#5884000
0'
#5886000
1'
0%
#5888000
0'
#5889000
1%
#5890000
1'
#5892000
0'
0%
#5894000
1'
#5895000
1%
#5896000
0'
#5898000
1'
0%
#5900000
0'
#5901000
1%
#5902000
1'
#5904000
0'
0%
#5906000
1'
#5907000
1%
#5908000
0'
#5910000
1'
0%
#5912000
0'
#5913000
1%
#5914000
1'
#5916000
0'
0%
#5918000
1'
#5919000
1%
#5920000
0'
#5922000
1'
0%
#5924000
0'
#5925000
1%
#5926000
1'
#5928000
0'
0%
#5930000
1'
#5931000
1%
#5932000
0'
#5934000
1'
0%
#5936000
0'
#5937000
1%
#5938000
1'
#5940000
0'
0%
#5942000
1'
#5943000
1%
#5944000
0'
#5946000
1'
0%
#5948000
0'
#5949000
1%
#5950000
1'
#5952000
0'
0%
#5954000
1'
#5955000
1%
#5956000
0'
#5958000
1'
0%
#5960000
0'
#5961000
1%
#5962000
1'
#5964000
0'
0%
#5966000
1'
#5967000
1%
#5968000
0'
#5970000
1'
0%
#5972000
0'
#5973000
1%
#5974000
1'
#5976000
0'
0%
#5978000
1'
#5979000
1%
#5980000
0'
#5982000
1'
0%
#5984000
0'
#5985000
1%
#5986000
1'
#5988000
0'
0%
#5990000
1'
#5991000
1%
#5992000
0'
#5994000
1'
0%
#5996000
0'
#5997000
1%
#5998000
1'
#6000000
0'
0%
#6002000
1'
#6003000
1%
#6004000
0'
#6006000
1'
0%
#6008000
0'
#6009000
1%
#6010000
1'
#6012000
0'
0%
#6014000
1'
#6015000
1%
#6016000
0'
#6018000
1'
0%
#6020000
0'
#6021000
1%
#6022000
1'
#6024000
0'
0%
#6026000
1'
#6027000
1%
#6028000
0'
#6030000
1'
0%
#6032000
0'
#6033000
1%
#6034000
1'
#6036000
0'
0%
#6038000
1'
#6039000
1%
#6040000
0'
#6042000
1'
0%
#6044000
0'
#6045000
1%
#6046000
1'
#6048000
0'
0%
#6050000
1'
#6051000
1%
#6052000
0'
#6054000
1'
0%
#6056000
0'
#6057000
1%
#6058000
1'
#6060000
0'
0%
#6062000
1'
#6063000
1%
#6064000
0'
#6066000
1'
0%
#6068000
0'
#6069000
1%
#6070000
1'
#6072000
0'
0%
#6074000
1'
#6075000
1%
#6076000
0'
#6078000
1'
0%
#6080000
0'
#6081000
1%
#6082000
1'
#6084000
0'
0%
#6086000
1'
#6087000
1%
#6088000
0'
#6090000
1'
0%
#6092000
0'
#6093000
1%
#6094000
1'
#6096000
0'
0%
#6098000
1'
#6099000
1%
#6100000
0'
#6102000
1'
0%
#6104000
0'
#6105000
1%
#6106000
1'
#6108000
0'
0%
#6110000
1'
#6111000
1%
#6112000
0'
#6114000
1'
0%
#6116000
0'
#6117000
1%
#6118000
1'
#6120000
0'
0%
#6122000
1'
#6123000
1%
#6124000
0'
#6126000
1'
0%
#6128000
0'
#6129000
1%
#6130000
1'
#6132000
0'
0%
#6134000
1'
#6135000
1%
#6136000
0'
#6138000
1'
0%
#6140000
0'
#6141000
1%
#6142000
1'
#6144000
0'
0%
#6146000
1'
#6147000
1%
#6148000
0'
#6150000
1'
0%
#6152000
0'
#6153000
1%
#6154000
1'
#6156000
0'
0%
#6158000
1'
#6159000
1%
#6160000
0'
#6162000
1'
0%
#6164000
0'
#6165000
1%
#6166000
1'
#6168000
0'
0%
#6170000
1'
#6171000
1%
#6172000
0'
#6174000
1'
0%
#6176000
0'
#6177000
1%
#6178000
1'
#6180000
0'
0%
#6182000
1'
#6183000
1%
#6184000
0'
#6186000
1'
0%
#6188000
0'
#6189000
1%
#6190000
1'
#6192000
0'
0%
#6194000
1'
#6195000
1%
#6196000
0'
#6198000
1'
0%
#6200000
0'
#6201000
1%
#6202000
1'
#6204000
0'
0%
#6206000
1'
#6207000
1%
#6208000
0'
#6210000
1'
0%
#6212000
0'
#6213000
1%
#6214000
1'
#6216000
0'
0%
#6218000
1'
#6219000
1%
#6220000
0'
#6222000
1'
0%
#6224000
0'
#6225000
1%
#6226000
1'
#6228000
0'
0%
#6230000
1'
#6231000
1%
#6232000
0'
#6234000
1'
0%
#6236000
0'
#6237000
1%
#6238000
1'
#6240000
0'
0%
#6242000
1'
#6243000
1%
#6244000
0'
#6246000
1'
0%
#6248000
0'
#6249000
1%
#6250000
1'
#6252000
0'
0%
#6254000
1'
#6255000
1%
#6256000
0'
#6258000
1'
0%
#6260000
0'
#6261000
1%
#6262000
1'
#6264000
0'
0%
#6266000
1'
#6267000
1%
#6268000
0'
#6270000
1'
0%
#6272000
0'
#6273000
1%
#6274000
1'
#6276000
0'
0%
#6278000
1'
#6279000
1%
#6280000
0'
#6282000
1'
0%
#6284000
0'
#6285000
1%
#6286000
1'
#6288000
0'
0%
#6290000
1'
#6291000
1%
#6292000
0'
#6294000
1'
0%
#6296000
0'
#6297000
1%
#6298000
1'
#6300000
0'
0%
#6302000
1'
#6303000
1%
#6304000
0'
#6306000
1'
0%
#6308000
0'
#6309000
1%
#6310000
1'
#6312000
0'
0%
#6314000
1'
#6315000
1%
#6316000
0'
#6318000
1'
0%
#6320000
0'
#6321000
1%
#6322000
1'
#6324000
0'
0%
#6326000
1'
#6327000
1%
#6328000
0'
#6330000
1'
0%
#6332000
0'
#6333000
1%
#6334000
1'
#6336000
0'
0%
#6338000
1'
#6339000
1%
#6340000
0'
#6342000
1'
0%
#6344000
0'
#6345000
1%
#6346000
1'
#6348000
0'
0%
#6350000
1'
#6351000
1%
#6352000
0'
#6354000
1'
0%
#6356000
0'
#6357000
1%
#6358000
1'
#6360000
0'
0%
#6362000
1'
#6363000
1%
#6364000
0'
#6366000
1'
0%
#6368000
0'
#6369000
1%
#6370000
1'
#6372000
0'
0%
#6374000
1'
#6375000
1%
#6376000
0'
#6378000
1'
0%
#6380000
0'
#6381000
1%
#6382000
1'
#6384000
0'
0%
#6386000
1'
#6387000
1%
#6388000
0'
#6390000
1'
0%
#6392000
0'
#6393000
1%
#6394000
1'
#6396000
0'
0%
#6398000
1'
#6399000
1%
#6400000
0'
#6402000
1'
0%
#6404000
0'
#6405000
1%
#6406000
1'
#6408000
0'
0%
#6410000
1'
#6411000
1%
#6412000
0'
#6414000
1'
0%
#6416000
0'
#6417000
1%
#6418000
1'
#6420000
0'
0%
#6422000
1'
#6423000
1%
#6424000
0'
#6426000
1'
0%
#6428000
0'
#6429000
1%
#6430000
1'
#6432000
0'
0%
#6434000
1'
#6435000
1%
#6436000
0'
#6438000
1'
0%
#6440000
0'
#6441000
1%
#6442000
1'
#6444000
0'
0%
#6446000
1'
#6447000
1%
#6448000
0'
#6450000
1'
0%
#6452000
0'
#6453000
1%
#6454000
1'
#6456000
0'
0%
#6458000
1'
#6459000
1%
#6460000
0'
#6462000
1'
0%
#6464000
0'
#6465000
1%
#6466000
1'
#6468000
0'
0%
#6470000
1'
#6471000
1%
#6472000
0'
#6474000
1'
0%
#6476000
0'
#6477000
1%
#6478000
1'
#6480000
0'
0%
#6482000
1'
#6483000
1%
#6484000
0'
#6486000
1'
0%
#6488000
0'
#6489000
1%
#6490000
1'
#6492000
0'
0%
#6494000
1'
#6495000
1%
#6496000
0'
#6498000
1'
0%
#6500000
0'
#6501000
1%
#6502000
1'
#6504000
0'
0%
#6506000
1'
#6507000
1%
#6508000
0'
#6510000
1'
0%
#6512000
0'
#6513000
1%
#6514000
1'
#6516000
0'
0%
#6518000
1'
#6519000
1%
#6520000
0'
#6522000
1'
0%
#6524000
0'
#6525000
1%
#6526000
1'
#6528000
0'
0%
#6530000
1'
#6531000
1%
#6532000
0'
#6534000
1'
0%
#6536000
0'
#6537000
1%
#6538000
1'
#6540000
0'
0%
#6542000
1'
#6543000
1%
#6544000
0'
#6546000
1'
0%
#6548000
0'
#6549000
1%
#6550000
1'
#6552000
0'
0%
#6554000
1'
#6555000
1%
#6556000
0'
#6558000
1'
0%
#6560000
0'
#6561000
1%
#6562000
1'
#6564000
0'
0%
#6566000
1'
#6567000
1%
#6568000
0'
#6570000
1'
0%
#6572000
0'
#6573000
1%
#6574000
1'
#6576000
0'
0%
#6578000
1'
#6579000
1%
#6580000
0'
#6582000
1'
0%
#6584000
0'
#6585000
1%
#6586000
1'
#6588000
0'
0%
#6590000
1'
#6591000
1%
#6592000
0'
#6594000
1'
0%
#6596000
0'
#6597000
1%
#6598000
1'
#6600000
0'
0%
#6602000
1'
#6603000
1%
#6604000
0'
#6606000
1'
0%
#6608000
0'
#6609000
1%
#6610000
1'
#6612000
0'
0%
#6614000
1'
#6615000
1%
#6616000
0'
#6618000
1'
0%
#6620000
0'
1$
#6621000
1%
#6622000
b0 N
b10000 M
b11111 Q
b1011 W
b10001011 +
b10001011 3
b10001011 9
b10001011 V
1*
1'
#6624000
0'
0%
#6626000
b1111 4
b1111 :
b1111 R
b1 N
b0 M
b10001011 #
b10001011 )
b10001011 -
b10001011 0
b10001011 7
b10001011 ;
b0 Q
b11111 T
b10000 2
b10000 J
b10000 U
b1100 W
b10001100 +
b10001100 3
b10001100 9
b10001100 V
1'
#6627000
b10000 K
1%
#6628000
0'
#6630000
b0 4
b0 :
b0 R
b11 N
b1 M
b1101 W
b10001101 +
b10001101 3
b10001101 9
b10001101 V
b1 Q
b0 T
b0 2
b0 J
b0 U
1'
0%
#6632000
0'
#6633000
1D
0A
b10000 5
b10000 @
b10000 L
b0 K
1%
#6634000
b1 4
b1 :
b1 R
b10 N
b11 M
b10 Q
b1 T
b1 2
b1 J
b1 U
b1110 W
b10001110 +
b10001110 3
b10001110 9
b10001110 V
1'
#6636000
0'
0%
#6638000
b10 4
b10 :
b10 R
b110 N
b10 M
b1111 W
b10001111 +
b10001111 3
b10001111 9
b10001111 V
b11 Q
b10 T
b11 2
b11 J
b11 U
1'
#6639000
0"
1/
0D
b0 5
b0 @
b0 L
b11 K
1%
#6640000
0'
#6642000
b11 4
b11 :
b11 R
b111 N
b110 M
b100 Q
b11 T
b10 2
b10 J
b10 U
b0 W
b10010000 +
b10010000 3
b10010000 9
b10010000 V
1'
0%
#6644000
0'
#6645000
b0 ?
b10000 >
b11111 B
b11 5
b11 @
b11 L
b10 K
0/
1,
1%
#6646000
b100 4
b100 :
b100 R
b101 N
b111 M
b1 W
b10010001 +
b10010001 3
b10010001 9
b10010001 V
b101 Q
b100 T
b110 2
b110 J
b110 U
1'
#6648000
0'
0%
#6650000
b101 4
b101 :
b101 R
b100 N
b101 M
b110 Q
b101 T
b111 2
b111 J
b111 U
b10 W
b10010010 +
b10010010 3
b10010010 9
b10010010 V
1'
#6651000
b10001100 #
b10001100 )
b10001100 -
b10001100 0
b10001100 7
b10001100 ;
b1111 8
b1111 <
b1111 C
b1 ?
b0 >
b0 B
b11111 E
b10000 6
b10000 F
b10000 G
b10 5
b10 @
b10 L
b111 K
1%
#6652000
0'
#6654000
b110 4
b110 :
b110 R
b1100 N
b100 M
b11 W
b10010011 +
b10010011 3
b10010011 9
b10010011 V
b10000 H
b111 Q
b110 T
b101 2
b101 J
b101 U
1'
0%
#6656000
0'
#6657000
b10001101 #
b10001101 )
b10001101 -
b10001101 0
b10001101 7
b10001101 ;
b0 8
b0 <
b0 C
b11 ?
b1 >
b111 5
b111 @
b111 L
b101 K
b1 B
b0 E
b0 6
b0 F
b0 G
1%
#6658000
b111 4
b111 :
b111 R
b1101 N
b1100 M
b1000 Q
b111 T
b100 2
b100 J
b100 U
b10000 1
b10000 I
b10000 O
b0 H
b100 W
b10010100 +
b10010100 3
b10010100 9
b10010100 V
1'
#6660000
0'
0%
#6662000
b1000 4
b1000 :
b1000 R
b1111 N
b1101 M
b101 W
b10010101 +
b10010101 3
b10010101 9
b10010101 V
b0 1
b0 I
b0 O
b1001 Q
b1000 T
b1100 2
b1100 J
b1100 U
1'
#6663000
b10001110 #
b10001110 )
b10001110 -
b10001110 0
b10001110 7
b10001110 ;
b1 8
b1 <
b1 C
b10 ?
b11 >
b10 B
b1 E
b1 6
b1 F
b1 G
b101 5
b101 @
b101 L
b1100 K
1%
#6664000
0'
#6666000
b1001 4
b1001 :
b1001 R
b1110 N
b1111 M
b1010 Q
b1001 T
b1101 2
b1101 J
b1101 U
b1 H
b110 W
b10010110 +
b10010110 3
b10010110 9
b10010110 V
1'
0%
#6668000
0'
#6669000
b10001111 #
b10001111 )
b10001111 -
b10001111 0
b10001111 7
b10001111 ;
b10 8
b10 <
b10 C
b110 ?
b10 >
b1100 5
b1100 @
b1100 L
b1101 K
b11 B
b10 E
b11 6
b11 F
b11 G
1%
#6670000
b1010 4
b1010 :
b1010 R
b1010 N
b1110 M
b111 W
b10010111 +
b10010111 3
b10010111 9
b10010111 V
b1 1
b1 I
b1 O
b11 H
b1011 Q
b1010 T
b1111 2
b1111 J
b1111 U
1'
#6672000
0'
0%
#6674000
b1011 4
b1011 :
b1011 R
b1011 N
b1010 M
b1100 Q
b1011 T
b1110 2
b1110 J
b1110 U
b11 1
b11 I
b11 O
b1000 W
b10011000 +
b10011000 3
b10011000 9
b10011000 V
1'
#6675000
b10010000 #
b10010000 )
b10010000 -
b10010000 0
b10010000 7
b10010000 ;
b11 8
b11 <
b11 C
b111 ?
b110 >
b100 B
b11 E
b10 6
b10 F
b10 G
b1101 5
b1101 @
b1101 L
b1110 K
1%
#6676000
0'
#6678000
b1100 4
b1100 :
b1100 R
b1001 N
b1011 M
b1001 W
b10011001 +
b10011001 3
b10011001 9
b10011001 V
b10 H
b1101 Q
b1100 T
b1010 2
b1010 J
b1010 U
1'
0%
#6680000
0'
#6681000
b10010001 #
b10010001 )
b10010001 -
b10010001 0
b10010001 7
b10010001 ;
b100 8
b100 <
b100 C
b101 ?
b111 >
b1110 5
b1110 @
b1110 L
b1010 K
b101 B
b100 E
b110 6
b110 F
b110 G
1%
#6682000
b1101 4
b1101 :
b1101 R
b1000 N
b1001 M
b1110 Q
b1101 T
b1011 2
b1011 J
b1011 U
b10 1
b10 I
b10 O
b110 H
b1010 W
b10011010 +
b10011010 3
b10011010 9
b10011010 V
1'
#6684000
0'
0%
#6686000
b1110 4
b1110 :
b1110 R
b11000 N
b1000 M
b1011 W
b10011011 +
b10011011 3
b10011011 9
b10011011 V
b110 1
b110 I
b110 O
b1111 Q
b1110 T
b1001 2
b1001 J
b1001 U
1'
#6687000
b10010010 #
b10010010 )
b10010010 -
b10010010 0
b10010010 7
b10010010 ;
b101 8
b101 <
b101 C
b100 ?
b101 >
b110 B
b101 E
b111 6
b111 F
b111 G
b1010 5
b1010 @
b1010 L
b1001 K
1%
#6688000
0'
#6690000
b1111 4
b1111 :
b1111 R
b11001 N
b11000 M
b10000 Q
b1111 T
b1000 2
b1000 J
b1000 U
b111 H
b1100 W
b10011100 +
b10011100 3
b10011100 9
b10011100 V
1'
0%
#6692000
0'
#6693000
b10010011 #
b10010011 )
b10010011 -
b10010011 0
b10010011 7
b10010011 ;
b110 8
b110 <
b110 C
b1100 ?
b100 >
b1001 5
b1001 @
b1001 L
b1000 K
b111 B
b110 E
b101 6
b101 F
b101 G
1%
#6694000
b0 4
b0 :
b0 R
b11011 N
b11001 M
b1101 W
b10011101 +
b10011101 3
b10011101 9
b10011101 V
b111 1
b111 I
b111 O
b101 H
b10001 Q
b10000 T
b11000 2
b11000 J
b11000 U
1'
#6696000
0'
0%
#6698000
b1 4
b1 :
b1 R
b11010 N
b11011 M
b10010 Q
b10001 T
b11001 2
b11001 J
b11001 U
b101 1
b101 I
b101 O
b1110 W
b10011110 +
b10011110 3
b10011110 9
b10011110 V
1'
#6699000
b10010100 #
b10010100 )
b10010100 -
b10010100 0
b10010100 7
b10010100 ;
b111 8
b111 <
b111 C
b1101 ?
b1100 >
b1000 B
b111 E
b100 6
b100 F
b100 G
b1000 5
b1000 @
b1000 L
b11001 K
1%
#6700000
0'
#6702000
b10 4
b10 :
b10 R
0S
b11110 N
b11010 M
b1111 W
b10011111 +
b10011111 3
b10011111 9
b10011111 V
b100 H
b10011 Q
b10010 T
b11011 2
b11011 J
b11011 U
1'
0%
#6704000
0'
#6705000
b10010101 #
b10010101 )
b10010101 -
b10010101 0
b10010101 7
b10010101 ;
b1000 8
b1000 <
b1000 C
b1111 ?
b1101 >
b11001 5
b11001 @
b11001 L
b11011 K
b1001 B
b1000 E
b1100 6
b1100 F
b1100 G
1%
#6706000
b11 4
b11 :
b11 R
b11111 N
b11110 M
b10100 Q
b10011 T
b11010 2
b11010 J
b11010 U
b100 1
b100 I
b100 O
b1100 H
b0 W
b10100000 +
b10100000 3
b10100000 9
b10100000 V
1'
#6708000
0'
0%
#6710000
b100 4
b100 :
b100 R
0S
b11101 N
b11111 M
b1 W
b10100001 +
b10100001 3
b10100001 9
b10100001 V
b1100 1
b1100 I
b1100 O
b10101 Q
b10100 T
b11110 2
b11110 J
b11110 U
1'
#6711000
b10010110 #
b10010110 )
b10010110 -
b10010110 0
b10010110 7
b10010110 ;
b1001 8
b1001 <
b1001 C
b1110 ?
b1111 >
b1010 B
b1001 E
b1101 6
b1101 F
b1101 G
b11011 5
b11011 @
b11011 L
b11110 K
1%
#6712000
0'
#6714000
b101 4
b101 :
b101 R
b11100 N
b11101 M
b10110 Q
b10101 T
b11111 2
b11111 J
b11111 U
b1101 H
b10 W
b10100010 +
b10100010 3
b10100010 9
b10100010 V
1'
0%
#6716000
0'
#6717000
b10010111 #
b10010111 )
b10010111 -
b10010111 0
b10010111 7
b10010111 ;
b1010 8
b1010 <
b1010 C
b1010 ?
b1110 >
b11110 5
b11110 @
b11110 L
b11111 K
b1011 B
b1010 E
b1111 6
b1111 F
b1111 G
1%
#6718000
b110 4
b110 :
b110 R
b10100 N
b11100 M
b11 W
b10100011 +
b10100011 3
b10100011 9
b10100011 V
b1101 1
b1101 I
b1101 O
b1111 H
b10111 Q
b10110 T
b11101 2
b11101 J
b11101 U
1'
#6720000
0'
0%
#6722000
b111 4
b111 :
b111 R
b10101 N
b10100 M
b11000 Q
b10111 T
b11100 2
b11100 J
b11100 U
b1111 1
b1111 I
b1111 O
b100 W
b10100100 +
b10100100 3
b10100100 9
b10100100 V
1'
#6723000
b10011000 #
b10011000 )
b10011000 -
b10011000 0
b10011000 7
b10011000 ;
b1011 8
b1011 <
b1011 C
b1011 ?
b1010 >
b1100 B
b1011 E
b1110 6
b1110 F
b1110 G
b11111 5
b11111 @
b11111 L
b11100 K
1%
#6724000
0'
#6726000
1S
b1000 4
b1000 :
b1000 R
b10111 N
b10101 M
b101 W
b10100101 +
b10100101 3
b10100101 9
b10100101 V
b1110 H
b11001 Q
b11000 T
b10100 2
b10100 J
b10100 U
1'
0%
#6728000
0'
#6729000
b10011001 #
b10011001 )
b10011001 -
b10011001 0
b10011001 7
b10011001 ;
b1100 8
b1100 <
b1100 C
b1001 ?
b1011 >
b11100 5
b11100 @
b11100 L
b10100 K
b1101 B
b1100 E
b1010 6
b1010 F
b1010 G
1%
#6730000
b1001 4
b1001 :
b1001 R
b10110 N
0P
b10111 M
1S
1.
b11010 Q
b11001 T
b10101 2
b10101 J
b10101 U
b1110 1
b1110 I
b1110 O
b1010 H
b110 W
b10100110 +
b10100110 3
b10100110 9
b10100110 V
1'
#6732000
0'
0%
#6734000
b1010 4
b1010 :
b1010 R
1S
b10010 N
0P
b10110 M
b111 W
b10100111 +
b10100111 3
b10100111 9
b10100111 V
b1010 1
b1010 I
b1010 O
b11011 Q
b11010 T
b10111 2
b10111 J
b10111 U
1'
#6735000
b10011010 #
b10011010 )
b10011010 -
b10011010 0
b10011010 7
b10011010 ;
b1101 8
b1101 <
b1101 C
b1000 ?
b1001 >
b1110 B
b1101 E
b1011 6
b1011 F
b1011 G
b10100 5
b10100 @
b10100 L
b10111 K
1%
#6736000
0'
#6738000
1P
b1011 4
b1011 :
b1011 R
0S
b10011 N
b10010 M
b11100 Q
b11011 T
b10110 2
b10110 J
b10110 U
b1011 H
b1000 W
b10101000 +
b10101000 3
b10101000 9
b10101000 V
1'
0%
#6740000
0'
#6741000
b10011011 #
b10011011 )
b10011011 -
b10011011 0
b10011011 7
b10011011 ;
b1110 8
b1110 <
b1110 C
0D
b11000 ?
b1000 >
b10111 5
b10111 @
b10111 L
b10110 K
b1111 B
b1110 E
b1001 6
b1001 F
b1001 G
1%
#6742000
1S
b1100 4
b1100 :
b1100 R
b10011 N
0P
b10010 M
b1001 W
b10101001 +
b10101001 3
b10101001 9
b10101001 V
b1011 1
b1011 I
b1011 O
b1001 H
b11100 Q
b11100 T
b10010 2
b10010 J
b10010 U
1!
0.
1'
#6744000
0'
0%
#6746000
0S
0!
1.
b1001 1
b1001 I
b1001 O
0*
1'
#6747000
b10011100 #
b10011100 )
b10011100 -
b10011100 0
b10011100 7
b10011100 ;
b1111 8
b1111 <
b1111 C
b11001 ?
b11000 >
b10000 B
b1111 E
b1000 6
b1000 F
b1000 G
b10110 5
b10110 @
b10110 L
b10010 K
1%
#6748000
0'
#6750000
1S
b10001 N
b10011 M
b11101 Q
b1010 W
b10101010 +
b10101010 3
b10101010 9
b10101010 V
1*
b1000 H
0.
1'
0%
#6752000
0'
#6753000
b10011101 #
b10011101 )
b10011101 -
b10011101 0
b10011101 7
b10011101 ;
b0 8
b0 <
b0 C
b11011 ?
b11001 >
b10010 5
b10010 @
b10010 L
b10001 B
b10000 E
b11000 6
b11000 F
b11000 G
1%
#6754000
b1101 4
b1101 :
b1101 R
b10000 N
0P
b10001 M
1S
1.
b11110 Q
b11101 T
b10011 2
b10011 J
b10011 U
b1000 1
b1000 I
b1000 O
b11000 H
b1011 W
b10101011 +
b10101011 3
b10101011 9
b10101011 V
1'
#6756000
0'
0%
#6758000
b1110 4
b1110 :
b1110 R
1S
b0 N
0P
b10000 M
b1100 W
b10101100 +
b10101100 3
b10101100 9
b10101100 V
b11000 1
b11000 I
b11000 O
b11111 Q
b11110 T
b10001 2
b10001 J
b10001 U
1'
#6759000
b10011110 #
b10011110 )
b10011110 -
b10011110 0
b10011110 7
b10011110 ;
b1 8
b1 <
b1 C
b11010 ?
b11011 >
b10010 B
b10001 E
b11001 6
b11001 F
b11001 G
b10001 K
1%
#6760000
0'
#6762000
1P
b1111 4
b1111 :
b1111 R
0S
b1 N
b0 M
b0 Q
b11111 T
b10000 2
b10000 J
b10000 U
b11001 H
b1101 W
b10101101 +
b10101101 3
b10101101 9
b10101101 V
1'
0%
#6764000
0'
#6765000
b10011111 #
b10011111 )
b10011111 -
b10011111 0
b10011111 7
b10011111 ;
b10 8
b10 <
b10 C
b11110 ?
b11010 >
b10001 5
b10001 @
b10001 L
b10000 K
b10011 B
b10010 E
b11011 6
b11011 F
b11011 G
1%
#6766000
1S
b0 4
b0 :
b0 R
b1 N
0P
b0 M
b1110 W
b10101110 +
b10101110 3
b10101110 9
b10101110 V
b11001 1
b11001 I
b11001 O
b11011 H
b0 Q
b0 T
b0 2
b0 J
b0 U
1!
0.
1'
#6768000
0'
0%
#6770000
0S
0!
1.
b11011 1
b11011 I
b11011 O
0*
1'
#6771000
b10100000 #
b10100000 )
b10100000 -
b10100000 0
b10100000 7
b10100000 ;
b11 8
b11 <
b11 C
b11111 ?
b11110 >
b10100 B
b10011 E
b11010 6
b11010 F
b11010 G
b10000 5
b10000 @
b10000 L
b0 K
1%
#6772000
0'
#6774000
1S
b11 N
b1 M
b1 Q
b1111 W
b10101111 +
b10101111 3
b10101111 9
b10101111 V
1*
b11010 H
0.
1'
0%
#6776000
0'
#6777000
b10100001 #
b10100001 )
b10100001 -
b10100001 0
b10100001 7
b10100001 ;
b100 8
b100 <
b100 C
b11101 ?
b11111 >
b0 5
b0 @
b0 L
b10101 B
b10100 E
b11110 6
b11110 F
b11110 G
1%
#6778000
b1 4
b1 :
b1 R
b10 N
0P
b11 M
1S
1.
b10 Q
b1 T
b1 2
b1 J
b1 U
b11010 1
b11010 I
b11010 O
b11110 H
b0 W
b10110000 +
b10110000 3
b10110000 9
b10110000 V
1'
#6780000
0'
0%
#6782000
b10 4
b10 :
b10 R
1S
b110 N
0P
b10 M
b1 W
b10110001 +
b10110001 3
b10110001 9
b10110001 V
b11110 1
b11110 I
b11110 O
b11 Q
b10 T
b11 2
b11 J
b11 U
1'
#6783000
b10100010 #
b10100010 )
b10100010 -
b10100010 0
b10100010 7
b10100010 ;
b101 8
b101 <
b101 C
b11100 ?
b11101 >
b10110 B
b10101 E
b11111 6
b11111 F
b11111 G
b11 K
1%
#6784000
0'
#6786000
1P
b11 4
b11 :
b11 R
0S
b111 N
b110 M
b100 Q
b11 T
b10 2
b10 J
b10 U
b11111 H
b10 W
b10110010 +
b10110010 3
b10110010 9
b10110010 V
1'
0%
#6788000
0'
#6789000
b10100011 #
b10100011 )
b10100011 -
b10100011 0
b10100011 7
b10100011 ;
b110 8
b110 <
b110 C
b10100 ?
b11100 >
b11 5
b11 @
b11 L
b10 K
b10111 B
b10110 E
b11101 6
b11101 F
b11101 G
1%
#6790000
1S
b100 4
b100 :
b100 R
b111 N
0P
b110 M
b11 W
b10110011 +
b10110011 3
b10110011 9
b10110011 V
b11111 1
b11111 I
b11111 O
b11101 H
b100 Q
b100 T
b110 2
b110 J
b110 U
1!
0.
1'
#6792000
0'
0%
#6794000
0S
0!
1.
b11101 1
b11101 I
b11101 O
0*
1'
#6795000
b10100100 #
b10100100 )
b10100100 -
b10100100 0
b10100100 7
b10100100 ;
b111 8
b111 <
b111 C
b10101 ?
b10100 >
b11000 B
b10111 E
b11100 6
b11100 F
b11100 G
b10 5
b10 @
b10 L
b110 K
1%
#6796000
0'
#6798000
1S
b101 N
b111 M
b101 Q
b100 W
b10110100 +
b10110100 3
b10110100 9
b10110100 V
1*
b11100 H
0.
1'
0%
#6800000
0'
#6801000
b10100101 #
b10100101 )
b10100101 -
b10100101 0
b10100101 7
b10100101 ;
b1000 8
b1000 <
b1000 C
b10111 ?
b10101 >
b110 5
b110 @
b110 L
b11001 B
b11000 E
b10100 6
b10100 F
b10100 G
1%
#6802000
b101 4
b101 :
b101 R
b100 N
0P
b101 M
1S
1.
b110 Q
b101 T
b111 2
b111 J
b111 U
b11100 1
b11100 I
b11100 O
b10100 H
b101 W
b10110101 +
b10110101 3
b10110101 9
b10110101 V
1'
#6804000
0'
0%
#6806000
b110 4
b110 :
b110 R
1S
b1100 N
0P
b100 M
b110 W
b10110110 +
b10110110 3
b10110110 9
b10110110 V
b10100 1
b10100 I
b10100 O
b111 Q
b110 T
b101 2
b101 J
b101 U
1'
#6807000
b10100110 #
b10100110 )
b10100110 -
b10100110 0
b10100110 7
b10100110 ;
b1001 8
b1001 <
b1001 C
b10110 ?
b10111 >
b11010 B
b11001 E
b10101 6
b10101 F
b10101 G
b101 K
1%
#6808000
0'
#6810000
1P
b111 4
b111 :
b111 R
0S
b1101 N
b1100 M
b1000 Q
b111 T
b100 2
b100 J
b100 U
b10101 H
b111 W
b10110111 +
b10110111 3
b10110111 9
b10110111 V
1'
0%
#6812000
0'
#6813000
b10100111 #
b10100111 )
b10100111 -
b10100111 0
b10100111 7
b10100111 ;
b1010 8
b1010 <
b1010 C
b10010 ?
b10110 >
b101 5
b101 @
b101 L
b100 K
b11011 B
b11010 E
b10111 6
b10111 F
b10111 G
1%
#6814000
1S
b1000 4
b1000 :
b1000 R
b1101 N
0P
b1100 M
b1000 W
b10111000 +
b10111000 3
b10111000 9
b10111000 V
b10101 1
b10101 I
b10101 O
b10111 H
b1000 Q
b1000 T
b1100 2
b1100 J
b1100 U
1!
0.
1'
#6816000
0'
0%
#6818000
0S
0!
1.
b10111 1
b10111 I
b10111 O
0*
1'
#6819000
b10101000 #
b10101000 )
b10101000 -
b10101000 0
b10101000 7
b10101000 ;
b1011 8
b1011 <
b1011 C
b10011 ?
b10010 >
b11100 B
b11011 E
b10110 6
b10110 F
b10110 G
b100 5
b100 @
b100 L
b1100 K
1%
#6820000
0'
0$
#6822000
b10110 H
0.
1'
0%
#6824000
0'
#6825000
b10101010 #
b10101010 )
b10101010 -
b10101010 0
b10101010 7
b10101010 ;
b1100 8
b1100 <
b1100 C
b10001 ?
b10011 >
b1100 5
b1100 @
b1100 L
b11101 B
b11100 E
b10010 6
b10010 F
b10010 G
1%
#6826000
b10110 1
b10110 I
b10110 O
b10010 H
1'
#6828000
0'
0%
#6830000
b10010 1
b10010 I
b10010 O
1'
#6831000
b10101011 #
b10101011 )
b10101011 -
b10101011 0
b10101011 7
b10101011 ;
b1101 8
b1101 <
b1101 C
b10000 ?
b10001 >
b11110 B
b11101 E
b10011 6
b10011 F
b10011 G
1%
#6832000
0'
#6834000
b10011 H
1'
0%
#6836000
0'
#6837000
b10101100 #
b10101100 )
b10101100 -
b10101100 0
b10101100 7
b10101100 ;
b1110 8
b1110 <
b1110 C
b0 ?
b10000 >
b11111 B
b11110 E
b10001 6
b10001 F
b10001 G
1%
#6838000
b10011 1
b10011 I
b10011 O
b10001 H
1'
#6840000
0'
0%
#6842000
b10001 1
b10001 I
b10001 O
1'
#6843000
b10101101 #
b10101101 )
b10101101 -
b10101101 0
b10101101 7
b10101101 ;
b1111 8
b1111 <
b1111 C
b1 ?
b0 >
b0 B
b11111 E
b10000 6
b10000 F
b10000 G
1%
#6844000
0'
#6846000
b10000 H
1'
0%
#6848000
0'
#6849000
b10101111 #
b10101111 )
b10101111 -
b10101111 0
b10101111 7
b10101111 ;
b0 8
b0 <
b0 C
b11 ?
b1 >
b1 B
b0 E
b0 6
b0 F
b0 G
1%
#6850000
b10000 1
b10000 I
b10000 O
b0 H
1'
#6852000
0'
0%
#6854000
b0 1
b0 I
b0 O
1'
#6855000
b10110000 #
b10110000 )
b10110000 -
b10110000 0
b10110000 7
b10110000 ;
b1 8
b1 <
b1 C
b10 ?
b11 >
b10 B
b1 E
b1 6
b1 F
b1 G
1%
#6856000
0'
#6858000
b1 H
1'
0%
#6860000
0'
#6861000
b10110001 #
b10110001 )
b10110001 -
b10110001 0
b10110001 7
b10110001 ;
b10 8
b10 <
b10 C
b110 ?
b10 >
b11 B
b10 E
b11 6
b11 F
b11 G
1%
#6862000
b1 1
b1 I
b1 O
b11 H
1'
#6864000
0'
0%
#6866000
b11 1
b11 I
b11 O
1'
#6867000
b10110010 #
b10110010 )
b10110010 -
b10110010 0
b10110010 7
b10110010 ;
b11 8
b11 <
b11 C
b111 ?
b110 >
b100 B
b11 E
b10 6
b10 F
b10 G
1%
#6868000
0'
#6870000
b10 H
1'
0%
#6872000
0'
#6873000
b10110100 #
b10110100 )
b10110100 -
b10110100 0
b10110100 7
b10110100 ;
b100 8
b100 <
b100 C
b101 ?
b111 >
b101 B
b100 E
b110 6
b110 F
b110 G
1%
#6874000
b10 1
b10 I
b10 O
b110 H
1'
#6876000
0'
0%
#6878000
b110 1
b110 I
b110 O
1'
#6879000
b10110101 #
b10110101 )
b10110101 -
b10110101 0
b10110101 7
b10110101 ;
b101 8
b101 <
b101 C
b100 ?
b101 >
b110 B
b101 E
b111 6
b111 F
b111 G
1%
#6880000
0'
#6882000
b111 H
1'
0%
#6884000
0'
#6885000
1D
b10110110 #
b10110110 )
b10110110 -
b10110110 0
b10110110 7
b10110110 ;
b110 8
b110 <
b110 C
b1100 ?
b100 >
b111 B
b110 E
b101 6
b101 F
b101 G
1%
#6886000
b111 1
b111 I
b111 O
b101 H
1'
#6888000
0'
0%
#6890000
b101 1
b101 I
b101 O
1'
#6891000
1A
b10110111 #
b10110111 )
b10110111 -
b10110111 0
b10110111 7
b10110111 ;
b111 8
b111 <
b111 C
0D
b1101 ?
b1100 >
1/
b1000 B
b111 E
b100 6
b100 F
b100 G
1%
#6892000
0'
#6894000
b100 H
1'
0%
#6896000
0'
#6897000
0D
b10100101 #
b10100101 )
b10100101 -
b10100101 0
b10100101 7
b10100101 ;
b1000 8
b1000 <
b1000 C
b1101 ?
1A
b1100 >
b1000 B
b1000 E
b1100 6
b1100 F
b1100 G
1"
0/
1%
#6898000
b100 1
b100 I
b100 O
b1100 H
1'
#6900000
0'
0%
#6902000
b1100 1
b1100 I
b1100 O
1'
#6903000
0,
1%
#6904000
0'
#6906000
1'
0%
#6908000
0'
#6909000
1%
#6910000
1'
#6912000
0'
0%
#6914000
1'
#6915000
1%
#6916000
0'
#6918000
1'
0%
#6920000
0'
#6921000
1%
#6922000
1'
#6924000
0'
0%
#6926000
1'
#6927000
1%
#6928000
0'
#6930000
1'
0%
#6932000
0'
#6933000
1%
#6934000
1'
#6936000
0'
0%
#6938000
1'
#6939000
1%
#6940000
0'
#6942000
1'
0%
#6944000
0'
#6945000
1%
#6946000
1'
#6948000
0'
0%
#6950000
1'
#6951000
1%
#6952000
0'
#6954000
1'
0%
#6956000
0'
#6957000
1%
#6958000
1'
#6960000
0'
0%
#6962000
1'
#6963000
1%
#6964000
0'
#6966000
1'
0%
#6968000
0'
#6969000
1%
#6970000
1'
#6972000
0'
0%
#6974000
1'
#6975000
1%
#6976000
0'
#6978000
1'
0%
#6980000
0'
#6981000
1%
#6982000
1'
#6984000
0'
0%
#6986000
1'
#6987000
1%
#6988000
0'
#6990000
1'
0%
#6992000
0'
#6993000
1%
#6994000
1'
#6996000
0'
0%
#6998000
1'
#6999000
1%
#7000000
0'
#7002000
1'
0%
#7004000
0'
#7005000
1%
#7006000
1'
#7008000
0'
0%
#7010000
1'
#7011000
1%
#7012000
0'
#7014000
1'
0%
#7016000
0'
#7017000
1%
#7018000
1'
#7020000
0'
0%
#7022000
1'
#7023000
1%
#7024000
0'
#7026000
1'
0%
#7028000
0'
#7029000
1%
#7030000
1'
#7032000
0'
0%
#7034000
1'
#7035000
1%
#7036000
0'
#7038000
1'
0%
#7040000
0'
#7041000
1%
#7042000
1'
#7044000
0'
0%
#7046000
1'
#7047000
1%
#7048000
0'
#7050000
1'
0%
#7052000
0'
#7053000
1%
#7054000
1'
#7056000
0'
0%
#7058000
1'
#7059000
1%
#7060000
0'
#7062000
1'
0%
#7064000
0'
#7065000
1%
#7066000
1'
#7068000
0'
0%
#7070000
1'
#7071000
1%
#7072000
0'
#7074000
1'
0%
#7076000
0'
#7077000
1%
#7078000
1'
#7080000
0'
0%
#7082000
1'
#7083000
1%
#7084000
0'
#7086000
1'
0%
#7088000
0'
#7089000
1%
#7090000
1'
#7092000
0'
0%
#7094000
1'
#7095000
1%
#7096000
0'
#7098000
1'
0%
#7100000
0'
#7101000
1%
#7102000
1'
#7104000
0'
0%
#7106000
1'
#7107000
1%
#7108000
0'
#7110000
1'
0%
#7112000
0'
#7113000
1%
#7114000
1'
#7116000
0'
0%
#7118000
1'
#7119000
1%
#7120000
0'
#7122000
1'
0%
#7124000
0'
#7125000
1%
#7126000
1'
#7128000
0'
0%
#7130000
1'
#7131000
1%
#7132000
0'
#7134000
1'
0%
#7136000
0'
#7137000
1%
#7138000
1'
#7140000
0'
0%
#7142000
1'
#7143000
1%
#7144000
0'
#7146000
1'
0%
#7148000
0'
#7149000
1%
#7150000
1'
#7152000
0'
0%
#7154000
1'
#7155000
1%
#7156000
0'
#7158000
1'
0%
#7160000
0'
#7161000
1%
#7162000
1'
#7164000
0'
0%
#7166000
1'
#7167000
1%
#7168000
0'
#7170000
1'
0%
#7172000
0'
#7173000
1%
#7174000
1'
#7176000
0'
0%
#7178000
1'
#7179000
1%
#7180000
0'
#7182000
1'
0%
#7184000
0'
#7185000
1%
#7186000
1'
#7188000
0'
0%
#7190000
1'
#7191000
1%
#7192000
0'
#7194000
1'
0%
#7196000
0'
#7197000
1%
#7198000
1'
#7200000
0'
0%
#7202000
1'
#7203000
1%
#7204000
0'
#7206000
1'
0%
#7208000
0'
#7209000
1%
#7210000
1'
#7212000
0'
0%
#7214000
1'
#7215000
1%
#7216000
0'
#7218000
1'
0%
#7220000
0'
#7221000
1%
#7222000
1'
#7224000
0'
0%
#7226000
1'
#7227000
1%
#7228000
0'
#7230000
1'
0%
#7232000
0'
#7233000
1%
#7234000
1'
#7236000
0'
0%
#7238000
1'
#7239000
1%
#7240000
0'
#7242000
1'
0%
#7244000
0'
#7245000
1%
#7246000
1'
#7248000
0'
0%
#7250000
1'
#7251000
1%
#7252000
0'
#7254000
1'
0%
#7256000
0'
#7257000
1%
#7258000
1'
#7260000
0'
0%
#7262000
1'
#7263000
1%
#7264000
0'
#7266000
1'
0%
#7268000
0'
#7269000
1%
#7270000
1'
#7272000
0'
0%
#7274000
1'
#7275000
1%
#7276000
0'
#7278000
1'
0%
#7280000
0'
#7281000
1%
#7282000
1'
#7284000
0'
0%
#7286000
1'
#7287000
1%
#7288000
0'
#7290000
1'
0%
#7292000
0'
#7293000
1%
#7294000
1'
#7296000
0'
0%
#7298000
1'
#7299000
1%
#7300000
0'
#7302000
1'
0%
#7304000
0'
#7305000
1%
#7306000
1'
#7308000
0'
0%
#7310000
1'
#7311000
1%
#7312000
0'
#7314000
1'
0%
#7316000
0'
#7317000
1%
#7318000
1'
#7320000
0'
0%
#7322000
1'
#7323000
1%
#7324000
0'
#7326000
1'
0%
#7328000
0'
#7329000
1%
#7330000
1'
#7332000
0'
0%
#7334000
1'
#7335000
1%
#7336000
0'
#7338000
1'
0%
#7340000
0'
#7341000
1%
#7342000
1'
#7344000
0'
0%
#7346000
1'
#7347000
1%
#7348000
0'
#7350000
1'
0%
#7352000
0'
#7353000
1%
#7354000
1'
#7356000
0'
0%
#7358000
1'
#7359000
1%
#7360000
0'
#7362000
1'
0%
#7364000
0'
#7365000
1%
#7366000
1'
#7368000
0'
0%
#7370000
1'
#7371000
1%
#7372000
0'
#7374000
1'
0%
#7376000
0'
#7377000
1%
#7378000
1'
#7380000
0'
0%
#7382000
1'
#7383000
1%
#7384000
0'
#7386000
1'
0%
#7388000
0'
#7389000
1%
#7390000
1'
#7392000
0'
0%
#7394000
1'
#7395000
1%
#7396000
0'
#7398000
1'
0%
#7400000
0'
#7401000
1%
#7402000
1'
#7404000
0'
0%
#7406000
1'
#7407000
1%
#7408000
0'
#7410000
1'
0%
#7412000
0'
#7413000
1%
#7414000
1'
#7416000
0'
0%
#7418000
1'
#7419000
1%
#7420000
0'
#7422000
1'
0%
#7424000
0'
#7425000
1%
#7426000
1'
#7428000
0'
0%
#7430000
1'
#7431000
1%
#7432000
0'
#7434000
1'
0%
#7436000
0'
#7437000
1%
#7438000
1'
#7440000
0'
0%
#7442000
1'
#7443000
1%
#7444000
0'
#7446000
1'
0%
#7448000
0'
#7449000
1%
#7450000
1'
#7452000
0'
0%
#7454000
1'
#7455000
1%
#7456000
0'
#7458000
1'
0%
#7460000
0'
#7461000
1%
#7462000
1'
#7464000
0'
0%
#7466000
1'
#7467000
1%
#7468000
0'
#7470000
1'
0%
#7472000
0'
#7473000
1%
#7474000
1'
#7476000
0'
0%
#7478000
1'
#7479000
1%
#7480000
0'
#7482000
1'
0%
#7484000
0'
#7485000
1%
#7486000
1'
#7488000
0'
0%
#7490000
1'
#7491000
1%
#7492000
0'
#7494000
1'
0%
#7496000
0'
#7497000
1%
#7498000
1'
#7500000
0'
0%
#7502000
1'
#7503000
1%
#7504000
0'
#7506000
1'
0%
#7508000
0'
#7509000
1%
#7510000
1'
#7512000
0'
0%
#7514000
1'
#7515000
1%
#7516000
0'
#7518000
1'
0%
#7520000
0'
#7521000
1%
#7522000
1'
#7524000
0'
0%
#7526000
1'
#7527000
1%
#7528000
0'
#7530000
1'
0%
#7532000
0'
#7533000
1%
#7534000
1'
#7536000
0'
0%
#7538000
1'
#7539000
1%
#7540000
0'
#7542000
1'
0%
#7544000
0'
#7545000
1%
#7546000
1'
#7548000
0'
0%
#7550000
1'
#7551000
1%
#7552000
0'
#7554000
1'
0%
#7556000
0'
#7557000
1%
#7558000
1'
#7560000
0'
0%
#7562000
1'
#7563000
1%
#7564000
0'
#7566000
1'
0%
#7568000
0'
#7569000
1%
#7570000
1'
#7572000
0'
0%
#7574000
1'
#7575000
1%
#7576000
0'
#7578000
1'
0%
#7580000
0'
#7581000
1%
#7582000
1'
#7584000
0'
0%
#7586000
1'
#7587000
1%
#7588000
0'
#7590000
1'
0%
#7592000
0'
#7593000
1%
#7594000
1'
#7596000
0'
0%
#7598000
1'
#7599000
1%
#7600000
0'
#7602000
1'
0%
#7604000
0'
#7605000
1%
#7606000
1'
#7608000
0'
0%
#7610000
1'
#7611000
1%
#7612000
0'
#7614000
1'
0%
#7616000
0'
#7617000
1%
#7618000
1'
#7620000
0'
0%
#7622000
1'
#7623000
1%
#7624000
0'
#7626000
1'
0%
#7628000
0'
#7629000
1%
#7630000
1'
#7632000
0'
0%
#7634000
1'
#7635000
1%
#7636000
0'
#7638000
1'
0%
#7640000
0'
#7641000
1%
#7642000
1'
#7644000
0'
0%
#7646000
1'
#7647000
1%
#7648000
0'
#7650000
1'
0%
#7652000
0'
#7653000
1%
#7654000
1'
#7656000
0'
0%
#7658000
1'
#7659000
1%
#7660000
0'
#7662000
1'
0%
#7664000
0'
#7665000
1%
#7666000
1'
#7668000
0'
0%
#7670000
1'
#7671000
1%
#7672000
0'
#7674000
1'
0%
#7676000
0'
#7677000
1%
#7678000
1'
#7680000
0'
0%
#7682000
1'
#7683000
1%
#7684000
0'
#7686000
1'
0%
#7688000
0'
#7689000
1%
#7690000
1'
#7692000
0'
0%
#7694000
1'
#7695000
1%
#7696000
0'
#7698000
1'
0%
#7700000
0'
#7701000
1%
#7702000
1'
#7704000
0'
0%
#7706000
1'
#7707000
1%
#7708000
0'
#7710000
1'
0%
#7712000
0'
#7713000
1%
#7714000
1'
#7716000
0'
0%
#7718000
1'
#7719000
1%
#7720000
0'
#7722000
1'
0%
#7724000
0'
#7725000
1%
#7726000
1'
#7728000
0'
0%
#7730000
1'
#7731000
1%
#7732000
0'
#7734000
1'
0%
#7736000
0'
#7737000
1%
#7738000
1'
#7740000
0'
0%
#7742000
1'
#7743000
1%
#7744000
0'
#7746000
1'
0%
#7748000
0'
#7749000
1%
#7750000
1'
#7752000
0'
0%
#7754000
1'
#7755000
1%
#7756000
0'
#7758000
1'
0%
#7760000
0'
#7761000
1%
#7762000
1'
#7764000
0'
0%
#7766000
1'
#7767000
1%
#7768000
0'
#7770000
1'
0%
#7772000
0'
#7773000
1%
#7774000
1'
#7776000
0'
0%
#7778000
1'
#7779000
1%
#7780000
0'
#7782000
1'
0%
#7784000
0'
#7785000
1%
#7786000
1'
#7788000
0'
0%
#7790000
1'
#7791000
1%
#7792000
0'
#7794000
1'
0%
#7796000
0'
#7797000
1%
#7798000
1'
#7800000
0'
0%
#7802000
1'
#7803000
1%
#7804000
0'
#7806000
1'
0%
#7808000
0'
#7809000
1%
#7810000
1'
#7812000
0'
0%
#7814000
1'
#7815000
1%
#7816000
0'
#7818000
1'
0%
#7820000
0'
#7821000
1%
#7822000
1'
#7824000
0'
0%
#7826000
1'
#7827000
1%
#7828000
0'
#7830000
1'
0%
#7832000
0'
#7833000
1%
#7834000
1'
#7836000
0'
0%
#7838000
1'
#7839000
1%
#7840000
0'
#7842000
1'
0%
#7844000
0'
#7845000
1%
#7846000
1'
#7848000
0'
0%
#7850000
1'
#7851000
1%
#7852000
0'
#7854000
1'
0%
#7856000
0'
#7857000
1%
#7858000
1'
#7860000
0'
0%
#7862000
1'
#7863000
1%
#7864000
0'
#7866000
1'
0%
#7868000
0'
#7869000
1%
#7870000
1'
#7872000
0'
0%
#7874000
1'
#7875000
1%
#7876000
0'
#7878000
1'
0%
#7880000
0'
#7881000
1%
#7882000
1'
#7884000
0'
0%
#7886000
1'
#7887000
1%
#7888000
0'
#7890000
1'
0%
#7892000
0'
#7893000
1%
#7894000
1'
#7896000
0'
0%
#7898000
1'
#7899000
1%
#7900000
0'
#7902000
1'
0%
#7904000
0'
#7905000
1%
#7906000
1'
#7908000
0'
0%
#7910000
1'
#7911000
1%
#7912000
0'
#7914000
1'
0%
#7916000
0'
#7917000
1%
#7918000
1'
#7920000
0'
0%
#7922000
1'
#7923000
1%
#7924000
0'
#7926000
1'
0%
#7928000
0'
#7929000
1%
#7930000
1'
#7932000
0'
0%
#7934000
1'
#7935000
1%
#7936000
0'
#7938000
1'
0%
#7940000
0'
#7941000
1%
#7942000
1'
#7944000
0'
0%
#7946000
1'
#7947000
1%
#7948000
0'
#7950000
1'
0%
#7952000
0'
#7953000
1%
#7954000
1'
#7956000
0'
0%
#7958000
1'
#7959000
1%
#7960000
0'
#7962000
1'
0%
#7964000
0'
#7965000
1%
#7966000
1'
#7968000
0'
0%
#7970000
1'
#7971000
1%
#7972000
0'
#7974000
1'
0%
#7976000
0'
#7977000
1%
#7978000
1'
#7980000
0'
0%
#7982000
1'
#7983000
1%
#7984000
0'
#7986000
1'
0%
#7988000
0'
#7989000
1%
#7990000
1'
#7992000
0'
0%
#7994000
1'
#7995000
1%
#7996000
0'
#7998000
1'
0%
#8000000
0'
#8001000
1%
#8002000
1'
#8004000
0'
0%
#8006000
1'
#8007000
1%
#8008000
0'
#8010000
1'
0%
#8012000
0'
#8013000
1%
#8014000
1'
#8016000
0'
0%
#8018000
1'
#8019000
1%
#8020000
0'
#8022000
1'
0%
#8024000
0'
#8025000
1%
#8026000
1'
#8028000
0'
0%
#8030000
1'
#8031000
1%
#8032000
0'
#8034000
1'
0%
#8036000
0'
#8037000
1%
#8038000
1'
#8040000
0'
0%
#8042000
1'
#8043000
1%
#8044000
0'
#8046000
1'
0%
#8048000
0'
#8049000
1%
#8050000
1'
#8052000
0'
0%
#8054000
1'
#8055000
1%
#8056000
0'
#8058000
1'
0%
#8060000
0'
#8061000
1%
#8062000
1'
#8064000
0'
0%
#8066000
1'
#8067000
1%
#8068000
0'
#8070000
1'
0%
#8072000
0'
#8073000
1%
#8074000
1'
#8076000
0'
0%
#8078000
1'
#8079000
1%
#8080000
0'
#8082000
1'
0%
#8084000
0'
#8085000
1%
#8086000
1'
#8088000
0'
0%
#8090000
1'
#8091000
1%
#8092000
0'
#8094000
1'
0%
#8096000
0'
#8097000
1%
#8098000
1'
#8100000
0'
0%
#8102000
1'
#8103000
1%
#8104000
0'
#8106000
1'
0%
#8108000
0'
#8109000
1%
#8110000
1'
#8112000
0'
0%
#8114000
1'
#8115000
1%
#8116000
0'
#8118000
1'
0%
#8120000
0'
#8121000
1%
#8122000
1'
#8124000
0'
0%
#8126000
1'
#8127000
1%
#8128000
0'
#8130000
1'
0%
#8132000
0'
#8133000
1%
#8134000
1'
#8136000
0'
0%
#8138000
1'
#8139000
1%
#8140000
0'
#8142000
1'
0%
#8144000
0'
#8145000
1%
#8146000
1'
#8148000
0'
0%
#8150000
1'
#8151000
1%
#8152000
0'
#8154000
1'
0%
#8156000
0'
#8157000
1%
#8158000
1'
#8160000
0'
0%
#8162000
1'
#8163000
1%
#8164000
0'
#8166000
1'
0%
#8168000
0'
#8169000
1%
#8170000
1'
#8172000
0'
0%
#8174000
1'
#8175000
1%
#8176000
0'
#8178000
1'
0%
#8180000
0'
#8181000
1%
#8182000
1'
#8184000
0'
0%
#8186000
1'
#8187000
1%
#8188000
0'
#8190000
1'
0%
#8192000
0'
#8193000
1%
#8194000
1'
#8196000
0'
0%
#8198000
1'
#8199000
1%
#8200000
0'
#8202000
1'
0%
#8204000
0'
#8205000
1%
#8206000
1'
#8208000
0'
0%
#8210000
1'
#8211000
1%
#8212000
0'
#8214000
1'
0%
#8216000
0'
#8217000
1%
#8218000
1'
#8220000
0'
0%
#8222000
1'
#8223000
1%
#8224000
0'
#8226000
1'
0%
#8228000
0'
#8229000
1%
#8230000
1'
#8232000
0'
0%
#8234000
1'
#8235000
1%
#8236000
0'
#8238000
1'
0%
#8240000
0'
#8241000
1%
#8242000
1'
#8244000
0'
0%
#8246000
1'
#8247000
1%
#8248000
0'
#8250000
1'
0%
#8252000
0'
#8253000
1%
#8254000
1'
#8256000
0'
0%
#8258000
1'
#8259000
1%
#8260000
0'
#8262000
1'
0%
#8264000
0'
#8265000
1%
#8266000
1'
#8268000
0'
0%
#8270000
1'
#8271000
1%
#8272000
0'
#8274000
1'
0%
#8276000
0'
#8277000
1%
#8278000
1'
#8280000
0'
0%
#8282000
1'
#8283000
1%
#8284000
0'
#8286000
1'
0%
#8288000
0'
#8289000
1%
#8290000
1'
#8292000
0'
0%
#8294000
1'
#8295000
1%
#8296000
0'
#8298000
1'
0%
#8300000
0'
#8301000
1%
#8302000
1'
#8304000
0'
0%
#8306000
1'
#8307000
1%
#8308000
0'
#8310000
1'
0%
#8312000
0'
#8313000
1%
#8314000
1'
#8316000
0'
0%
#8318000
1'
#8319000
1%
#8320000
0'
#8322000
1'
0%
#8324000
0'
#8325000
1%
#8326000
1'
#8328000
0'
0%
#8330000
1'
#8331000
1%
#8332000
0'
#8334000
1'
0%
#8336000
0'
#8337000
1%
#8338000
1'
#8340000
0'
0%
#8342000
1'
#8343000
1%
#8344000
0'
#8346000
1'
0%
#8348000
0'
#8349000
1%
#8350000
1'
#8352000
0'
0%
#8354000
1'
#8355000
1%
#8356000
0'
#8358000
1'
0%
#8360000
0'
#8361000
1%
#8362000
1'
#8364000
0'
0%
#8366000
1'
#8367000
1%
#8368000
0'
#8370000
1'
0%
#8372000
0'
#8373000
1%
#8374000
1'
#8376000
0'
0%
#8378000
1'
#8379000
1%
#8380000
0'
#8382000
1'
0%
#8384000
0'
#8385000
1%
#8386000
1'
#8388000
0'
0%
#8390000
1'
#8391000
1%
#8392000
0'
#8394000
1'
0%
#8396000
0'
#8397000
1%
#8398000
1'
#8400000
0'
0%
#8402000
1'
#8403000
1%
#8404000
0'
#8406000
1'
0%
#8408000
0'
#8409000
1%
#8410000
1'
#8412000
0'
0%
#8414000
1'
#8415000
1%
#8416000
0'
#8418000
1'
0%
#8420000
0'
#8421000
1%
#8422000
1'
#8424000
0'
0%
#8426000
1'
#8427000
1%
#8428000
0'
#8430000
1'
0%
#8432000
0'
#8433000
1%
#8434000
1'
#8436000
0'
0%
#8438000
1'
#8439000
1%
#8440000
0'
#8442000
1'
0%
#8444000
0'
#8445000
1%
#8446000
1'
#8448000
0'
0%
#8450000
1'
#8451000
1%
#8452000
0'
#8454000
1'
0%
#8456000
0'
#8457000
1%
#8458000
1'
#8460000
0'
0%
#8462000
1'
#8463000
1%
#8464000
0'
#8466000
1'
0%
#8468000
0'
#8469000
1%
#8470000
1'
#8472000
0'
0%
#8474000
1'
#8475000
1%
#8476000
0'
#8478000
1'
0%
#8480000
0'
#8481000
1%
#8482000
1'
#8484000
0'
0%
#8486000
1'
#8487000
1%
#8488000
0'
#8490000
1'
0%
#8492000
0'
#8493000
1%
#8494000
1'
#8496000
0'
0%
#8498000
1'
#8499000
1%
#8500000
0'
#8502000
1'
0%
#8504000
0'
#8505000
1%
#8506000
1'
#8508000
0'
0%
#8510000
1'
#8511000
1%
#8512000
0'
#8514000
1'
0%
#8516000
0'
#8517000
1%
#8518000
1'
#8520000
0'
0%
#8522000
1'
#8523000
1%
#8524000
0'
#8526000
1'
0%
#8528000
0'
#8529000
1%
#8530000
1'
#8532000
0'
0%
#8534000
1'
#8535000
1%
#8536000
0'
#8538000
1'
0%
#8540000
0'
#8541000
1%
#8542000
1'
#8544000
0'
0%
#8546000
1'
#8547000
1%
#8548000
0'
#8550000
1'
0%
#8552000
0'
#8553000
1%
#8554000
1'
#8556000
0'
0%
#8558000
1'
#8559000
1%
#8560000
0'
#8562000
1'
0%
#8564000
0'
#8565000
1%
#8566000
1'
#8568000
0'
0%
#8570000
1'
#8571000
1%
#8572000
0'
#8574000
1'
0%
#8576000
0'
#8577000
1%
#8578000
1'
#8580000
0'
0%
#8582000
1'
#8583000
1%
#8584000
0'
#8586000
1'
0%
#8588000
0'
#8589000
1%
#8590000
1'
#8592000
0'
0%
#8594000
1'
#8595000
1%
#8596000
0'
#8598000
1'
0%
#8600000
0'
#8601000
1%
#8602000
1'
#8604000
0'
0%
#8606000
1'
#8607000
1%
#8608000
0'
#8610000
1'
0%
#8612000
0'
#8613000
1%
#8614000
1'
#8616000
0'
0%
#8618000
1'
#8619000
1%
#8620000
0'
#8622000
1'
0%
#8624000
0'
#8625000
1%
#8626000
1'
#8628000
0'
0%
#8630000
1'
#8631000
1%
#8632000
0'
#8634000
1'
0%
#8636000
0'
#8637000
1%
#8638000
1'
#8640000
0'
0%
#8642000
1'
#8643000
1%
#8644000
0'
#8646000
1'
0%
#8648000
0'
#8649000
1%
#8650000
1'
#8652000
0'
0%
#8654000
1'
#8655000
1%
#8656000
0'
#8658000
1'
0%
#8660000
0'
#8661000
1%
#8662000
1'
#8664000
0'
0%
#8666000
1'
#8667000
1%
#8668000
0'
#8670000
1'
0%
#8672000
0'
#8673000
1%
#8674000
1'
#8676000
0'
0%
#8678000
1'
#8679000
1%
#8680000
0'
#8682000
1'
0%
#8684000
0'
#8685000
1%
#8686000
1'
#8688000
0'
0%
#8690000
1'
#8691000
1%
#8692000
0'
#8694000
1'
0%
#8696000
0'
#8697000
1%
#8698000
1'
#8700000
0'
0%
#8702000
1'
#8703000
1%
#8704000
0'
#8706000
1'
0%
#8708000
0'
#8709000
1%
#8710000
1'
#8712000
0'
0%
#8714000
1'
#8715000
1%
#8716000
0'
#8718000
1'
0%
#8720000
0'
#8721000
1%
#8722000
1'
#8724000
0'
0%
#8726000
1'
#8727000
1%
#8728000
0'
#8730000
1'
0%
#8732000
0'
#8733000
1%
#8734000
1'
#8736000
0'
0%
#8738000
1'
#8739000
1%
#8740000
0'
#8742000
1'
0%
#8744000
0'
#8745000
1%
#8746000
1'
#8748000
0'
0%
#8750000
1'
#8751000
1%
#8752000
0'
#8754000
1'
0%
#8756000
0'
#8757000
1%
#8758000
1'
#8760000
0'
0%
#8762000
1'
#8763000
1%
#8764000
0'
#8766000
1'
0%
#8768000
0'
#8769000
1%
#8770000
1'
#8772000
0'
0%
#8774000
1'
#8775000
1%
#8776000
0'
#8778000
1'
0%
#8780000
0'
#8781000
1%
#8782000
1'
#8784000
0'
0%
#8786000
1'
#8787000
1%
#8788000
0'
#8790000
1'
0%
#8792000
0'
#8793000
1%
#8794000
1'
#8796000
0'
0%
#8798000
1'
#8799000
1%
#8800000
0'
#8802000
1'
0%
#8804000
0'
#8805000
1%
#8806000
1'
#8808000
0'
0%
#8810000
1'
#8811000
1%
#8812000
0'
#8814000
1'
0%
#8816000
0'
#8817000
1%
#8818000
1'
#8820000
0'
0%
1$
#8822000
b1111 N
b1101 M
b1001 Q
b1001 W
b10111001 +
b10111001 3
b10111001 9
b10111001 V
1*
1'
#8823000
1%
#8824000
0'
#8826000
b1001 4
b1001 :
b1001 R
b1110 N
b1111 M
b10111001 #
b10111001 )
b10111001 -
b10111001 0
b10111001 7
b10111001 ;
b1010 Q
b1001 T
b1101 2
b1101 J
b1101 U
b1010 W
b10111010 +
b10111010 3
b10111010 9
b10111010 V
1'
0%
#8828000
0'
#8829000
b1101 K
1%
#8830000
b1010 4
b1010 :
b1010 R
b1010 N
b1110 M
b1011 W
b10111011 +
b10111011 3
b10111011 9
b10111011 V
b1011 Q
b1010 T
b1111 2
b1111 J
b1111 U
1'
#8832000
0'
0%
#8834000
b1011 4
b1011 :
b1011 R
b1011 N
b1010 M
b1100 Q
b1011 T
b1110 2
b1110 J
b1110 U
b1100 W
b10111100 +
b10111100 3
b10111100 9
b10111100 V
1'
#8835000
1D
0A
b1101 5
b1101 @
b1101 L
b1110 K
1%
#8836000
0'
#8838000
b1100 4
b1100 :
b1100 R
b1001 N
b1011 M
b1101 W
b10111101 +
b10111101 3
b10111101 9
b10111101 V
b1101 Q
b1100 T
b1010 2
b1010 J
b1010 U
1'
0%
#8840000
0'
#8841000
0D
b1110 5
b1110 @
b1110 L
b1010 K
0"
1/
1%
#8842000
b1101 4
b1101 :
b1101 R
b1000 N
b1001 M
b1110 Q
b1101 T
b1011 2
b1011 J
b1011 U
b1110 W
b10111110 +
b10111110 3
b10111110 9
b10111110 V
1'
#8844000
0'
0%
#8846000
b1110 4
b1110 :
b1110 R
b11000 N
b1000 M
b1111 W
b10111111 +
b10111111 3
b10111111 9
b10111111 V
b1111 Q
b1110 T
b1001 2
b1001 J
b1001 U
1'
#8847000
b1111 ?
b1101 >
b1001 B
1,
0/
b1010 5
b1010 @
b1010 L
b1001 K
1%
#8848000
0'
#8850000
b1111 4
b1111 :
b1111 R
b11001 N
b11000 M
b10000 Q
b1111 T
b1000 2
b1000 J
b1000 U
b0 W
b11000000 +
b11000000 3
b11000000 9
b11000000 V
1'
0%
#8852000
0'
#8853000
b10111010 #
b10111010 )
b10111010 -
b10111010 0
b10111010 7
b10111010 ;
b1001 8
b1001 <
b1001 C
b1110 ?
b1111 >
b1001 5
b1001 @
b1001 L
b1000 K
b1010 B
b1001 E
b1101 6
b1101 F
b1101 G
1%
#8854000
b0 4
b0 :
b0 R
b11011 N
b11001 M
b1 W
b11000001 +
b11000001 3
b11000001 9
b11000001 V
b1101 H
b10001 Q
b10000 T
b11000 2
b11000 J
b11000 U
1'
#8856000
0'
0%
#8858000
b1 4
b1 :
b1 R
b11010 N
b11011 M
b10010 Q
b10001 T
b11001 2
b11001 J
b11001 U
b1101 1
b1101 I
b1101 O
b10 W
b11000010 +
b11000010 3
b11000010 9
b11000010 V
1'
#8859000
b10111011 #
b10111011 )
b10111011 -
b10111011 0
b10111011 7
b10111011 ;
b1010 8
b1010 <
b1010 C
b1010 ?
b1110 >
b1011 B
b1010 E
b1111 6
b1111 F
b1111 G
b1000 5
b1000 @
b1000 L
b11001 K
1%
#8860000
0'
#8862000
b10 4
b10 :
b10 R
b11110 N
b11010 M
b11 W
b11000011 +
b11000011 3
b11000011 9
b11000011 V
b1111 H
b10011 Q
b10010 T
b11011 2
b11011 J
b11011 U
1'
0%
#8864000
0'
#8865000
b10111100 #
b10111100 )
b10111100 -
b10111100 0
b10111100 7
b10111100 ;
b1011 8
b1011 <
b1011 C
b1011 ?
b1010 >
b11001 5
b11001 @
b11001 L
b11011 K
b1100 B
b1011 E
b1110 6
b1110 F
b1110 G
1%
#8866000
b11 4
b11 :
b11 R
b11111 N
b11110 M
b10100 Q
b10011 T
b11010 2
b11010 J
b11010 U
b1111 1
b1111 I
b1111 O
b1110 H
b100 W
b11000100 +
b11000100 3
b11000100 9
b11000100 V
1'
#8868000
0'
0%
#8870000
b100 4
b100 :
b100 R
b11101 N
b11111 M
b101 W
b11000101 +
b11000101 3
b11000101 9
b11000101 V
b1110 1
b1110 I
b1110 O
b10101 Q
b10100 T
b11110 2
b11110 J
b11110 U
1'
#8871000
b10111101 #
b10111101 )
b10111101 -
b10111101 0
b10111101 7
b10111101 ;
b1100 8
b1100 <
b1100 C
b1001 ?
b1011 >
b1101 B
b1100 E
b1010 6
b1010 F
b1010 G
b11011 5
b11011 @
b11011 L
b11110 K
1%
#8872000
0'
#8874000
b101 4
b101 :
b101 R
b11100 N
b11101 M
b10110 Q
b10101 T
b11111 2
b11111 J
b11111 U
b1010 H
b110 W
b11000110 +
b11000110 3
b11000110 9
b11000110 V
1'
0%
#8876000
0'
#8877000
b10111110 #
b10111110 )
b10111110 -
b10111110 0
b10111110 7
b10111110 ;
b1101 8
b1101 <
b1101 C
b1000 ?
b1001 >
b11110 5
b11110 @
b11110 L
b11111 K
b1110 B
b1101 E
b1011 6
b1011 F
b1011 G
1%
#8878000
b110 4
b110 :
b110 R
b10100 N
b11100 M
b111 W
b11000111 +
b11000111 3
b11000111 9
b11000111 V
b1010 1
b1010 I
b1010 O
b1011 H
b10111 Q
b10110 T
b11101 2
b11101 J
b11101 U
1'
#8880000
0'
0%
#8882000
b111 4
b111 :
b111 R
b10101 N
0P
b10100 M
b11000 Q
b10111 T
b11100 2
b11100 J
b11100 U
b1011 1
b1011 I
b1011 O
b1000 W
b11001000 +
b11001000 3
b11001000 9
b11001000 V
1'
#8883000
b10111111 #
b10111111 )
b10111111 -
b10111111 0
b10111111 7
b10111111 ;
b1110 8
b1110 <
b1110 C
b11000 ?
b1000 >
b1111 B
b1110 E
b1001 6
b1001 F
b1001 G
b11111 5
b11111 @
b11111 L
b11100 K
1%
#8884000
0'
#8886000
b1000 4
b1000 :
b1000 R
b10111 N
b10101 M
b1001 W
b11001001 +
b11001001 3
b11001001 9
b11001001 V
b1001 H
b11001 Q
b11000 T
b10100 2
b10100 J
b10100 U
1'
0%
#8888000
0'
#8889000
b11000000 #
b11000000 )
b11000000 -
b11000000 0
b11000000 7
b11000000 ;
b1111 8
b1111 <
b1111 C
b11001 ?
b11000 >
b11100 5
b11100 @
b11100 L
b10100 K
b10000 B
b1111 E
b1000 6
b1000 F
b1000 G
1%
#8890000
b1001 4
b1001 :
b1001 R
b10110 N
b10111 M
b11010 Q
b11001 T
b10101 2
b10101 J
b10101 U
b1001 1
b1001 I
b1001 O
b1000 H
b1010 W
b11001010 +
b11001010 3
b11001010 9
b11001010 V
1'
#8892000
0'
0%
#8894000
b1010 4
b1010 :
b1010 R
0S
b10010 N
b10110 M
b1011 W
b11001011 +
b11001011 3
b11001011 9
b11001011 V
b1000 1
b1000 I
b1000 O
b11011 Q
b11010 T
b10111 2
b10111 J
b10111 U
1'
#8895000
b11000001 #
b11000001 )
b11000001 -
b11000001 0
b11000001 7
b11000001 ;
b0 8
b0 <
b0 C
b11011 ?
b11001 >
b10001 B
b10000 E
b11000 6
b11000 F
b11000 G
b10100 5
b10100 @
b10100 L
b10111 K
1%
#8896000
0'
#8898000
b1011 4
b1011 :
b1011 R
b10011 N
b10010 M
b11100 Q
b11011 T
b10110 2
b10110 J
b10110 U
b11000 H
b1100 W
b11001100 +
b11001100 3
b11001100 9
b11001100 V
1'
0%
#8900000
0'
#8901000
b11000010 #
b11000010 )
b11000010 -
b11000010 0
b11000010 7
b11000010 ;
b1 8
b1 <
b1 C
b11010 ?
b11011 >
b10111 5
b10111 @
b10111 L
b10110 K
b10010 B
b10001 E
b11001 6
b11001 F
b11001 G
1%
#8902000
b1100 4
b1100 :
b1100 R
0S
b10001 N
b10011 M
b1101 W
b11001101 +
b11001101 3
b11001101 9
b11001101 V
b11000 1
b11000 I
b11000 O
b11001 H
b11101 Q
b11100 T
b10010 2
b10010 J
b10010 U
1'
#8904000
0'
0%
#8906000
b1101 4
b1101 :
b1101 R
b10000 N
b10001 M
b11110 Q
b11101 T
b10011 2
b10011 J
b10011 U
b11001 1
b11001 I
b11001 O
b1110 W
b11001110 +
b11001110 3
b11001110 9
b11001110 V
1'
#8907000
b11000011 #
b11000011 )
b11000011 -
b11000011 0
b11000011 7
b11000011 ;
b10 8
b10 <
b10 C
b11110 ?
b11010 >
b10011 B
b10010 E
b11011 6
b11011 F
b11011 G
b10110 5
b10110 @
b10110 L
b10011 K
1%
#8908000
0'
#8910000
b1110 4
b1110 :
b1110 R
b0 N
b10000 M
b1111 W
b11001111 +
b11001111 3
b11001111 9
b11001111 V
b11011 H
b11111 Q
b11110 T
b10001 2
b10001 J
b10001 U
1'
0%
#8912000
0'
#8913000
b11000100 #
b11000100 )
b11000100 -
b11000100 0
b11000100 7
b11000100 ;
b11 8
b11 <
b11 C
b11111 ?
b11110 >
b10011 5
b10011 @
b10011 L
b10001 K
b10100 B
b10011 E
b11010 6
b11010 F
b11010 G
1%
#8914000
b1111 4
b1111 :
b1111 R
b1 N
b0 M
b0 Q
b11111 T
b10000 2
b10000 J
b10000 U
b11011 1
b11011 I
b11011 O
b11010 H
b0 W
b11010000 +
b11010000 3
b11010000 9
b11010000 V
1'
#8916000
0'
0%
#8918000
0S
b0 4
b0 :
b0 R
b11 N
b1 M
b1 W
b11010001 +
b11010001 3
b11010001 9
b11010001 V
b11010 1
b11010 I
b11010 O
b1 Q
b0 T
b0 2
b0 J
b0 U
1'
#8919000
b11000101 #
b11000101 )
b11000101 -
b11000101 0
b11000101 7
b11000101 ;
b100 8
b100 <
b100 C
b11101 ?
b11111 >
b10101 B
b10100 E
b11110 6
b11110 F
b11110 G
b10001 5
b10001 @
b10001 L
b0 K
1%
#8920000
0'
#8922000
b1 4
b1 :
b1 R
1S
b10 N
0P
b11 M
b10 Q
b1 T
b1 2
b1 J
b1 U
b11110 H
b10 W
b11010010 +
b11010010 3
b11010010 9
b11010010 V
1'
0%
#8924000
0'
#8925000
b11000110 #
b11000110 )
b11000110 -
b11000110 0
b11000110 7
b11000110 ;
b101 8
b101 <
b101 C
b11100 ?
b11101 >
b0 5
b0 @
b0 L
b1 K
b10110 B
b10101 E
b11111 6
b11111 F
b11111 G
1%
#8926000
b10 4
b10 :
b10 R
1S
b110 N
0P
b10 M
b11 W
b11010011 +
b11010011 3
b11010011 9
b11010011 V
b11110 1
b11110 I
b11110 O
b11111 H
b11 Q
b10 T
b11 2
b11 J
b11 U
1.
1'
#8928000
0'
0%
#8930000
b11 4
b11 :
b11 R
b111 N
b110 M
1S
b100 Q
b11 T
b10 2
b10 J
b10 U
b11111 1
b11111 I
b11111 O
b100 W
b11010100 +
b11010100 3
b11010100 9
b11010100 V
1'
#8931000
b11000111 #
b11000111 )
b11000111 -
b11000111 0
b11000111 7
b11000111 ;
b110 8
b110 <
b110 C
b10100 ?
b11100 >
b10111 B
b10110 E
b11101 6
b11101 F
b11101 G
b1 5
b1 @
b1 L
b10 K
1%
#8932000
0'
#8934000
b100 4
b100 :
b100 R
0S
b101 N
1P
b111 M
b101 W
b11010101 +
b11010101 3
b11010101 9
b11010101 V
b11101 H
b101 Q
b100 T
b110 2
b110 J
b110 U
1'
0%
#8936000
0'
#8937000
b11001000 #
b11001000 )
b11001000 -
b11001000 0
b11001000 7
b11001000 ;
b111 8
b111 <
b111 C
b10101 ?
b10100 >
b10 5
b10 @
b10 L
b110 K
b11000 B
b10111 E
b11100 6
b11100 F
b11100 G
1%
#8938000
b101 4
b101 :
b101 R
b101 N
b111 M
0P
1S
1!
0.
b101 Q
b101 T
b111 2
b111 J
b111 U
b11101 1
b11101 I
b11101 O
b11100 H
b110 W
b11010110 +
b11010110 3
b11010110 9
b11010110 V
1'
#8940000
0'
0%
#8942000
0S
0*
b11100 1
b11100 I
b11100 O
0!
1.
1'
#8943000
b11001001 #
b11001001 )
b11001001 -
b11001001 0
b11001001 7
b11001001 ;
b1000 8
b1000 <
b1000 C
b10111 ?
b10101 >
b11001 B
b11000 E
b10100 6
b10100 F
b10100 G
b110 5
b110 @
b110 L
b111 K
1%
#8944000
0'
#8946000
1S
b100 N
0P
b101 M
b110 Q
0.
b10100 H
b111 W
b11010111 +
b11010111 3
b11010111 9
b11010111 V
1*
1'
0%
#8948000
0'
#8949000
b11001010 #
b11001010 )
b11001010 -
b11001010 0
b11001010 7
b11001010 ;
b1001 8
b1001 <
b1001 C
b10110 ?
b10111 >
b111 5
b111 @
b111 L
b11010 B
b11001 E
b10101 6
b10101 F
b10101 G
1%
#8950000
b110 4
b110 :
b110 R
1S
b1100 N
0P
b100 M
b1000 W
b11011000 +
b11011000 3
b11011000 9
b11011000 V
b10100 1
b10100 I
b10100 O
b10101 H
b111 Q
b110 T
b101 2
b101 J
b101 U
1.
1'
#8952000
0'
0%
#8954000
b111 4
b111 :
b111 R
b1101 N
b1100 M
1S
b1000 Q
b111 T
b100 2
b100 J
b100 U
b10101 1
b10101 I
b10101 O
b1001 W
b11011001 +
b11011001 3
b11011001 9
b11011001 V
1'
#8955000
b11001011 #
b11001011 )
b11001011 -
b11001011 0
b11001011 7
b11001011 ;
b1010 8
b1010 <
b1010 C
b10010 ?
b10110 >
b11011 B
b11010 E
b10111 6
b10111 F
b10111 G
b100 K
1%
#8956000
0'
#8958000
b1000 4
b1000 :
b1000 R
0S
b1111 N
1P
b1101 M
b1010 W
b11011010 +
b11011010 3
b11011010 9
b11011010 V
b10111 H
b1001 Q
b1000 T
b1100 2
b1100 J
b1100 U
1'
0%
#8960000
0'
#8961000
b11001100 #
b11001100 )
b11001100 -
b11001100 0
b11001100 7
b11001100 ;
b1011 8
b1011 <
b1011 C
b10011 ?
b10010 >
b100 5
b100 @
b100 L
b1100 K
b11100 B
b11011 E
b10110 6
b10110 F
b10110 G
1%
#8962000
b1001 4
b1001 :
b1001 R
b1111 N
b1101 M
0P
1S
1!
0.
b1001 Q
b1001 T
b1101 2
b1101 J
b1101 U
b10111 1
b10111 I
b10111 O
b10110 H
b1011 W
b11011011 +
b11011011 3
b11011011 9
b11011011 V
1'
#8964000
0'
0%
#8966000
0S
0*
b10110 1
b10110 I
b10110 O
0!
1.
1'
#8967000
b11001101 #
b11001101 )
b11001101 -
b11001101 0
b11001101 7
b11001101 ;
b1100 8
b1100 <
b1100 C
b10001 ?
b10011 >
b11101 B
b11100 E
b10010 6
b10010 F
b10010 G
b1100 5
b1100 @
b1100 L
b1101 K
1%
#8968000
0'
#8970000
1S
b1110 N
0P
b1111 M
b1010 Q
0.
b10010 H
b1100 W
b11011100 +
b11011100 3
b11011100 9
b11011100 V
1*
1'
0%
#8972000
0'
#8973000
b11001110 #
b11001110 )
b11001110 -
b11001110 0
b11001110 7
b11001110 ;
b1101 8
b1101 <
b1101 C
b10000 ?
b10001 >
b1101 5
b1101 @
b1101 L
b11110 B
b11101 E
b10011 6
b10011 F
b10011 G
1%
#8974000
b1010 4
b1010 :
b1010 R
1S
b1010 N
0P
b1110 M
b1101 W
b11011101 +
b11011101 3
b11011101 9
b11011101 V
b10010 1
b10010 I
b10010 O
b10011 H
b1011 Q
b1010 T
b1111 2
b1111 J
b1111 U
1.
1'
#8976000
0'
0%
#8978000
b1011 4
b1011 :
b1011 R
b1011 N
b1010 M
1S
b1100 Q
b1011 T
b1110 2
b1110 J
b1110 U
b10011 1
b10011 I
b10011 O
b1110 W
b11011110 +
b11011110 3
b11011110 9
b11011110 V
1'
#8979000
b11001111 #
b11001111 )
b11001111 -
b11001111 0
b11001111 7
b11001111 ;
b1110 8
b1110 <
b1110 C
b0 ?
b10000 >
b11111 B
b11110 E
b10001 6
b10001 F
b10001 G
b1110 K
1%
#8980000
0'
#8982000
b1100 4
b1100 :
b1100 R
0S
b1001 N
1P
b1011 M
b1111 W
b11011111 +
b11011111 3
b11011111 9
b11011111 V
b10001 H
b1101 Q
b1100 T
b1010 2
b1010 J
b1010 U
1'
0%
#8984000
0'
#8985000
b11010000 #
b11010000 )
b11010000 -
b11010000 0
b11010000 7
b11010000 ;
b1111 8
b1111 <
b1111 C
b1 ?
b0 >
b1110 5
b1110 @
b1110 L
b1010 K
b0 B
b11111 E
b10000 6
b10000 F
b10000 G
1%
#8986000
b1101 4
b1101 :
b1101 R
b1001 N
b1011 M
0P
1S
1!
0.
b1101 Q
b1101 T
b1011 2
b1011 J
b1011 U
b10001 1
b10001 I
b10001 O
b10000 H
b0 W
b11100000 +
b11100000 3
b11100000 9
b11100000 V
1'
#8988000
0'
0%
#8990000
0S
0*
b10000 1
b10000 I
b10000 O
0!
1.
1'
#8991000
b11010001 #
b11010001 )
b11010001 -
b11010001 0
b11010001 7
b11010001 ;
b0 8
b0 <
b0 C
b11 ?
b1 >
b1 B
b0 E
b0 6
b0 F
b0 G
b1010 5
b1010 @
b1010 L
b1011 K
1%
#8992000
0'
#8994000
1S
b1000 N
0P
b1001 M
b1110 Q
0.
b0 H
b1 W
b11100001 +
b11100001 3
b11100001 9
b11100001 V
1*
1'
0%
#8996000
0'
#8997000
b11010010 #
b11010010 )
b11010010 -
b11010010 0
b11010010 7
b11010010 ;
b1 8
b1 <
b1 C
b10 ?
b11 >
b1011 5
b1011 @
b1011 L
b10 B
b1 E
b1 6
b1 F
b1 G
1%
#8998000
b1110 4
b1110 :
b1110 R
1S
b11000 N
0P
b1000 M
b10 W
b11100010 +
b11100010 3
b11100010 9
b11100010 V
b0 1
b0 I
b0 O
b1 H
b1111 Q
b1110 T
b1001 2
b1001 J
b1001 U
1.
1'
#9000000
0'
0%
#9002000
b1111 4
b1111 :
b1111 R
b11001 N
b11000 M
1S
b10000 Q
b1111 T
b1000 2
b1000 J
b1000 U
b1 1
b1 I
b1 O
b11 W
b11100011 +
b11100011 3
b11100011 9
b11100011 V
1'
#9003000
b11010011 #
b11010011 )
b11010011 -
b11010011 0
b11010011 7
b11010011 ;
b10 8
b10 <
b10 C
b110 ?
b10 >
b11 B
b10 E
b11 6
b11 F
b11 G
b1000 K
1%
#9004000
0'
#9006000
b0 4
b0 :
b0 R
0S
b11011 N
1P
b11001 M
b100 W
b11100100 +
b11100100 3
b11100100 9
b11100100 V
b11 H
b10001 Q
b10000 T
b11000 2
b11000 J
b11000 U
1'
0%
#9008000
0'
#9009000
b11010100 #
b11010100 )
b11010100 -
b11010100 0
b11010100 7
b11010100 ;
b11 8
b11 <
b11 C
b111 ?
b110 >
b1000 5
b1000 @
b1000 L
b11000 K
b100 B
b11 E
b10 6
b10 F
b10 G
1%
#9010000
b1 4
b1 :
b1 R
b11011 N
b11001 M
0P
1S
1!
0.
b10001 Q
b10001 T
b11001 2
b11001 J
b11001 U
b11 1
b11 I
b11 O
b10 H
b101 W
b11100101 +
b11100101 3
b11100101 9
b11100101 V
1'
#9012000
0'
0%
#9014000
0S
0*
b10 1
b10 I
b10 O
0!
1.
1'
#9015000
b11010101 #
b11010101 )
b11010101 -
b11010101 0
b11010101 7
b11010101 ;
b100 8
b100 <
b100 C
b101 ?
b111 >
b101 B
b100 E
b110 6
b110 F
b110 G
b11000 5
b11000 @
b11000 L
b11001 K
1%
#9016000
0'
#9018000
1S
b11010 N
0P
b11011 M
b10010 Q
0.
b110 H
b110 W
b11100110 +
b11100110 3
b11100110 9
b11100110 V
1*
1'
0%
#9020000
0'
0$
#9021000
b11010111 #
b11010111 )
b11010111 -
b11010111 0
b11010111 7
b11010111 ;
b101 8
b101 <
b101 C
b100 ?
b101 >
b11001 5
b11001 @
b11001 L
b110 B
b101 E
b111 6
b111 F
b111 G
1%
#9022000
b10 4
b10 :
b10 R
0S
b11010 N
0P
b11011 M
0*
b110 1
b110 I
b110 O
b111 H
b10010 Q
b10010 T
b11011 2
b11011 J
b11011 U
1.
1'
#9024000
0'
0%
#9026000
0.
b111 1
b111 I
b111 O
1'
#9027000
b11011000 #
b11011000 )
b11011000 -
b11011000 0
b11011000 7
b11011000 ;
b110 8
b110 <
b110 C
b1100 ?
b100 >
b111 B
b110 E
b101 6
b101 F
b101 G
b11011 K
1%
#9028000
0'
#9030000
b101 H
1'
0%
#9032000
0'
#9033000
b11011001 #
b11011001 )
b11011001 -
b11011001 0
b11011001 7
b11011001 ;
b111 8
b111 <
b111 C
b1101 ?
b1100 >
b11011 5
b11011 @
b11011 L
b1000 B
b111 E
b100 6
b100 F
b100 G
1%
#9034000
b101 1
b101 I
b101 O
b100 H
1'
#9036000
0'
0%
#9038000
b100 1
b100 I
b100 O
1'
#9039000
b11011010 #
b11011010 )
b11011010 -
b11011010 0
b11011010 7
b11011010 ;
b1000 8
b1000 <
b1000 C
b1111 ?
b1101 >
b1001 B
b1000 E
b1100 6
b1100 F
b1100 G
1%
#9040000
0'
#9042000
b1100 H
1'
0%
#9044000
0'
#9045000
b11011100 #
b11011100 )
b11011100 -
b11011100 0
b11011100 7
b11011100 ;
b1001 8
b1001 <
b1001 C
b1110 ?
b1111 >
b1010 B
b1001 E
b1101 6
b1101 F
b1101 G
1%
#9046000
b1100 1
b1100 I
b1100 O
b1101 H
1'
#9048000
0'
0%
#9050000
b1101 1
b1101 I
b1101 O
1'
#9051000
b11011101 #
b11011101 )
b11011101 -
b11011101 0
b11011101 7
b11011101 ;
b1010 8
b1010 <
b1010 C
b1010 ?
b1110 >
b1011 B
b1010 E
b1111 6
b1111 F
b1111 G
1%
#9052000
0'
#9054000
b1111 H
1'
0%
#9056000
0'
#9057000
b11011110 #
b11011110 )
b11011110 -
b11011110 0
b11011110 7
b11011110 ;
b1011 8
b1011 <
b1011 C
b1011 ?
b1010 >
b1100 B
b1011 E
b1110 6
b1110 F
b1110 G
1%
#9058000
b1111 1
b1111 I
b1111 O
b1110 H
1'
#9060000
0'
0%
#9062000
b1110 1
b1110 I
b1110 O
1'
#9063000
b11011111 #
b11011111 )
b11011111 -
b11011111 0
b11011111 7
b11011111 ;
b1100 8
b1100 <
b1100 C
b1001 ?
b1011 >
b1101 B
b1100 E
b1010 6
b1010 F
b1010 G
1%
#9064000
0'
#9066000
b1010 H
1'
0%
#9068000
0'
#9069000
b11100001 #
b11100001 )
b11100001 -
b11100001 0
b11100001 7
b11100001 ;
b1101 8
b1101 <
b1101 C
b1000 ?
b1001 >
b1110 B
b1101 E
b1011 6
b1011 F
b1011 G
1%
#9070000
b1010 1
b1010 I
b1010 O
b1011 H
1'
#9072000
0'
0%
#9074000
b1011 1
b1011 I
b1011 O
1'
#9075000
b11100010 #
b11100010 )
b11100010 -
b11100010 0
b11100010 7
b11100010 ;
b1110 8
b1110 <
b1110 C
b11000 ?
b1000 >
b1111 B
b1110 E
b1001 6
b1001 F
b1001 G
1%
#9076000
0'
#9078000
b1001 H
1'
0%
#9080000
0'
#9081000
b11100011 #
b11100011 )
b11100011 -
b11100011 0
b11100011 7
b11100011 ;
b1111 8
b1111 <
b1111 C
b11001 ?
b11000 >
b10000 B
b1111 E
b1000 6
b1000 F
b1000 G
1%
#9082000
b1001 1
b1001 I
b1001 O
b1000 H
1'
#9084000
0'
0%
#9086000
b1000 1
b1000 I
b1000 O
1'
#9087000
1D
b11100100 #
b11100100 )
b11100100 -
b11100100 0
b11100100 7
b11100100 ;
b0 8
b0 <
b0 C
b11011 ?
b11001 >
b10001 B
b10000 E
b11000 6
b11000 F
b11000 G
1%
#9088000
0'
#9090000
b11000 H
1'
0%
#9092000
0'
#9093000
1A
b11100110 #
b11100110 )
b11100110 -
b11100110 0
b11100110 7
b11100110 ;
b1 8
b1 <
b1 C
0D
b11010 ?
b11011 >
b10010 B
b10001 E
b11001 6
b11001 F
b11001 G
1/
1%
#9094000
b11000 1
b11000 I
b11000 O
b11001 H
1'
#9096000
0'
0%
#9098000
b11001 1
b11001 I
b11001 O
1'
#9099000
b11010011 #
b11010011 )
b11010011 -
b11010011 0
b11010011 7
b11010011 ;
b10 8
b10 <
b10 C
b11010 ?
1A
b11011 >
1"
0/
b10010 B
b10010 E
b11011 6
b11011 F
b11011 G
1%
#9100000
0'
#9102000
b11011 H
1'
0%
#9104000
0'
#9105000
0,
1%
#9106000
b11011 1
b11011 I
b11011 O
1'
#9108000
0'
0%
#9110000
1'
#9111000
1%
#9112000
0'
#9114000
1'
0%
#9116000
0'
#9117000
1%
#9118000
1'
#9120000
0'
0%
#9122000
1'
#9123000
1%
#9124000
0'
#9126000
1'
0%
#9128000
0'
#9129000
1%
#9130000
1'
#9132000
0'
0%
#9134000
1'
#9135000
1%
#9136000
0'
#9138000
1'
0%
#9140000
0'
#9141000
1%
#9142000
1'
#9144000
0'
0%
#9146000
1'
#9147000
1%
#9148000
0'
#9150000
1'
0%
#9152000
0'
#9153000
1%
#9154000
1'
#9156000
0'
0%
#9158000
1'
#9159000
1%
#9160000
0'
#9162000
1'
0%
#9164000
0'
#9165000
1%
#9166000
1'
#9168000
0'
0%
#9170000
1'
#9171000
1%
#9172000
0'
#9174000
1'
0%
#9176000
0'
#9177000
1%
#9178000
1'
#9180000
0'
0%
#9182000
1'
#9183000
1%
#9184000
0'
#9186000
1'
0%
#9188000
0'
#9189000
1%
#9190000
1'
#9192000
0'
0%
#9194000
1'
#9195000
1%
#9196000
0'
#9198000
1'
0%
#9200000
0'
#9201000
1%
#9202000
1'
#9204000
0'
0%
#9206000
1'
#9207000
1%
#9208000
0'
#9210000
1'
0%
#9212000
0'
#9213000
1%
#9214000
1'
#9216000
0'
0%
#9218000
1'
#9219000
1%
#9220000
0'
#9222000
1'
0%
#9224000
0'
#9225000
1%
#9226000
1'
#9228000
0'
0%
#9230000
1'
#9231000
1%
#9232000
0'
#9234000
1'
0%
#9236000
0'
#9237000
1%
#9238000
1'
#9240000
0'
0%
#9242000
1'
#9243000
1%
#9244000
0'
#9246000
1'
0%
#9248000
0'
#9249000
1%
#9250000
1'
#9252000
0'
0%
#9254000
1'
#9255000
1%
#9256000
0'
#9258000
1'
0%
#9260000
0'
#9261000
1%
#9262000
1'
#9264000
0'
0%
#9266000
1'
#9267000
1%
#9268000
0'
#9270000
1'
0%
#9272000
0'
#9273000
1%
#9274000
1'
#9276000
0'
0%
#9278000
1'
#9279000
1%
#9280000
0'
#9282000
1'
0%
#9284000
0'
#9285000
1%
#9286000
1'
#9288000
0'
0%
#9290000
1'
#9291000
1%
#9292000
0'
#9294000
1'
0%
#9296000
0'
#9297000
1%
#9298000
1'
#9300000
0'
0%
#9302000
1'
#9303000
1%
#9304000
0'
#9306000
1'
0%
#9308000
0'
#9309000
1%
#9310000
1'
#9312000
0'
0%
#9314000
1'
#9315000
1%
#9316000
0'
#9318000
1'
0%
#9320000
0'
#9321000
1%
#9322000
1'
#9324000
0'
0%
#9326000
1'
#9327000
1%
#9328000
0'
#9330000
1'
0%
#9332000
0'
#9333000
1%
#9334000
1'
#9336000
0'
0%
#9338000
1'
#9339000
1%
#9340000
0'
#9342000
1'
0%
#9344000
0'
#9345000
1%
#9346000
1'
#9348000
0'
0%
#9350000
1'
#9351000
1%
#9352000
0'
#9354000
1'
0%
#9356000
0'
#9357000
1%
#9358000
1'
#9360000
0'
0%
#9362000
1'
#9363000
1%
#9364000
0'
#9366000
1'
0%
#9368000
0'
#9369000
1%
#9370000
1'
#9372000
0'
0%
#9374000
1'
#9375000
1%
#9376000
0'
#9378000
1'
0%
#9380000
0'
#9381000
1%
#9382000
1'
#9384000
0'
0%
#9386000
1'
#9387000
1%
#9388000
0'
#9390000
1'
0%
#9392000
0'
#9393000
1%
#9394000
1'
#9396000
0'
0%
#9398000
1'
#9399000
1%
#9400000
0'
#9402000
1'
0%
#9404000
0'
#9405000
1%
#9406000
1'
#9408000
0'
0%
#9410000
1'
#9411000
1%
#9412000
0'
#9414000
1'
0%
#9416000
0'
#9417000
1%
#9418000
1'
#9420000
0'
0%
#9422000
1'
#9423000
1%
#9424000
0'
#9426000
1'
0%
#9428000
0'
#9429000
1%
#9430000
1'
#9432000
0'
0%
#9434000
1'
#9435000
1%
#9436000
0'
#9438000
1'
0%
#9440000
0'
#9441000
1%
#9442000
1'
#9444000
0'
0%
#9446000
1'
#9447000
1%
#9448000
0'
#9450000
1'
0%
#9452000
0'
#9453000
1%
#9454000
1'
#9456000
0'
0%
#9458000
1'
#9459000
1%
#9460000
0'
#9462000
1'
0%
#9464000
0'
#9465000
1%
#9466000
1'
#9468000
0'
0%
#9470000
1'
#9471000
1%
#9472000
0'
#9474000
1'
0%
#9476000
0'
#9477000
1%
#9478000
1'
#9480000
0'
0%
#9482000
1'
#9483000
1%
#9484000
0'
#9486000
1'
0%
#9488000
0'
#9489000
1%
#9490000
1'
#9492000
0'
0%
#9494000
1'
#9495000
1%
#9496000
0'
#9498000
1'
0%
#9500000
0'
#9501000
1%
#9502000
1'
#9504000
0'
0%
#9506000
1'
#9507000
1%
#9508000
0'
#9510000
1'
0%
#9512000
0'
#9513000
1%
#9514000
1'
#9516000
0'
0%
#9518000
1'
#9519000
1%
#9520000
0'
#9522000
1'
0%
#9524000
0'
#9525000
1%
#9526000
1'
#9528000
0'
0%
#9530000
1'
#9531000
1%
#9532000
0'
#9534000
1'
0%
#9536000
0'
#9537000
1%
#9538000
1'
#9540000
0'
0%
#9542000
1'
#9543000
1%
#9544000
0'
#9546000
1'
0%
#9548000
0'
#9549000
1%
#9550000
1'
#9552000
0'
0%
#9554000
1'
#9555000
1%
#9556000
0'
#9558000
1'
0%
#9560000
0'
#9561000
1%
#9562000
1'
#9564000
0'
0%
#9566000
1'
#9567000
1%
#9568000
0'
#9570000
1'
0%
#9572000
0'
#9573000
1%
#9574000
1'
#9576000
0'
0%
#9578000
1'
#9579000
1%
#9580000
0'
#9582000
1'
0%
#9584000
0'
#9585000
1%
#9586000
1'
#9588000
0'
0%
#9590000
1'
#9591000
1%
#9592000
0'
#9594000
1'
0%
#9596000
0'
#9597000
1%
#9598000
1'
#9600000
0'
0%
#9602000
1'
#9603000
1%
#9604000
0'
#9606000
1'
0%
#9608000
0'
#9609000
1%
#9610000
1'
#9612000
0'
0%
#9614000
1'
#9615000
1%
#9616000
0'
#9618000
1'
0%
#9620000
0'
#9621000
1%
#9622000
1'
#9624000
0'
0%
#9626000
1'
#9627000
1%
#9628000
0'
#9630000
1'
0%
#9632000
0'
#9633000
1%
#9634000
1'
#9636000
0'
0%
#9638000
1'
#9639000
1%
#9640000
0'
#9642000
1'
0%
#9644000
0'
#9645000
1%
#9646000
1'
#9648000
0'
0%
#9650000
1'
#9651000
1%
#9652000
0'
#9654000
1'
0%
#9656000
0'
#9657000
1%
#9658000
1'
#9660000
0'
0%
#9662000
1'
#9663000
1%
#9664000
0'
#9666000
1'
0%
#9668000
0'
#9669000
1%
#9670000
1'
#9672000
0'
0%
#9674000
1'
#9675000
1%
#9676000
0'
#9678000
1'
0%
#9680000
0'
#9681000
1%
#9682000
1'
#9684000
0'
0%
#9686000
1'
#9687000
1%
#9688000
0'
#9690000
1'
0%
#9692000
0'
#9693000
1%
#9694000
1'
#9696000
0'
0%
#9698000
1'
#9699000
1%
#9700000
0'
#9702000
1'
0%
#9704000
0'
#9705000
1%
#9706000
1'
#9708000
0'
0%
#9710000
1'
#9711000
1%
#9712000
0'
#9714000
1'
0%
#9716000
0'
#9717000
1%
#9718000
1'
#9720000
0'
0%
#9722000
1'
#9723000
1%
#9724000
0'
#9726000
1'
0%
#9728000
0'
#9729000
1%
#9730000
1'
#9732000
0'
0%
#9734000
1'
#9735000
1%
#9736000
0'
#9738000
1'
0%
#9740000
0'
#9741000
1%
#9742000
1'
#9744000
0'
0%
#9746000
1'
#9747000
1%
#9748000
0'
#9750000
1'
0%
#9752000
0'
#9753000
1%
#9754000
1'
#9756000
0'
0%
#9758000
1'
#9759000
1%
#9760000
0'
#9762000
1'
0%
#9764000
0'
#9765000
1%
#9766000
1'
#9768000
0'
0%
#9770000
1'
#9771000
1%
#9772000
0'
#9774000
1'
0%
#9776000
0'
#9777000
1%
#9778000
1'
#9780000
0'
0%
#9782000
1'
#9783000
1%
#9784000
0'
#9786000
1'
0%
#9788000
0'
#9789000
1%
#9790000
1'
#9792000
0'
0%
#9794000
1'
#9795000
1%
#9796000
0'
#9798000
1'
0%
#9800000
0'
#9801000
1%
#9802000
1'
#9804000
0'
0%
#9806000
1'
#9807000
1%
#9808000
0'
#9810000
1'
0%
#9812000
0'
#9813000
1%
#9814000
1'
#9816000
0'
0%
#9818000
1'
#9819000
1%
#9820000
0'
#9822000
1'
0%
#9824000
0'
#9825000
1%
#9826000
1'
#9828000
0'
0%
#9830000
1'
#9831000
1%
#9832000
0'
#9834000
1'
0%
#9836000
0'
#9837000
1%
#9838000
1'
#9840000
0'
0%
#9842000
1'
#9843000
1%
#9844000
0'
#9846000
1'
0%
#9848000
0'
#9849000
1%
#9850000
1'
#9852000
0'
0%
#9854000
1'
#9855000
1%
#9856000
0'
#9858000
1'
0%
#9860000
0'
#9861000
1%
#9862000
1'
#9864000
0'
0%
#9866000
1'
#9867000
1%
#9868000
0'
#9870000
1'
0%
#9872000
0'
#9873000
1%
#9874000
1'
#9876000
0'
0%
#9878000
1'
#9879000
1%
#9880000
0'
#9882000
1'
0%
#9884000
0'
#9885000
1%
#9886000
1'
#9888000
0'
0%
#9890000
1'
#9891000
1%
#9892000
0'
#9894000
1'
0%
#9896000
0'
#9897000
1%
#9898000
1'
#9900000
0'
0%
#9902000
1'
#9903000
1%
#9904000
0'
#9906000
1'
0%
#9908000
0'
#9909000
1%
#9910000
1'
#9912000
0'
0%
#9914000
1'
#9915000
1%
#9916000
0'
#9918000
1'
0%
#9920000
0'
#9921000
1%
#9922000
1'
#9924000
0'
0%
#9926000
1'
#9927000
1%
#9928000
0'
#9930000
1'
0%
#9932000
0'
#9933000
1%
#9934000
1'
#9936000
0'
0%
#9938000
1'
#9939000
1%
#9940000
0'
#9942000
1'
0%
#9944000
0'
#9945000
1%
#9946000
1'
#9948000
0'
0%
#9950000
1'
#9951000
1%
#9952000
0'
#9954000
1'
0%
#9956000
0'
#9957000
1%
#9958000
1'
#9960000
0'
0%
#9962000
1'
#9963000
1%
#9964000
0'
#9966000
1'
0%
#9968000
0'
#9969000
1%
#9970000
1'
#9972000
0'
0%
#9974000
1'
#9975000
1%
#9976000
0'
#9978000
1'
0%
#9980000
0'
#9981000
1%
#9982000
1'
#9984000
0'
0%
#9986000
1'
#9987000
1%
#9988000
0'
#9990000
1'
0%
#9992000
0'
#9993000
1%
#9994000
1'
#9996000
0'
0%
#9998000
1'
#9999000
1%
#10000000
0'
#10002000
1'
0%
#10004000
0'
#10005000
1%
#10006000
1'
#10008000
0'
0%
#10010000
1'
#10011000
1%
#10012000
0'
#10014000
1'
0%
#10016000
0'
#10017000
1%
#10018000
1'
#10020000
0'
0%
#10022000
1'
#10023000
1%
#10024000
0'
#10026000
1'
0%
#10028000
0'
#10029000
1%
#10030000
1'
#10032000
0'
0%
#10034000
1'
#10035000
1%
#10036000
0'
#10038000
1'
0%
#10040000
0'
#10041000
1%
#10042000
1'
#10044000
0'
0%
#10046000
1'
#10047000
1%
#10048000
0'
#10050000
1'
0%
#10052000
0'
#10053000
1%
#10054000
1'
#10056000
0'
0%
#10058000
1'
#10059000
1%
#10060000
0'
#10062000
1'
0%
#10064000
0'
#10065000
1%
#10066000
1'
#10068000
0'
0%
#10070000
1'
#10071000
1%
#10072000
0'
#10074000
1'
0%
#10076000
0'
#10077000
1%
#10078000
1'
#10080000
0'
0%
#10082000
1'
#10083000
1%
#10084000
0'
#10086000
1'
0%
#10088000
0'
#10089000
1%
#10090000
1'
#10092000
0'
0%
#10094000
1'
#10095000
1%
#10096000
0'
#10098000
1'
0%
#10100000
0'
#10101000
1%
#10102000
1'
#10104000
0'
0%
#10106000
1'
#10107000
1%
#10108000
0'
#10110000
1'
0%
#10112000
0'
#10113000
1%
#10114000
1'
#10116000
0'
0%
#10118000
1'
#10119000
1%
#10120000
0'
#10122000
1'
0%
#10124000
0'
#10125000
1%
#10126000
1'
#10128000
0'
0%
#10130000
1'
#10131000
1%
#10132000
0'
#10134000
1'
0%
#10136000
0'
#10137000
1%
#10138000
1'
#10140000
0'
0%
#10142000
1'
#10143000
1%
#10144000
0'
#10146000
1'
0%
#10148000
0'
#10149000
1%
#10150000
1'
#10152000
0'
0%
#10154000
1'
#10155000
1%
#10156000
0'
#10158000
1'
0%
#10160000
0'
#10161000
1%
#10162000
1'
#10164000
0'
0%
#10166000
1'
#10167000
1%
#10168000
0'
#10170000
1'
0%
#10172000
0'
#10173000
1%
#10174000
1'
#10176000
0'
0%
#10178000
1'
#10179000
1%
#10180000
0'
#10182000
1'
0%
#10184000
0'
#10185000
1%
#10186000
1'
#10188000
0'
0%
#10190000
1'
#10191000
1%
#10192000
0'
#10194000
1'
0%
#10196000
0'
#10197000
1%
#10198000
1'
#10200000
0'
0%
#10202000
1'
#10203000
1%
#10204000
0'
#10206000
1'
0%
#10208000
0'
#10209000
1%
#10210000
1'
#10212000
0'
0%
#10214000
1'
#10215000
1%
#10216000
0'
#10218000
1'
0%
#10220000
0'
#10221000
1%
#10222000
1'
#10224000
0'
0%
#10226000
1'
#10227000
1%
#10228000
0'
#10230000
1'
0%
#10232000
0'
#10233000
1%
#10234000
1'
#10236000
0'
0%
#10238000
1'
#10239000
1%
#10240000
0'
#10242000
1'
0%
#10244000
0'
#10245000
1%
#10246000
1'
#10248000
0'
0%
#10250000
1'
#10251000
1%
#10252000
0'
#10254000
1'
0%
#10256000
0'
#10257000
1%
#10258000
1'
#10260000
0'
0%
#10262000
1'
#10263000
1%
#10264000
0'
#10266000
1'
0%
#10268000
0'
#10269000
1%
#10270000
1'
#10272000
0'
0%
#10274000
1'
#10275000
1%
#10276000
0'
#10278000
1'
0%
#10280000
0'
#10281000
1%
#10282000
1'
#10284000
0'
0%
#10286000
1'
#10287000
1%
#10288000
0'
#10290000
1'
0%
#10292000
0'
#10293000
1%
#10294000
1'
#10296000
0'
0%
#10298000
1'
#10299000
1%
#10300000
0'
#10302000
1'
0%
#10304000
0'
#10305000
1%
#10306000
1'
#10308000
0'
0%
#10310000
1'
#10311000
1%
#10312000
0'
#10314000
1'
0%
#10316000
0'
#10317000
1%
#10318000
1'
#10320000
0'
0%
#10322000
1'
#10323000
1%
#10324000
0'
#10326000
1'
0%
#10328000
0'
#10329000
1%
#10330000
1'
#10332000
0'
0%
#10334000
1'
#10335000
1%
#10336000
0'
#10338000
1'
0%
#10340000
0'
#10341000
1%
#10342000
1'
#10344000
0'
0%
#10346000
1'
#10347000
1%
#10348000
0'
#10350000
1'
0%
#10352000
0'
#10353000
1%
#10354000
1'
#10356000
0'
0%
#10358000
1'
#10359000
1%
#10360000
0'
#10362000
1'
0%
#10364000
0'
#10365000
1%
#10366000
1'
#10368000
0'
0%
#10370000
1'
#10371000
1%
#10372000
0'
#10374000
1'
0%
#10376000
0'
#10377000
1%
#10378000
1'
#10380000
0'
0%
#10382000
1'
#10383000
1%
#10384000
0'
#10386000
1'
0%
#10388000
0'
#10389000
1%
#10390000
1'
#10392000
0'
0%
#10394000
1'
#10395000
1%
#10396000
0'
#10398000
1'
0%
#10400000
0'
#10401000
1%
#10402000
1'
#10404000
0'
0%
#10406000
1'
#10407000
1%
#10408000
0'
#10410000
1'
0%
#10412000
0'
#10413000
1%
#10414000
1'
#10416000
0'
0%
#10418000
1'
#10419000
1%
#10420000
0'
#10422000
1'
0%
#10424000
0'
#10425000
1%
#10426000
1'
#10428000
0'
0%
#10430000
1'
#10431000
1%
#10432000
0'
#10434000
1'
0%
#10436000
0'
#10437000
1%
#10438000
1'
#10440000
0'
0%
#10442000
1'
#10443000
1%
#10444000
0'
#10446000
1'
0%
#10448000
0'
#10449000
1%
#10450000
1'
#10452000
0'
0%
#10454000
1'
#10455000
1%
#10456000
0'
#10458000
1'
0%
#10460000
0'
#10461000
1%
#10462000
1'
#10464000
0'
0%
#10466000
1'
#10467000
1%
#10468000
0'
#10470000
1'
0%
#10472000
0'
#10473000
1%
#10474000
1'
#10476000
0'
0%
#10478000
1'
#10479000
1%
#10480000
0'
#10482000
1'
0%
#10484000
0'
#10485000
1%
#10486000
1'
#10488000
0'
0%
#10490000
1'
#10491000
1%
#10492000
0'
#10494000
1'
0%
#10496000
0'
#10497000
1%
#10498000
1'
#10500000
0'
0%
#10502000
1'
#10503000
1%
#10504000
0'
#10506000
1'
0%
#10508000
0'
#10509000
1%
#10510000
1'
#10512000
0'
0%
#10514000
1'
#10515000
1%
#10516000
0'
#10518000
1'
0%
#10520000
0'
#10521000
1%
#10522000
1'
#10524000
0'
0%
#10526000
1'
#10527000
1%
#10528000
0'
#10530000
1'
0%
#10532000
0'
#10533000
1%
#10534000
1'
#10536000
0'
0%
#10538000
1'
#10539000
1%
#10540000
0'
#10542000
1'
0%
#10544000
0'
#10545000
1%
#10546000
1'
#10548000
0'
0%
#10550000
1'
#10551000
1%
#10552000
0'
#10554000
1'
0%
#10556000
0'
#10557000
1%
#10558000
1'
#10560000
0'
0%
#10562000
1'
#10563000
1%
#10564000
0'
#10566000
1'
0%
#10568000
0'
#10569000
1%
#10570000
1'
#10572000
0'
0%
#10574000
1'
#10575000
1%
#10576000
0'
#10578000
1'
0%
#10580000
0'
#10581000
1%
#10582000
1'
#10584000
0'
0%
#10586000
1'
#10587000
1%
#10588000
0'
#10590000
1'
0%
#10592000
0'
#10593000
1%
#10594000
1'
#10596000
0'
0%
#10598000
1'
#10599000
1%
#10600000
0'
#10602000
1'
0%
#10604000
0'
#10605000
1%
#10606000
1'
#10608000
0'
0%
#10610000
1'
#10611000
1%
#10612000
0'
#10614000
1'
0%
#10616000
0'
#10617000
1%
#10618000
1'
#10620000
0'
0%
#10622000
1'
#10623000
1%
#10624000
0'
#10626000
1'
0%
#10628000
0'
#10629000
1%
#10630000
1'
#10632000
0'
0%
#10634000
1'
#10635000
1%
#10636000
0'
#10638000
1'
0%
#10640000
0'
#10641000
1%
#10642000
1'
#10644000
0'
0%
#10646000
1'
#10647000
1%
#10648000
0'
#10650000
1'
0%
#10652000
0'
#10653000
1%
#10654000
1'
#10656000
0'
0%
#10658000
1'
#10659000
1%
#10660000
0'
#10662000
1'
0%
#10664000
0'
#10665000
1%
#10666000
1'
#10668000
0'
0%
#10670000
1'
#10671000
1%
#10672000
0'
#10674000
1'
0%
#10676000
0'
#10677000
1%
#10678000
1'
#10680000
0'
0%
#10682000
1'
#10683000
1%
#10684000
0'
#10686000
1'
0%
#10688000
0'
#10689000
1%
#10690000
1'
#10692000
0'
0%
#10694000
1'
#10695000
1%
#10696000
0'
#10698000
1'
0%
#10700000
0'
#10701000
1%
#10702000
1'
#10704000
0'
0%
#10706000
1'
#10707000
1%
#10708000
0'
#10710000
1'
0%
#10712000
0'
#10713000
1%
#10714000
1'
#10716000
0'
0%
#10718000
1'
#10719000
1%
#10720000
0'
#10722000
1'
0%
#10724000
0'
#10725000
1%
#10726000
1'
#10728000
0'
0%
#10730000
1'
#10731000
1%
#10732000
0'
#10734000
1'
0%
#10736000
0'
#10737000
1%
#10738000
1'
#10740000
0'
0%
#10742000
1'
#10743000
1%
#10744000
0'
#10746000
1'
0%
#10748000
0'
#10749000
1%
#10750000
1'
#10752000
0'
0%
#10754000
1'
#10755000
1%
#10756000
0'
#10758000
1'
0%
#10760000
0'
#10761000
1%
#10762000
1'
#10764000
0'
0%
#10766000
1'
#10767000
1%
#10768000
0'
#10770000
1'
0%
#10772000
0'
#10773000
1%
#10774000
1'
#10776000
0'
0%
#10778000
1'
#10779000
1%
#10780000
0'
#10782000
1'
0%
#10784000
0'
#10785000
1%
#10786000
1'
#10788000
0'
0%
#10790000
1'
#10791000
1%
#10792000
0'
#10794000
1'
0%
#10796000
0'
#10797000
1%
#10798000
1'
#10800000
0'
0%
#10802000
1'
#10803000
1%
#10804000
0'
#10806000
1'
0%
#10808000
0'
#10809000
1%
#10810000
1'
#10812000
0'
0%
#10814000
1'
#10815000
1%
#10816000
0'
#10818000
1'
0%
#10820000
0'
#10821000
1%
#10822000
1'
#10824000
0'
0%
#10826000
1'
#10827000
1%
#10828000
0'
#10830000
1'
0%
#10832000
0'
#10833000
1%
#10834000
1'
#10836000
0'
0%
#10838000
1'
#10839000
1%
#10840000
0'
#10842000
1'
0%
#10844000
0'
#10845000
1%
#10846000
1'
#10848000
0'
0%
#10850000
1'
#10851000
1%
#10852000
0'
#10854000
1'
0%
#10856000
0'
#10857000
1%
#10858000
1'
#10860000
0'
0%
#10862000
1'
#10863000
1%
#10864000
0'
#10866000
1'
0%
#10868000
0'
#10869000
1%
#10870000
1'
#10872000
0'
0%
#10874000
1'
#10875000
1%
#10876000
0'
#10878000
1'
0%
#10880000
0'
#10881000
1%
#10882000
1'
#10884000
0'
0%
#10886000
1'
#10887000
1%
#10888000
0'
#10890000
1'
0%
#10892000
0'
#10893000
1%
#10894000
1'
#10896000
0'
0%
#10898000
1'
#10899000
1%
#10900000
0'
#10902000
1'
0%
#10904000
0'
#10905000
1%
#10906000
1'
#10908000
0'
0%
#10910000
1'
#10911000
1%
#10912000
0'
#10914000
1'
0%
#10916000
0'
#10917000
1%
#10918000
1'
#10920000
0'
0%
#10922000
1'
#10923000
1%
#10924000
0'
#10926000
1'
0%
#10928000
0'
#10929000
1%
#10930000
1'
#10932000
0'
0%
#10934000
1'
#10935000
1%
#10936000
0'
#10938000
1'
0%
#10940000
0'
#10941000
1%
#10942000
1'
#10944000
0'
0%
#10946000
1'
#10947000
1%
#10948000
0'
#10950000
1'
0%
#10952000
0'
#10953000
1%
#10954000
1'
#10956000
0'
0%
#10958000
1'
#10959000
1%
#10960000
0'
#10962000
1'
0%
#10964000
0'
#10965000
1%
#10966000
1'
#10968000
0'
0%
#10970000
1'
#10971000
1%
#10972000
0'
#10974000
1'
0%
#10976000
0'
#10977000
1%
#10978000
1'
#10980000
0'
0%
#10982000
1'
#10983000
1%
#10984000
0'
#10986000
1'
0%
#10988000
0'
#10989000
1%
#10990000
1'
#10992000
0'
0%
#10994000
1'
#10995000
1%
#10996000
0'
#10998000
1'
0%
#11000000
0'
#11001000
1%
#11002000
1'
#11004000
0'
0%
#11006000
1'
#11007000
1%
#11008000
0'
#11010000
1'
0%
#11012000
0'
#11013000
1%
#11014000
1'
#11016000
0'
0%
#11018000
1'
#11019000
1%
#11020000
0'
1$
#11022000
b11110 N
b11010 M
b10011 Q
b111 W
b11100111 +
b11100111 3
b11100111 9
b11100111 V
1*
1'
0%
#11024000
0'
#11025000
1%
#11026000
b11 4
b11 :
b11 R
b11111 N
b11110 M
b11100111 #
b11100111 )
b11100111 -
b11100111 0
b11100111 7
b11100111 ;
b10100 Q
b10011 T
b11010 2
b11010 J
b11010 U
b1000 W
b11101000 +
b11101000 3
b11101000 9
b11101000 V
1'
#11028000
0'
0%
#11030000
b100 4
b100 :
b100 R
b11101 N
b11111 M
b1001 W
b11101001 +
b11101001 3
b11101001 9
b11101001 V
b10101 Q
b10100 T
b11110 2
b11110 J
b11110 U
1'
#11031000
b11110 K
1%
#11032000
0'
#11034000
b101 4
b101 :
b101 R
b11100 N
b11101 M
b10110 Q
b10101 T
b11111 2
b11111 J
b11111 U
b1010 W
b11101010 +
b11101010 3
b11101010 9
b11101010 V
1'
0%
#11036000
0'
#11037000
0A
b11110 5
b11110 @
b11110 L
b11111 K
1%
#11038000
b110 4
b110 :
b110 R
b10100 N
b11100 M
b1011 W
b11101011 +
b11101011 3
b11101011 9
b11101011 V
b10111 Q
b10110 T
b11101 2
b11101 J
b11101 U
1'
#11040000
0'
0%
#11042000
b111 4
b111 :
b111 R
b10101 N
b10100 M
b11000 Q
b10111 T
b11100 2
b11100 J
b11100 U
b1100 W
b11101100 +
b11101100 3
b11101100 9
b11101100 V
1'
#11043000
0"
b11111 5
b11111 @
b11111 L
b11100 K
1%
#11044000
0'
#11046000
b1000 4
b1000 :
b1000 R
b10111 N
b10101 M
b1101 W
b11101101 +
b11101101 3
b11101101 9
b11101101 V
b11001 Q
b11000 T
b10100 2
b10100 J
b10100 U
1'
0%
#11048000
0'
#11049000
b11110 ?
b11010 >
b10011 B
b11100 5
b11100 @
b11100 L
b10100 K
1,
1%
#11050000
b1001 4
b1001 :
b1001 R
b10110 N
b10111 M
b11010 Q
b11001 T
b10101 2
b10101 J
b10101 U
b1110 W
b11101110 +
b11101110 3
b11101110 9
b11101110 V
1'
#11052000
0'
0%
#11054000
b1010 4
b1010 :
b1010 R
b10010 N
b10110 M
b1111 W
b11101111 +
b11101111 3
b11101111 9
b11101111 V
b11011 Q
b11010 T
b10111 2
b10111 J
b10111 U
1'
#11055000
b11101000 #
b11101000 )
b11101000 -
b11101000 0
b11101000 7
b11101000 ;
b11 8
b11 <
b11 C
b11111 ?
b11110 >
b10100 B
b10011 E
b11010 6
b11010 F
b11010 G
b10100 5
b10100 @
b10100 L
b10111 K
1%
#11056000
0'
#11058000
b1011 4
b1011 :
b1011 R
b10011 N
b10010 M
b11100 Q
b11011 T
b10110 2
b10110 J
b10110 U
b11010 H
b0 W
b11110000 +
b11110000 3
b11110000 9
b11110000 V
1'
0%
#11060000
0'
#11061000
b11101001 #
b11101001 )
b11101001 -
b11101001 0
b11101001 7
b11101001 ;
b100 8
b100 <
b100 C
b11101 ?
b11111 >
b10111 5
b10111 @
b10111 L
b10110 K
b10101 B
b10100 E
b11110 6
b11110 F
b11110 G
1%
#11062000
b1100 4
b1100 :
b1100 R
b10001 N
b10011 M
b1 W
b11110001 +
b11110001 3
b11110001 9
b11110001 V
b11010 1
b11010 I
b11010 O
b11110 H
b11101 Q
b11100 T
b10010 2
b10010 J
b10010 U
1'
#11064000
0'
0%
#11066000
b1101 4
b1101 :
b1101 R
b10000 N
b10001 M
b11110 Q
b11101 T
b10011 2
b10011 J
b10011 U
b11110 1
b11110 I
b11110 O
b10 W
b11110010 +
b11110010 3
b11110010 9
b11110010 V
1'
#11067000
b11101010 #
b11101010 )
b11101010 -
b11101010 0
b11101010 7
b11101010 ;
b101 8
b101 <
b101 C
b11100 ?
b11101 >
b10110 B
b10101 E
b11111 6
b11111 F
b11111 G
b10110 5
b10110 @
b10110 L
b10011 K
1%
#11068000
0'
#11070000
b1110 4
b1110 :
b1110 R
b0 N
b10000 M
b11 W
b11110011 +
b11110011 3
b11110011 9
b11110011 V
b11111 H
b11111 Q
b11110 T
b10001 2
b10001 J
b10001 U
1'
0%
#11072000
0'
#11073000
b11101011 #
b11101011 )
b11101011 -
b11101011 0
b11101011 7
b11101011 ;
b110 8
b110 <
b110 C
0D
b10100 ?
b11100 >
b10011 5
b10011 @
b10011 L
b10001 K
b10111 B
b10110 E
b11101 6
b11101 F
b11101 G
1%
#11074000
b1111 4
b1111 :
b1111 R
b1 N
b0 M
b0 Q
b11111 T
b10000 2
b10000 J
b10000 U
b11111 1
b11111 I
b11111 O
b11101 H
b100 W
b11110100 +
b11110100 3
b11110100 9
b11110100 V
1'
#11076000
0'
0%
#11078000
b0 4
b0 :
b0 R
b11 N
b1 M
b101 W
b11110101 +
b11110101 3
b11110101 9
b11110101 V
b11101 1
b11101 I
b11101 O
b1 Q
b0 T
b0 2
b0 J
b0 U
1'
#11079000
b11101100 #
b11101100 )
b11101100 -
b11101100 0
b11101100 7
b11101100 ;
b111 8
b111 <
b111 C
b10101 ?
b10100 >
b11000 B
b10111 E
b11100 6
b11100 F
b11100 G
b10001 5
b10001 @
b10001 L
b0 K
1%
#11080000
0'
#11082000
b1 4
b1 :
b1 R
b10 N
b11 M
b10 Q
b1 T
b1 2
b1 J
b1 U
b11100 H
b110 W
b11110110 +
b11110110 3
b11110110 9
b11110110 V
1'
0%
#11084000
0'
#11085000
b11101101 #
b11101101 )
b11101101 -
b11101101 0
b11101101 7
b11101101 ;
b1000 8
b1000 <
b1000 C
b10111 ?
b10101 >
b0 5
b0 @
b0 L
b1 K
b11001 B
b11000 E
b10100 6
b10100 F
b10100 G
1%
#11086000
b10 4
b10 :
b10 R
0S
b110 N
b10 M
b111 W
b11110111 +
b11110111 3
b11110111 9
b11110111 V
b11100 1
b11100 I
b11100 O
b10100 H
b11 Q
b10 T
b11 2
b11 J
b11 U
1'
#11088000
0'
0%
#11090000
b11 4
b11 :
b11 R
b111 N
b110 M
b100 Q
b11 T
b10 2
b10 J
b10 U
b10100 1
b10100 I
b10100 O
b1000 W
b11111000 +
b11111000 3
b11111000 9
b11111000 V
1'
#11091000
b11101110 #
b11101110 )
b11101110 -
b11101110 0
b11101110 7
b11101110 ;
b1001 8
b1001 <
b1001 C
b10110 ?
b10111 >
b11010 B
b11001 E
b10101 6
b10101 F
b10101 G
b1 5
b1 @
b1 L
b10 K
1%
#11092000
0'
#11094000
b100 4
b100 :
b100 R
b101 N
b111 M
b1001 W
b11111001 +
b11111001 3
b11111001 9
b11111001 V
b10101 H
b101 Q
b100 T
b110 2
b110 J
b110 U
1'
0%
#11096000
0'
#11097000
b11101111 #
b11101111 )
b11101111 -
b11101111 0
b11101111 7
b11101111 ;
b1010 8
b1010 <
b1010 C
b10010 ?
b10110 >
b10 5
b10 @
b10 L
b110 K
b11011 B
b11010 E
b10111 6
b10111 F
b10111 G
1%
#11098000
b101 4
b101 :
b101 R
b100 N
b101 M
b110 Q
b101 T
b111 2
b111 J
b111 U
b10101 1
b10101 I
b10101 O
b10111 H
b1010 W
b11111010 +
b11111010 3
b11111010 9
b11111010 V
1'
#11100000
0'
0%
#11102000
b110 4
b110 :
b110 R
b1100 N
b100 M
b1011 W
b11111011 +
b11111011 3
b11111011 9
b11111011 V
b10111 1
b10111 I
b10111 O
b111 Q
b110 T
b101 2
b101 J
b101 U
1'
#11103000
b11110000 #
b11110000 )
b11110000 -
b11110000 0
b11110000 7
b11110000 ;
b1011 8
b1011 <
b1011 C
b10011 ?
b10010 >
b11100 B
b11011 E
b10110 6
b10110 F
b10110 G
b110 5
b110 @
b110 L
b101 K
1%
#11104000
0'
#11106000
b111 4
b111 :
b111 R
b1101 N
b1100 M
b1000 Q
b111 T
b100 2
b100 J
b100 U
b10110 H
b1100 W
b11111100 +
b11111100 3
b11111100 9
b11111100 V
1'
0%
#11108000
0'
#11109000
b11110001 #
b11110001 )
b11110001 -
b11110001 0
b11110001 7
b11110001 ;
b1100 8
b1100 <
b1100 C
b10001 ?
b10011 >
b101 5
b101 @
b101 L
b100 K
b11101 B
b11100 E
b10010 6
b10010 F
b10010 G
1%
#11110000
0S
b1000 4
b1000 :
b1000 R
b1111 N
b1101 M
b1101 W
b11111101 +
b11111101 3
b11111101 9
b11111101 V
b10110 1
b10110 I
b10110 O
b10010 H
b1001 Q
b1000 T
b1100 2
b1100 J
b1100 U
1'
#11112000
0'
0%
#11114000
b1001 4
b1001 :
b1001 R
b1110 N
b1111 M
b1010 Q
b1001 T
b1101 2
b1101 J
b1101 U
b10010 1
b10010 I
b10010 O
b1110 W
b11111110 +
b11111110 3
b11111110 9
b11111110 V
1'
#11115000
b11110010 #
b11110010 )
b11110010 -
b11110010 0
b11110010 7
b11110010 ;
b1101 8
b1101 <
b1101 C
b10000 ?
b10001 >
b11110 B
b11101 E
b10011 6
b10011 F
b10011 G
b100 5
b100 @
b100 L
b1101 K
1%
#11116000
0'
#11118000
1S
b1010 4
b1010 :
b1010 R
b1010 N
b1110 M
b1111 W
b11111111 +
b11111111 3
b11111111 9
b11111111 V
b10011 H
b1011 Q
b1010 T
b1111 2
b1111 J
b1111 U
1'
0%
#11120000
0'
#11121000
b11110011 #
b11110011 )
b11110011 -
b11110011 0
b11110011 7
b11110011 ;
b1110 8
b1110 <
b1110 C
b0 ?
b10000 >
b1101 5
b1101 @
b1101 L
b1111 K
b11111 B
b11110 E
b10001 6
b10001 F
b10001 G
1%
#11122000
b1011 4
b1011 :
b1011 R
b1011 N
b1010 M
1S
1.
b1100 Q
b1011 T
b1110 2
b1110 J
b1110 U
b10011 1
b10011 I
b10011 O
b10001 H
b0 W
b0 +
b0 3
b0 9
b0 V
1'
#11124000
0'
0%
#11126000
b1100 4
b1100 :
b1100 R
1S
b1001 N
0P
b1011 M
b1 W
b1 +
b1 3
b1 9
b1 V
b10001 1
b10001 I
b10001 O
b1101 Q
b1100 T
b1010 2
b1010 J
b1010 U
1'
#11127000
b11110100 #
b11110100 )
b11110100 -
b11110100 0
b11110100 7
b11110100 ;
b1111 8
b1111 <
b1111 C
b1 ?
0A
b0 >
b0 B
b11111 E
b10000 6
b10000 F
b10000 G
b1111 5
b1111 @
b1111 L
b1010 K
1%
#11128000
0'
#11130000
1P
b1101 4
b1101 :
b1101 R
0S
b1000 N
b1001 M
b1110 Q
b1101 T
b1011 2
b1011 J
b1011 U
b10000 H
b10 W
b10 +
b10 3
b10 9
b10 V
1'
0%
#11132000
0'
#11133000
b11110101 #
b11110101 )
b11110101 -
b11110101 0
b11110101 7
b11110101 ;
b0 8
b0 <
b0 C
b11 ?
b1 >
b1010 5
b1010 @
b1010 L
b1011 K
b1 B
b0 E
b0 6
b0 F
b0 G
1%
#11134000
1S
b1110 4
b1110 :
b1110 R
b1000 N
0P
b1001 M
b11 W
b11 +
b11 3
b11 9
b11 V
b10000 1
b10000 I
b10000 O
b0 H
b1110 Q
b1110 T
b1001 2
b1001 J
b1001 U
1!
0.
1'
#11136000
0'
0%
#11138000
0S
0!
1.
b0 1
b0 I
b0 O
0*
1'
#11139000
b11110110 #
b11110110 )
b11110110 -
b11110110 0
b11110110 7
b11110110 ;
b1 8
b1 <
b1 C
b10 ?
b11 >
b10 B
b1 E
b1 6
b1 F
b1 G
b1011 5
b1011 @
b1011 L
b1001 K
1%
#11140000
0'
#11142000
1S
b11000 N
b1000 M
b1111 Q
b100 W
b100 +
b100 3
b100 9
b100 V
1*
b1 H
0.
1'
0%
#11144000
0'
#11145000
b11110111 #
b11110111 )
b11110111 -
b11110111 0
b11110111 7
b11110111 ;
b10 8
b10 <
b10 C
b110 ?
b10 >
b1001 5
b1001 @
b1001 L
b11 B
b10 E
b11 6
b11 F
b11 G
1%
#11146000
b1111 4
b1111 :
b1111 R
b11001 N
b11000 M
1S
1.
b10000 Q
b1111 T
b1000 2
b1000 J
b1000 U
b1 1
b1 I
b1 O
b11 H
b101 W
b101 +
b101 3
b101 9
b101 V
1'
#11148000
0'
0%
#11150000
b0 4
b0 :
b0 R
1S
b11011 N
0P
b11001 M
b110 W
b110 +
b110 3
b110 9
b110 V
b11 1
b11 I
b11 O
b10001 Q
b10000 T
b11000 2
b11000 J
b11000 U
1'
#11151000
b11111000 #
b11111000 )
b11111000 -
b11111000 0
b11111000 7
b11111000 ;
b11 8
b11 <
b11 C
b111 ?
b110 >
b100 B
b11 E
b10 6
b10 F
b10 G
b11000 K
1%
#11152000
0'
#11154000
1P
b1 4
b1 :
b1 R
0S
b11010 N
b11011 M
b10010 Q
b10001 T
b11001 2
b11001 J
b11001 U
b10 H
b111 W
b111 +
b111 3
b111 9
b111 V
1'
0%
#11156000
0'
#11157000
b11111001 #
b11111001 )
b11111001 -
b11111001 0
b11111001 7
b11111001 ;
b100 8
b100 <
b100 C
b101 ?
b111 >
b11000 5
b11000 @
b11000 L
b11001 K
b101 B
b100 E
b110 6
b110 F
b110 G
1%
#11158000
1S
b10 4
b10 :
b10 R
b11010 N
0P
b11011 M
b1000 W
b1000 +
b1000 3
b1000 9
b1000 V
b10 1
b10 I
b10 O
b110 H
b10010 Q
b10010 T
b11011 2
b11011 J
b11011 U
1!
0.
1'
#11160000
0'
0%
#11162000
0S
0!
1.
b110 1
b110 I
b110 O
0*
1'
#11163000
b11111010 #
b11111010 )
b11111010 -
b11111010 0
b11111010 7
b11111010 ;
b101 8
b101 <
b101 C
b100 ?
b101 >
b110 B
b101 E
b111 6
b111 F
b111 G
b11001 5
b11001 @
b11001 L
b11011 K
1%
#11164000
0'
#11166000
1S
b11110 N
b11010 M
b10011 Q
b1001 W
b1001 +
b1001 3
b1001 9
b1001 V
1*
b111 H
0.
1'
0%
#11168000
0'
#11169000
b11111011 #
b11111011 )
b11111011 -
b11111011 0
b11111011 7
b11111011 ;
b110 8
b110 <
b110 C
b1100 ?
b100 >
b11011 5
b11011 @
b11011 L
b111 B
b110 E
b101 6
b101 F
b101 G
1%
#11170000
b11 4
b11 :
b11 R
b11111 N
b11110 M
1S
1.
b10100 Q
b10011 T
b11010 2
b11010 J
b11010 U
b111 1
b111 I
b111 O
b101 H
b1010 W
b1010 +
b1010 3
b1010 9
b1010 V
1'
#11172000
0'
0%
#11174000
b100 4
b100 :
b100 R
1S
b11101 N
0P
b11111 M
b1011 W
b1011 +
b1011 3
b1011 9
b1011 V
b101 1
b101 I
b101 O
b10101 Q
b10100 T
b11110 2
b11110 J
b11110 U
1'
#11175000
b11111100 #
b11111100 )
b11111100 -
b11111100 0
b11111100 7
b11111100 ;
b111 8
b111 <
b111 C
b1101 ?
b1100 >
b1000 B
b111 E
b100 6
b100 F
b100 G
b11110 K
1%
#11176000
0'
#11178000
1P
b101 4
b101 :
b101 R
0S
b11100 N
b11101 M
b10110 Q
b10101 T
b11111 2
b11111 J
b11111 U
b100 H
b1100 W
b1100 +
b1100 3
b1100 9
b1100 V
1'
0%
#11180000
0'
#11181000
b11111101 #
b11111101 )
b11111101 -
b11111101 0
b11111101 7
b11111101 ;
b1000 8
b1000 <
b1000 C
b1111 ?
b1101 >
b11110 5
b11110 @
b11110 L
b11111 K
b1001 B
b1000 E
b1100 6
b1100 F
b1100 G
1%
#11182000
1S
b110 4
b110 :
b110 R
b11100 N
0P
b11101 M
b1101 W
b1101 +
b1101 3
b1101 9
b1101 V
b100 1
b100 I
b100 O
b1100 H
b10110 Q
b10110 T
b11101 2
b11101 J
b11101 U
1!
0.
1'
#11184000
0'
0%
#11186000
0S
0!
1.
b1100 1
b1100 I
b1100 O
0*
1'
#11187000
b11111110 #
b11111110 )
b11111110 -
b11111110 0
b11111110 7
b11111110 ;
b1001 8
b1001 <
b1001 C
b1110 ?
b1111 >
b1010 B
b1001 E
b1101 6
b1101 F
b1101 G
b11111 5
b11111 @
b11111 L
b11101 K
1%
#11188000
0'
#11190000
1S
b10100 N
b11100 M
b10111 Q
b1110 W
b1110 +
b1110 3
b1110 9
b1110 V
1*
b1101 H
0.
1'
0%
#11192000
0'
#11193000
b11111111 #
b11111111 )
b11111111 -
b11111111 0
b11111111 7
b11111111 ;
b1010 8
b1010 <
b1010 C
b1010 ?
b1110 >
b11101 5
b11101 @
b11101 L
b1011 B
b1010 E
b1111 6
b1111 F
b1111 G
1%
#11194000
b111 4
b111 :
b111 R
b10101 N
b10100 M
1S
1.
b11000 Q
b10111 T
b11100 2
b11100 J
b11100 U
b1101 1
b1101 I
b1101 O
b1111 H
b1111 W
b1111 +
b1111 3
b1111 9
b1111 V
1'
#11196000
0'
0%
#11198000
b1000 4
b1000 :
b1000 R
1S
b10111 N
0P
b10101 M
b0 W
b10000 +
b10000 3
b10000 9
b10000 V
b1111 1
b1111 I
b1111 O
b11001 Q
b11000 T
b10100 2
b10100 J
b10100 U
1'
#11199000
b0 #
b0 )
b0 -
b0 0
b0 7
b0 ;
b1011 8
b1011 <
b1011 C
b1011 ?
b1010 >
b1100 B
b1011 E
b1110 6
b1110 F
b1110 G
b10100 K
1%
#11200000
0'
#11202000
1P
b1001 4
b1001 :
b1001 R
0S
b10110 N
b10111 M
b11010 Q
b11001 T
b10101 2
b10101 J
b10101 U
b1110 H
b1 W
b10001 +
b10001 3
b10001 9
b10001 V
1'
0%
#11204000
0'
#11205000
b1 #
b1 )
b1 -
b1 0
b1 7
b1 ;
b1100 8
b1100 <
b1100 C
b1001 ?
b1011 >
b10100 5
b10100 @
b10100 L
b10101 K
b1101 B
b1100 E
b1010 6
b1010 F
b1010 G
1%
#11206000
1S
b1010 4
b1010 :
b1010 R
b10110 N
0P
b10111 M
b10 W
b10010 +
b10010 3
b10010 9
b10010 V
b1110 1
b1110 I
b1110 O
b1010 H
b11010 Q
b11010 T
b10111 2
b10111 J
b10111 U
1!
0.
1'
#11208000
0'
0%
#11210000
0S
0!
1.
b1010 1
b1010 I
b1010 O
0*
1'
#11211000
b10 #
b10 )
b10 -
b10 0
b10 7
b10 ;
b1101 8
b1101 <
b1101 C
b1000 ?
b1001 >
b1110 B
b1101 E
b1011 6
b1011 F
b1011 G
b10101 5
b10101 @
b10101 L
b10111 K
1%
#11212000
0'
#11214000
1S
b10010 N
b10110 M
b11011 Q
b11 W
b10011 +
b10011 3
b10011 9
b10011 V
1*
b1011 H
0.
1'
0%
#11216000
0'
#11217000
b100 #
b100 )
b100 -
b100 0
b100 7
b100 ;
b1110 8
b1110 <
b1110 C
0D
b11000 ?
b1000 >
b10111 5
b10111 @
b10111 L
b1111 B
b1110 E
b1001 6
b1001 F
b1001 G
1%
#11218000
b1011 4
b1011 :
b1011 R
b10011 N
b10010 M
1S
1.
b11100 Q
b11011 T
b10110 2
b10110 J
b10110 U
b1011 1
b1011 I
b1011 O
b1001 H
b100 W
b10100 +
b10100 3
b10100 9
b10100 V
1'
#11220000
0'
0%
0$
#11222000
b1100 4
b1100 :
b1100 R
0S
b10011 N
0P
b10010 M
0*
b1001 1
b1001 I
b1001 O
b11100 Q
b11100 T
b10010 2
b10010 J
b10010 U
1'
#11223000
b101 #
b101 )
b101 -
b101 0
b101 7
b101 ;
b1111 8
b1111 <
b1111 C
b11001 ?
0A
b11000 >
b10000 B
b1111 E
b1000 6
b1000 F
b1000 G
b10010 K
1%
#11224000
0'
#11226000
0.
b1000 H
1'
0%
#11228000
0'
#11229000
b110 #
b110 )
b110 -
b110 0
b110 7
b110 ;
b0 8
b0 <
b0 C
b11011 ?
b11001 >
b10010 5
b10010 @
b10010 L
b10001 B
b10000 E
b11000 6
b11000 F
b11000 G
1%
#11230000
b1000 1
b1000 I
b1000 O
b11000 H
1'
#11232000
0'
0%
#11234000
b11000 1
b11000 I
b11000 O
1'
#11235000
b111 #
b111 )
b111 -
b111 0
b111 7
b111 ;
b1 8
b1 <
b1 C
b11010 ?
b11011 >
b10010 B
b10001 E
b11001 6
b11001 F
b11001 G
1%
#11236000
0'
#11238000
b11001 H
1'
0%
#11240000
0'
#11241000
b1001 #
b1001 )
b1001 -
b1001 0
b1001 7
b1001 ;
b10 8
b10 <
b10 C
b11110 ?
b11010 >
b10011 B
b10010 E
b11011 6
b11011 F
b11011 G
1%
#11242000
b11001 1
b11001 I
b11001 O
b11011 H
1'
#11244000
0'
0%
#11246000
b11011 1
b11011 I
b11011 O
1'
#11247000
b1010 #
b1010 )
b1010 -
b1010 0
b1010 7
b1010 ;
b11 8
b11 <
b11 C
b11111 ?
b11110 >
b10100 B
b10011 E
b11010 6
b11010 F
b11010 G
1%
#11248000
0'
#11250000
b11010 H
1'
0%
#11252000
0'
#11253000
b1011 #
b1011 )
b1011 -
b1011 0
b1011 7
b1011 ;
b100 8
b100 <
b100 C
b11101 ?
b11111 >
b10101 B
b10100 E
b11110 6
b11110 F
b11110 G
1%
#11254000
b11010 1
b11010 I
b11010 O
b11110 H
1'
#11256000
0'
0%
#11258000
b11110 1
b11110 I
b11110 O
1'
#11259000
b1100 #
b1100 )
b1100 -
b1100 0
b1100 7
b1100 ;
b101 8
b101 <
b101 C
b11100 ?
b11101 >
b10110 B
b10101 E
b11111 6
b11111 F
b11111 G
1%
#11260000
0'
#11262000
b11111 H
1'
0%
#11264000
0'
#11265000
b1110 #
b1110 )
b1110 -
b1110 0
b1110 7
b1110 ;
b110 8
b110 <
b110 C
b10100 ?
b11100 >
b10111 B
b10110 E
b11101 6
b11101 F
b11101 G
1%
#11266000
b11111 1
b11111 I
b11111 O
b11101 H
1'
#11268000
0'
0%
#11270000
b11101 1
b11101 I
b11101 O
1'
#11271000
b1111 #
b1111 )
b1111 -
b1111 0
b1111 7
b1111 ;
b111 8
b111 <
b111 C
b10101 ?
b10100 >
b11000 B
b10111 E
b11100 6
b11100 F
b11100 G
1%
#11272000
0'
#11274000
b11100 H
1'
0%
#11276000
0'
#11277000
b10000 #
b10000 )
b10000 -
b10000 0
b10000 7
b10000 ;
b1000 8
b1000 <
b1000 C
b10111 ?
b10101 >
b11001 B
b11000 E
b10100 6
b10100 F
b10100 G
1%
#11278000
b11100 1
b11100 I
b11100 O
b10100 H
1'
#11280000
0'
0%
#11282000
b10100 1
b10100 I
b10100 O
1'
#11283000
b10001 #
b10001 )
b10001 -
b10001 0
b10001 7
b10001 ;
b1001 8
b1001 <
b1001 C
b10110 ?
b10111 >
b11010 B
b11001 E
b10101 6
b10101 F
b10101 G
1%
#11284000
0'
#11286000
b10101 H
1'
0%
#11288000
0'
#11289000
1D
b10011 #
b10011 )
b10011 -
b10011 0
b10011 7
b10011 ;
b1010 8
b1010 <
b1010 C
b10010 ?
b10110 >
b11011 B
b11010 E
b10111 6
b10111 F
b10111 G
1%
#11290000
b10101 1
b10101 I
b10101 O
b10111 H
1'
#11292000
0'
0%
#11294000
b10111 1
b10111 I
b10111 O
1'
#11295000
1A
b10100 #
b10100 )
b10100 -
b10100 0
b10100 7
b10100 ;
b1011 8
b1011 <
b1011 C
0D
b10011 ?
b10010 >
1/
b11100 B
b11011 E
b10110 6
b10110 F
b10110 G
1%
#11296000
0'
#11298000
b10110 H
1'
0%
#11300000
0'
#11301000
0D
b1 #
b1 )
b1 -
b1 0
b1 7
b1 ;
b1100 8
b1100 <
b1100 C
b10011 ?
1A
b10010 >
b11100 B
b11100 E
b10010 6
b10010 F
b10010 G
1"
0/
1%
#11302000
b10110 1
b10110 I
b10110 O
b10010 H
1'
#11304000
0'
0%
#11306000
b10010 1
b10010 I
b10010 O
1'
#11307000
0,
1%
#11308000
0'
#11310000
1'
0%
#11312000
0'
#11313000
1%
#11314000
1'
#11316000
0'
0%
#11318000
1'
#11319000
1%
#11320000
0'
#11322000
1'
0%
#11324000
0'
#11325000
1%
#11326000
1'
#11328000
0'
0%
#11330000
1'
#11331000
1%
#11332000
0'
#11334000
1'
0%
#11336000
0'
#11337000
1%
#11338000
1'
#11340000
0'
0%
#11342000
1'
#11343000
1%
#11344000
0'
#11346000
1'
0%
#11348000
0'
#11349000
1%
#11350000
1'
#11352000
0'
0%
#11354000
1'
#11355000
1%
#11356000
0'
#11358000
1'
0%
#11360000
0'
#11361000
1%
#11362000
1'
#11364000
0'
0%
#11366000
1'
#11367000
1%
#11368000
0'
#11370000
1'
0%
#11372000
0'
#11373000
1%
#11374000
1'
#11376000
0'
0%
#11378000
1'
#11379000
1%
#11380000
0'
#11382000
1'
0%
#11384000
0'
#11385000
1%
#11386000
1'
#11388000
0'
0%
#11390000
1'
#11391000
1%
#11392000
0'
#11394000
1'
0%
#11396000
0'
#11397000
1%
#11398000
1'
#11400000
0'
0%
#11402000
1'
#11403000
1%
#11404000
0'
#11406000
1'
0%
#11408000
0'
#11409000
1%
#11410000
1'
#11412000
0'
0%
#11414000
1'
#11415000
1%
#11416000
0'
#11418000
1'
0%
#11420000
0'
#11421000
1%
#11422000
1'
#11424000
0'
0%
#11426000
1'
#11427000
1%
#11428000
0'
#11430000
1'
0%
#11432000
0'
#11433000
1%
#11434000
1'
#11436000
0'
0%
#11438000
1'
#11439000
1%
#11440000
0'
#11442000
1'
0%
#11444000
0'
#11445000
1%
#11446000
1'
#11448000
0'
0%
#11450000
1'
#11451000
1%
#11452000
0'
#11454000
1'
0%
#11456000
0'
#11457000
1%
#11458000
1'
#11460000
0'
0%
#11462000
1'
#11463000
1%
#11464000
0'
#11466000
1'
0%
#11468000
0'
#11469000
1%
#11470000
1'
#11472000
0'
0%
#11474000
1'
#11475000
1%
#11476000
0'
#11478000
1'
0%
#11480000
0'
#11481000
1%
#11482000
1'
#11484000
0'
0%
#11486000
1'
#11487000
1%
#11488000
0'
#11490000
1'
0%
#11492000
0'
#11493000
1%
#11494000
1'
#11496000
0'
0%
#11498000
1'
#11499000
1%
#11500000
0'
#11502000
1'
0%
#11504000
0'
#11505000
1%
#11506000
1'
#11508000
0'
0%
#11510000
1'
#11511000
1%
#11512000
0'
#11514000
1'
0%
#11516000
0'
#11517000
1%
#11518000
1'
#11520000
0'
0%
#11522000
1'
#11523000
1%
#11524000
0'
#11526000
1'
0%
#11528000
0'
#11529000
1%
#11530000
1'
#11532000
0'
0%
#11534000
1'
#11535000
1%
#11536000
0'
#11538000
1'
0%
#11540000
0'
#11541000
1%
#11542000
1'
#11544000
0'
0%
#11546000
1'
#11547000
1%
#11548000
0'
#11550000
1'
0%
#11552000
0'
#11553000
1%
#11554000
1'
#11556000
0'
0%
#11558000
1'
#11559000
1%
#11560000
0'
#11562000
1'
0%
#11564000
0'
#11565000
1%
#11566000
1'
#11568000
0'
0%
#11570000
1'
#11571000
1%
#11572000
0'
#11574000
1'
0%
#11576000
0'
#11577000
1%
#11578000
1'
#11580000
0'
0%
#11582000
1'
#11583000
1%
#11584000
0'
#11586000
1'
0%
#11588000
0'
#11589000
1%
#11590000
1'
#11592000
0'
0%
#11594000
1'
#11595000
1%
#11596000
0'
#11598000
1'
0%
#11600000
0'
#11601000
1%
#11602000
1'
#11604000
0'
0%
#11606000
1'
#11607000
1%
#11608000
0'
#11610000
1'
0%
#11612000
0'
#11613000
1%
#11614000
1'
#11616000
0'
0%
#11618000
1'
#11619000
1%
#11620000
0'
#11622000
1'
0%
#11624000
0'
#11625000
1%
#11626000
1'
#11628000
0'
0%
#11630000
1'
#11631000
1%
#11632000
0'
#11634000
1'
0%
#11636000
0'
#11637000
1%
#11638000
1'
#11640000
0'
0%
#11642000
1'
#11643000
1%
#11644000
0'
#11646000
1'
0%
#11648000
0'
#11649000
1%
#11650000
1'
#11652000
0'
0%
#11654000
1'
#11655000
1%
#11656000
0'
#11658000
1'
0%
#11660000
0'
#11661000
1%
#11662000
1'
#11664000
0'
0%
#11666000
1'
#11667000
1%
#11668000
0'
#11670000
1'
0%
#11672000
0'
#11673000
1%
#11674000
1'
#11676000
0'
0%
#11678000
1'
#11679000
1%
#11680000
0'
#11682000
1'
0%
#11684000
0'
#11685000
1%
#11686000
1'
#11688000
0'
0%
#11690000
1'
#11691000
1%
#11692000
0'
#11694000
1'
0%
#11696000
0'
#11697000
1%
#11698000
1'
#11700000
0'
0%
#11702000
1'
#11703000
1%
#11704000
0'
#11706000
1'
0%
#11708000
0'
#11709000
1%
#11710000
1'
#11712000
0'
0%
#11714000
1'
#11715000
1%
#11716000
0'
#11718000
1'
0%
#11720000
0'
#11721000
1%
#11722000
1'
#11724000
0'
0%
#11726000
1'
#11727000
1%
#11728000
0'
#11730000
1'
0%
#11732000
0'
#11733000
1%
#11734000
1'
#11736000
0'
0%
#11738000
1'
#11739000
1%
#11740000
0'
#11742000
1'
0%
#11744000
0'
#11745000
1%
#11746000
1'
#11748000
0'
0%
#11750000
1'
#11751000
1%
#11752000
0'
#11754000
1'
0%
#11756000
0'
#11757000
1%
#11758000
1'
#11760000
0'
0%
#11762000
1'
#11763000
1%
#11764000
0'
#11766000
1'
0%
#11768000
0'
#11769000
1%
#11770000
1'
#11772000
0'
0%
#11774000
1'
#11775000
1%
#11776000
0'
#11778000
1'
0%
#11780000
0'
#11781000
1%
#11782000
1'
#11784000
0'
0%
#11786000
1'
#11787000
1%
#11788000
0'
#11790000
1'
0%
#11792000
0'
#11793000
1%
#11794000
1'
#11796000
0'
0%
#11798000
1'
#11799000
1%
#11800000
0'
#11802000
1'
0%
#11804000
0'
#11805000
1%
#11806000
1'
#11808000
0'
0%
#11810000
1'
#11811000
1%
#11812000
0'
#11814000
1'
0%
#11816000
0'
#11817000
1%
#11818000
1'
#11820000
0'
0%
#11822000
1'
#11823000
1%
#11824000
0'
#11826000
1'
0%
#11828000
0'
#11829000
1%
#11830000
1'
#11832000
0'
0%
#11834000
1'
#11835000
1%
#11836000
0'
#11838000
1'
0%
#11840000
0'
#11841000
1%
#11842000
1'
#11844000
0'
0%
#11846000
1'
#11847000
1%
#11848000
0'
#11850000
1'
0%
#11852000
0'
#11853000
1%
#11854000
1'
#11856000
0'
0%
#11858000
1'
#11859000
1%
#11860000
0'
#11862000
1'
0%
#11864000
0'
#11865000
1%
#11866000
1'
#11868000
0'
0%
#11870000
1'
#11871000
1%
#11872000
0'
#11874000
1'
0%
#11876000
0'
#11877000
1%
#11878000
1'
#11880000
0'
0%
#11882000
1'
#11883000
1%
#11884000
0'
#11886000
1'
0%
#11888000
0'
#11889000
1%
#11890000
1'
#11892000
0'
0%
#11894000
1'
#11895000
1%
#11896000
0'
#11898000
1'
0%
#11900000
0'
#11901000
1%
#11902000
1'
#11904000
0'
0%
#11906000
1'
#11907000
1%
#11908000
0'
#11910000
1'
0%
#11912000
0'
#11913000
1%
#11914000
1'
#11916000
0'
0%
#11918000
1'
#11919000
1%
#11920000
0'
#11922000
1'
0%
#11924000
0'
#11925000
1%
#11926000
1'
#11928000
0'
0%
#11930000
1'
#11931000
1%
#11932000
0'
#11934000
1'
0%
#11936000
0'
#11937000
1%
#11938000
1'
#11940000
0'
0%
#11942000
1'
#11943000
1%
#11944000
0'
#11946000
1'
0%
#11948000
0'
#11949000
1%
#11950000
1'
#11952000
0'
0%
#11954000
1'
#11955000
1%
#11956000
0'
#11958000
1'
0%
#11960000
0'
#11961000
1%
#11962000
1'
#11964000
0'
0%
#11966000
1'
#11967000
1%
#11968000
0'
#11970000
1'
0%
#11972000
0'
#11973000
1%
#11974000
1'
#11976000
0'
0%
#11978000
1'
#11979000
1%
#11980000
0'
#11982000
1'
0%
#11984000
0'
#11985000
1%
#11986000
1'
#11988000
0'
0%
#11990000
1'
#11991000
1%
#11992000
0'
#11994000
1'
0%
#11996000
0'
#11997000
1%
#11998000
1'
#12000000
0'
0%
#12002000
1'
#12003000
1%
#12004000
0'
#12006000
1'
0%
#12008000
0'
#12009000
1%
#12010000
1'
#12012000
0'
0%
#12014000
1'
#12015000
1%
#12016000
0'
#12018000
1'
0%
#12020000
0'
#12021000
1%
#12022000
1'
#12024000
0'
0%
#12026000
1'
#12027000
1%
#12028000
0'
#12030000
1'
0%
#12032000
0'
#12033000
1%
#12034000
1'
#12036000
0'
0%
#12038000
1'
#12039000
1%
#12040000
0'
#12042000
1'
0%
#12044000
0'
#12045000
1%
#12046000
1'
#12048000
0'
0%
#12050000
1'
#12051000
1%
#12052000
0'
#12054000
1'
0%
#12056000
0'
#12057000
1%
#12058000
1'
#12060000
0'
0%
#12062000
1'
#12063000
1%
#12064000
0'
#12066000
1'
0%
#12068000
0'
#12069000
1%
#12070000
1'
#12072000
0'
0%
#12074000
1'
#12075000
1%
#12076000
0'
#12078000
1'
0%
#12080000
0'
#12081000
1%
#12082000
1'
#12084000
0'
0%
#12086000
1'
#12087000
1%
#12088000
0'
#12090000
1'
0%
#12092000
0'
#12093000
1%
#12094000
1'
#12096000
0'
0%
#12098000
1'
#12099000
1%
#12100000
0'
#12102000
1'
0%
#12104000
0'
#12105000
1%
#12106000
1'
#12108000
0'
0%
#12110000
1'
#12111000
1%
#12112000
0'
#12114000
1'
0%
#12116000
0'
#12117000
1%
#12118000
1'
#12120000
0'
0%
#12122000
1'
#12123000
1%
#12124000
0'
#12126000
1'
0%
#12128000
0'
#12129000
1%
#12130000
1'
#12132000
0'
0%
#12134000
1'
#12135000
1%
#12136000
0'
#12138000
1'
0%
#12140000
0'
#12141000
1%
#12142000
1'
#12144000
0'
0%
#12146000
1'
#12147000
1%
#12148000
0'
#12150000
1'
0%
#12152000
0'
#12153000
1%
#12154000
1'
#12156000
0'
0%
#12158000
1'
#12159000
1%
#12160000
0'
#12162000
1'
0%
#12164000
0'
#12165000
1%
#12166000
1'
#12168000
0'
0%
#12170000
1'
#12171000
1%
#12172000
0'
#12174000
1'
0%
#12176000
0'
#12177000
1%
#12178000
1'
#12180000
0'
0%
#12182000
1'
#12183000
1%
#12184000
0'
#12186000
1'
0%
#12188000
0'
#12189000
1%
#12190000
1'
#12192000
0'
0%
#12194000
1'
#12195000
1%
#12196000
0'
#12198000
1'
0%
#12200000
0'
#12201000
1%
#12202000
1'
#12204000
0'
0%
#12206000
1'
#12207000
1%
#12208000
0'
#12210000
1'
0%
#12212000
0'
#12213000
1%
#12214000
1'
#12216000
0'
0%
#12218000
1'
#12219000
1%
#12220000
0'
#12222000
1'
0%
#12224000
0'
#12225000
1%
#12226000
1'
#12228000
0'
0%
#12230000
1'
#12231000
1%
#12232000
0'
#12234000
1'
0%
#12236000
0'
#12237000
1%
#12238000
1'
#12240000
0'
0%
#12242000
1'
#12243000
1%
#12244000
0'
#12246000
1'
0%
#12248000
0'
#12249000
1%
#12250000
1'
#12252000
0'
0%
#12254000
1'
#12255000
1%
#12256000
0'
#12258000
1'
0%
#12260000
0'
#12261000
1%
#12262000
1'
#12264000
0'
0%
#12266000
1'
#12267000
1%
#12268000
0'
#12270000
1'
0%
#12272000
0'
#12273000
1%
#12274000
1'
#12276000
0'
0%
#12278000
1'
#12279000
1%
#12280000
0'
#12282000
1'
0%
#12284000
0'
#12285000
1%
#12286000
1'
#12288000
0'
0%
#12290000
1'
#12291000
1%
#12292000
0'
#12294000
1'
0%
#12296000
0'
#12297000
1%
#12298000
1'
#12300000
0'
0%
#12302000
1'
#12303000
1%
#12304000
0'
#12306000
1'
0%
#12308000
0'
#12309000
1%
#12310000
1'
#12312000
0'
0%
#12314000
1'
#12315000
1%
#12316000
0'
#12318000
1'
0%
#12320000
0'
#12321000
1%
#12322000
1'
#12324000
0'
0%
#12326000
1'
#12327000
1%
#12328000
0'
#12330000
1'
0%
#12332000
0'
#12333000
1%
#12334000
1'
#12336000
0'
0%
#12338000
1'
#12339000
1%
#12340000
0'
#12342000
1'
0%
#12344000
0'
#12345000
1%
#12346000
1'
#12348000
0'
0%
#12350000
1'
#12351000
1%
#12352000
0'
#12354000
1'
0%
#12356000
0'
#12357000
1%
#12358000
1'
#12360000
0'
0%
#12362000
1'
#12363000
1%
#12364000
0'
#12366000
1'
0%
#12368000
0'
#12369000
1%
#12370000
1'
#12372000
0'
0%
#12374000
1'
#12375000
1%
#12376000
0'
#12378000
1'
0%
#12380000
0'
#12381000
1%
#12382000
1'
#12384000
0'
0%
#12386000
1'
#12387000
1%
#12388000
0'
#12390000
1'
0%
#12392000
0'
#12393000
1%
#12394000
1'
#12396000
0'
0%
#12398000
1'
#12399000
1%
#12400000
0'
#12402000
1'
0%
#12404000
0'
#12405000
1%
#12406000
1'
#12408000
0'
0%
#12410000
1'
#12411000
1%
#12412000
0'
#12414000
1'
0%
#12416000
0'
#12417000
1%
#12418000
1'
#12420000
0'
0%
#12422000
1'
#12423000
1%
#12424000
0'
#12426000
1'
0%
#12428000
0'
#12429000
1%
#12430000
1'
#12432000
0'
0%
#12434000
1'
#12435000
1%
#12436000
0'
#12438000
1'
0%
#12440000
0'
#12441000
1%
#12442000
1'
#12444000
0'
0%
#12446000
1'
#12447000
1%
#12448000
0'
#12450000
1'
0%
#12452000
0'
#12453000
1%
#12454000
1'
#12456000
0'
0%
#12458000
1'
#12459000
1%
#12460000
0'
#12462000
1'
0%
#12464000
0'
#12465000
1%
#12466000
1'
#12468000
0'
0%
#12470000
1'
#12471000
1%
#12472000
0'
#12474000
1'
0%
#12476000
0'
#12477000
1%
#12478000
1'
#12480000
0'
0%
#12482000
1'
#12483000
1%
#12484000
0'
#12486000
1'
0%
#12488000
0'
#12489000
1%
#12490000
1'
#12492000
0'
0%
#12494000
1'
#12495000
1%
#12496000
0'
#12498000
1'
0%
#12500000
0'
#12501000
1%
#12502000
1'
#12504000
0'
0%
#12506000
1'
#12507000
1%
#12508000
0'
#12510000
1'
0%
#12512000
0'
#12513000
1%
#12514000
1'
#12516000
0'
0%
#12518000
1'
#12519000
1%
#12520000
0'
#12522000
1'
0%
#12524000
0'
#12525000
1%
#12526000
1'
#12528000
0'
0%
#12530000
1'
#12531000
1%
#12532000
0'
#12534000
1'
0%
#12536000
0'
#12537000
1%
#12538000
1'
#12540000
0'
0%
#12542000
1'
#12543000
1%
#12544000
0'
#12546000
1'
0%
#12548000
0'
#12549000
1%
#12550000
1'
#12552000
0'
0%
#12554000
1'
#12555000
1%
#12556000
0'
#12558000
1'
0%
#12560000
0'
#12561000
1%
#12562000
1'
#12564000
0'
0%
#12566000
1'
#12567000
1%
#12568000
0'
#12570000
1'
0%
#12572000
0'
#12573000
1%
#12574000
1'
#12576000
0'
0%
#12578000
1'
#12579000
1%
#12580000
0'
#12582000
1'
0%
#12584000
0'
#12585000
1%
#12586000
1'
#12588000
0'
0%
#12590000
1'
#12591000
1%
#12592000
0'
#12594000
1'
0%
#12596000
0'
#12597000
1%
#12598000
1'
#12600000
0'
0%
#12602000
1'
#12603000
1%
#12604000
0'
#12606000
1'
0%
#12608000
0'
#12609000
1%
#12610000
1'
#12612000
0'
0%
#12614000
1'
#12615000
1%
#12616000
0'
#12618000
1'
0%
#12620000
0'
#12621000
1%
#12622000
1'
#12624000
0'
0%
#12626000
1'
#12627000
1%
#12628000
0'
#12630000
1'
0%
#12632000
0'
#12633000
1%
#12634000
1'
#12636000
0'
0%
#12638000
1'
#12639000
1%
#12640000
0'
#12642000
1'
0%
#12644000
0'
#12645000
1%
#12646000
1'
#12648000
0'
0%
#12650000
1'
#12651000
1%
#12652000
0'
#12654000
1'
0%
#12656000
0'
#12657000
1%
#12658000
1'
#12660000
0'
0%
#12662000
1'
#12663000
1%
#12664000
0'
#12666000
1'
0%
#12668000
0'
#12669000
1%
#12670000
1'
#12672000
0'
0%
#12674000
1'
#12675000
1%
#12676000
0'
#12678000
1'
0%
#12680000
0'
#12681000
1%
#12682000
1'
#12684000
0'
0%
#12686000
1'
#12687000
1%
#12688000
0'
#12690000
1'
0%
#12692000
0'
#12693000
1%
#12694000
1'
#12696000
0'
0%
#12698000
1'
#12699000
1%
#12700000
0'
#12702000
1'
0%
#12704000
0'
#12705000
1%
#12706000
1'
#12708000
0'
0%
#12710000
1'
#12711000
1%
#12712000
0'
#12714000
1'
0%
#12716000
0'
#12717000
1%
#12718000
1'
#12720000
0'
0%
#12722000
1'
#12723000
1%
#12724000
0'
#12726000
1'
0%
#12728000
0'
#12729000
1%
#12730000
1'
#12732000
0'
0%
#12734000
1'
#12735000
1%
#12736000
0'
#12738000
1'
0%
#12740000
0'
#12741000
1%
#12742000
1'
#12744000
0'
0%
#12746000
1'
#12747000
1%
#12748000
0'
#12750000
1'
0%
#12752000
0'
#12753000
1%
#12754000
1'
#12756000
0'
0%
#12758000
1'
#12759000
1%
#12760000
0'
#12762000
1'
0%
#12764000
0'
#12765000
1%
#12766000
1'
#12768000
0'
0%
#12770000
1'
#12771000
1%
#12772000
0'
#12774000
1'
0%
#12776000
0'
#12777000
1%
#12778000
1'
#12780000
0'
0%
#12782000
1'
#12783000
1%
#12784000
0'
#12786000
1'
0%
#12788000
0'
#12789000
1%
#12790000
1'
#12792000
0'
0%
#12794000
1'
#12795000
1%
#12796000
0'
#12798000
1'
0%
#12800000
0'
#12801000
1%
#12802000
1'
#12804000
0'
0%
#12806000
1'
#12807000
1%
#12808000
0'
#12810000
1'
0%
#12812000
0'
#12813000
1%
#12814000
1'
#12816000
0'
0%
#12818000
1'
#12819000
1%
#12820000
0'
#12822000
1'
0%
#12824000
0'
#12825000
1%
#12826000
1'
#12828000
0'
0%
#12830000
1'
#12831000
1%
#12832000
0'
#12834000
1'
0%
#12836000
0'
#12837000
1%
#12838000
1'
#12840000
0'
0%
#12842000
1'
#12843000
1%
#12844000
0'
#12846000
1'
0%
#12848000
0'
#12849000
1%
#12850000
1'
#12852000
0'
0%
#12854000
1'
#12855000
1%
#12856000
0'
#12858000
1'
0%
#12860000
0'
#12861000
1%
#12862000
1'
#12864000
0'
0%
#12866000
1'
#12867000
1%
#12868000
0'
#12870000
1'
0%
#12872000
0'
#12873000
1%
#12874000
1'
#12876000
0'
0%
#12878000
1'
#12879000
1%
#12880000
0'
#12882000
1'
0%
#12884000
0'
#12885000
1%
#12886000
1'
#12888000
0'
0%
#12890000
1'
#12891000
1%
#12892000
0'
#12894000
1'
0%
#12896000
0'
#12897000
1%
#12898000
1'
#12900000
0'
0%
#12902000
1'
#12903000
1%
#12904000
0'
#12906000
1'
0%
#12908000
0'
#12909000
1%
#12910000
1'
#12912000
0'
0%
#12914000
1'
#12915000
1%
#12916000
0'
#12918000
1'
0%
#12920000
0'
#12921000
1%
#12922000
1'
#12924000
0'
0%
#12926000
1'
#12927000
1%
#12928000
0'
#12930000
1'
0%
#12932000
0'
#12933000
1%
#12934000
1'
#12936000
0'
0%
#12938000
1'
#12939000
1%
#12940000
0'
#12942000
1'
0%
#12944000
0'
#12945000
1%
#12946000
1'
#12948000
0'
0%
#12950000
1'
#12951000
1%
#12952000
0'
#12954000
1'
0%
#12956000
0'
#12957000
1%
#12958000
1'
#12960000
0'
0%
#12962000
1'
#12963000
1%
#12964000
0'
#12966000
1'
0%
#12968000
0'
#12969000
1%
#12970000
1'
#12972000
0'
0%
#12974000
1'
#12975000
1%
#12976000
0'
#12978000
1'
0%
#12980000
0'
#12981000
1%
#12982000
1'
#12984000
0'
0%
#12986000
1'
#12987000
1%
#12988000
0'
#12990000
1'
0%
#12992000
0'
#12993000
1%
#12994000
1'
#12996000
0'
0%
#12998000
1'
#12999000
1%
#13000000
0'
#13002000
1'
0%
#13004000
0'
#13005000
1%
#13006000
1'
#13008000
0'
0%
#13010000
1'
#13011000
1%
#13012000
0'
#13014000
1'
0%
#13016000
0'
#13017000
1%
#13018000
1'
#13020000
0'
0%
#13022000
1'
#13023000
1%
#13024000
0'
#13026000
1'
0%
#13028000
0'
#13029000
1%
#13030000
1'
#13032000
0'
0%
#13034000
1'
#13035000
1%
#13036000
0'
#13038000
1'
0%
#13040000
0'
#13041000
1%
#13042000
1'
#13044000
0'
0%
#13046000
1'
#13047000
1%
#13048000
0'
#13050000
1'
0%
#13052000
0'
#13053000
1%
#13054000
1'
#13056000
0'
0%
#13058000
1'
#13059000
1%
#13060000
0'
#13062000
1'
0%
#13064000
0'
#13065000
1%
#13066000
1'
#13068000
0'
0%
#13070000
1'
#13071000
1%
#13072000
0'
#13074000
1'
0%
#13076000
0'
#13077000
1%
#13078000
1'
#13080000
0'
0%
#13082000
1'
#13083000
1%
#13084000
0'
#13086000
1'
0%
#13088000
0'
#13089000
1%
#13090000
1'
#13092000
0'
0%
#13094000
1'
#13095000
1%
#13096000
0'
#13098000
1'
0%
#13100000
0'
#13101000
1%
#13102000
1'
#13104000
0'
0%
#13106000
1'
#13107000
1%
#13108000
0'
#13110000
1'
0%
#13112000
0'
#13113000
1%
#13114000
1'
#13116000
0'
0%
#13118000
1'
#13119000
1%
#13120000
0'
#13122000
1'
0%
#13124000
0'
#13125000
1%
#13126000
1'
#13128000
0'
0%
#13130000
1'
#13131000
1%
#13132000
0'
#13134000
1'
0%
#13136000
0'
#13137000
1%
#13138000
1'
#13140000
0'
0%
#13142000
1'
#13143000
1%
#13144000
0'
#13146000
1'
0%
#13148000
0'
#13149000
1%
#13150000
1'
#13152000
0'
0%
#13154000
1'
#13155000
1%
#13156000
0'
#13158000
1'
0%
#13160000
0'
#13161000
1%
#13162000
1'
#13164000
0'
0%
#13166000
1'
#13167000
1%
#13168000
0'
#13170000
1'
0%
#13172000
0'
#13173000
1%
#13174000
1'
#13176000
0'
0%
#13178000
1'
#13179000
1%
#13180000
0'
#13182000
1'
0%
#13184000
0'
#13185000
1%
#13186000
1'
#13188000
0'
0%
#13190000
1'
#13191000
1%
#13192000
0'
#13194000
1'
0%
#13196000
0'
#13197000
1%
#13198000
1'
#13200000
0'
0%
#13202000
1'
#13203000
1%
#13204000
0'
#13206000
1'
0%
#13208000
0'
#13209000
1%
#13210000
1'
#13212000
0'
0%
#13214000
1'
#13215000
1%
#13216000
0'
#13218000
1'
0%
#13220000
0'
1$
#13221000
1%
#13222000
b10001 N
b10011 M
b11101 Q
b101 W
b10101 +
b10101 3
b10101 9
b10101 V
1*
1'
#13224000
0'
0%
#13226000
b1101 4
b1101 :
b1101 R
b10000 N
b10001 M
b10101 #
b10101 )
b10101 -
b10101 0
b10101 7
b10101 ;
b11110 Q
b11101 T
b10011 2
b10011 J
b10011 U
b110 W
b10110 +
b10110 3
b10110 9
b10110 V
1'
#13227000
b10011 K
1%
#13228000
0'
#13230000
b1110 4
b1110 :
b1110 R
b0 N
b10000 M
b111 W
b10111 +
b10111 3
b10111 9
b10111 V
b11111 Q
b11110 T
b10001 2
b10001 J
b10001 U
1'
0%
#13232000
0'
#13233000
1D
0A
b10011 5
b10011 @
b10011 L
b10001 K
1%
#13234000
b1111 4
b1111 :
b1111 R
b1 N
b0 M
b0 Q
b11111 T
b10000 2
b10000 J
b10000 U
b1000 W
b11000 +
b11000 3
b11000 9
b11000 V
1'
#13236000
0'
0%
#13238000
b0 4
b0 :
b0 R
b11 N
b1 M
b1001 W
b11001 +
b11001 3
b11001 9
b11001 V
b1 Q
b0 T
b0 2
b0 J
b0 U
1'
#13239000
0"
1/
0D
b10001 5
b10001 @
b10001 L
b0 K
1%
#13240000
0'
#13242000
b1 4
b1 :
b1 R
b10 N
b11 M
b10 Q
b1 T
b1 2
b1 J
b1 U
b1010 W
b11010 +
b11010 3
b11010 9
b11010 V
1'
0%
#13244000
0'
#13245000
b10001 ?
b10011 >
b11101 B
b0 5
b0 @
b0 L
b1 K
0/
1,
1%
#13246000
b10 4
b10 :
b10 R
b110 N
b10 M
b1011 W
b11011 +
b11011 3
b11011 9
b11011 V
b11 Q
b10 T
b11 2
b11 J
b11 U
1'
#13248000
0'
0%
#13250000
b11 4
b11 :
b11 R
b111 N
b110 M
b100 Q
b11 T
b10 2
b10 J
b10 U
b1100 W
b11100 +
b11100 3
b11100 9
b11100 V
1'
#13251000
b10110 #
b10110 )
b10110 -
b10110 0
b10110 7
b10110 ;
b1101 8
b1101 <
b1101 C
b10000 ?
b10001 >
b11110 B
b11101 E
b10011 6
b10011 F
b10011 G
b1 5
b1 @
b1 L
b10 K
1%
#13252000
0'
#13254000
b100 4
b100 :
b100 R
b101 N
b111 M
b1101 W
b11101 +
b11101 3
b11101 9
b11101 V
b10011 H
b101 Q
b100 T
b110 2
b110 J
b110 U
1'
0%
#13256000
0'
#13257000
b10111 #
b10111 )
b10111 -
b10111 0
b10111 7
b10111 ;
b1110 8
b1110 <
b1110 C
b0 ?
b10000 >
b10 5
b10 @
b10 L
b110 K
b11111 B
b11110 E
b10001 6
b10001 F
b10001 G
1%
#13258000
b101 4
b101 :
b101 R
b100 N
b101 M
b110 Q
b101 T
b111 2
b111 J
b111 U
b10011 1
b10011 I
b10011 O
b10001 H
b1110 W
b11110 +
b11110 3
b11110 9
b11110 V
1'
#13260000
0'
0%
#13262000
b110 4
b110 :
b110 R
0S
b1100 N
b100 M
b1111 W
b11111 +
b11111 3
b11111 9
b11111 V
b10001 1
b10001 I
b10001 O
b111 Q
b110 T
b101 2
b101 J
b101 U
1'
#13263000
b11000 #
b11000 )
b11000 -
b11000 0
b11000 7
b11000 ;
b1111 8
b1111 <
b1111 C
b1 ?
b0 >
b0 B
b11111 E
b10000 6
b10000 F
b10000 G
b110 5
b110 @
b110 L
b101 K
1%
#13264000
0'
#13266000
b111 4
b111 :
b111 R
b1101 N
b1100 M
b1000 Q
b111 T
b100 2
b100 J
b100 U
b10000 H
b0 W
b100000 +
b100000 3
b100000 9
b100000 V
1'
0%
#13268000
0'
#13269000
b11001 #
b11001 )
b11001 -
b11001 0
b11001 7
b11001 ;
b0 8
b0 <
b0 C
b11 ?
b1 >
b101 5
b101 @
b101 L
b100 K
b1 B
b0 E
b0 6
b0 F
b0 G
1%
#13270000
b1000 4
b1000 :
b1000 R
b1111 N
b1101 M
b1 W
b100001 +
b100001 3
b100001 9
b100001 V
b10000 1
b10000 I
b10000 O
b0 H
b1001 Q
b1000 T
b1100 2
b1100 J
b1100 U
1'
#13272000
0'
0%
#13274000
b1001 4
b1001 :
b1001 R
b1110 N
b1111 M
b1010 Q
b1001 T
b1101 2
b1101 J
b1101 U
b0 1
b0 I
b0 O
b10 W
b100010 +
b100010 3
b100010 9
b100010 V
1'
#13275000
b11010 #
b11010 )
b11010 -
b11010 0
b11010 7
b11010 ;
b1 8
b1 <
b1 C
b10 ?
b11 >
b10 B
b1 E
b1 6
b1 F
b1 G
b100 5
b100 @
b100 L
b1101 K
1%
#13276000
0'
#13278000
b1010 4
b1010 :
b1010 R
b1010 N
b1110 M
b11 W
b100011 +
b100011 3
b100011 9
b100011 V
b1 H
b1011 Q
b1010 T
b1111 2
b1111 J
b1111 U
1'
0%
#13280000
0'
#13281000
b11011 #
b11011 )
b11011 -
b11011 0
b11011 7
b11011 ;
b10 8
b10 <
b10 C
b110 ?
b10 >
b1101 5
b1101 @
b1101 L
b1111 K
b11 B
b10 E
b11 6
b11 F
b11 G
1%
#13282000
b1011 4
b1011 :
b1011 R
b1011 N
b1010 M
b1100 Q
b1011 T
b1110 2
b1110 J
b1110 U
b1 1
b1 I
b1 O
b11 H
b100 W
b100100 +
b100100 3
b100100 9
b100100 V
1'
#13284000
0'
0%
#13286000
b1100 4
b1100 :
b1100 R
b1001 N
b1011 M
b101 W
b100101 +
b100101 3
b100101 9
b100101 V
b11 1
b11 I
b11 O
b1101 Q
b1100 T
b1010 2
b1010 J
b1010 U
1'
#13287000
b11100 #
b11100 )
b11100 -
b11100 0
b11100 7
b11100 ;
b11 8
b11 <
b11 C
b111 ?
b110 >
b100 B
b11 E
b10 6
b10 F
b10 G
b1111 5
b1111 @
b1111 L
b1010 K
1%
#13288000
0'
#13290000
b1101 4
b1101 :
b1101 R
b1000 N
b1001 M
b1110 Q
b1101 T
b1011 2
b1011 J
b1011 U
b10 H
b110 W
b100110 +
b100110 3
b100110 9
b100110 V
1'
0%
#13292000
0'
#13293000
b11101 #
b11101 )
b11101 -
b11101 0
b11101 7
b11101 ;
b100 8
b100 <
b100 C
b101 ?
b111 >
b1010 5
b1010 @
b1010 L
b1011 K
b101 B
b100 E
b110 6
b110 F
b110 G
1%
#13294000
b1110 4
b1110 :
b1110 R
b11000 N
b1000 M
b111 W
b100111 +
b100111 3
b100111 9
b100111 V
b10 1
b10 I
b10 O
b110 H
b1111 Q
b1110 T
b1001 2
b1001 J
b1001 U
1'
#13296000
0'
0%
#13298000
b1111 4
b1111 :
b1111 R
b11001 N
b11000 M
b10000 Q
b1111 T
b1000 2
b1000 J
b1000 U
b110 1
b110 I
b110 O
b1000 W
b101000 +
b101000 3
b101000 9
b101000 V
1'
#13299000
b11110 #
b11110 )
b11110 -
b11110 0
b11110 7
b11110 ;
b101 8
b101 <
b101 C
b100 ?
b101 >
b110 B
b101 E
b111 6
b111 F
b111 G
b1011 5
b1011 @
b1011 L
b1000 K
1%
#13300000
0'
#13302000
b0 4
b0 :
b0 R
b11011 N
b11001 M
b1001 W
b101001 +
b101001 3
b101001 9
b101001 V
b111 H
b10001 Q
b10000 T
b11000 2
b11000 J
b11000 U
1'
0%
#13304000
0'
#13305000
b11111 #
b11111 )
b11111 -
b11111 0
b11111 7
b11111 ;
b110 8
b110 <
b110 C
b1100 ?
b100 >
b1000 5
b1000 @
b1000 L
b11000 K
b111 B
b110 E
b101 6
b101 F
b101 G
1%
#13306000
b1 4
b1 :
b1 R
b11010 N
b11011 M
b10010 Q
b10001 T
b11001 2
b11001 J
b11001 U
b111 1
b111 I
b111 O
b101 H
b1010 W
b101010 +
b101010 3
b101010 9
b101010 V
1'
#13308000
0'
0%
#13310000
0S
b10 4
b10 :
b10 R
b11110 N
b11010 M
b1011 W
b101011 +
b101011 3
b101011 9
b101011 V
b101 1
b101 I
b101 O
b10011 Q
b10010 T
b11011 2
b11011 J
b11011 U
1'
#13311000
b100000 #
b100000 )
b100000 -
b100000 0
b100000 7
b100000 ;
b111 8
b111 <
b111 C
b1101 ?
b1100 >
b1000 B
b111 E
b100 6
b100 F
b100 G
b11000 5
b11000 @
b11000 L
b11011 K
1%
#13312000
0'
#13314000
b11 4
b11 :
b11 R
b11111 N
0P
b11110 M
b10100 Q
b10011 T
b11010 2
b11010 J
b11010 U
b100 H
b1100 W
b101100 +
b101100 3
b101100 9
b101100 V
1'
0%
#13316000
0'
#13317000
b100001 #
b100001 )
b100001 -
b100001 0
b100001 7
b100001 ;
b1000 8
b1000 <
b1000 C
b1111 ?
b1101 >
b11011 5
b11011 @
b11011 L
b11010 K
b1001 B
b1000 E
b1100 6
b1100 F
b1100 G
1%
#13318000
0S
b100 4
b100 :
b100 R
b11101 N
b11111 M
b1101 W
b101101 +
b101101 3
b101101 9
b101101 V
b100 1
b100 I
b100 O
b1100 H
b10101 Q
b10100 T
b11110 2
b11110 J
b11110 U
1'
#13320000
0'
0%
#13322000
b101 4
b101 :
b101 R
0S
b11100 N
0P
b11101 M
b10110 Q
b10101 T
b11111 2
b11111 J
b11111 U
b1100 1
b1100 I
b1100 O
b1110 W
b101110 +
b101110 3
b101110 9
b101110 V
1'
#13323000
b100010 #
b100010 )
b100010 -
b100010 0
b100010 7
b100010 ;
b1001 8
b1001 <
b1001 C
b1110 ?
b1111 >
b1010 B
b1001 E
b1101 6
b1101 F
b1101 G
b11010 5
b11010 @
b11010 L
b11111 K
1%
#13324000
0'
#13326000
1S
b110 4
b110 :
b110 R
b10100 N
b11100 M
b1111 W
b101111 +
b101111 3
b101111 9
b101111 V
b1101 H
b10111 Q
b10110 T
b11101 2
b11101 J
b11101 U
1'
0%
#13328000
0'
#13329000
b100011 #
b100011 )
b100011 -
b100011 0
b100011 7
b100011 ;
b1010 8
b1010 <
b1010 C
b1010 ?
b1110 >
b11111 5
b11111 @
b11111 L
b11101 K
b1011 B
b1010 E
b1111 6
b1111 F
b1111 G
1%
#13330000
b111 4
b111 :
b111 R
b10101 N
b10100 M
1S
1.
b11000 Q
b10111 T
b11100 2
b11100 J
b11100 U
b1101 1
b1101 I
b1101 O
b1111 H
b0 W
b110000 +
b110000 3
b110000 9
b110000 V
1'
#13332000
0'
0%
#13334000
b1000 4
b1000 :
b1000 R
1S
b10111 N
0P
b10101 M
b1 W
b110001 +
b110001 3
b110001 9
b110001 V
b1111 1
b1111 I
b1111 O
b11001 Q
b11000 T
b10100 2
b10100 J
b10100 U
1'
#13335000
b100100 #
b100100 )
b100100 -
b100100 0
b100100 7
b100100 ;
b1011 8
b1011 <
b1011 C
b1011 ?
b1010 >
b1100 B
b1011 E
b1110 6
b1110 F
b1110 G
b11101 5
b11101 @
b11101 L
b10100 K
1%
#13336000
0'
#13338000
1P
b1001 4
b1001 :
b1001 R
0S
b10110 N
b10111 M
b11010 Q
b11001 T
b10101 2
b10101 J
b10101 U
b1110 H
b10 W
b110010 +
b110010 3
b110010 9
b110010 V
1'
0%
#13340000
0'
#13341000
b100101 #
b100101 )
b100101 -
b100101 0
b100101 7
b100101 ;
b1100 8
b1100 <
b1100 C
b1001 ?
b1011 >
b10100 5
b10100 @
b10100 L
b10101 K
b1101 B
b1100 E
b1010 6
b1010 F
b1010 G
1%
#13342000
1S
b1010 4
b1010 :
b1010 R
b10110 N
0P
b10111 M
b11 W
b110011 +
b110011 3
b110011 9
b110011 V
b1110 1
b1110 I
b1110 O
b1010 H
b11010 Q
b11010 T
b10111 2
b10111 J
b10111 U
1!
0.
1'
#13344000
0'
0%
#13346000
0S
0!
1.
b1010 1
b1010 I
b1010 O
0*
1'
#13347000
b100110 #
b100110 )
b100110 -
b100110 0
b100110 7
b100110 ;
b1101 8
b1101 <
b1101 C
b1000 ?
b1001 >
b1110 B
b1101 E
b1011 6
b1011 F
b1011 G
b10101 5
b10101 @
b10101 L
b10111 K
1%
#13348000
0'
#13350000
1S
b10010 N
b10110 M
b11011 Q
b100 W
b110100 +
b110100 3
b110100 9
b110100 V
1*
b1011 H
0.
1'
0%
#13352000
0'
#13353000
b100111 #
b100111 )
b100111 -
b100111 0
b100111 7
b100111 ;
b1110 8
b1110 <
b1110 C
0D
b11000 ?
b1000 >
b10111 5
b10111 @
b10111 L
b1111 B
b1110 E
b1001 6
b1001 F
b1001 G
1%
#13354000
b1011 4
b1011 :
b1011 R
b10011 N
b10010 M
1S
1.
b11100 Q
b11011 T
b10110 2
b10110 J
b10110 U
b1011 1
b1011 I
b1011 O
b1001 H
b101 W
b110101 +
b110101 3
b110101 9
b110101 V
1'
#13356000
0'
0%
#13358000
b1100 4
b1100 :
b1100 R
1S
b10001 N
0P
b10011 M
b110 W
b110110 +
b110110 3
b110110 9
b110110 V
b1001 1
b1001 I
b1001 O
b11101 Q
b11100 T
b10010 2
b10010 J
b10010 U
1'
#13359000
b101000 #
b101000 )
b101000 -
b101000 0
b101000 7
b101000 ;
b1111 8
b1111 <
b1111 C
b11001 ?
0A
b11000 >
b10000 B
b1111 E
b1000 6
b1000 F
b1000 G
b10010 K
1%
#13360000
0'
#13362000
1P
b1101 4
b1101 :
b1101 R
0S
b10000 N
b10001 M
b11110 Q
b11101 T
b10011 2
b10011 J
b10011 U
b1000 H
b111 W
b110111 +
b110111 3
b110111 9
b110111 V
1'
0%
#13364000
0'
#13365000
b101001 #
b101001 )
b101001 -
b101001 0
b101001 7
b101001 ;
b0 8
b0 <
b0 C
b11011 ?
b11001 >
b10010 5
b10010 @
b10010 L
b10011 K
b10001 B
b10000 E
b11000 6
b11000 F
b11000 G
1%
#13366000
1S
b1110 4
b1110 :
b1110 R
b10000 N
0P
b10001 M
b1000 W
b111000 +
b111000 3
b111000 9
b111000 V
b1000 1
b1000 I
b1000 O
b11000 H
b11110 Q
b11110 T
b10001 2
b10001 J
b10001 U
1!
0.
1'
#13368000
0'
0%
#13370000
0S
0!
1.
b11000 1
b11000 I
b11000 O
0*
1'
#13371000
b101010 #
b101010 )
b101010 -
b101010 0
b101010 7
b101010 ;
b1 8
b1 <
b1 C
b11010 ?
b11011 >
b10010 B
b10001 E
b11001 6
b11001 F
b11001 G
b10011 5
b10011 @
b10011 L
b10001 K
1%
#13372000
0'
#13374000
1S
b0 N
b10000 M
b11111 Q
b1001 W
b111001 +
b111001 3
b111001 9
b111001 V
1*
b11001 H
0.
1'
0%
#13376000
0'
#13377000
b101011 #
b101011 )
b101011 -
b101011 0
b101011 7
b101011 ;
b10 8
b10 <
b10 C
b11110 ?
b11010 >
b10001 5
b10001 @
b10001 L
b10011 B
b10010 E
b11011 6
b11011 F
b11011 G
1%
#13378000
b1111 4
b1111 :
b1111 R
b1 N
b0 M
1S
1.
b0 Q
b11111 T
b10000 2
b10000 J
b10000 U
b11001 1
b11001 I
b11001 O
b11011 H
b1010 W
b111010 +
b111010 3
b111010 9
b111010 V
1'
#13380000
0'
0%
#13382000
b0 4
b0 :
b0 R
1S
b11 N
0P
b1 M
b1011 W
b111011 +
b111011 3
b111011 9
b111011 V
b11011 1
b11011 I
b11011 O
b1 Q
b0 T
b0 2
b0 J
b0 U
1'
#13383000
b101100 #
b101100 )
b101100 -
b101100 0
b101100 7
b101100 ;
b11 8
b11 <
b11 C
b11111 ?
b11110 >
b10100 B
b10011 E
b11010 6
b11010 F
b11010 G
b0 K
1%
#13384000
0'
#13386000
1P
b1 4
b1 :
b1 R
0S
b10 N
b11 M
b10 Q
b1 T
b1 2
b1 J
b1 U
b11010 H
b1100 W
b111100 +
b111100 3
b111100 9
b111100 V
1'
0%
#13388000
0'
#13389000
b101101 #
b101101 )
b101101 -
b101101 0
b101101 7
b101101 ;
b100 8
b100 <
b100 C
b11101 ?
b11111 >
b0 5
b0 @
b0 L
b1 K
b10101 B
b10100 E
b11110 6
b11110 F
b11110 G
1%
#13390000
1S
b10 4
b10 :
b10 R
b10 N
0P
b11 M
b1101 W
b111101 +
b111101 3
b111101 9
b111101 V
b11010 1
b11010 I
b11010 O
b11110 H
b10 Q
b10 T
b11 2
b11 J
b11 U
1!
0.
1'
#13392000
0'
0%
#13394000
0S
0!
1.
b11110 1
b11110 I
b11110 O
0*
1'
#13395000
b101110 #
b101110 )
b101110 -
b101110 0
b101110 7
b101110 ;
b101 8
b101 <
b101 C
b11100 ?
b11101 >
b10110 B
b10101 E
b11111 6
b11111 F
b11111 G
b1 5
b1 @
b1 L
b11 K
1%
#13396000
0'
#13398000
1S
b110 N
b10 M
b11 Q
b1110 W
b111110 +
b111110 3
b111110 9
b111110 V
1*
b11111 H
0.
1'
0%
#13400000
0'
#13401000
b101111 #
b101111 )
b101111 -
b101111 0
b101111 7
b101111 ;
b110 8
b110 <
b110 C
b10100 ?
b11100 >
b11 5
b11 @
b11 L
b10111 B
b10110 E
b11101 6
b11101 F
b11101 G
1%
#13402000
b11 4
b11 :
b11 R
b111 N
b110 M
1S
1.
b100 Q
b11 T
b10 2
b10 J
b10 U
b11111 1
b11111 I
b11111 O
b11101 H
b1111 W
b111111 +
b111111 3
b111111 9
b111111 V
1'
#13404000
0'
0%
#13406000
b100 4
b100 :
b100 R
1S
b101 N
0P
b111 M
b0 W
b1000000 +
b1000000 3
b1000000 9
b1000000 V
b11101 1
b11101 I
b11101 O
b101 Q
b100 T
b110 2
b110 J
b110 U
1'
#13407000
b110000 #
b110000 )
b110000 -
b110000 0
b110000 7
b110000 ;
b111 8
b111 <
b111 C
b10101 ?
b10100 >
b11000 B
b10111 E
b11100 6
b11100 F
b11100 G
b110 K
1%
#13408000
0'
#13410000
1P
b101 4
b101 :
b101 R
0S
b100 N
b101 M
b110 Q
b101 T
b111 2
b111 J
b111 U
b11100 H
b1 W
b1000001 +
b1000001 3
b1000001 9
b1000001 V
1'
0%
#13412000
0'
#13413000
b110001 #
b110001 )
b110001 -
b110001 0
b110001 7
b110001 ;
b1000 8
b1000 <
b1000 C
b10111 ?
b10101 >
b110 5
b110 @
b110 L
b111 K
b11001 B
b11000 E
b10100 6
b10100 F
b10100 G
1%
#13414000
1S
b110 4
b110 :
b110 R
b100 N
0P
b101 M
b10 W
b1000010 +
b1000010 3
b1000010 9
b1000010 V
b11100 1
b11100 I
b11100 O
b10100 H
b110 Q
b110 T
b101 2
b101 J
b101 U
1!
0.
1'
#13416000
0'
0%
#13418000
0S
0!
1.
b10100 1
b10100 I
b10100 O
0*
1'
#13419000
b110010 #
b110010 )
b110010 -
b110010 0
b110010 7
b110010 ;
b1001 8
b1001 <
b1001 C
b10110 ?
b10111 >
b11010 B
b11001 E
b10101 6
b10101 F
b10101 G
b111 5
b111 @
b111 L
b101 K
1%
#13420000
0'
0$
#13422000
b10101 H
0.
1'
0%
#13424000
0'
#13425000
b110100 #
b110100 )
b110100 -
b110100 0
b110100 7
b110100 ;
b1010 8
b1010 <
b1010 C
b10010 ?
b10110 >
b101 5
b101 @
b101 L
b11011 B
b11010 E
b10111 6
b10111 F
b10111 G
1%
#13426000
b10101 1
b10101 I
b10101 O
b10111 H
1'
#13428000
0'
0%
#13430000
b10111 1
b10111 I
b10111 O
1'
#13431000
b110101 #
b110101 )
b110101 -
b110101 0
b110101 7
b110101 ;
b1011 8
b1011 <
b1011 C
b10011 ?
b10010 >
b11100 B
b11011 E
b10110 6
b10110 F
b10110 G
1%
#13432000
0'
#13434000
b10110 H
1'
0%
#13436000
0'
#13437000
b110110 #
b110110 )
b110110 -
b110110 0
b110110 7
b110110 ;
b1100 8
b1100 <
b1100 C
b10001 ?
b10011 >
b11101 B
b11100 E
b10010 6
b10010 F
b10010 G
1%
#13438000
b10110 1
b10110 I
b10110 O
b10010 H
1'
#13440000
0'
0%
#13442000
b10010 1
b10010 I
b10010 O
1'
#13443000
b110111 #
b110111 )
b110111 -
b110111 0
b110111 7
b110111 ;
b1101 8
b1101 <
b1101 C
b10000 ?
b10001 >
b11110 B
b11101 E
b10011 6
b10011 F
b10011 G
1%
#13444000
0'
#13446000
b10011 H
1'
0%
#13448000
0'
#13449000
b111001 #
b111001 )
b111001 -
b111001 0
b111001 7
b111001 ;
b1110 8
b1110 <
b1110 C
b0 ?
b10000 >
b11111 B
b11110 E
b10001 6
b10001 F
b10001 G
1%
#13450000
b10011 1
b10011 I
b10011 O
b10001 H
1'
#13452000
0'
0%
#13454000
b10001 1
b10001 I
b10001 O
1'
#13455000
b111010 #
b111010 )
b111010 -
b111010 0
b111010 7
b111010 ;
b1111 8
b1111 <
b1111 C
b1 ?
b0 >
b0 B
b11111 E
b10000 6
b10000 F
b10000 G
1%
#13456000
0'
#13458000
b10000 H
1'
0%
#13460000
0'
#13461000
b111011 #
b111011 )
b111011 -
b111011 0
b111011 7
b111011 ;
b0 8
b0 <
b0 C
b11 ?
b1 >
b1 B
b0 E
b0 6
b0 F
b0 G
1%
#13462000
b10000 1
b10000 I
b10000 O
b0 H
1'
#13464000
0'
0%
#13466000
b0 1
b0 I
b0 O
1'
#13467000
b111100 #
b111100 )
b111100 -
b111100 0
b111100 7
b111100 ;
b1 8
b1 <
b1 C
b10 ?
b11 >
b10 B
b1 E
b1 6
b1 F
b1 G
1%
#13468000
0'
#13470000
b1 H
1'
0%
#13472000
0'
#13473000
b111110 #
b111110 )
b111110 -
b111110 0
b111110 7
b111110 ;
b10 8
b10 <
b10 C
0D
b110 ?
b10 >
b11 B
b10 E
b11 6
b11 F
b11 G
1%
#13474000
b1 1
b1 I
b1 O
b11 H
1'
#13476000
0'
0%
#13478000
b11 1
b11 I
b11 O
1'
#13479000
b111111 #
b111111 )
b111111 -
b111111 0
b111111 7
b111111 ;
b11 8
b11 <
b11 C
b111 ?
0A
b110 >
b100 B
b11 E
b10 6
b10 F
b10 G
1%
#13480000
0'
#13482000
b10 H
1'
0%
#13484000
0'
#13485000
1D
b1000000 #
b1000000 )
b1000000 -
b1000000 0
b1000000 7
b1000000 ;
b100 8
b100 <
b100 C
b101 ?
b111 >
b101 B
b100 E
b110 6
b110 F
b110 G
1%
#13486000
b10 1
b10 I
b10 O
b110 H
1'
#13488000
0'
0%
#13490000
b110 1
b110 I
b110 O
1'
#13491000
1A
b1000001 #
b1000001 )
b1000001 -
b1000001 0
b1000001 7
b1000001 ;
b101 8
b101 <
b101 C
0D
b100 ?
b101 >
1/
b110 B
b101 E
b111 6
b111 F
b111 G
1%
#13492000
0'
#13494000
b111 H
1'
0%
#13496000
0'
#13497000
b101111 #
b101111 )
b101111 -
b101111 0
b101111 7
b101111 ;
b110 8
b110 <
b110 C
b100 ?
1A
b101 >
b110 B
b110 E
b101 6
b101 F
b101 G
1"
0/
1%
#13498000
b111 1
b111 I
b111 O
b101 H
1'
#13500000
0'
0%
#13502000
b101 1
b101 I
b101 O
1'
#13503000
0,
1%
#13504000
0'
#13506000
1'
0%
#13508000
0'
#13509000
1%
#13510000
1'
#13512000
0'
0%
#13514000
1'
#13515000
1%
#13516000
0'
#13518000
1'
0%
#13520000
0'
#13521000
1%
#13522000
1'
#13524000
0'
0%
#13526000
1'
#13527000
1%
#13528000
0'
#13530000
1'
0%
#13532000
0'
#13533000
1%
#13534000
1'
#13536000
0'
0%
#13538000
1'
#13539000
1%
#13540000
0'
#13542000
1'
0%
#13544000
0'
#13545000
1%
#13546000
1'
#13548000
0'
0%
#13550000
1'
#13551000
1%
#13552000
0'
#13554000
1'
0%
#13556000
0'
#13557000
1%
#13558000
1'
#13560000
0'
0%
#13562000
1'
#13563000
1%
#13564000
0'
#13566000
1'
0%
#13568000
0'
#13569000
1%
#13570000
1'
#13572000
0'
0%
#13574000
1'
#13575000
1%
#13576000
0'
#13578000
1'
0%
#13580000
0'
#13581000
1%
#13582000
1'
#13584000
0'
0%
#13586000
1'
#13587000
1%
#13588000
0'
#13590000
1'
0%
#13592000
0'
#13593000
1%
#13594000
1'
#13596000
0'
0%
#13598000
1'
#13599000
1%
#13600000
0'
#13602000
1'
0%
#13604000
0'
#13605000
1%
#13606000
1'
#13608000
0'
0%
#13610000
1'
#13611000
1%
#13612000
0'
#13614000
1'
0%
#13616000
0'
#13617000
1%
#13618000
1'
#13620000
0'
0%
#13622000
1'
#13623000
1%
#13624000
0'
#13626000
1'
0%
#13628000
0'
#13629000
1%
#13630000
1'
#13632000
0'
0%
#13634000
1'
#13635000
1%
#13636000
0'
#13638000
1'
0%
#13640000
0'
#13641000
1%
#13642000
1'
#13644000
0'
0%
#13646000
1'
#13647000
1%
#13648000
0'
#13650000
1'
0%
#13652000
0'
#13653000
1%
#13654000
1'
#13656000
0'
0%
#13658000
1'
#13659000
1%
#13660000
0'
#13662000
1'
0%
#13664000
0'
#13665000
1%
#13666000
1'
#13668000
0'
0%
#13670000
1'
#13671000
1%
#13672000
0'
#13674000
1'
0%
#13676000
0'
#13677000
1%
#13678000
1'
#13680000
0'
0%
#13682000
1'
#13683000
1%
#13684000
0'
#13686000
1'
0%
#13688000
0'
#13689000
1%
#13690000
1'
#13692000
0'
0%
#13694000
1'
#13695000
1%
#13696000
0'
#13698000
1'
0%
#13700000
0'
#13701000
1%
#13702000
1'
#13704000
0'
0%
#13706000
1'
#13707000
1%
#13708000
0'
#13710000
1'
0%
#13712000
0'
#13713000
1%
#13714000
1'
#13716000
0'
0%
#13718000
1'
#13719000
1%
#13720000
0'
#13722000
1'
0%
#13724000
0'
#13725000
1%
#13726000
1'
#13728000
0'
0%
#13730000
1'
#13731000
1%
#13732000
0'
#13734000
1'
0%
#13736000
0'
#13737000
1%
#13738000
1'
#13740000
0'
0%
#13742000
1'
#13743000
1%
#13744000
0'
#13746000
1'
0%
#13748000
0'
#13749000
1%
#13750000
1'
#13752000
0'
0%
#13754000
1'
#13755000
1%
#13756000
0'
#13758000
1'
0%
#13760000
0'
#13761000
1%
#13762000
1'
#13764000
0'
0%
#13766000
1'
#13767000
1%
#13768000
0'
#13770000
1'
0%
#13772000
0'
#13773000
1%
#13774000
1'
#13776000
0'
0%
#13778000
1'
#13779000
1%
#13780000
0'
#13782000
1'
0%
#13784000
0'
#13785000
1%
#13786000
1'
#13788000
0'
0%
#13790000
1'
#13791000
1%
#13792000
0'
#13794000
1'
0%
#13796000
0'
#13797000
1%
#13798000
1'
#13800000
0'
0%
#13802000
1'
#13803000
1%
#13804000
0'
#13806000
1'
0%
#13808000
0'
#13809000
1%
#13810000
1'
#13812000
0'
0%
#13814000
1'
#13815000
1%
#13816000
0'
#13818000
1'
0%
#13820000
0'
#13821000
1%
#13822000
1'
#13824000
0'
0%
#13826000
1'
#13827000
1%
#13828000
0'
#13830000
1'
0%
#13832000
0'
#13833000
1%
#13834000
1'
#13836000
0'
0%
#13838000
1'
#13839000
1%
#13840000
0'
#13842000
1'
0%
#13844000
0'
#13845000
1%
#13846000
1'
#13848000
0'
0%
#13850000
1'
#13851000
1%
#13852000
0'
#13854000
1'
0%
#13856000
0'
#13857000
1%
#13858000
1'
#13860000
0'
0%
#13862000
1'
#13863000
1%
#13864000
0'
#13866000
1'
0%
#13868000
0'
#13869000
1%
#13870000
1'
#13872000
0'
0%
#13874000
1'
#13875000
1%
#13876000
0'
#13878000
1'
0%
#13880000
0'
#13881000
1%
#13882000
1'
#13884000
0'
0%
#13886000
1'
#13887000
1%
#13888000
0'
#13890000
1'
0%
#13892000
0'
#13893000
1%
#13894000
1'
#13896000
0'
0%
#13898000
1'
#13899000
1%
#13900000
0'
#13902000
1'
0%
#13904000
0'
#13905000
1%
#13906000
1'
#13908000
0'
0%
#13910000
1'
#13911000
1%
#13912000
0'
#13914000
1'
0%
#13916000
0'
#13917000
1%
#13918000
1'
#13920000
0'
0%
#13922000
1'
#13923000
1%
#13924000
0'
#13926000
1'
0%
#13928000
0'
#13929000
1%
#13930000
1'
#13932000
0'
0%
#13934000
1'
#13935000
1%
#13936000
0'
#13938000
1'
0%
#13940000
0'
#13941000
1%
#13942000
1'
#13944000
0'
0%
#13946000
1'
#13947000
1%
#13948000
0'
#13950000
1'
0%
#13952000
0'
#13953000
1%
#13954000
1'
#13956000
0'
0%
#13958000
1'
#13959000
1%
#13960000
0'
#13962000
1'
0%
#13964000
0'
#13965000
1%
#13966000
1'
#13968000
0'
0%
#13970000
1'
#13971000
1%
#13972000
0'
#13974000
1'
0%
#13976000
0'
#13977000
1%
#13978000
1'
#13980000
0'
0%
#13982000
1'
#13983000
1%
#13984000
0'
#13986000
1'
0%
#13988000
0'
#13989000
1%
#13990000
1'
#13992000
0'
0%
#13994000
1'
#13995000
1%
#13996000
0'
#13998000
1'
0%
#14000000
0'
#14001000
1%
#14002000
1'
#14004000
0'
0%
#14006000
1'
#14007000
1%
#14008000
0'
#14010000
1'
0%
#14012000
0'
#14013000
1%
#14014000
1'
#14016000
0'
0%
#14018000
1'
#14019000
1%
#14020000
0'
#14022000
1'
0%
#14024000
0'
#14025000
1%
#14026000
1'
#14028000
0'
0%
#14030000
1'
#14031000
1%
#14032000
0'
#14034000
1'
0%
#14036000
0'
#14037000
1%
#14038000
1'
#14040000
0'
0%
#14042000
1'
#14043000
1%
#14044000
0'
#14046000
1'
0%
#14048000
0'
#14049000
1%
#14050000
1'
#14052000
0'
0%
#14054000
1'
#14055000
1%
#14056000
0'
#14058000
1'
0%
#14060000
0'
#14061000
1%
#14062000
1'
#14064000
0'
0%
#14066000
1'
#14067000
1%
#14068000
0'
#14070000
1'
0%
#14072000
0'
#14073000
1%
#14074000
1'
#14076000
0'
0%
#14078000
1'
#14079000
1%
#14080000
0'
#14082000
1'
0%
#14084000
0'
#14085000
1%
#14086000
1'
#14088000
0'
0%
#14090000
1'
#14091000
1%
#14092000
0'
#14094000
1'
0%
#14096000
0'
#14097000
1%
#14098000
1'
#14100000
0'
0%
#14102000
1'
#14103000
1%
#14104000
0'
#14106000
1'
0%
#14108000
0'
#14109000
1%
#14110000
1'
#14112000
0'
0%
#14114000
1'
#14115000
1%
#14116000
0'
#14118000
1'
0%
#14120000
0'
#14121000
1%
#14122000
1'
#14124000
0'
0%
#14126000
1'
#14127000
1%
#14128000
0'
#14130000
1'
0%
#14132000
0'
#14133000
1%
#14134000
1'
#14136000
0'
0%
#14138000
1'
#14139000
1%
#14140000
0'
#14142000
1'
0%
#14144000
0'
#14145000
1%
#14146000
1'
#14148000
0'
0%
#14150000
1'
#14151000
1%
#14152000
0'
#14154000
1'
0%
#14156000
0'
#14157000
1%
#14158000
1'
#14160000
0'
0%
#14162000
1'
#14163000
1%
#14164000
0'
#14166000
1'
0%
#14168000
0'
#14169000
1%
#14170000
1'
#14172000
0'
0%
#14174000
1'
#14175000
1%
#14176000
0'
#14178000
1'
0%
#14180000
0'
#14181000
1%
#14182000
1'
#14184000
0'
0%
#14186000
1'
#14187000
1%
#14188000
0'
#14190000
1'
0%
#14192000
0'
#14193000
1%
#14194000
1'
#14196000
0'
0%
#14198000
1'
#14199000
1%
#14200000
0'
#14202000
1'
0%
#14204000
0'
#14205000
1%
#14206000
1'
#14208000
0'
0%
#14210000
1'
#14211000
1%
#14212000
0'
#14214000
1'
0%
#14216000
0'
#14217000
1%
#14218000
1'
#14220000
0'
0%
#14222000
1'
#14223000
1%
#14224000
0'
#14226000
1'
0%
#14228000
0'
#14229000
1%
#14230000
1'
#14232000
0'
0%
#14234000
1'
#14235000
1%
#14236000
0'
#14238000
1'
0%
#14240000
0'
#14241000
1%
#14242000
1'
#14244000
0'
0%
#14246000
1'
#14247000
1%
#14248000
0'
#14250000
1'
0%
#14252000
0'
#14253000
1%
#14254000
1'
#14256000
0'
0%
#14258000
1'
#14259000
1%
#14260000
0'
#14262000
1'
0%
#14264000
0'
#14265000
1%
#14266000
1'
#14268000
0'
0%
#14270000
1'
#14271000
1%
#14272000
0'
#14274000
1'
0%
#14276000
0'
#14277000
1%
#14278000
1'
#14280000
0'
0%
#14282000
1'
#14283000
1%
#14284000
0'
#14286000
1'
0%
#14288000
0'
#14289000
1%
#14290000
1'
#14292000
0'
0%
#14294000
1'
#14295000
1%
#14296000
0'
#14298000
1'
0%
#14300000
0'
#14301000
1%
#14302000
1'
#14304000
0'
0%
#14306000
1'
#14307000
1%
#14308000
0'
#14310000
1'
0%
#14312000
0'
#14313000
1%
#14314000
1'
#14316000
0'
0%
#14318000
1'
#14319000
1%
#14320000
0'
#14322000
1'
0%
#14324000
0'
#14325000
1%
#14326000
1'
#14328000
0'
0%
#14330000
1'
#14331000
1%
#14332000
0'
#14334000
1'
0%
#14336000
0'
#14337000
1%
#14338000
1'
#14340000
0'
0%
#14342000
1'
#14343000
1%
#14344000
0'
#14346000
1'
0%
#14348000
0'
#14349000
1%
#14350000
1'
#14352000
0'
0%
#14354000
1'
#14355000
1%
#14356000
0'
#14358000
1'
0%
#14360000
0'
#14361000
1%
#14362000
1'
#14364000
0'
0%
#14366000
1'
#14367000
1%
#14368000
0'
#14370000
1'
0%
#14372000
0'
#14373000
1%
#14374000
1'
#14376000
0'
0%
#14378000
1'
#14379000
1%
#14380000
0'
#14382000
1'
0%
#14384000
0'
#14385000
1%
#14386000
1'
#14388000
0'
0%
#14390000
1'
#14391000
1%
#14392000
0'
#14394000
1'
0%
#14396000
0'
#14397000
1%
#14398000
1'
#14400000
0'
0%
#14402000
1'
#14403000
1%
#14404000
0'
#14406000
1'
0%
#14408000
0'
#14409000
1%
#14410000
1'
#14412000
0'
0%
#14414000
1'
#14415000
1%
#14416000
0'
#14418000
1'
0%
#14420000
0'
#14421000
1%
#14422000
1'
#14424000
0'
0%
#14426000
1'
#14427000
1%
#14428000
0'
#14430000
1'
0%
#14432000
0'
#14433000
1%
#14434000
1'
#14436000
0'
0%
#14438000
1'
#14439000
1%
#14440000
0'
#14442000
1'
0%
#14444000
0'
#14445000
1%
#14446000
1'
#14448000
0'
0%
#14450000
1'
#14451000
1%
#14452000
0'
#14454000
1'
0%
#14456000
0'
#14457000
1%
#14458000
1'
#14460000
0'
0%
#14462000
1'
#14463000
1%
#14464000
0'
#14466000
1'
0%
#14468000
0'
#14469000
1%
#14470000
1'
#14472000
0'
0%
#14474000
1'
#14475000
1%
#14476000
0'
#14478000
1'
0%
#14480000
0'
#14481000
1%
#14482000
1'
#14484000
0'
0%
#14486000
1'
#14487000
1%
#14488000
0'
#14490000
1'
0%
#14492000
0'
#14493000
1%
#14494000
1'
#14496000
0'
0%
#14498000
1'
#14499000
1%
#14500000
0'
#14502000
1'
0%
#14504000
0'
#14505000
1%
#14506000
1'
#14508000
0'
0%
#14510000
1'
#14511000
1%
#14512000
0'
#14514000
1'
0%
#14516000
0'
#14517000
1%
#14518000
1'
#14520000
0'
0%
#14522000
1'
#14523000
1%
#14524000
0'
#14526000
1'
0%
#14528000
0'
#14529000
1%
#14530000
1'
#14532000
0'
0%
#14534000
1'
#14535000
1%
#14536000
0'
#14538000
1'
0%
#14540000
0'
#14541000
1%
#14542000
1'
#14544000
0'
0%
#14546000
1'
#14547000
1%
#14548000
0'
#14550000
1'
0%
#14552000
0'
#14553000
1%
#14554000
1'
#14556000
0'
0%
#14558000
1'
#14559000
1%
#14560000
0'
#14562000
1'
0%
#14564000
0'
#14565000
1%
#14566000
1'
#14568000
0'
0%
#14570000
1'
#14571000
1%
#14572000
0'
#14574000
1'
0%
#14576000
0'
#14577000
1%
#14578000
1'
#14580000
0'
0%
#14582000
1'
#14583000
1%
#14584000
0'
#14586000
1'
0%
#14588000
0'
#14589000
1%
#14590000
1'
#14592000
0'
0%
#14594000
1'
#14595000
1%
#14596000
0'
#14598000
1'
0%
#14600000
0'
#14601000
1%
#14602000
1'
#14604000
0'
0%
#14606000
1'
#14607000
1%
#14608000
0'
#14610000
1'
0%
#14612000
0'
#14613000
1%
#14614000
1'
#14616000
0'
0%
#14618000
1'
#14619000
1%
#14620000
0'
#14622000
1'
0%
#14624000
0'
#14625000
1%
#14626000
1'
#14628000
0'
0%
#14630000
1'
#14631000
1%
#14632000
0'
#14634000
1'
0%
#14636000
0'
#14637000
1%
#14638000
1'
#14640000
0'
0%
#14642000
1'
#14643000
1%
#14644000
0'
#14646000
1'
0%
#14648000
0'
#14649000
1%
#14650000
1'
#14652000
0'
0%
#14654000
1'
#14655000
1%
#14656000
0'
#14658000
1'
0%
#14660000
0'
#14661000
1%
#14662000
1'
#14664000
0'
0%
#14666000
1'
#14667000
1%
#14668000
0'
#14670000
1'
0%
#14672000
0'
#14673000
1%
#14674000
1'
#14676000
0'
0%
#14678000
1'
#14679000
1%
#14680000
0'
#14682000
1'
0%
#14684000
0'
#14685000
1%
#14686000
1'
#14688000
0'
0%
#14690000
1'
#14691000
1%
#14692000
0'
#14694000
1'
0%
#14696000
0'
#14697000
1%
#14698000
1'
#14700000
0'
0%
#14702000
1'
#14703000
1%
#14704000
0'
#14706000
1'
0%
#14708000
0'
#14709000
1%
#14710000
1'
#14712000
0'
0%
#14714000
1'
#14715000
1%
#14716000
0'
#14718000
1'
0%
#14720000
0'
#14721000
1%
#14722000
1'
#14724000
0'
0%
#14726000
1'
#14727000
1%
#14728000
0'
#14730000
1'
0%
#14732000
0'
#14733000
1%
#14734000
1'
#14736000
0'
0%
#14738000
1'
#14739000
1%
#14740000
0'
#14742000
1'
0%
#14744000
0'
#14745000
1%
#14746000
1'
#14748000
0'
0%
#14750000
1'
#14751000
1%
#14752000
0'
#14754000
1'
0%
#14756000
0'
#14757000
1%
#14758000
1'
#14760000
0'
0%
#14762000
1'
#14763000
1%
#14764000
0'
#14766000
1'
0%
#14768000
0'
#14769000
1%
#14770000
1'
#14772000
0'
0%
#14774000
1'
#14775000
1%
#14776000
0'
#14778000
1'
0%
#14780000
0'
#14781000
1%
#14782000
1'
#14784000
0'
0%
#14786000
1'
#14787000
1%
#14788000
0'
#14790000
1'
0%
#14792000
0'
#14793000
1%
#14794000
1'
#14796000
0'
0%
#14798000
1'
#14799000
1%
#14800000
0'
#14802000
1'
0%
#14804000
0'
#14805000
1%
#14806000
1'
#14808000
0'
0%
#14810000
1'
#14811000
1%
#14812000
0'
#14814000
1'
0%
#14816000
0'
#14817000
1%
#14818000
1'
#14820000
0'
0%
#14822000
1'
#14823000
1%
#14824000
0'
#14826000
1'
0%
#14828000
0'
#14829000
1%
#14830000
1'
#14832000
0'
0%
#14834000
1'
#14835000
1%
#14836000
0'
#14838000
1'
0%
#14840000
0'
#14841000
1%
#14842000
1'
#14844000
0'
0%
#14846000
1'
#14847000
1%
#14848000
0'
#14850000
1'
0%
#14852000
0'
#14853000
1%
#14854000
1'
#14856000
0'
0%
#14858000
1'
#14859000
1%
#14860000
0'
#14862000
1'
0%
#14864000
0'
#14865000
1%
#14866000
1'
#14868000
0'
0%
#14870000
1'
#14871000
1%
#14872000
0'
#14874000
1'
0%
#14876000
0'
#14877000
1%
#14878000
1'
#14880000
0'
0%
#14882000
1'
#14883000
1%
#14884000
0'
#14886000
1'
0%
#14888000
0'
#14889000
1%
#14890000
1'
#14892000
0'
0%
#14894000
1'
#14895000
1%
#14896000
0'
#14898000
1'
0%
#14900000
0'
#14901000
1%
#14902000
1'
#14904000
0'
0%
#14906000
1'
#14907000
1%
#14908000
0'
#14910000
1'
0%
#14912000
0'
#14913000
1%
#14914000
1'
#14916000
0'
0%
#14918000
1'
#14919000
1%
#14920000
0'
#14922000
1'
0%
#14924000
0'
#14925000
1%
#14926000
1'
#14928000
0'
0%
#14930000
1'
#14931000
1%
#14932000
0'
#14934000
1'
0%
#14936000
0'
#14937000
1%
#14938000
1'
#14940000
0'
0%
#14942000
1'
#14943000
1%
#14944000
0'
#14946000
1'
0%
#14948000
0'
#14949000
1%
#14950000
1'
#14952000
0'
0%
#14954000
1'
#14955000
1%
#14956000
0'
#14958000
1'
0%
#14960000
0'
#14961000
1%
#14962000
1'
#14964000
0'
0%
#14966000
1'
#14967000
1%
#14968000
0'
#14970000
1'
0%
#14972000
0'
#14973000
1%
#14974000
1'
#14976000
0'
0%
#14978000
1'
#14979000
1%
#14980000
0'
#14982000
1'
0%
#14984000
0'
#14985000
1%
#14986000
1'
#14988000
0'
0%
#14990000
1'
#14991000
1%
#14992000
0'
#14994000
1'
0%
#14996000
0'
#14997000
1%
#14998000
1'
#15000000
0'
0%
#15002000
1'
#15003000
1%
#15004000
0'
#15006000
1'
0%
#15008000
0'
#15009000
1%
#15010000
1'
#15012000
0'
0%
#15014000
1'
#15015000
1%
#15016000
0'
#15018000
1'
0%
#15020000
0'
#15021000
1%
#15022000
1'
#15024000
0'
0%
#15026000
1'
#15027000
1%
#15028000
0'
#15030000
1'
0%
#15032000
0'
#15033000
1%
#15034000
1'
#15036000
0'
0%
#15038000
1'
#15039000
1%
#15040000
0'
#15042000
1'
0%
#15044000
0'
#15045000
1%
#15046000
1'
#15048000
0'
0%
#15050000
1'
#15051000
1%
#15052000
0'
#15054000
1'
0%
#15056000
0'
#15057000
1%
#15058000
1'
#15060000
0'
0%
#15062000
1'
#15063000
1%
#15064000
0'
#15066000
1'
0%
#15068000
0'
#15069000
1%
#15070000
1'
#15072000
0'
0%
#15074000
1'
#15075000
1%
#15076000
0'
#15078000
1'
0%
#15080000
0'
#15081000
1%
#15082000
1'
#15084000
0'
0%
#15086000
1'
#15087000
1%
#15088000
0'
#15090000
1'
0%
#15092000
0'
#15093000
1%
#15094000
1'
#15096000
0'
0%
#15098000
1'
#15099000
1%
#15100000
0'
#15102000
1'
0%
#15104000
0'
#15105000
1%
#15106000
1'
#15108000
0'
0%
#15110000
1'
#15111000
1%
#15112000
0'
#15114000
1'
0%
#15116000
0'
#15117000
1%
#15118000
1'
#15120000
0'
0%
#15122000
1'
#15123000
1%
#15124000
0'
#15126000
1'
0%
#15128000
0'
#15129000
1%
#15130000
1'
#15132000
0'
0%
#15134000
1'
#15135000
1%
#15136000
0'
#15138000
1'
0%
#15140000
0'
#15141000
1%
#15142000
1'
#15144000
0'
0%
#15146000
1'
#15147000
1%
#15148000
0'
#15150000
1'
0%
#15152000
0'
#15153000
1%
#15154000
1'
#15156000
0'
0%
#15158000
1'
#15159000
1%
#15160000
0'
#15162000
1'
0%
#15164000
0'
#15165000
1%
#15166000
1'
#15168000
0'
0%
#15170000
1'
#15171000
1%
#15172000
0'
#15174000
1'
0%
#15176000
0'
#15177000
1%
#15178000
1'
#15180000
0'
0%
#15182000
1'
#15183000
1%
#15184000
0'
#15186000
1'
0%
#15188000
0'
#15189000
1%
#15190000
1'
#15192000
0'
0%
#15194000
1'
#15195000
1%
#15196000
0'
#15198000
1'
0%
#15200000
0'
#15201000
1%
#15202000
1'
#15204000
0'
0%
#15206000
1'
#15207000
1%
#15208000
0'
#15210000
1'
0%
#15212000
0'
#15213000
1%
#15214000
1'
#15216000
0'
0%
#15218000
1'
#15219000
1%
#15220000
0'
#15222000
1'
0%
#15224000
0'
#15225000
1%
#15226000
1'
#15228000
0'
0%
#15230000
1'
#15231000
1%
#15232000
0'
#15234000
1'
0%
#15236000
0'
#15237000
1%
#15238000
1'
#15240000
0'
0%
#15242000
1'
#15243000
1%
#15244000
0'
#15246000
1'
0%
#15248000
0'
#15249000
1%
#15250000
1'
#15252000
0'
0%
#15254000
1'
#15255000
1%
#15256000
0'
#15258000
1'
0%
#15260000
0'
#15261000
1%
#15262000
1'
#15264000
0'
0%
#15266000
1'
#15267000
1%
#15268000
0'
#15270000
1'
0%
#15272000
0'
#15273000
1%
#15274000
1'
#15276000
0'
0%
#15278000
1'
#15279000
1%
#15280000
0'
#15282000
1'
0%
#15284000
0'
#15285000
1%
#15286000
1'
#15288000
0'
0%
#15290000
1'
#15291000
1%
#15292000
0'
#15294000
1'
0%
#15296000
0'
#15297000
1%
#15298000
1'
#15300000
0'
0%
#15302000
1'
#15303000
1%
#15304000
0'
#15306000
1'
0%
#15308000
0'
#15309000
1%
#15310000
1'
#15312000
0'
0%
#15314000
1'
#15315000
1%
#15316000
0'
#15318000
1'
0%
#15320000
0'
#15321000
1%
#15322000
1'
#15324000
0'
0%
#15326000
1'
#15327000
1%
#15328000
0'
#15330000
1'
0%
#15332000
0'
#15333000
1%
#15334000
1'
#15336000
0'
0%
#15338000
1'
#15339000
1%
#15340000
0'
#15342000
1'
0%
#15344000
0'
#15345000
1%
#15346000
1'
#15348000
0'
0%
#15350000
1'
#15351000
1%
#15352000
0'
#15354000
1'
0%
#15356000
0'
#15357000
1%
#15358000
1'
#15360000
0'
0%
#15362000
1'
#15363000
1%
#15364000
0'
#15366000
1'
0%
#15368000
0'
#15369000
1%
#15370000
1'
#15372000
0'
0%
#15374000
1'
#15375000
1%
#15376000
0'
#15378000
1'
0%
#15380000
0'
#15381000
1%
#15382000
1'
#15384000
0'
0%
#15386000
1'
#15387000
1%
#15388000
0'
#15390000
1'
0%
#15392000
0'
#15393000
1%
#15394000
1'
#15396000
0'
0%
#15398000
1'
#15399000
1%
#15400000
0'
#15402000
1'
0%
#15404000
0'
#15405000
1%
#15406000
1'
#15408000
0'
0%
#15410000
1'
#15411000
1%
#15412000
0'
#15414000
1'
0%
#15416000
0'
#15417000
1%
#15418000
1'
#15420000
0'
0%
1$
#15422000
b1100 N
b100 M
b111 Q
b11 W
b1000011 +
b1000011 3
b1000011 9
b1000011 V
1*
1'
#15423000
1%
#15424000
0'
#15426000
b111 4
b111 :
b111 R
b1101 N
b1100 M
b1000011 #
b1000011 )
b1000011 -
b1000011 0
b1000011 7
b1000011 ;
b1000 Q
b111 T
b100 2
b100 J
b100 U
b100 W
b1000100 +
b1000100 3
b1000100 9
b1000100 V
1'
0%
#15428000
0'
#15429000
b100 K
1%
#15430000
b1000 4
b1000 :
b1000 R
b1111 N
b1101 M
b101 W
b1000101 +
b1000101 3
b1000101 9
b1000101 V
b1001 Q
b1000 T
b1100 2
b1100 J
b1100 U
1'
#15432000
0'
0%
#15434000
b1001 4
b1001 :
b1001 R
b1110 N
b1111 M
b1010 Q
b1001 T
b1101 2
b1101 J
b1101 U
b110 W
b1000110 +
b1000110 3
b1000110 9
b1000110 V
1'
#15435000
1D
0A
b100 5
b100 @
b100 L
b1101 K
1%
#15436000
0'
#15438000
b1010 4
b1010 :
b1010 R
b1010 N
b1110 M
b111 W
b1000111 +
b1000111 3
b1000111 9
b1000111 V
b1011 Q
b1010 T
b1111 2
b1111 J
b1111 U
1'
0%
#15440000
0'
#15441000
0D
b1101 5
b1101 @
b1101 L
b1111 K
0"
1/
1%
#15442000
b1011 4
b1011 :
b1011 R
b1011 N
b1010 M
b1100 Q
b1011 T
b1110 2
b1110 J
b1110 U
b1000 W
b1001000 +
b1001000 3
b1001000 9
b1001000 V
1'
#15444000
0'
0%
#15446000
b1100 4
b1100 :
b1100 R
b1001 N
b1011 M
b1001 W
b1001001 +
b1001001 3
b1001001 9
b1001001 V
b1101 Q
b1100 T
b1010 2
b1010 J
b1010 U
1'
#15447000
b1100 ?
b100 >
b111 B
1,
0/
b1111 5
b1111 @
b1111 L
b1010 K
1%
#15448000
0'
#15450000
b1101 4
b1101 :
b1101 R
b1000 N
b1001 M
b1110 Q
b1101 T
b1011 2
b1011 J
b1011 U
b1010 W
b1001010 +
b1001010 3
b1001010 9
b1001010 V
1'
0%
#15452000
0'
#15453000
b1000100 #
b1000100 )
b1000100 -
b1000100 0
b1000100 7
b1000100 ;
b111 8
b111 <
b111 C
b1101 ?
b1100 >
b1010 5
b1010 @
b1010 L
b1011 K
b1000 B
b111 E
b100 6
b100 F
b100 G
1%
#15454000
b1110 4
b1110 :
b1110 R
b11000 N
b1000 M
b1011 W
b1001011 +
b1001011 3
b1001011 9
b1001011 V
b100 H
b1111 Q
b1110 T
b1001 2
b1001 J
b1001 U
1'
#15456000
0'
0%
#15458000
b1111 4
b1111 :
b1111 R
b11001 N
b11000 M
b10000 Q
b1111 T
b1000 2
b1000 J
b1000 U
b100 1
b100 I
b100 O
b1100 W
b1001100 +
b1001100 3
b1001100 9
b1001100 V
1'
#15459000
b1000101 #
b1000101 )
b1000101 -
b1000101 0
b1000101 7
b1000101 ;
b1000 8
b1000 <
b1000 C
b1111 ?
b1101 >
b1001 B
b1000 E
b1100 6
b1100 F
b1100 G
b1011 5
b1011 @
b1011 L
b1000 K
1%
#15460000
0'
#15462000
b0 4
b0 :
b0 R
b11011 N
b11001 M
b1101 W
b1001101 +
b1001101 3
b1001101 9
b1001101 V
b1100 H
b10001 Q
b10000 T
b11000 2
b11000 J
b11000 U
1'
0%
#15464000
0'
#15465000
b1000110 #
b1000110 )
b1000110 -
b1000110 0
b1000110 7
b1000110 ;
b1001 8
b1001 <
b1001 C
b1110 ?
b1111 >
b1000 5
b1000 @
b1000 L
b11000 K
b1010 B
b1001 E
b1101 6
b1101 F
b1101 G
1%
#15466000
b1 4
b1 :
b1 R
b11010 N
b11011 M
b10010 Q
b10001 T
b11001 2
b11001 J
b11001 U
b1100 1
b1100 I
b1100 O
b1101 H
b1110 W
b1001110 +
b1001110 3
b1001110 9
b1001110 V
1'
#15468000
0'
0%
#15470000
b10 4
b10 :
b10 R
b11110 N
b11010 M
b1111 W
b1001111 +
b1001111 3
b1001111 9
b1001111 V
b1101 1
b1101 I
b1101 O
b10011 Q
b10010 T
b11011 2
b11011 J
b11011 U
1'
#15471000
b1000111 #
b1000111 )
b1000111 -
b1000111 0
b1000111 7
b1000111 ;
b1010 8
b1010 <
b1010 C
b1010 ?
b1110 >
b1011 B
b1010 E
b1111 6
b1111 F
b1111 G
b11000 5
b11000 @
b11000 L
b11011 K
1%
#15472000
0'
#15474000
b11 4
b11 :
b11 R
b11111 N
b11110 M
b10100 Q
b10011 T
b11010 2
b11010 J
b11010 U
b1111 H
b0 W
b1010000 +
b1010000 3
b1010000 9
b1010000 V
1'
0%
#15476000
0'
#15477000
b1001000 #
b1001000 )
b1001000 -
b1001000 0
b1001000 7
b1001000 ;
b1011 8
b1011 <
b1011 C
b1011 ?
b1010 >
b11011 5
b11011 @
b11011 L
b11010 K
b1100 B
b1011 E
b1110 6
b1110 F
b1110 G
1%
#15478000
b100 4
b100 :
b100 R
b11101 N
b11111 M
b1 W
b1010001 +
b1010001 3
b1010001 9
b1010001 V
b1111 1
b1111 I
b1111 O
b1110 H
b10101 Q
b10100 T
b11110 2
b11110 J
b11110 U
1'
#15480000
0'
0%
#15482000
b101 4
b101 :
b101 R
b11100 N
b11101 M
b10110 Q
b10101 T
b11111 2
b11111 J
b11111 U
b1110 1
b1110 I
b1110 O
b10 W
b1010010 +
b1010010 3
b1010010 9
b1010010 V
1'
#15483000
b1001001 #
b1001001 )
b1001001 -
b1001001 0
b1001001 7
b1001001 ;
b1100 8
b1100 <
b1100 C
b1001 ?
b1011 >
b1101 B
b1100 E
b1010 6
b1010 F
b1010 G
b11010 5
b11010 @
b11010 L
b11111 K
1%
#15484000
0'
#15486000
b110 4
b110 :
b110 R
b10100 N
b11100 M
b11 W
b1010011 +
b1010011 3
b1010011 9
b1010011 V
b1010 H
b10111 Q
b10110 T
b11101 2
b11101 J
b11101 U
1'
0%
#15488000
0'
#15489000
b1001010 #
b1001010 )
b1001010 -
b1001010 0
b1001010 7
b1001010 ;
b1101 8
b1101 <
b1101 C
b1000 ?
b1001 >
b11111 5
b11111 @
b11111 L
b11101 K
b1110 B
b1101 E
b1011 6
b1011 F
b1011 G
1%
#15490000
b111 4
b111 :
b111 R
b10101 N
b10100 M
b11000 Q
b10111 T
b11100 2
b11100 J
b11100 U
b1010 1
b1010 I
b1010 O
b1011 H
b100 W
b1010100 +
b1010100 3
b1010100 9
b1010100 V
1'
#15492000
0'
0%
#15494000
b1000 4
b1000 :
b1000 R
b10111 N
b10101 M
b101 W
b1010101 +
b1010101 3
b1010101 9
b1010101 V
b1011 1
b1011 I
b1011 O
b11001 Q
b11000 T
b10100 2
b10100 J
b10100 U
1'
#15495000
b1001011 #
b1001011 )
b1001011 -
b1001011 0
b1001011 7
b1001011 ;
b1110 8
b1110 <
b1110 C
b11000 ?
b1000 >
b1111 B
b1110 E
b1001 6
b1001 F
b1001 G
b11101 5
b11101 @
b11101 L
b10100 K
1%
#15496000
0'
#15498000
b1001 4
b1001 :
b1001 R
b10110 N
b10111 M
b11010 Q
b11001 T
b10101 2
b10101 J
b10101 U
b1001 H
b110 W
b1010110 +
b1010110 3
b1010110 9
b1010110 V
1'
0%
#15500000
0'
#15501000
b1001100 #
b1001100 )
b1001100 -
b1001100 0
b1001100 7
b1001100 ;
b1111 8
b1111 <
b1111 C
b11001 ?
b11000 >
b10100 5
b10100 @
b10100 L
b10101 K
b10000 B
b1111 E
b1000 6
b1000 F
b1000 G
1%
#15502000
0S
b1010 4
b1010 :
b1010 R
b10010 N
b10110 M
b111 W
b1010111 +
b1010111 3
b1010111 9
b1010111 V
b1001 1
b1001 I
b1001 O
b1000 H
b11011 Q
b11010 T
b10111 2
b10111 J
b10111 U
1'
#15504000
0'
0%
#15506000
b1011 4
b1011 :
b1011 R
b10011 N
b10010 M
b11100 Q
b11011 T
b10110 2
b10110 J
b10110 U
b1000 1
b1000 I
b1000 O
b1000 W
b1011000 +
b1011000 3
b1011000 9
b1011000 V
1'
#15507000
b1001101 #
b1001101 )
b1001101 -
b1001101 0
b1001101 7
b1001101 ;
b0 8
b0 <
b0 C
b11011 ?
b11001 >
b10001 B
b10000 E
b11000 6
b11000 F
b11000 G
b10101 5
b10101 @
b10101 L
b10110 K
1%
#15508000
0'
#15510000
b1100 4
b1100 :
b1100 R
0S
b10001 N
b10011 M
b1001 W
b1011001 +
b1011001 3
b1011001 9
b1011001 V
b11000 H
b11101 Q
b11100 T
b10010 2
b10010 J
b10010 U
1'
0%
#15512000
0'
#15513000
b1001110 #
b1001110 )
b1001110 -
b1001110 0
b1001110 7
b1001110 ;
b1 8
b1 <
b1 C
b11010 ?
b11011 >
b10110 5
b10110 @
b10110 L
b10010 K
b10010 B
b10001 E
b11001 6
b11001 F
b11001 G
1%
#15514000
b1101 4
b1101 :
b1101 R
0S
b10000 N
0P
b10001 M
b11110 Q
b11101 T
b10011 2
b10011 J
b10011 U
b11000 1
b11000 I
b11000 O
b11001 H
b1010 W
b1011010 +
b1011010 3
b1011010 9
b1011010 V
1'
#15516000
0'
0%
#15518000
b1110 4
b1110 :
b1110 R
b0 N
b10000 M
b1011 W
b1011011 +
b1011011 3
b1011011 9
b1011011 V
b11001 1
b11001 I
b11001 O
b11111 Q
b11110 T
b10001 2
b10001 J
b10001 U
1'
#15519000
b1001111 #
b1001111 )
b1001111 -
b1001111 0
b1001111 7
b1001111 ;
b10 8
b10 <
b10 C
b11110 ?
b11010 >
b10011 B
b10010 E
b11011 6
b11011 F
b11011 G
b10010 5
b10010 @
b10010 L
b10001 K
1%
#15520000
0'
#15522000
b1111 4
b1111 :
b1111 R
1S
b1 N
b0 M
b0 Q
b11111 T
b10000 2
b10000 J
b10000 U
b11011 H
b1100 W
b1011100 +
b1011100 3
b1011100 9
b1011100 V
1'
0%
#15524000
0'
#15525000
b1010000 #
b1010000 )
b1010000 -
b1010000 0
b1010000 7
b1010000 ;
b11 8
b11 <
b11 C
b11111 ?
b11110 >
b10001 5
b10001 @
b10001 L
b10000 K
b10100 B
b10011 E
b11010 6
b11010 F
b11010 G
1%
#15526000
b0 4
b0 :
b0 R
1S
b11 N
0P
b1 M
b1101 W
b1011101 +
b1011101 3
b1011101 9
b1011101 V
b11011 1
b11011 I
b11011 O
b11010 H
b1 Q
b0 T
b0 2
b0 J
b0 U
1.
1'
#15528000
0'
0%
#15530000
b1 4
b1 :
b1 R
b10 N
0P
b11 M
1S
b10 Q
b1 T
b1 2
b1 J
b1 U
b11010 1
b11010 I
b11010 O
b1110 W
b1011110 +
b1011110 3
b1011110 9
b1011110 V
1'
#15531000
b1010001 #
b1010001 )
b1010001 -
b1010001 0
b1010001 7
b1010001 ;
b100 8
b100 <
b100 C
b11101 ?
b11111 >
b10101 B
b10100 E
b11110 6
b11110 F
b11110 G
b10000 5
b10000 @
b10000 L
b1 K
1%
#15532000
0'
#15534000
b10 4
b10 :
b10 R
0S
b110 N
1P
b10 M
b1111 W
b1011111 +
b1011111 3
b1011111 9
b1011111 V
b11110 H
b11 Q
b10 T
b11 2
b11 J
b11 U
1'
0%
#15536000
0'
#15537000
b1010010 #
b1010010 )
b1010010 -
b1010010 0
b1010010 7
b1010010 ;
b101 8
b101 <
b101 C
b11100 ?
b11101 >
b1 5
b1 @
b1 L
b11 K
b10110 B
b10101 E
b11111 6
b11111 F
b11111 G
1%
#15538000
b11 4
b11 :
b11 R
b110 N
b10 M
0P
1S
1!
0.
b11 Q
b11 T
b10 2
b10 J
b10 U
b11110 1
b11110 I
b11110 O
b11111 H
b0 W
b1100000 +
b1100000 3
b1100000 9
b1100000 V
1'
#15540000
0'
0%
#15542000
0S
0*
b11111 1
b11111 I
b11111 O
0!
1.
1'
#15543000
b1010011 #
b1010011 )
b1010011 -
b1010011 0
b1010011 7
b1010011 ;
b110 8
b110 <
b110 C
b10100 ?
b11100 >
b10111 B
b10110 E
b11101 6
b11101 F
b11101 G
b11 5
b11 @
b11 L
b10 K
1%
#15544000
0'
#15546000
1S
b111 N
b110 M
b100 Q
0.
b11101 H
b1 W
b1100001 +
b1100001 3
b1100001 9
b1100001 V
1*
1'
0%
#15548000
0'
#15549000
b1010100 #
b1010100 )
b1010100 -
b1010100 0
b1010100 7
b1010100 ;
b111 8
b111 <
b111 C
b10101 ?
b10100 >
b10 5
b10 @
b10 L
b11000 B
b10111 E
b11100 6
b11100 F
b11100 G
1%
#15550000
b100 4
b100 :
b100 R
1S
b101 N
0P
b111 M
b10 W
b1100010 +
b1100010 3
b1100010 9
b1100010 V
b11101 1
b11101 I
b11101 O
b11100 H
b101 Q
b100 T
b110 2
b110 J
b110 U
1.
1'
#15552000
0'
0%
#15554000
b101 4
b101 :
b101 R
b100 N
0P
b101 M
1S
b110 Q
b101 T
b111 2
b111 J
b111 U
b11100 1
b11100 I
b11100 O
b11 W
b1100011 +
b1100011 3
b1100011 9
b1100011 V
1'
#15555000
b1010101 #
b1010101 )
b1010101 -
b1010101 0
b1010101 7
b1010101 ;
b1000 8
b1000 <
b1000 C
b10111 ?
b10101 >
b11001 B
b11000 E
b10100 6
b10100 F
b10100 G
b111 K
1%
#15556000
0'
#15558000
b110 4
b110 :
b110 R
0S
b1100 N
1P
b100 M
b100 W
b1100100 +
b1100100 3
b1100100 9
b1100100 V
b10100 H
b111 Q
b110 T
b101 2
b101 J
b101 U
1'
0%
#15560000
0'
#15561000
b1010110 #
b1010110 )
b1010110 -
b1010110 0
b1010110 7
b1010110 ;
b1001 8
b1001 <
b1001 C
b10110 ?
b10111 >
b111 5
b111 @
b111 L
b101 K
b11010 B
b11001 E
b10101 6
b10101 F
b10101 G
1%
#15562000
1S
b111 4
b111 :
b111 R
b1100 N
0P
b100 M
1!
0.
b111 Q
b111 T
b100 2
b100 J
b100 U
b10100 1
b10100 I
b10100 O
b10101 H
b101 W
b1100101 +
b1100101 3
b1100101 9
b1100101 V
1'
#15564000
0'
0%
#15566000
0S
0*
b10101 1
b10101 I
b10101 O
0!
1.
1'
#15567000
b1010111 #
b1010111 )
b1010111 -
b1010111 0
b1010111 7
b1010111 ;
b1010 8
b1010 <
b1010 C
b10010 ?
b10110 >
b11011 B
b11010 E
b10111 6
b10111 F
b10111 G
b101 5
b101 @
b101 L
b100 K
1%
#15568000
0'
#15570000
1S
b1101 N
b1100 M
b1000 Q
0.
b10111 H
b110 W
b1100110 +
b1100110 3
b1100110 9
b1100110 V
1*
1'
0%
#15572000
0'
#15573000
b1011000 #
b1011000 )
b1011000 -
b1011000 0
b1011000 7
b1011000 ;
b1011 8
b1011 <
b1011 C
b10011 ?
b10010 >
b100 5
b100 @
b100 L
b11100 B
b11011 E
b10110 6
b10110 F
b10110 G
1%
#15574000
b1000 4
b1000 :
b1000 R
1S
b1111 N
0P
b1101 M
b111 W
b1100111 +
b1100111 3
b1100111 9
b1100111 V
b10111 1
b10111 I
b10111 O
b10110 H
b1001 Q
b1000 T
b1100 2
b1100 J
b1100 U
1.
1'
#15576000
0'
0%
#15578000
b1001 4
b1001 :
b1001 R
b1110 N
0P
b1111 M
1S
b1010 Q
b1001 T
b1101 2
b1101 J
b1101 U
b10110 1
b10110 I
b10110 O
b1000 W
b1101000 +
b1101000 3
b1101000 9
b1101000 V
1'
#15579000
b1011001 #
b1011001 )
b1011001 -
b1011001 0
b1011001 7
b1011001 ;
b1100 8
b1100 <
b1100 C
b10001 ?
b10011 >
b11101 B
b11100 E
b10010 6
b10010 F
b10010 G
b1101 K
1%
#15580000
0'
#15582000
b1010 4
b1010 :
b1010 R
0S
b1010 N
1P
b1110 M
b1001 W
b1101001 +
b1101001 3
b1101001 9
b1101001 V
b10010 H
b1011 Q
b1010 T
b1111 2
b1111 J
b1111 U
1'
0%
#15584000
0'
#15585000
b1011010 #
b1011010 )
b1011010 -
b1011010 0
b1011010 7
b1011010 ;
b1101 8
b1101 <
b1101 C
b10000 ?
b10001 >
b1101 5
b1101 @
b1101 L
b1111 K
b11110 B
b11101 E
b10011 6
b10011 F
b10011 G
1%
#15586000
b1011 4
b1011 :
b1011 R
b1010 N
b1110 M
0P
1S
1!
0.
b1011 Q
b1011 T
b1110 2
b1110 J
b1110 U
b10010 1
b10010 I
b10010 O
b10011 H
b1010 W
b1101010 +
b1101010 3
b1101010 9
b1101010 V
1'
#15588000
0'
0%
#15590000
0S
0*
b10011 1
b10011 I
b10011 O
0!
1.
1'
#15591000
b1011011 #
b1011011 )
b1011011 -
b1011011 0
b1011011 7
b1011011 ;
b1110 8
b1110 <
b1110 C
0D
b0 ?
b10000 >
b11111 B
b11110 E
b10001 6
b10001 F
b10001 G
b1111 5
b1111 @
b1111 L
b1110 K
1%
#15592000
0'
#15594000
1S
b1011 N
b1010 M
b1100 Q
0.
b10001 H
b1011 W
b1101011 +
b1101011 3
b1101011 9
b1101011 V
1*
1'
0%
#15596000
0'
#15597000
b1011100 #
b1011100 )
b1011100 -
b1011100 0
b1011100 7
b1011100 ;
b1111 8
b1111 <
b1111 C
b1 ?
b0 >
b1110 5
b1110 @
b1110 L
b0 B
b11111 E
b10000 6
b10000 F
b10000 G
1%
#15598000
b1100 4
b1100 :
b1100 R
1S
b1001 N
0P
b1011 M
b1100 W
b1101100 +
b1101100 3
b1101100 9
b1101100 V
b10001 1
b10001 I
b10001 O
b10000 H
b1101 Q
b1100 T
b1010 2
b1010 J
b1010 U
1.
1'
#15600000
0'
0%
#15602000
b1101 4
b1101 :
b1101 R
b1000 N
0P
b1001 M
1S
b1110 Q
b1101 T
b1011 2
b1011 J
b1011 U
b10000 1
b10000 I
b10000 O
b1101 W
b1101101 +
b1101101 3
b1101101 9
b1101101 V
1'
#15603000
b1011101 #
b1011101 )
b1011101 -
b1011101 0
b1011101 7
b1011101 ;
b0 8
b0 <
b0 C
b11 ?
b1 >
b1 B
b0 E
b0 6
b0 F
b0 G
b1011 K
1%
#15604000
0'
#15606000
b1110 4
b1110 :
b1110 R
0S
b11000 N
1P
b1000 M
b1110 W
b1101110 +
b1101110 3
b1101110 9
b1101110 V
b0 H
b1111 Q
b1110 T
b1001 2
b1001 J
b1001 U
1'
0%
#15608000
0'
#15609000
b1011110 #
b1011110 )
b1011110 -
b1011110 0
b1011110 7
b1011110 ;
b1 8
b1 <
b1 C
b10 ?
b11 >
b1011 5
b1011 @
b1011 L
b1001 K
b10 B
b1 E
b1 6
b1 F
b1 G
1%
#15610000
1S
b1111 4
b1111 :
b1111 R
b11000 N
0P
b1000 M
1!
0.
b1111 Q
b1111 T
b1000 2
b1000 J
b1000 U
b0 1
b0 I
b0 O
b1 H
b1111 W
b1101111 +
b1101111 3
b1101111 9
b1101111 V
1'
#15612000
0'
0%
#15614000
0S
0*
b1 1
b1 I
b1 O
0!
1.
1'
#15615000
b1011111 #
b1011111 )
b1011111 -
b1011111 0
b1011111 7
b1011111 ;
b10 8
b10 <
b10 C
b110 ?
b10 >
b11 B
b10 E
b11 6
b11 F
b11 G
b1001 5
b1001 @
b1001 L
b1000 K
1%
#15616000
0'
#15618000
1S
b11001 N
b11000 M
b10000 Q
0.
b11 H
b0 W
b1110000 +
b1110000 3
b1110000 9
b1110000 V
1*
1'
0%
#15620000
0'
0$
#15621000
b1100001 #
b1100001 )
b1100001 -
b1100001 0
b1100001 7
b1100001 ;
b11 8
b11 <
b11 C
b111 ?
b110 >
b1000 5
b1000 @
b1000 L
b100 B
b11 E
b10 6
b10 F
b10 G
1%
#15622000
b0 4
b0 :
b0 R
0S
b11001 N
0P
b11000 M
0*
b11 1
b11 I
b11 O
b10 H
b10000 Q
b10000 T
b11000 2
b11000 J
b11000 U
1.
1'
#15624000
0'
0%
#15626000
0.
b10 1
b10 I
b10 O
1'
#15627000
b1100010 #
b1100010 )
b1100010 -
b1100010 0
b1100010 7
b1100010 ;
b100 8
b100 <
b100 C
b101 ?
b111 >
b101 B
b100 E
b110 6
b110 F
b110 G
b11000 K
1%
#15628000
0'
#15630000
b110 H
1'
0%
#15632000
0'
#15633000
b1100011 #
b1100011 )
b1100011 -
b1100011 0
b1100011 7
b1100011 ;
b101 8
b101 <
b101 C
b100 ?
b101 >
b11000 5
b11000 @
b11000 L
b110 B
b101 E
b111 6
b111 F
b111 G
1%
#15634000
b110 1
b110 I
b110 O
b111 H
1'
#15636000
0'
0%
#15638000
b111 1
b111 I
b111 O
1'
#15639000
b1100100 #
b1100100 )
b1100100 -
b1100100 0
b1100100 7
b1100100 ;
b110 8
b110 <
b110 C
b1100 ?
b100 >
b111 B
b110 E
b101 6
b101 F
b101 G
1%
#15640000
0'
#15642000
b101 H
1'
0%
#15644000
0'
#15645000
b1100110 #
b1100110 )
b1100110 -
b1100110 0
b1100110 7
b1100110 ;
b111 8
b111 <
b111 C
b1101 ?
b1100 >
b1000 B
b111 E
b100 6
b100 F
b100 G
1%
#15646000
b101 1
b101 I
b101 O
b100 H
1'
#15648000
0'
0%
#15650000
b100 1
b100 I
b100 O
1'
#15651000
b1100111 #
b1100111 )
b1100111 -
b1100111 0
b1100111 7
b1100111 ;
b1000 8
b1000 <
b1000 C
b1111 ?
b1101 >
b1001 B
b1000 E
b1100 6
b1100 F
b1100 G
1%
#15652000
0'
#15654000
b1100 H
1'
0%
#15656000
0'
#15657000
b1101000 #
b1101000 )
b1101000 -
b1101000 0
b1101000 7
b1101000 ;
b1001 8
b1001 <
b1001 C
b1110 ?
b1111 >
b1010 B
b1001 E
b1101 6
b1101 F
b1101 G
1%
#15658000
b1100 1
b1100 I
b1100 O
b1101 H
1'
#15660000
0'
0%
#15662000
b1101 1
b1101 I
b1101 O
1'
#15663000
b1101001 #
b1101001 )
b1101001 -
b1101001 0
b1101001 7
b1101001 ;
b1010 8
b1010 <
b1010 C
b1010 ?
b1110 >
b1011 B
b1010 E
b1111 6
b1111 F
b1111 G
1%
#15664000
0'
#15666000
b1111 H
1'
0%
#15668000
0'
#15669000
b1101011 #
b1101011 )
b1101011 -
b1101011 0
b1101011 7
b1101011 ;
b1011 8
b1011 <
b1011 C
b1011 ?
b1010 >
b1100 B
b1011 E
b1110 6
b1110 F
b1110 G
1%
#15670000
b1111 1
b1111 I
b1111 O
b1110 H
1'
#15672000
0'
0%
#15674000
b1110 1
b1110 I
b1110 O
1'
#15675000
b1101100 #
b1101100 )
b1101100 -
b1101100 0
b1101100 7
b1101100 ;
b1100 8
b1100 <
b1100 C
b1001 ?
b1011 >
b1101 B
b1100 E
b1010 6
b1010 F
b1010 G
1%
#15676000
0'
#15678000
b1010 H
1'
0%
#15680000
0'
#15681000
b1101101 #
b1101101 )
b1101101 -
b1101101 0
b1101101 7
b1101101 ;
b1101 8
b1101 <
b1101 C
b1000 ?
b1001 >
b1110 B
b1101 E
b1011 6
b1011 F
b1011 G
1%
#15682000
b1010 1
b1010 I
b1010 O
b1011 H
1'
#15684000
0'
0%
#15686000
b1011 1
b1011 I
b1011 O
1'
#15687000
1D
b1101110 #
b1101110 )
b1101110 -
b1101110 0
b1101110 7
b1101110 ;
b1110 8
b1110 <
b1110 C
b11000 ?
b1000 >
b1111 B
b1110 E
b1001 6
b1001 F
b1001 G
1%
#15688000
0'
#15690000
b1001 H
1'
0%
#15692000
0'
#15693000
1A
b1110000 #
b1110000 )
b1110000 -
b1110000 0
b1110000 7
b1110000 ;
b1111 8
b1111 <
b1111 C
0D
b11001 ?
b11000 >
b10000 B
b1111 E
b1000 6
b1000 F
b1000 G
1/
1%
#15694000
b1001 1
b1001 I
b1001 O
b1000 H
1'
#15696000
0'
0%
#15698000
b1000 1
b1000 I
b1000 O
1'
#15699000
0D
b1011101 #
b1011101 )
b1011101 -
b1011101 0
b1011101 7
b1011101 ;
b0 8
b0 <
b0 C
b11001 ?
1A
b11000 >
1"
0/
b10000 B
b10000 E
b11000 6
b11000 F
b11000 G
1%
#15700000
0'
#15702000
b11000 H
1'
0%
#15704000
0'
#15705000
0,
1%
#15706000
b11000 1
b11000 I
b11000 O
1'
#15708000
0'
0%
#15710000
1'
#15711000
1%
#15712000
0'
#15714000
1'
0%
#15716000
0'
#15717000
1%
#15718000
1'
#15720000
0'
0%
#15722000
1'
#15723000
1%
#15724000
0'
#15726000
1'
0%
#15728000
0'
#15729000
1%
#15730000
1'
#15732000
0'
0%
#15734000
1'
#15735000
1%
#15736000
0'
#15738000
1'
0%
#15740000
0'
#15741000
1%
#15742000
1'
#15744000
0'
0%
#15746000
1'
#15747000
1%
#15748000
0'
#15750000
1'
0%
#15752000
0'
#15753000
1%
#15754000
1'
#15756000
0'
0%
#15758000
1'
#15759000
1%
#15760000
0'
#15762000
1'
0%
#15764000
0'
#15765000
1%
#15766000
1'
#15768000
0'
0%
#15770000
1'
#15771000
1%
#15772000
0'
#15774000
1'
0%
#15776000
0'
#15777000
1%
#15778000
1'
#15780000
0'
0%
#15782000
1'
#15783000
1%
#15784000
0'
#15786000
1'
0%
#15788000
0'
#15789000
1%
#15790000
1'
#15792000
0'
0%
#15794000
1'
#15795000
1%
#15796000
0'
#15798000
1'
0%
#15800000
0'
#15801000
1%
#15802000
1'
#15804000
0'
0%
#15806000
1'
#15807000
1%
#15808000
0'
#15810000
1'
0%
#15812000
0'
#15813000
1%
#15814000
1'
#15816000
0'
0%
#15818000
1'
#15819000
1%
#15820000
0'
#15822000
1'
0%
#15824000
0'
#15825000
1%
#15826000
1'
#15828000
0'
0%
#15830000
1'
#15831000
1%
#15832000
0'
#15834000
1'
0%
#15836000
0'
#15837000
1%
#15838000
1'
#15840000
0'
0%
#15842000
1'
#15843000
1%
#15844000
0'
#15846000
1'
0%
#15848000
0'
#15849000
1%
#15850000
1'
#15852000
0'
0%
#15854000
1'
#15855000
1%
#15856000
0'
#15858000
1'
0%
#15860000
0'
#15861000
1%
#15862000
1'
#15864000
0'
0%
#15866000
1'
#15867000
1%
#15868000
0'
#15870000
1'
0%
#15872000
0'
#15873000
1%
#15874000
1'
#15876000
0'
0%
#15878000
1'
#15879000
1%
#15880000
0'
#15882000
1'
0%
#15884000
0'
#15885000
1%
#15886000
1'
#15888000
0'
0%
#15890000
1'
#15891000
1%
#15892000
0'
#15894000
1'
0%
#15896000
0'
#15897000
1%
#15898000
1'
#15900000
0'
0%
#15902000
1'
#15903000
1%
#15904000
0'
#15906000
1'
0%
#15908000
0'
#15909000
1%
#15910000
1'
#15912000
0'
0%
#15914000
1'
#15915000
1%
#15916000
0'
#15918000
1'
0%
#15920000
0'
#15921000
1%
#15922000
1'
#15924000
0'
0%
#15926000
1'
#15927000
1%
#15928000
0'
#15930000
1'
0%
#15932000
0'
#15933000
1%
#15934000
1'
#15936000
0'
0%
#15938000
1'
#15939000
1%
#15940000
0'
#15942000
1'
0%
#15944000
0'
#15945000
1%
#15946000
1'
#15948000
0'
0%
#15950000
1'
#15951000
1%
#15952000
0'
#15954000
1'
0%
#15956000
0'
#15957000
1%
#15958000
1'
#15960000
0'
0%
#15962000
1'
#15963000
1%
#15964000
0'
#15966000
1'
0%
#15968000
0'
#15969000
1%
#15970000
1'
#15972000
0'
0%
#15974000
1'
#15975000
1%
#15976000
0'
#15978000
1'
0%
#15980000
0'
#15981000
1%
#15982000
1'
#15984000
0'
0%
#15986000
1'
#15987000
1%
#15988000
0'
#15990000
1'
0%
#15992000
0'
#15993000
1%
#15994000
1'
#15996000
0'
0%
#15998000
1'
#15999000
1%
#16000000
0'
#16002000
1'
0%
#16004000
0'
#16005000
1%
#16006000
1'
#16008000
0'
0%
#16010000
1'
#16011000
1%
#16012000
0'
#16014000
1'
0%
#16016000
0'
#16017000
1%
#16018000
1'
#16020000
0'
0%
#16022000
1'
#16023000
1%
#16024000
0'
#16026000
1'
0%
#16028000
0'
#16029000
1%
#16030000
1'
#16032000
0'
0%
#16034000
1'
#16035000
1%
#16036000
0'
#16038000
1'
0%
#16040000
0'
#16041000
1%
#16042000
1'
#16044000
0'
0%
#16046000
1'
#16047000
1%
#16048000
0'
#16050000
1'
0%
#16052000
0'
#16053000
1%
#16054000
1'
#16056000
0'
0%
#16058000
1'
#16059000
1%
#16060000
0'
#16062000
1'
0%
#16064000
0'
#16065000
1%
#16066000
1'
#16068000
0'
0%
#16070000
1'
#16071000
1%
#16072000
0'
#16074000
1'
0%
#16076000
0'
#16077000
1%
#16078000
1'
#16080000
0'
0%
#16082000
1'
#16083000
1%
#16084000
0'
#16086000
1'
0%
#16088000
0'
#16089000
1%
#16090000
1'
#16092000
0'
0%
#16094000
1'
#16095000
1%
#16096000
0'
#16098000
1'
0%
#16100000
0'
#16101000
1%
#16102000
1'
#16104000
0'
0%
#16106000
1'
#16107000
1%
#16108000
0'
#16110000
1'
0%
#16112000
0'
#16113000
1%
#16114000
1'
#16116000
0'
0%
#16118000
1'
#16119000
1%
#16120000
0'
#16122000
1'
0%
#16124000
0'
#16125000
1%
#16126000
1'
#16128000
0'
0%
#16130000
1'
#16131000
1%
#16132000
0'
#16134000
1'
0%
#16136000
0'
#16137000
1%
#16138000
1'
#16140000
0'
0%
#16142000
1'
#16143000
1%
#16144000
0'
#16146000
1'
0%
#16148000
0'
#16149000
1%
#16150000
1'
#16152000
0'
0%
#16154000
1'
#16155000
1%
#16156000
0'
#16158000
1'
0%
#16160000
0'
#16161000
1%
#16162000
1'
#16164000
0'
0%
#16166000
1'
#16167000
1%
#16168000
0'
#16170000
1'
0%
#16172000
0'
#16173000
1%
#16174000
1'
#16176000
0'
0%
#16178000
1'
#16179000
1%
#16180000
0'
#16182000
1'
0%
#16184000
0'
#16185000
1%
#16186000
1'
#16188000
0'
0%
#16190000
1'
#16191000
1%
#16192000
0'
#16194000
1'
0%
#16196000
0'
#16197000
1%
#16198000
1'
#16200000
0'
0%
#16202000
1'
#16203000
1%
#16204000
0'
#16206000
1'
0%
#16208000
0'
#16209000
1%
#16210000
1'
#16212000
0'
0%
#16214000
1'
#16215000
1%
#16216000
0'
#16218000
1'
0%
#16220000
0'
#16221000
1%
#16222000
1'
#16224000
0'
0%
#16226000
1'
#16227000
1%
#16228000
0'
#16230000
1'
0%
#16232000
0'
#16233000
1%
#16234000
1'
#16236000
0'
0%
#16238000
1'
#16239000
1%
#16240000
0'
#16242000
1'
0%
#16244000
0'
#16245000
1%
#16246000
1'
#16248000
0'
0%
#16250000
1'
#16251000
1%
#16252000
0'
#16254000
1'
0%
#16256000
0'
#16257000
1%
#16258000
1'
#16260000
0'
0%
#16262000
1'
#16263000
1%
#16264000
0'
#16266000
1'
0%
#16268000
0'
#16269000
1%
#16270000
1'
#16272000
0'
0%
#16274000
1'
#16275000
1%
#16276000
0'
#16278000
1'
0%
#16280000
0'
#16281000
1%
#16282000
1'
#16284000
0'
0%
#16286000
1'
#16287000
1%
#16288000
0'
#16290000
1'
0%
#16292000
0'
#16293000
1%
#16294000
1'
#16296000
0'
0%
#16298000
1'
#16299000
1%
#16300000
0'
#16302000
1'
0%
#16304000
0'
#16305000
1%
#16306000
1'
#16308000
0'
0%
#16310000
1'
#16311000
1%
#16312000
0'
#16314000
1'
0%
#16316000
0'
#16317000
1%
#16318000
1'
#16320000
0'
0%
#16322000
1'
#16323000
1%
#16324000
0'
#16326000
1'
0%
#16328000
0'
#16329000
1%
#16330000
1'
#16332000
0'
0%
#16334000
1'
#16335000
1%
#16336000
0'
#16338000
1'
0%
#16340000
0'
#16341000
1%
#16342000
1'
#16344000
0'
0%
#16346000
1'
#16347000
1%
#16348000
0'
#16350000
1'
0%
#16352000
0'
#16353000
1%
#16354000
1'
#16356000
0'
0%
#16358000
1'
#16359000
1%
#16360000
0'
#16362000
1'
0%
#16364000
0'
#16365000
1%
#16366000
1'
#16368000
0'
0%
#16370000
1'
#16371000
1%
#16372000
0'
#16374000
1'
0%
#16376000
0'
#16377000
1%
#16378000
1'
#16380000
0'
0%
#16382000
1'
#16383000
1%
#16384000
0'
#16386000
1'
0%
#16388000
0'
#16389000
1%
#16390000
1'
#16392000
0'
0%
#16394000
1'
#16395000
1%
#16396000
0'
#16398000
1'
0%
#16400000
0'
#16401000
1%
#16402000
1'
#16404000
0'
0%
#16406000
1'
#16407000
1%
#16408000
0'
#16410000
1'
0%
#16412000
0'
#16413000
1%
#16414000
1'
#16416000
0'
0%
#16418000
1'
#16419000
1%
#16420000
0'
#16422000
1'
0%
#16424000
0'
#16425000
1%
#16426000
1'
#16428000
0'
0%
#16430000
1'
#16431000
1%
#16432000
0'
#16434000
1'
0%
#16436000
0'
#16437000
1%
#16438000
1'
#16440000
0'
0%
#16442000
1'
#16443000
1%
#16444000
0'
#16446000
1'
0%
#16448000
0'
#16449000
1%
#16450000
1'
#16452000
0'
0%
#16454000
1'
#16455000
1%
#16456000
0'
#16458000
1'
0%
#16460000
0'
#16461000
1%
#16462000
1'
#16464000
0'
0%
#16466000
1'
#16467000
1%
#16468000
0'
#16470000
1'
0%
#16472000
0'
#16473000
1%
#16474000
1'
#16476000
0'
0%
#16478000
1'
#16479000
1%
#16480000
0'
#16482000
1'
0%
#16484000
0'
#16485000
1%
#16486000
1'
#16488000
0'
0%
#16490000
1'
#16491000
1%
#16492000
0'
#16494000
1'
0%
#16496000
0'
#16497000
1%
#16498000
1'
#16500000
0'
0%
#16502000
1'
#16503000
1%
#16504000
0'
#16506000
1'
0%
#16508000
0'
#16509000
1%
#16510000
1'
#16512000
0'
0%
#16514000
1'
#16515000
1%
#16516000
0'
#16518000
1'
0%
#16520000
0'
#16521000
1%
#16522000
1'
#16524000
0'
0%
#16526000
1'
#16527000
1%
#16528000
0'
#16530000
1'
0%
#16532000
0'
#16533000
1%
#16534000
1'
#16536000
0'
0%
#16538000
1'
#16539000
1%
#16540000
0'
#16542000
1'
0%
#16544000
0'
#16545000
1%
#16546000
1'
#16548000
0'
0%
#16550000
1'
#16551000
1%
#16552000
0'
#16554000
1'
0%
#16556000
0'
#16557000
1%
#16558000
1'
#16560000
0'
0%
#16562000
1'
#16563000
1%
#16564000
0'
#16566000
1'
0%
#16568000
0'
#16569000
1%
#16570000
1'
#16572000
0'
0%
#16574000
1'
#16575000
1%
#16576000
0'
#16578000
1'
0%
#16580000
0'
#16581000
1%
#16582000
1'
#16584000
0'
0%
#16586000
1'
#16587000
1%
#16588000
0'
#16590000
1'
0%
#16592000
0'
#16593000
1%
#16594000
1'
#16596000
0'
0%
#16598000
1'
#16599000
1%
#16600000
0'
#16602000
1'
0%
#16604000
0'
#16605000
1%
#16606000
1'
#16608000
0'
0%
#16610000
1'
#16611000
1%
#16612000
0'
#16614000
1'
0%
#16616000
0'
#16617000
1%
#16618000
1'
#16620000
0'
0%
#16622000
1'
#16623000
1%
#16624000
0'
#16626000
1'
0%
#16628000
0'
#16629000
1%
#16630000
1'
#16632000
0'
0%
#16634000
1'
#16635000
1%
#16636000
0'
#16638000
1'
0%
#16640000
0'
#16641000
1%
#16642000
1'
#16644000
0'
0%
#16646000
1'
#16647000
1%
#16648000
0'
#16650000
1'
0%
#16652000
0'
#16653000
1%
#16654000
1'
#16656000
0'
0%
#16658000
1'
#16659000
1%
#16660000
0'
#16662000
1'
0%
#16664000
0'
#16665000
1%
#16666000
1'
#16668000
0'
0%
#16670000
1'
#16671000
1%
#16672000
0'
#16674000
1'
0%
#16676000
0'
#16677000
1%
#16678000
1'
#16680000
0'
0%
#16682000
1'
#16683000
1%
#16684000
0'
#16686000
1'
0%
#16688000
0'
#16689000
1%
#16690000
1'
#16692000
0'
0%
#16694000
1'
#16695000
1%
#16696000
0'
#16698000
1'
0%
#16700000
0'
#16701000
1%
#16702000
1'
#16704000
0'
0%
#16706000
1'
#16707000
1%
#16708000
0'
#16710000
1'
0%
#16712000
0'
#16713000
1%
#16714000
1'
#16716000
0'
0%
#16718000
1'
#16719000
1%
#16720000
0'
#16722000
1'
0%
#16724000
0'
#16725000
1%
#16726000
1'
#16728000
0'
0%
#16730000
1'
#16731000
1%
#16732000
0'
#16734000
1'
0%
#16736000
0'
#16737000
1%
#16738000
1'
#16740000
0'
0%
#16742000
1'
#16743000
1%
#16744000
0'
#16746000
1'
0%
#16748000
0'
#16749000
1%
#16750000
1'
#16752000
0'
0%
#16754000
1'
#16755000
1%
#16756000
0'
#16758000
1'
0%
#16760000
0'
#16761000
1%
#16762000
1'
#16764000
0'
0%
#16766000
1'
#16767000
1%
#16768000
0'
#16770000
1'
0%
#16772000
0'
#16773000
1%
#16774000
1'
#16776000
0'
0%
#16778000
1'
#16779000
1%
#16780000
0'
#16782000
1'
0%
#16784000
0'
#16785000
1%
#16786000
1'
#16788000
0'
0%
#16790000
1'
#16791000
1%
#16792000
0'
#16794000
1'
0%
#16796000
0'
#16797000
1%
#16798000
1'
#16800000
0'
0%
#16802000
1'
#16803000
1%
#16804000
0'
#16806000
1'
0%
#16808000
0'
#16809000
1%
#16810000
1'
#16812000
0'
0%
#16814000
1'
#16815000
1%
#16816000
0'
#16818000
1'
0%
#16820000
0'
#16821000
1%
#16822000
1'
#16824000
0'
0%
#16826000
1'
#16827000
1%
#16828000
0'
#16830000
1'
0%
#16832000
0'
#16833000
1%
#16834000
1'
#16836000
0'
0%
#16838000
1'
#16839000
1%
#16840000
0'
#16842000
1'
0%
#16844000
0'
#16845000
1%
#16846000
1'
#16848000
0'
0%
#16850000
1'
#16851000
1%
#16852000
0'
#16854000
1'
0%
#16856000
0'
#16857000
1%
#16858000
1'
#16860000
0'
0%
#16862000
1'
#16863000
1%
#16864000
0'
#16866000
1'
0%
#16868000
0'
#16869000
1%
#16870000
1'
#16872000
0'
0%
#16874000
1'
#16875000
1%
#16876000
0'
#16878000
1'
0%
#16880000
0'
#16881000
1%
#16882000
1'
#16884000
0'
0%
#16886000
1'
#16887000
1%
#16888000
0'
#16890000
1'
0%
#16892000
0'
#16893000
1%
#16894000
1'
#16896000
0'
0%
#16898000
1'
#16899000
1%
#16900000
0'
#16902000
1'
0%
#16904000
0'
#16905000
1%
#16906000
1'
#16908000
0'
0%
#16910000
1'
#16911000
1%
#16912000
0'
#16914000
1'
0%
#16916000
0'
#16917000
1%
#16918000
1'
#16920000
0'
0%
#16922000
1'
#16923000
1%
#16924000
0'
#16926000
1'
0%
#16928000
0'
#16929000
1%
#16930000
1'
#16932000
0'
0%
#16934000
1'
#16935000
1%
#16936000
0'
#16938000
1'
0%
#16940000
0'
#16941000
1%
#16942000
1'
#16944000
0'
0%
#16946000
1'
#16947000
1%
#16948000
0'
#16950000
1'
0%
#16952000
0'
#16953000
1%
#16954000
1'
#16956000
0'
0%
#16958000
1'
#16959000
1%
#16960000
0'
#16962000
1'
0%
#16964000
0'
#16965000
1%
#16966000
1'
#16968000
0'
0%
#16970000
1'
#16971000
1%
#16972000
0'
#16974000
1'
0%
#16976000
0'
#16977000
1%
#16978000
1'
#16980000
0'
0%
#16982000
1'
#16983000
1%
#16984000
0'
#16986000
1'
0%
#16988000
0'
#16989000
1%
#16990000
1'
#16992000
0'
0%
#16994000
1'
#16995000
1%
#16996000
0'
#16998000
1'
0%
#17000000
0'
#17001000
1%
#17002000
1'
#17004000
0'
0%
#17006000
1'
#17007000
1%
#17008000
0'
#17010000
1'
0%
#17012000
0'
#17013000
1%
#17014000
1'
#17016000
0'
0%
#17018000
1'
#17019000
1%
#17020000
0'
#17022000
1'
0%
#17024000
0'
#17025000
1%
#17026000
1'
#17028000
0'
0%
#17030000
1'
#17031000
1%
#17032000
0'
#17034000
1'
0%
#17036000
0'
#17037000
1%
#17038000
1'
#17040000
0'
0%
#17042000
1'
#17043000
1%
#17044000
0'
#17046000
1'
0%
#17048000
0'
#17049000
1%
#17050000
1'
#17052000
0'
0%
#17054000
1'
#17055000
1%
#17056000
0'
#17058000
1'
0%
#17060000
0'
#17061000
1%
#17062000
1'
#17064000
0'
0%
#17066000
1'
#17067000
1%
#17068000
0'
#17070000
1'
0%
#17072000
0'
#17073000
1%
#17074000
1'
#17076000
0'
0%
#17078000
1'
#17079000
1%
#17080000
0'
#17082000
1'
0%
#17084000
0'
#17085000
1%
#17086000
1'
#17088000
0'
0%
#17090000
1'
#17091000
1%
#17092000
0'
#17094000
1'
0%
#17096000
0'
#17097000
1%
#17098000
1'
#17100000
0'
0%
#17102000
1'
#17103000
1%
#17104000
0'
#17106000
1'
0%
#17108000
0'
#17109000
1%
#17110000
1'
#17112000
0'
0%
#17114000
1'
#17115000
1%
#17116000
0'
#17118000
1'
0%
#17120000
0'
#17121000
1%
#17122000
1'
#17124000
0'
0%
#17126000
1'
#17127000
1%
#17128000
0'
#17130000
1'
0%
#17132000
0'
#17133000
1%
#17134000
1'
#17136000
0'
0%
#17138000
1'
#17139000
1%
#17140000
0'
#17142000
1'
0%
#17144000
0'
#17145000
1%
#17146000
1'
#17148000
0'
0%
#17150000
1'
#17151000
1%
#17152000
0'
#17154000
1'
0%
#17156000
0'
#17157000
1%
#17158000
1'
#17160000
0'
0%
#17162000
1'
#17163000
1%
#17164000
0'
#17166000
1'
0%
#17168000
0'
#17169000
1%
#17170000
1'
#17172000
0'
0%
#17174000
1'
#17175000
1%
#17176000
0'
#17178000
1'
0%
#17180000
0'
#17181000
1%
#17182000
1'
#17184000
0'
0%
#17186000
1'
#17187000
1%
#17188000
0'
#17190000
1'
0%
#17192000
0'
#17193000
1%
#17194000
1'
#17196000
0'
0%
#17198000
1'
#17199000
1%
#17200000
0'
#17202000
1'
0%
#17204000
0'
#17205000
1%
#17206000
1'
#17208000
0'
0%
#17210000
1'
#17211000
1%
#17212000
0'
#17214000
1'
0%
#17216000
0'
#17217000
1%
#17218000
1'
#17220000
0'
0%
#17222000
1'
#17223000
1%
#17224000
0'
#17226000
1'
0%
#17228000
0'
#17229000
1%
#17230000
1'
#17232000
0'
0%
#17234000
1'
#17235000
1%
#17236000
0'
#17238000
1'
0%
#17240000
0'
#17241000
1%
#17242000
1'
#17244000
0'
0%
#17246000
1'
#17247000
1%
#17248000
0'
#17250000
1'
0%
#17252000
0'
#17253000
1%
#17254000
1'
#17256000
0'
0%
#17258000
1'
#17259000
1%
#17260000
0'
#17262000
1'
0%
#17264000
0'
#17265000
1%
#17266000
1'
#17268000
0'
0%
#17270000
1'
#17271000
1%
#17272000
0'
#17274000
1'
0%
#17276000
0'
#17277000
1%
#17278000
1'
#17280000
0'
0%
#17282000
1'
#17283000
1%
#17284000
0'
#17286000
1'
0%
#17288000
0'
#17289000
1%
#17290000
1'
#17292000
0'
0%
#17294000
1'
#17295000
1%
#17296000
0'
#17298000
1'
0%
#17300000
0'
#17301000
1%
#17302000
1'
#17304000
0'
0%
#17306000
1'
#17307000
1%
#17308000
0'
#17310000
1'
0%
#17312000
0'
#17313000
1%
#17314000
1'
#17316000
0'
0%
#17318000
1'
#17319000
1%
#17320000
0'
#17322000
1'
0%
#17324000
0'
#17325000
1%
#17326000
1'
#17328000
0'
0%
#17330000
1'
#17331000
1%
#17332000
0'
#17334000
1'
0%
#17336000
0'
#17337000
1%
#17338000
1'
#17340000
0'
0%
#17342000
1'
#17343000
1%
#17344000
0'
#17346000
1'
0%
#17348000
0'
#17349000
1%
#17350000
1'
#17352000
0'
0%
#17354000
1'
#17355000
1%
#17356000
0'
#17358000
1'
0%
#17360000
0'
#17361000
1%
#17362000
1'
#17364000
0'
0%
#17366000
1'
#17367000
1%
#17368000
0'
#17370000
1'
0%
#17372000
0'
#17373000
1%
#17374000
1'
#17376000
0'
0%
#17378000
1'
#17379000
1%
#17380000
0'
#17382000
1'
0%
#17384000
0'
#17385000
1%
#17386000
1'
#17388000
0'
0%
#17390000
1'
#17391000
1%
#17392000
0'
#17394000
1'
0%
#17396000
0'
#17397000
1%
#17398000
1'
#17400000
0'
0%
#17402000
1'
#17403000
1%
#17404000
0'
#17406000
1'
0%
#17408000
0'
#17409000
1%
#17410000
1'
#17412000
0'
0%
#17414000
1'
#17415000
1%
#17416000
0'
#17418000
1'
0%
#17420000
0'
#17421000
1%
#17422000
1'
#17424000
0'
0%
#17426000
1'
#17427000
1%
#17428000
0'
#17430000
1'
0%
#17432000
0'
#17433000
1%
#17434000
1'
#17436000
0'
0%
#17438000
1'
#17439000
1%
#17440000
0'
#17442000
1'
0%
#17444000
0'
#17445000
1%
#17446000
1'
#17448000
0'
0%
#17450000
1'
#17451000
1%
#17452000
0'
#17454000
1'
0%
#17456000
0'
#17457000
1%
#17458000
1'
#17460000
0'
0%
#17462000
1'
#17463000
1%
#17464000
0'
#17466000
1'
0%
#17468000
0'
#17469000
1%
#17470000
1'
#17472000
0'
0%
#17474000
1'
#17475000
1%
#17476000
0'
#17478000
1'
0%
#17480000
0'
#17481000
1%
#17482000
1'
#17484000
0'
0%
#17486000
1'
#17487000
1%
#17488000
0'
#17490000
1'
0%
#17492000
0'
#17493000
1%
#17494000
1'
#17496000
0'
0%
#17498000
1'
#17499000
1%
#17500000
0'
#17502000
1'
0%
#17504000
0'
#17505000
1%
#17506000
1'
#17508000
0'
0%
#17510000
1'
#17511000
1%
#17512000
0'
#17514000
1'
0%
#17516000
0'
#17517000
1%
#17518000
1'
#17520000
0'
0%
#17522000
1'
#17523000
1%
#17524000
0'
#17526000
1'
0%
#17528000
0'
#17529000
1%
#17530000
1'
#17532000
0'
0%
#17534000
1'
#17535000
1%
#17536000
0'
#17538000
1'
0%
#17540000
0'
#17541000
1%
#17542000
1'
#17544000
0'
0%
#17546000
1'
#17547000
1%
#17548000
0'
#17550000
1'
0%
#17552000
0'
#17553000
1%
#17554000
1'
#17556000
0'
0%
#17558000
1'
#17559000
1%
#17560000
0'
#17562000
1'
0%
#17564000
0'
#17565000
1%
#17566000
1'
#17568000
0'
0%
#17570000
1'
#17571000
1%
#17572000
0'
#17574000
1'
0%
#17576000
0'
#17577000
1%
#17578000
1'
#17580000
0'
0%
#17582000
1'
#17583000
1%
#17584000
0'
#17586000
1'
0%
#17588000
0'
#17589000
1%
#17590000
1'
#17592000
0'
0%
#17594000
1'
#17595000
1%
#17596000
0'
#17598000
1'
0%
#17600000
0'
#17601000
1%
#17602000
1'
#17604000
0'
0%
#17606000
1'
#17607000
1%
#17608000
0'
#17610000
1'
0%
#17612000
0'
#17613000
1%
#17614000
1'
#17616000
0'
0%
#17618000
1'
#17619000
1%
#17620000
0'
1$
#17622000
b11011 N
b11001 M
b10001 Q
b1 W
b1110001 +
b1110001 3
b1110001 9
b1110001 V
1*
1'
0%
#17624000
0'
#17625000
1%
#17626000
b1 4
b1 :
b1 R
b11010 N
b11011 M
b1110001 #
b1110001 )
b1110001 -
b1110001 0
b1110001 7
b1110001 ;
b10010 Q
b10001 T
b11001 2
b11001 J
b11001 U
b10 W
b1110010 +
b1110010 3
b1110010 9
b1110010 V
1'
#17628000
0'
0%
#17630000
b10 4
b10 :
b10 R
b11110 N
b11010 M
b11 W
b1110011 +
b1110011 3
b1110011 9
b1110011 V
b10011 Q
b10010 T
b11011 2
b11011 J
b11011 U
1'
#17631000
b11011 K
1%
#17632000
0'
#17634000
b11 4
b11 :
b11 R
b11111 N
b11110 M
b10100 Q
b10011 T
b11010 2
b11010 J
b11010 U
b100 W
b1110100 +
b1110100 3
b1110100 9
b1110100 V
1'
0%
#17636000
0'
#17637000
0A
b11011 5
b11011 @
b11011 L
b11010 K
1%
#17638000
b100 4
b100 :
b100 R
b11101 N
b11111 M
b101 W
b1110101 +
b1110101 3
b1110101 9
b1110101 V
b10101 Q
b10100 T
b11110 2
b11110 J
b11110 U
1'
#17640000
0'
0%
#17642000
b101 4
b101 :
b101 R
b11100 N
b11101 M
b10110 Q
b10101 T
b11111 2
b11111 J
b11111 U
b110 W
b1110110 +
b1110110 3
b1110110 9
b1110110 V
1'
#17643000
0"
b11010 5
b11010 @
b11010 L
b11111 K
1%
#17644000
0'
#17646000
b110 4
b110 :
b110 R
b10100 N
b11100 M
b111 W
b1110111 +
b1110111 3
b1110111 9
b1110111 V
b10111 Q
b10110 T
b11101 2
b11101 J
b11101 U
1'
0%
#17648000
0'
#17649000
b11011 ?
b11001 >
b10001 B
b11111 5
b11111 @
b11111 L
b11101 K
1,
1%
#17650000
b111 4
b111 :
b111 R
b10101 N
b10100 M
b11000 Q
b10111 T
b11100 2
b11100 J
b11100 U
b1000 W
b1111000 +
b1111000 3
b1111000 9
b1111000 V
1'
#17652000
0'
0%
#17654000
b1000 4
b1000 :
b1000 R
b10111 N
b10101 M
b1001 W
b1111001 +
b1111001 3
b1111001 9
b1111001 V
b11001 Q
b11000 T
b10100 2
b10100 J
b10100 U
1'
#17655000
b1110010 #
b1110010 )
b1110010 -
b1110010 0
b1110010 7
b1110010 ;
b1 8
b1 <
b1 C
b11010 ?
b11011 >
b10010 B
b10001 E
b11001 6
b11001 F
b11001 G
b11101 5
b11101 @
b11101 L
b10100 K
1%
#17656000
0'
#17658000
b1001 4
b1001 :
b1001 R
b10110 N
b10111 M
b11010 Q
b11001 T
b10101 2
b10101 J
b10101 U
b11001 H
b1010 W
b1111010 +
b1111010 3
b1111010 9
b1111010 V
1'
0%
#17660000
0'
#17661000
b1110011 #
b1110011 )
b1110011 -
b1110011 0
b1110011 7
b1110011 ;
b10 8
b10 <
b10 C
b11110 ?
b11010 >
b10100 5
b10100 @
b10100 L
b10101 K
b10011 B
b10010 E
b11011 6
b11011 F
b11011 G
1%
#17662000
b1010 4
b1010 :
b1010 R
b10010 N
b10110 M
b1011 W
b1111011 +
b1111011 3
b1111011 9
b1111011 V
b11001 1
b11001 I
b11001 O
b11011 H
b11011 Q
b11010 T
b10111 2
b10111 J
b10111 U
1'
#17664000
0'
0%
#17666000
b1011 4
b1011 :
b1011 R
b10011 N
b10010 M
b11100 Q
b11011 T
b10110 2
b10110 J
b10110 U
b11011 1
b11011 I
b11011 O
b1100 W
b1111100 +
b1111100 3
b1111100 9
b1111100 V
1'
#17667000
b1110100 #
b1110100 )
b1110100 -
b1110100 0
b1110100 7
b1110100 ;
b11 8
b11 <
b11 C
b11111 ?
b11110 >
b10100 B
b10011 E
b11010 6
b11010 F
b11010 G
b10101 5
b10101 @
b10101 L
b10110 K
1%
#17668000
0'
#17670000
b1100 4
b1100 :
b1100 R
b10001 N
b10011 M
b1101 W
b1111101 +
b1111101 3
b1111101 9
b1111101 V
b11010 H
b11101 Q
b11100 T
b10010 2
b10010 J
b10010 U
1'
0%
#17672000
0'
#17673000
b1110101 #
b1110101 )
b1110101 -
b1110101 0
b1110101 7
b1110101 ;
b100 8
b100 <
b100 C
b11101 ?
b11111 >
b10110 5
b10110 @
b10110 L
b10010 K
b10101 B
b10100 E
b11110 6
b11110 F
b11110 G
1%
#17674000
b1101 4
b1101 :
b1101 R
b10000 N
b10001 M
b11110 Q
b11101 T
b10011 2
b10011 J
b10011 U
b11010 1
b11010 I
b11010 O
b11110 H
b1110 W
b1111110 +
b1111110 3
b1111110 9
b1111110 V
1'
#17676000
0'
0%
#17678000
b1110 4
b1110 :
b1110 R
b0 N
b10000 M
b1111 W
b1111111 +
b1111111 3
b1111111 9
b1111111 V
b11110 1
b11110 I
b11110 O
b11111 Q
b11110 T
b10001 2
b10001 J
b10001 U
1'
#17679000
b1110110 #
b1110110 )
b1110110 -
b1110110 0
b1110110 7
b1110110 ;
b101 8
b101 <
b101 C
b11100 ?
b11101 >
b10110 B
b10101 E
b11111 6
b11111 F
b11111 G
b10010 5
b10010 @
b10010 L
b10001 K
1%
#17680000
0'
#17682000
b1111 4
b1111 :
b1111 R
b1 N
b0 M
b0 Q
b11111 T
b10000 2
b10000 J
b10000 U
b11111 H
b0 W
b10000000 +
b10000000 3
b10000000 9
b10000000 V
1'
0%
#17684000
0'
#17685000
b1110111 #
b1110111 )
b1110111 -
b1110111 0
b1110111 7
b1110111 ;
b110 8
b110 <
b110 C
b10100 ?
b11100 >
b10001 5
b10001 @
b10001 L
b10000 K
b10111 B
b10110 E
b11101 6
b11101 F
b11101 G
1%
#17686000
b0 4
b0 :
b0 R
b11 N
b1 M
b1 W
b10000001 +
b10000001 3
b10000001 9
b10000001 V
b11111 1
b11111 I
b11111 O
b11101 H
b1 Q
b0 T
b0 2
b0 J
b0 U
1'
#17688000
0'
0%
#17690000
b1 4
b1 :
b1 R
b10 N
b11 M
b10 Q
b1 T
b1 2
b1 J
b1 U
b11101 1
b11101 I
b11101 O
b10 W
b10000010 +
b10000010 3
b10000010 9
b10000010 V
1'
#17691000
b1111000 #
b1111000 )
b1111000 -
b1111000 0
b1111000 7
b1111000 ;
b111 8
b111 <
b111 C
b10101 ?
b10100 >
b11000 B
b10111 E
b11100 6
b11100 F
b11100 G
b10000 5
b10000 @
b10000 L
b1 K
1%
#17692000
0'
#17694000
b10 4
b10 :
b10 R
0S
b110 N
b10 M
b11 W
b10000011 +
b10000011 3
b10000011 9
b10000011 V
b11100 H
b11 Q
b10 T
b11 2
b11 J
b11 U
1'
0%
#17696000
0'
#17697000
b1111001 #
b1111001 )
b1111001 -
b1111001 0
b1111001 7
b1111001 ;
b1000 8
b1000 <
b1000 C
b10111 ?
b10101 >
b1 5
b1 @
b1 L
b11 K
b11001 B
b11000 E
b10100 6
b10100 F
b10100 G
1%
#17698000
b11 4
b11 :
b11 R
b111 N
b110 M
b100 Q
b11 T
b10 2
b10 J
b10 U
b11100 1
b11100 I
b11100 O
b10100 H
b100 W
b10000100 +
b10000100 3
b10000100 9
b10000100 V
1'
#17700000
0'
0%
#17702000
b100 4
b100 :
b100 R
0S
b101 N
b111 M
b101 W
b10000101 +
b10000101 3
b10000101 9
b10000101 V
b10100 1
b10100 I
b10100 O
b101 Q
b100 T
b110 2
b110 J
b110 U
1'
#17703000
b1111010 #
b1111010 )
b1111010 -
b1111010 0
b1111010 7
b1111010 ;
b1001 8
b1001 <
b1001 C
b10110 ?
b10111 >
b11010 B
b11001 E
b10101 6
b10101 F
b10101 G
b11 5
b11 @
b11 L
b110 K
1%
#17704000
0'
#17706000
b101 4
b101 :
b101 R
b100 N
b101 M
b110 Q
b101 T
b111 2
b111 J
b111 U
b10101 H
b110 W
b10000110 +
b10000110 3
b10000110 9
b10000110 V
1'
0%
#17708000
0'
#17709000
b1111011 #
b1111011 )
b1111011 -
b1111011 0
b1111011 7
b1111011 ;
b1010 8
b1010 <
b1010 C
b10010 ?
b10110 >
b110 5
b110 @
b110 L
b111 K
b11011 B
b11010 E
b10111 6
b10111 F
b10111 G
1%
#17710000
b110 4
b110 :
b110 R
b1100 N
b100 M
b111 W
b10000111 +
b10000111 3
b10000111 9
b10000111 V
b10101 1
b10101 I
b10101 O
b10111 H
b111 Q
b110 T
b101 2
b101 J
b101 U
1'
#17712000
0'
0%
#17714000
b111 4
b111 :
b111 R
b1101 N
b1100 M
b1000 Q
b111 T
b100 2
b100 J
b100 U
b10111 1
b10111 I
b10111 O
b1000 W
b10001000 +
b10001000 3
b10001000 9
b10001000 V
1'
#17715000
b1111100 #
b1111100 )
b1111100 -
b1111100 0
b1111100 7
b1111100 ;
b1011 8
b1011 <
b1011 C
b10011 ?
b10010 >
b11100 B
b11011 E
b10110 6
b10110 F
b10110 G
b111 5
b111 @
b111 L
b100 K
1%
#17716000
0'
#17718000
1S
b1000 4
b1000 :
b1000 R
b1111 N
b1101 M
b1001 W
b10001001 +
b10001001 3
b10001001 9
b10001001 V
b10110 H
b1001 Q
b1000 T
b1100 2
b1100 J
b1100 U
1'
0%
#17720000
0'
#17721000
b1111101 #
b1111101 )
b1111101 -
b1111101 0
b1111101 7
b1111101 ;
b1100 8
b1100 <
b1100 C
b10001 ?
b10011 >
b100 5
b100 @
b100 L
b1100 K
b11101 B
b11100 E
b10010 6
b10010 F
b10010 G
1%
#17722000
b1001 4
b1001 :
b1001 R
b1110 N
0P
b1111 M
1S
1.
b1010 Q
b1001 T
b1101 2
b1101 J
b1101 U
b10110 1
b10110 I
b10110 O
b10010 H
b1010 W
b10001010 +
b10001010 3
b10001010 9
b10001010 V
1'
#17724000
0'
0%
#17726000
b1010 4
b1010 :
b1010 R
1S
b1010 N
0P
b1110 M
b1011 W
b10001011 +
b10001011 3
b10001011 9
b10001011 V
b10010 1
b10010 I
b10010 O
b1011 Q
b1010 T
b1111 2
b1111 J
b1111 U
1'
#17727000
b1111110 #
b1111110 )
b1111110 -
b1111110 0
b1111110 7
b1111110 ;
b1101 8
b1101 <
b1101 C
b10000 ?
b10001 >
b11110 B
b11101 E
b10011 6
b10011 F
b10011 G
b1100 5
b1100 @
b1100 L
b1111 K
1%
#17728000
0'
#17730000
1P
b1011 4
b1011 :
b1011 R
0S
b1011 N
b1010 M
b1100 Q
b1011 T
b1110 2
b1110 J
b1110 U
b10011 H
b1100 W
b10001100 +
b10001100 3
b10001100 9
b10001100 V
1'
0%
#17732000
0'
#17733000
b1111111 #
b1111111 )
b1111111 -
b1111111 0
b1111111 7
b1111111 ;
b1110 8
b1110 <
b1110 C
0D
b0 ?
b10000 >
b1111 5
b1111 @
b1111 L
b1110 K
b11111 B
b11110 E
b10001 6
b10001 F
b10001 G
1%
#17734000
1S
b1100 4
b1100 :
b1100 R
b1011 N
0P
b1010 M
b1101 W
b10001101 +
b10001101 3
b10001101 9
b10001101 V
b10011 1
b10011 I
b10011 O
b10001 H
b1100 Q
b1100 T
b1010 2
b1010 J
b1010 U
1!
0.
1'
#17736000
0'
0%
#17738000
0S
0!
1.
b10001 1
b10001 I
b10001 O
0*
1'
#17739000
b10000000 #
b10000000 )
b10000000 -
b10000000 0
b10000000 7
b10000000 ;
b1111 8
b1111 <
b1111 C
b1 ?
b0 >
b0 B
b11111 E
b10000 6
b10000 F
b10000 G
b1110 5
b1110 @
b1110 L
b1010 K
1%
#17740000
0'
#17742000
1S
b1001 N
b1011 M
b1101 Q
b1110 W
b10001110 +
b10001110 3
b10001110 9
b10001110 V
1*
b10000 H
0.
1'
0%
#17744000
0'
#17745000
b10000001 #
b10000001 )
b10000001 -
b10000001 0
b10000001 7
b10000001 ;
b0 8
b0 <
b0 C
b11 ?
b1 >
b1010 5
b1010 @
b1010 L
b1 B
b0 E
b0 6
b0 F
b0 G
1%
#17746000
b1101 4
b1101 :
b1101 R
b1000 N
0P
b1001 M
1S
1.
b1110 Q
b1101 T
b1011 2
b1011 J
b1011 U
b10000 1
b10000 I
b10000 O
b0 H
b1111 W
b10001111 +
b10001111 3
b10001111 9
b10001111 V
1'
#17748000
0'
0%
#17750000
b1110 4
b1110 :
b1110 R
1S
b11000 N
0P
b1000 M
b0 W
b10010000 +
b10010000 3
b10010000 9
b10010000 V
b0 1
b0 I
b0 O
b1111 Q
b1110 T
b1001 2
b1001 J
b1001 U
1'
#17751000
b10000010 #
b10000010 )
b10000010 -
b10000010 0
b10000010 7
b10000010 ;
b1 8
b1 <
b1 C
b10 ?
b11 >
b10 B
b1 E
b1 6
b1 F
b1 G
b1001 K
1%
#17752000
0'
#17754000
1P
b1111 4
b1111 :
b1111 R
0S
b11001 N
b11000 M
b10000 Q
b1111 T
b1000 2
b1000 J
b1000 U
b1 H
b1 W
b10010001 +
b10010001 3
b10010001 9
b10010001 V
1'
0%
#17756000
0'
#17757000
b10000011 #
b10000011 )
b10000011 -
b10000011 0
b10000011 7
b10000011 ;
b10 8
b10 <
b10 C
b110 ?
b10 >
b1001 5
b1001 @
b1001 L
b1000 K
b11 B
b10 E
b11 6
b11 F
b11 G
1%
#17758000
1S
b0 4
b0 :
b0 R
b11001 N
0P
b11000 M
b10 W
b10010010 +
b10010010 3
b10010010 9
b10010010 V
b1 1
b1 I
b1 O
b11 H
b10000 Q
b10000 T
b11000 2
b11000 J
b11000 U
1!
0.
1'
#17760000
0'
0%
#17762000
0S
0!
1.
b11 1
b11 I
b11 O
0*
1'
#17763000
b10000100 #
b10000100 )
b10000100 -
b10000100 0
b10000100 7
b10000100 ;
b11 8
b11 <
b11 C
b111 ?
b110 >
b100 B
b11 E
b10 6
b10 F
b10 G
b1000 5
b1000 @
b1000 L
b11000 K
1%
#17764000
0'
#17766000
1S
b11011 N
b11001 M
b10001 Q
b11 W
b10010011 +
b10010011 3
b10010011 9
b10010011 V
1*
b10 H
0.
1'
0%
#17768000
0'
#17769000
b10000101 #
b10000101 )
b10000101 -
b10000101 0
b10000101 7
b10000101 ;
b100 8
b100 <
b100 C
b101 ?
b111 >
b11000 5
b11000 @
b11000 L
b101 B
b100 E
b110 6
b110 F
b110 G
1%
#17770000
b1 4
b1 :
b1 R
b11010 N
0P
b11011 M
1S
1.
b10010 Q
b10001 T
b11001 2
b11001 J
b11001 U
b10 1
b10 I
b10 O
b110 H
b100 W
b10010100 +
b10010100 3
b10010100 9
b10010100 V
1'
#17772000
0'
0%
#17774000
b10 4
b10 :
b10 R
1S
b11110 N
0P
b11010 M
b101 W
b10010101 +
b10010101 3
b10010101 9
b10010101 V
b110 1
b110 I
b110 O
b10011 Q
b10010 T
b11011 2
b11011 J
b11011 U
1'
#17775000
b10000110 #
b10000110 )
b10000110 -
b10000110 0
b10000110 7
b10000110 ;
b101 8
b101 <
b101 C
b100 ?
b101 >
b110 B
b101 E
b111 6
b111 F
b111 G
b11011 K
1%
#17776000
0'
#17778000
1P
b11 4
b11 :
b11 R
0S
b11111 N
b11110 M
b10100 Q
b10011 T
b11010 2
b11010 J
b11010 U
b111 H
b110 W
b10010110 +
b10010110 3
b10010110 9
b10010110 V
1'
0%
#17780000
0'
#17781000
b10000111 #
b10000111 )
b10000111 -
b10000111 0
b10000111 7
b10000111 ;
b110 8
b110 <
b110 C
b1100 ?
b100 >
b11011 5
b11011 @
b11011 L
b11010 K
b111 B
b110 E
b101 6
b101 F
b101 G
1%
#17782000
1S
b100 4
b100 :
b100 R
b11111 N
0P
b11110 M
b111 W
b10010111 +
b10010111 3
b10010111 9
b10010111 V
b111 1
b111 I
b111 O
b101 H
b10100 Q
b10100 T
b11110 2
b11110 J
b11110 U
1!
0.
1'
#17784000
0'
0%
#17786000
0S
0!
1.
b101 1
b101 I
b101 O
0*
1'
#17787000
b10001000 #
b10001000 )
b10001000 -
b10001000 0
b10001000 7
b10001000 ;
b111 8
b111 <
b111 C
b1101 ?
b1100 >
b1000 B
b111 E
b100 6
b100 F
b100 G
b11010 5
b11010 @
b11010 L
b11110 K
1%
#17788000
0'
#17790000
1S
b11101 N
b11111 M
b10101 Q
b1000 W
b10011000 +
b10011000 3
b10011000 9
b10011000 V
1*
b100 H
0.
1'
0%
#17792000
0'
#17793000
b10001001 #
b10001001 )
b10001001 -
b10001001 0
b10001001 7
b10001001 ;
b1000 8
b1000 <
b1000 C
b1111 ?
b1101 >
b11110 5
b11110 @
b11110 L
b1001 B
b1000 E
b1100 6
b1100 F
b1100 G
1%
#17794000
b101 4
b101 :
b101 R
b11100 N
0P
b11101 M
1S
1.
b10110 Q
b10101 T
b11111 2
b11111 J
b11111 U
b100 1
b100 I
b100 O
b1100 H
b1001 W
b10011001 +
b10011001 3
b10011001 9
b10011001 V
1'
#17796000
0'
0%
#17798000
b110 4
b110 :
b110 R
1S
b10100 N
0P
b11100 M
b1010 W
b10011010 +
b10011010 3
b10011010 9
b10011010 V
b1100 1
b1100 I
b1100 O
b10111 Q
b10110 T
b11101 2
b11101 J
b11101 U
1'
#17799000
b10001010 #
b10001010 )
b10001010 -
b10001010 0
b10001010 7
b10001010 ;
b1001 8
b1001 <
b1001 C
b1110 ?
b1111 >
b1010 B
b1001 E
b1101 6
b1101 F
b1101 G
b11101 K
1%
#17800000
0'
#17802000
1P
b111 4
b111 :
b111 R
0S
b10101 N
b10100 M
b11000 Q
b10111 T
b11100 2
b11100 J
b11100 U
b1101 H
b1011 W
b10011011 +
b10011011 3
b10011011 9
b10011011 V
1'
0%
#17804000
0'
#17805000
b10001011 #
b10001011 )
b10001011 -
b10001011 0
b10001011 7
b10001011 ;
b1010 8
b1010 <
b1010 C
b1010 ?
b1110 >
b11101 5
b11101 @
b11101 L
b11100 K
b1011 B
b1010 E
b1111 6
b1111 F
b1111 G
1%
#17806000
1S
b1000 4
b1000 :
b1000 R
b10101 N
0P
b10100 M
b1100 W
b10011100 +
b10011100 3
b10011100 9
b10011100 V
b1101 1
b1101 I
b1101 O
b1111 H
b11000 Q
b11000 T
b10100 2
b10100 J
b10100 U
1!
0.
1'
#17808000
0'
0%
#17810000
0S
0!
1.
b1111 1
b1111 I
b1111 O
0*
1'
#17811000
b10001100 #
b10001100 )
b10001100 -
b10001100 0
b10001100 7
b10001100 ;
b1011 8
b1011 <
b1011 C
b1011 ?
b1010 >
b1100 B
b1011 E
b1110 6
b1110 F
b1110 G
b11100 5
b11100 @
b11100 L
b10100 K
1%
#17812000
0'
#17814000
1S
b10111 N
b10101 M
b11001 Q
b1101 W
b10011101 +
b10011101 3
b10011101 9
b10011101 V
1*
b1110 H
0.
1'
0%
#17816000
0'
#17817000
b10001110 #
b10001110 )
b10001110 -
b10001110 0
b10001110 7
b10001110 ;
b1100 8
b1100 <
b1100 C
b1001 ?
b1011 >
b10100 5
b10100 @
b10100 L
b1101 B
b1100 E
b1010 6
b1010 F
b1010 G
1%
#17818000
b1001 4
b1001 :
b1001 R
b10110 N
0P
b10111 M
1S
1.
b11010 Q
b11001 T
b10101 2
b10101 J
b10101 U
b1110 1
b1110 I
b1110 O
b1010 H
b1110 W
b10011110 +
b10011110 3
b10011110 9
b10011110 V
1'
#17820000
0'
0%
0$
#17822000
b1010 4
b1010 :
b1010 R
0S
b10110 N
0P
b10111 M
0*
b1010 1
b1010 I
b1010 O
b11010 Q
b11010 T
b10111 2
b10111 J
b10111 U
1'
#17823000
b10001111 #
b10001111 )
b10001111 -
b10001111 0
b10001111 7
b10001111 ;
b1101 8
b1101 <
b1101 C
b1000 ?
b1001 >
b1110 B
b1101 E
b1011 6
b1011 F
b1011 G
b10111 K
1%
#17824000
0'
#17826000
0.
b1011 H
1'
0%
#17828000
0'
#17829000
b10010000 #
b10010000 )
b10010000 -
b10010000 0
b10010000 7
b10010000 ;
b1110 8
b1110 <
b1110 C
0D
b11000 ?
b1000 >
b10111 5
b10111 @
b10111 L
b1111 B
b1110 E
b1001 6
b1001 F
b1001 G
1%
#17830000
b1011 1
b1011 I
b1011 O
b1001 H
1'
#17832000
0'
0%
#17834000
b1001 1
b1001 I
b1001 O
1'
#17835000
b10010001 #
b10010001 )
b10010001 -
b10010001 0
b10010001 7
b10010001 ;
b1111 8
b1111 <
b1111 C
b11001 ?
0A
b11000 >
b10000 B
b1111 E
b1000 6
b1000 F
b1000 G
1%
#17836000
0'
#17838000
b1000 H
1'
0%
#17840000
0'
#17841000
b10010011 #
b10010011 )
b10010011 -
b10010011 0
b10010011 7
b10010011 ;
b0 8
b0 <
b0 C
b11011 ?
b11001 >
b10001 B
b10000 E
b11000 6
b11000 F
b11000 G
1%
#17842000
b1000 1
b1000 I
b1000 O
b11000 H
1'
#17844000
0'
0%
#17846000
b11000 1
b11000 I
b11000 O
1'
#17847000
b10010100 #
b10010100 )
b10010100 -
b10010100 0
b10010100 7
b10010100 ;
b1 8
b1 <
b1 C
b11010 ?
b11011 >
b10010 B
b10001 E
b11001 6
b11001 F
b11001 G
1%
#17848000
0'
#17850000
b11001 H
1'
0%
#17852000
0'
#17853000
b10010101 #
b10010101 )
b10010101 -
b10010101 0
b10010101 7
b10010101 ;
b10 8
b10 <
b10 C
b11110 ?
b11010 >
b10011 B
b10010 E
b11011 6
b11011 F
b11011 G
1%
#17854000
b11001 1
b11001 I
b11001 O
b11011 H
1'
#17856000
0'
0%
#17858000
b11011 1
b11011 I
b11011 O
1'
#17859000
b10010110 #
b10010110 )
b10010110 -
b10010110 0
b10010110 7
b10010110 ;
b11 8
b11 <
b11 C
b11111 ?
b11110 >
b10100 B
b10011 E
b11010 6
b11010 F
b11010 G
1%
#17860000
0'
#17862000
b11010 H
1'
0%
#17864000
0'
#17865000
b10011000 #
b10011000 )
b10011000 -
b10011000 0
b10011000 7
b10011000 ;
b100 8
b100 <
b100 C
b11101 ?
b11111 >
b10101 B
b10100 E
b11110 6
b11110 F
b11110 G
1%
#17866000
b11010 1
b11010 I
b11010 O
b11110 H
1'
#17868000
0'
0%
#17870000
b11110 1
b11110 I
b11110 O
1'
#17871000
b10011001 #
b10011001 )
b10011001 -
b10011001 0
b10011001 7
b10011001 ;
b101 8
b101 <
b101 C
b11100 ?
b11101 >
b10110 B
b10101 E
b11111 6
b11111 F
b11111 G
1%
#17872000
0'
#17874000
b11111 H
1'
0%
#17876000
0'
#17877000
b10011010 #
b10011010 )
b10011010 -
b10011010 0
b10011010 7
b10011010 ;
b110 8
b110 <
b110 C
b10100 ?
b11100 >
b10111 B
b10110 E
b11101 6
b11101 F
b11101 G
1%
#17878000
b11111 1
b11111 I
b11111 O
b11101 H
1'
#17880000
0'
0%
#17882000
b11101 1
b11101 I
b11101 O
1'
#17883000
b10011011 #
b10011011 )
b10011011 -
b10011011 0
b10011011 7
b10011011 ;
b111 8
b111 <
b111 C
b10101 ?
b10100 >
b11000 B
b10111 E
b11100 6
b11100 F
b11100 G
1%
#17884000
0'
#17886000
b11100 H
1'
0%
#17888000
0'
#17889000
1D
b10011101 #
b10011101 )
b10011101 -
b10011101 0
b10011101 7
b10011101 ;
b1000 8
b1000 <
b1000 C
b10111 ?
b10101 >
b11001 B
b11000 E
b10100 6
b10100 F
b10100 G
1%
#17890000
b11100 1
b11100 I
b11100 O
b10100 H
1'
#17892000
0'
0%
#17894000
b10100 1
b10100 I
b10100 O
1'
#17895000
1A
b10011110 #
b10011110 )
b10011110 -
b10011110 0
b10011110 7
b10011110 ;
b1001 8
b1001 <
b1001 C
0D
b10110 ?
b10111 >
1/
b11010 B
b11001 E
b10101 6
b10101 F
b10101 G
1%
#17896000
0'
#17898000
b10101 H
1'
0%
#17900000
0'
#17901000
b10001011 #
b10001011 )
b10001011 -
b10001011 0
b10001011 7
b10001011 ;
b1010 8
b1010 <
b1010 C
b10110 ?
1A
b10111 >
b11010 B
b11010 E
b10111 6
b10111 F
b10111 G
1"
0/
1%
#17902000
b10101 1
b10101 I
b10101 O
b10111 H
1'
#17904000
0'
0%
#17906000
b10111 1
b10111 I
b10111 O
1'
#17907000
0,
1%
#17908000
0'
#17910000
1'
0%
#17912000
0'
#17913000
1%
#17914000
1'
#17916000
0'
0%
#17918000
1'
#17919000
1%
#17920000
0'
#17922000
1'
0%
#17924000
0'
#17925000
1%
#17926000
1'
#17928000
0'
0%
#17930000
1'
#17931000
1%
#17932000
0'
#17934000
1'
0%
#17936000
0'
#17937000
1%
#17938000
1'
#17940000
0'
0%
#17942000
1'
#17943000
1%
#17944000
0'
#17946000
1'
0%
#17948000
0'
#17949000
1%
#17950000
1'
#17952000
0'
0%
#17954000
1'
#17955000
1%
#17956000
0'
#17958000
1'
0%
#17960000
0'
#17961000
1%
#17962000
1'
#17964000
0'
0%
#17966000
1'
#17967000
1%
#17968000
0'
#17970000
1'
0%
#17972000
0'
#17973000
1%
#17974000
1'
#17976000
0'
0%
#17978000
1'
#17979000
1%
#17980000
0'
#17982000
1'
0%
#17984000
0'
#17985000
1%
#17986000
1'
#17988000
0'
0%
#17990000
1'
#17991000
1%
#17992000
0'
#17994000
1'
0%
#17996000
0'
#17997000
1%
#17998000
1'
#18000000
0'
0%
#18002000
1'
#18003000
1%
#18004000
0'
#18006000
1'
0%
#18008000
0'
#18009000
1%
#18010000
1'
#18012000
0'
0%
#18014000
1'
#18015000
1%
#18016000
0'
#18018000
1'
0%
#18020000
0'
#18021000
1%
#18022000
1'
#18024000
0'
0%
#18026000
1'
#18027000
1%
#18028000
0'
#18030000
1'
0%
#18032000
0'
#18033000
1%
#18034000
1'
#18036000
0'
0%
#18038000
1'
#18039000
1%
#18040000
0'
#18042000
1'
0%
#18044000
0'
#18045000
1%
#18046000
1'
#18048000
0'
0%
#18050000
1'
#18051000
1%
#18052000
0'
#18054000
1'
0%
#18056000
0'
#18057000
1%
#18058000
1'
#18060000
0'
0%
#18062000
1'
#18063000
1%
#18064000
0'
#18066000
1'
0%
#18068000
0'
#18069000
1%
#18070000
1'
#18072000
0'
0%
#18074000
1'
#18075000
1%
#18076000
0'
#18078000
1'
0%
#18080000
0'
#18081000
1%
#18082000
1'
#18084000
0'
0%
#18086000
1'
#18087000
1%
#18088000
0'
#18090000
1'
0%
#18092000
0'
#18093000
1%
#18094000
1'
#18096000
0'
0%
#18098000
1'
#18099000
1%
#18100000
0'
#18102000
1'
0%
#18104000
0'
#18105000
1%
#18106000
1'
#18108000
0'
0%
#18110000
1'
#18111000
1%
#18112000
0'
#18114000
1'
0%
#18116000
0'
#18117000
1%
#18118000
1'
#18120000
0'
0%
#18122000
1'
#18123000
1%
#18124000
0'
#18126000
1'
0%
#18128000
0'
#18129000
1%
#18130000
1'
#18132000
0'
0%
#18134000
1'
#18135000
1%
#18136000
0'
#18138000
1'
0%
#18140000
0'
#18141000
1%
#18142000
1'
#18144000
0'
0%
#18146000
1'
#18147000
1%
#18148000
0'
#18150000
1'
0%
#18152000
0'
#18153000
1%
#18154000
1'
#18156000
0'
0%
#18158000
1'
#18159000
1%
#18160000
0'
#18162000
1'
0%
#18164000
0'
#18165000
1%
#18166000
1'
#18168000
0'
0%
#18170000
1'
#18171000
1%
#18172000
0'
#18174000
1'
0%
#18176000
0'
#18177000
1%
#18178000
1'
#18180000
0'
0%
#18182000
1'
#18183000
1%
#18184000
0'
#18186000
1'
0%
#18188000
0'
#18189000
1%
#18190000
1'
#18192000
0'
0%
#18194000
1'
#18195000
1%
#18196000
0'
#18198000
1'
0%
#18200000
0'
#18201000
1%
#18202000
1'
#18204000
0'
0%
#18206000
1'
#18207000
1%
#18208000
0'
#18210000
1'
0%
#18212000
0'
#18213000
1%
#18214000
1'
#18216000
0'
0%
#18218000
1'
#18219000
1%
#18220000
0'
#18222000
1'
0%
#18224000
0'
#18225000
1%
#18226000
1'
#18228000
0'
0%
#18230000
1'
#18231000
1%
#18232000
0'
#18234000
1'
0%
#18236000
0'
#18237000
1%
#18238000
1'
#18240000
0'
0%
#18242000
1'
#18243000
1%
#18244000
0'
#18246000
1'
0%
#18248000
0'
#18249000
1%
#18250000
1'
#18252000
0'
0%
#18254000
1'
#18255000
1%
#18256000
0'
#18258000
1'
0%
#18260000
0'
#18261000
1%
#18262000
1'
#18264000
0'
0%
#18266000
1'
#18267000
1%
#18268000
0'
#18270000
1'
0%
#18272000
0'
#18273000
1%
#18274000
1'
#18276000
0'
0%
#18278000
1'
#18279000
1%
#18280000
0'
#18282000
1'
0%
#18284000
0'
#18285000
1%
#18286000
1'
#18288000
0'
0%
#18290000
1'
#18291000
1%
#18292000
0'
#18294000
1'
0%
#18296000
0'
#18297000
1%
#18298000
1'
#18300000
0'
0%
#18302000
1'
#18303000
1%
#18304000
0'
#18306000
1'
0%
#18308000
0'
#18309000
1%
#18310000
1'
#18312000
0'
0%
#18314000
1'
#18315000
1%
#18316000
0'
#18318000
1'
0%
#18320000
0'
#18321000
1%
#18322000
1'
#18324000
0'
0%
#18326000
1'
#18327000
1%
#18328000
0'
#18330000
1'
0%
#18332000
0'
#18333000
1%
#18334000
1'
#18336000
0'
0%
#18338000
1'
#18339000
1%
#18340000
0'
#18342000
1'
0%
#18344000
0'
#18345000
1%
#18346000
1'
#18348000
0'
0%
#18350000
1'
#18351000
1%
#18352000
0'
#18354000
1'
0%
#18356000
0'
#18357000
1%
#18358000
1'
#18360000
0'
0%
#18362000
1'
#18363000
1%
#18364000
0'
#18366000
1'
0%
#18368000
0'
#18369000
1%
#18370000
1'
#18372000
0'
0%
#18374000
1'
#18375000
1%
#18376000
0'
#18378000
1'
0%
#18380000
0'
#18381000
1%
#18382000
1'
#18384000
0'
0%
#18386000
1'
#18387000
1%
#18388000
0'
#18390000
1'
0%
#18392000
0'
#18393000
1%
#18394000
1'
#18396000
0'
0%
#18398000
1'
#18399000
1%
#18400000
0'
#18402000
1'
0%
#18404000
0'
#18405000
1%
#18406000
1'
#18408000
0'
0%
#18410000
1'
#18411000
1%
#18412000
0'
#18414000
1'
0%
#18416000
0'
#18417000
1%
#18418000
1'
#18420000
0'
0%
#18422000
1'
#18423000
1%
#18424000
0'
#18426000
1'
0%
#18428000
0'
#18429000
1%
#18430000
1'
#18432000
0'
0%
#18434000
1'
#18435000
1%
#18436000
0'
#18438000
1'
0%
#18440000
0'
#18441000
1%
#18442000
1'
#18444000
0'
0%
#18446000
1'
#18447000
1%
#18448000
0'
#18450000
1'
0%
#18452000
0'
#18453000
1%
#18454000
1'
#18456000
0'
0%
#18458000
1'
#18459000
1%
#18460000
0'
#18462000
1'
0%
#18464000
0'
#18465000
1%
#18466000
1'
#18468000
0'
0%
#18470000
1'
#18471000
1%
#18472000
0'
#18474000
1'
0%
#18476000
0'
#18477000
1%
#18478000
1'
#18480000
0'
0%
#18482000
1'
#18483000
1%
#18484000
0'
#18486000
1'
0%
#18488000
0'
#18489000
1%
#18490000
1'
#18492000
0'
0%
#18494000
1'
#18495000
1%
#18496000
0'
#18498000
1'
0%
#18500000
0'
#18501000
1%
#18502000
1'
#18504000
0'
0%
#18506000
1'
#18507000
1%
#18508000
0'
#18510000
1'
0%
#18512000
0'
#18513000
1%
#18514000
1'
#18516000
0'
0%
#18518000
1'
#18519000
1%
#18520000
0'
#18522000
1'
0%
#18524000
0'
#18525000
1%
#18526000
1'
#18528000
0'
0%
#18530000
1'
#18531000
1%
#18532000
0'
#18534000
1'
0%
#18536000
0'
#18537000
1%
#18538000
1'
#18540000
0'
0%
#18542000
1'
#18543000
1%
#18544000
0'
#18546000
1'
0%
#18548000
0'
#18549000
1%
#18550000
1'
#18552000
0'
0%
#18554000
1'
#18555000
1%
#18556000
0'
#18558000
1'
0%
#18560000
0'
#18561000
1%
#18562000
1'
#18564000
0'
0%
#18566000
1'
#18567000
1%
#18568000
0'
#18570000
1'
0%
#18572000
0'
#18573000
1%
#18574000
1'
#18576000
0'
0%
#18578000
1'
#18579000
1%
#18580000
0'
#18582000
1'
0%
#18584000
0'
#18585000
1%
#18586000
1'
#18588000
0'
0%
#18590000
1'
#18591000
1%
#18592000
0'
#18594000
1'
0%
#18596000
0'
#18597000
1%
#18598000
1'
#18600000
0'
0%
#18602000
1'
#18603000
1%
#18604000
0'
#18606000
1'
0%
#18608000
0'
#18609000
1%
#18610000
1'
#18612000
0'
0%
#18614000
1'
#18615000
1%
#18616000
0'
#18618000
1'
0%
#18620000
0'
#18621000
1%
#18622000
1'
#18624000
0'
0%
#18626000
1'
#18627000
1%
#18628000
0'
#18630000
1'
0%
#18632000
0'
#18633000
1%
#18634000
1'
#18636000
0'
0%
#18638000
1'
#18639000
1%
#18640000
0'
#18642000
1'
0%
#18644000
0'
#18645000
1%
#18646000
1'
#18648000
0'
0%
#18650000
1'
#18651000
1%
#18652000
0'
#18654000
1'
0%
#18656000
0'
#18657000
1%
#18658000
1'
#18660000
0'
0%
#18662000
1'
#18663000
1%
#18664000
0'
#18666000
1'
0%
#18668000
0'
#18669000
1%
#18670000
1'
#18672000
0'
0%
#18674000
1'
#18675000
1%
#18676000
0'
#18678000
1'
0%
#18680000
0'
#18681000
1%
#18682000
1'
#18684000
0'
0%
#18686000
1'
#18687000
1%
#18688000
0'
#18690000
1'
0%
#18692000
0'
#18693000
1%
#18694000
1'
#18696000
0'
0%
#18698000
1'
#18699000
1%
#18700000
0'
#18702000
1'
0%
#18704000
0'
#18705000
1%
#18706000
1'
#18708000
0'
0%
#18710000
1'
#18711000
1%
#18712000
0'
#18714000
1'
0%
#18716000
0'
#18717000
1%
#18718000
1'
#18720000
0'
0%
#18722000
1'
#18723000
1%
#18724000
0'
#18726000
1'
0%
#18728000
0'
#18729000
1%
#18730000
1'
#18732000
0'
0%
#18734000
1'
#18735000
1%
#18736000
0'
#18738000
1'
0%
#18740000
0'
#18741000
1%
#18742000
1'
#18744000
0'
0%
#18746000
1'
#18747000
1%
#18748000
0'
#18750000
1'
0%
#18752000
0'
#18753000
1%
#18754000
1'
#18756000
0'
0%
#18758000
1'
#18759000
1%
#18760000
0'
#18762000
1'
0%
#18764000
0'
#18765000
1%
#18766000
1'
#18768000
0'
0%
#18770000
1'
#18771000
1%
#18772000
0'
#18774000
1'
0%
#18776000
0'
#18777000
1%
#18778000
1'
#18780000
0'
0%
#18782000
1'
#18783000
1%
#18784000
0'
#18786000
1'
0%
#18788000
0'
#18789000
1%
#18790000
1'
#18792000
0'
0%
#18794000
1'
#18795000
1%
#18796000
0'
#18798000
1'
0%
#18800000
0'
#18801000
1%
#18802000
1'
#18804000
0'
0%
#18806000
1'
#18807000
1%
#18808000
0'
#18810000
1'
0%
#18812000
0'
#18813000
1%
#18814000
1'
#18816000
0'
0%
#18818000
1'
#18819000
1%
#18820000
0'
#18822000
1'
0%
#18824000
0'
#18825000
1%
#18826000
1'
#18828000
0'
0%
#18830000
1'
#18831000
1%
#18832000
0'
#18834000
1'
0%
#18836000
0'
#18837000
1%
#18838000
1'
#18840000
0'
0%
#18842000
1'
#18843000
1%
#18844000
0'
#18846000
1'
0%
#18848000
0'
#18849000
1%
#18850000
1'
#18852000
0'
0%
#18854000
1'
#18855000
1%
#18856000
0'
#18858000
1'
0%
#18860000
0'
#18861000
1%
#18862000
1'
#18864000
0'
0%
#18866000
1'
#18867000
1%
#18868000
0'
#18870000
1'
0%
#18872000
0'
#18873000
1%
#18874000
1'
#18876000
0'
0%
#18878000
1'
#18879000
1%
#18880000
0'
#18882000
1'
0%
#18884000
0'
#18885000
1%
#18886000
1'
#18888000
0'
0%
#18890000
1'
#18891000
1%
#18892000
0'
#18894000
1'
0%
#18896000
0'
#18897000
1%
#18898000
1'
#18900000
0'
0%
#18902000
1'
#18903000
1%
#18904000
0'
#18906000
1'
0%
#18908000
0'
#18909000
1%
#18910000
1'
#18912000
0'
0%
#18914000
1'
#18915000
1%
#18916000
0'
#18918000
1'
0%
#18920000
0'
#18921000
1%
#18922000
1'
#18924000
0'
0%
#18926000
1'
#18927000
1%
#18928000
0'
#18930000
1'
0%
#18932000
0'
#18933000
1%
#18934000
1'
#18936000
0'
0%
#18938000
1'
#18939000
1%
#18940000
0'
#18942000
1'
0%
#18944000
0'
#18945000
1%
#18946000
1'
#18948000
0'
0%
#18950000
1'
#18951000
1%
#18952000
0'
#18954000
1'
0%
#18956000
0'
#18957000
1%
#18958000
1'
#18960000
0'
0%
#18962000
1'
#18963000
1%
#18964000
0'
#18966000
1'
0%
#18968000
0'
#18969000
1%
#18970000
1'
#18972000
0'
0%
#18974000
1'
#18975000
1%
#18976000
0'
#18978000
1'
0%
#18980000
0'
#18981000
1%
#18982000
1'
#18984000
0'
0%
#18986000
1'
#18987000
1%
#18988000
0'
#18990000
1'
0%
#18992000
0'
#18993000
1%
#18994000
1'
#18996000
0'
0%
#18998000
1'
#18999000
1%
#19000000
0'
#19002000
1'
0%
#19004000
0'
#19005000
1%
#19006000
1'
#19008000
0'
0%
#19010000
1'
#19011000
1%
#19012000
0'
#19014000
1'
0%
#19016000
0'
#19017000
1%
#19018000
1'
#19020000
0'
0%
#19022000
1'
#19023000
1%
#19024000
0'
#19026000
1'
0%
#19028000
0'
#19029000
1%
#19030000
1'
#19032000
0'
0%
#19034000
1'
#19035000
1%
#19036000
0'
#19038000
1'
0%
#19040000
0'
#19041000
1%
#19042000
1'
#19044000
0'
0%
#19046000
1'
#19047000
1%
#19048000
0'
#19050000
1'
0%
#19052000
0'
#19053000
1%
#19054000
1'
#19056000
0'
0%
#19058000
1'
#19059000
1%
#19060000
0'
#19062000
1'
0%
#19064000
0'
#19065000
1%
#19066000
1'
#19068000
0'
0%
#19070000
1'
#19071000
1%
#19072000
0'
#19074000
1'
0%
#19076000
0'
#19077000
1%
#19078000
1'
#19080000
0'
0%
#19082000
1'
#19083000
1%
#19084000
0'
#19086000
1'
0%
#19088000
0'
#19089000
1%
#19090000
1'
#19092000
0'
0%
#19094000
1'
#19095000
1%
#19096000
0'
#19098000
1'
0%
#19100000
0'
#19101000
1%
#19102000
1'
#19104000
0'
0%
#19106000
1'
#19107000
1%
#19108000
0'
#19110000
1'
0%
#19112000
0'
#19113000
1%
#19114000
1'
#19116000
0'
0%
#19118000
1'
#19119000
1%
#19120000
0'
#19122000
1'
0%
#19124000
0'
#19125000
1%
#19126000
1'
#19128000
0'
0%
#19130000
1'
#19131000
1%
#19132000
0'
#19134000
1'
0%
#19136000
0'
#19137000
1%
#19138000
1'
#19140000
0'
0%
#19142000
1'
#19143000
1%
#19144000
0'
#19146000
1'
0%
#19148000
0'
#19149000
1%
#19150000
1'
#19152000
0'
0%
#19154000
1'
#19155000
1%
#19156000
0'
#19158000
1'
0%
#19160000
0'
#19161000
1%
#19162000
1'
#19164000
0'
0%
#19166000
1'
#19167000
1%
#19168000
0'
#19170000
1'
0%
#19172000
0'
#19173000
1%
#19174000
1'
#19176000
0'
0%
#19178000
1'
#19179000
1%
#19180000
0'
#19182000
1'
0%
#19184000
0'
#19185000
1%
#19186000
1'
#19188000
0'
0%
#19190000
1'
#19191000
1%
#19192000
0'
#19194000
1'
0%
#19196000
0'
#19197000
1%
#19198000
1'
#19200000
0'
0%
#19202000
1'
#19203000
1%
#19204000
0'
#19206000
1'
0%
#19208000
0'
#19209000
1%
#19210000
1'
#19212000
0'
0%
#19214000
1'
#19215000
1%
#19216000
0'
#19218000
1'
0%
#19220000
0'
#19221000
1%
#19222000
1'
#19224000
0'
0%
#19226000
1'
#19227000
1%
#19228000
0'
#19230000
1'
0%
#19232000
0'
#19233000
1%
#19234000
1'
#19236000
0'
0%
#19238000
1'
#19239000
1%
#19240000
0'
#19242000
1'
0%
#19244000
0'
#19245000
1%
#19246000
1'
#19248000
0'
0%
#19250000
1'
#19251000
1%
#19252000
0'
#19254000
1'
0%
#19256000
0'
#19257000
1%
#19258000
1'
#19260000
0'
0%
#19262000
1'
#19263000
1%
#19264000
0'
#19266000
1'
0%
#19268000
0'
#19269000
1%
#19270000
1'
#19272000
0'
0%
#19274000
1'
#19275000
1%
#19276000
0'
#19278000
1'
0%
#19280000
0'
#19281000
1%
#19282000
1'
#19284000
0'
0%
#19286000
1'
#19287000
1%
#19288000
0'
#19290000
1'
0%
#19292000
0'
#19293000
1%
#19294000
1'
#19296000
0'
0%
#19298000
1'
#19299000
1%
#19300000
0'
#19302000
1'
0%
#19304000
0'
#19305000
1%
#19306000
1'
#19308000
0'
0%
#19310000
1'
#19311000
1%
#19312000
0'
#19314000
1'
0%
#19316000
0'
#19317000
1%
#19318000
1'
#19320000
0'
0%
#19322000
1'
#19323000
1%
#19324000
0'
#19326000
1'
0%
#19328000
0'
#19329000
1%
#19330000
1'
#19332000
0'
0%
#19334000
1'
#19335000
1%
#19336000
0'
#19338000
1'
0%
#19340000
0'
#19341000
1%
#19342000
1'
#19344000
0'
0%
#19346000
1'
#19347000
1%
#19348000
0'
#19350000
1'
0%
#19352000
0'
#19353000
1%
#19354000
1'
#19356000
0'
0%
#19358000
1'
#19359000
1%
#19360000
0'
#19362000
1'
0%
#19364000
0'
#19365000
1%
#19366000
1'
#19368000
0'
0%
#19370000
1'
#19371000
1%
#19372000
0'
#19374000
1'
0%
#19376000
0'
#19377000
1%
#19378000
1'
#19380000
0'
0%
#19382000
1'
#19383000
1%
#19384000
0'
#19386000
1'
0%
#19388000
0'
#19389000
1%
#19390000
1'
#19392000
0'
0%
#19394000
1'
#19395000
1%
#19396000
0'
#19398000
1'
0%
#19400000
0'
#19401000
1%
#19402000
1'
#19404000
0'
0%
#19406000
1'
#19407000
1%
#19408000
0'
#19410000
1'
0%
#19412000
0'
#19413000
1%
#19414000
1'
#19416000
0'
0%
#19418000
1'
#19419000
1%
#19420000
0'
#19422000
1'
0%
#19424000
0'
#19425000
1%
#19426000
1'
#19428000
0'
0%
#19430000
1'
#19431000
1%
#19432000
0'
#19434000
1'
0%
#19436000
0'
#19437000
1%
#19438000
1'
#19440000
0'
0%
#19442000
1'
#19443000
1%
#19444000
0'
#19446000
1'
0%
#19448000
0'
#19449000
1%
#19450000
1'
#19452000
0'
0%
#19454000
1'
#19455000
1%
#19456000
0'
#19458000
1'
0%
#19460000
0'
#19461000
1%
#19462000
1'
#19464000
0'
0%
#19466000
1'
#19467000
1%
#19468000
0'
#19470000
1'
0%
#19472000
0'
#19473000
1%
#19474000
1'
#19476000
0'
0%
#19478000
1'
#19479000
1%
#19480000
0'
#19482000
1'
0%
#19484000
0'
#19485000
1%
#19486000
1'
#19488000
0'
0%
#19490000
1'
#19491000
1%
#19492000
0'
#19494000
1'
0%
#19496000
0'
#19497000
1%
#19498000
1'
#19500000
0'
0%
#19502000
1'
#19503000
1%
#19504000
0'
#19506000
1'
0%
#19508000
0'
#19509000
1%
#19510000
1'
#19512000
0'
0%
#19514000
1'
#19515000
1%
#19516000
0'
#19518000
1'
0%
#19520000
0'
#19521000
1%
#19522000
1'
#19524000
0'
0%
#19526000
1'
#19527000
1%
#19528000
0'
#19530000
1'
0%
#19532000
0'
#19533000
1%
#19534000
1'
#19536000
0'
0%
#19538000
1'
#19539000
1%
#19540000
0'
#19542000
1'
0%
#19544000
0'
#19545000
1%
#19546000
1'
#19548000
0'
0%
#19550000
1'
#19551000
1%
#19552000
0'
#19554000
1'
0%
#19556000
0'
#19557000
1%
#19558000
1'
#19560000
0'
0%
#19562000
1'
#19563000
1%
#19564000
0'
#19566000
1'
0%
#19568000
0'
#19569000
1%
#19570000
1'
#19572000
0'
0%
#19574000
1'
#19575000
1%
#19576000
0'
#19578000
1'
0%
#19580000
0'
#19581000
1%
#19582000
1'
#19584000
0'
0%
#19586000
1'
#19587000
1%
#19588000
0'
#19590000
1'
0%
#19592000
0'
#19593000
1%
#19594000
1'
#19596000
0'
0%
#19598000
1'
#19599000
1%
#19600000
0'
#19602000
1'
0%
#19604000
0'
#19605000
1%
#19606000
1'
#19608000
0'
0%
#19610000
1'
#19611000
1%
#19612000
0'
#19614000
1'
0%
#19616000
0'
#19617000
1%
#19618000
1'
#19620000
0'
0%
#19622000
1'
#19623000
1%
#19624000
0'
#19626000
1'
0%
#19628000
0'
#19629000
1%
#19630000
1'
#19632000
0'
0%
#19634000
1'
#19635000
1%
#19636000
0'
#19638000
1'
0%
#19640000
0'
#19641000
1%
#19642000
1'
#19644000
0'
0%
#19646000
1'
#19647000
1%
#19648000
0'
#19650000
1'
0%
#19652000
0'
#19653000
1%
#19654000
1'
#19656000
0'
0%
#19658000
1'
#19659000
1%
#19660000
0'
#19662000
1'
0%
#19664000
0'
#19665000
1%
#19666000
1'
#19668000
0'
0%
#19670000
1'
#19671000
1%
#19672000
0'
#19674000
1'
0%
#19676000
0'
#19677000
1%
#19678000
1'
#19680000
0'
0%
#19682000
1'
#19683000
1%
#19684000
0'
#19686000
1'
0%
#19688000
0'
#19689000
1%
#19690000
1'
#19692000
0'
0%
#19694000
1'
#19695000
1%
#19696000
0'
#19698000
1'
0%
#19700000
0'
#19701000
1%
#19702000
1'
#19704000
0'
0%
#19706000
1'
#19707000
1%
#19708000
0'
#19710000
1'
0%
#19712000
0'
#19713000
1%
#19714000
1'
#19716000
0'
0%
#19718000
1'
#19719000
1%
#19720000
0'
#19722000
1'
0%
#19724000
0'
#19725000
1%
#19726000
1'
#19728000
0'
0%
#19730000
1'
#19731000
1%
#19732000
0'
#19734000
1'
0%
#19736000
0'
#19737000
1%
#19738000
1'
#19740000
0'
0%
#19742000
1'
#19743000
1%
#19744000
0'
#19746000
1'
0%
#19748000
0'
#19749000
1%
#19750000
1'
#19752000
0'
0%
#19754000
1'
#19755000
1%
#19756000
0'
#19758000
1'
0%
#19760000
0'
#19761000
1%
#19762000
1'
#19764000
0'
0%
#19766000
1'
#19767000
1%
#19768000
0'
#19770000
1'
0%
#19772000
0'
#19773000
1%
#19774000
1'
#19776000
0'
0%
#19778000
1'
#19779000
1%
#19780000
0'
#19782000
1'
0%
#19784000
0'
#19785000
1%
#19786000
1'
#19788000
0'
0%
#19790000
1'
#19791000
1%
#19792000
0'
#19794000
1'
0%
#19796000
0'
#19797000
1%
#19798000
1'
#19800000
0'
0%
#19802000
1'
#19803000
1%
#19804000
0'
#19806000
1'
0%
#19808000
0'
#19809000
1%
#19810000
1'
#19812000
0'
0%
#19814000
1'
#19815000
1%
#19816000
0'
#19818000
1'
0%
#19820000
0'
1$
#19821000
1%
#19822000
b10010 N
b10110 M
b11011 Q
b1111 W
b10011111 +
b10011111 3
b10011111 9
b10011111 V
1*
1'
#19824000
0'
0%
#19826000
b1011 4
b1011 :
b1011 R
b10011 N
b10010 M
b10011111 #
b10011111 )
b10011111 -
b10011111 0
b10011111 7
b10011111 ;
b11100 Q
b11011 T
b10110 2
b10110 J
b10110 U
b0 W
b10100000 +
b10100000 3
b10100000 9
b10100000 V
1'
#19827000
b10110 K
1%
#19828000
0'
#19830000
b1100 4
b1100 :
b1100 R
b10001 N
b10011 M
b1 W
b10100001 +
b10100001 3
b10100001 9
b10100001 V
b11101 Q
b11100 T
b10010 2
b10010 J
b10010 U
1'
0%
#19832000
0'
#19833000
1D
0A
b10110 5
b10110 @
b10110 L
b10010 K
1%
#19834000
b1101 4
b1101 :
b1101 R
b10000 N
b10001 M
b11110 Q
b11101 T
b10011 2
b10011 J
b10011 U
b10 W
b10100010 +
b10100010 3
b10100010 9
b10100010 V
1'
#19836000
0'
0%
#19838000
b1110 4
b1110 :
b1110 R
0S
b0 N
b10000 M
b11 W
b10100011 +
b10100011 3
b10100011 9
b10100011 V
b11111 Q
b11110 T
b10001 2
b10001 J
b10001 U
1'
#19839000
0"
1/
0D
b10010 5
b10010 @
b10010 L
b10001 K
1%
#19840000
0'
#19842000
b1111 4
b1111 :
b1111 R
b1 N
0P
b0 M
b0 Q
b11111 T
b10000 2
b10000 J
b10000 U
b100 W
b10100100 +
b10100100 3
b10100100 9
b10100100 V
1'
0%
#19844000
0'
#19845000
0D
b10010 ?
b10110 >
b11011 B
b10001 5
b10001 @
b10001 L
b10000 K
0/
1,
1%
#19846000
b0 4
b0 :
b0 R
b11 N
b1 M
b101 W
b10100101 +
b10100101 3
b10100101 9
b10100101 V
b1 Q
b0 T
b0 2
b0 J
b0 U
1'
#19848000
0'
0%
#19850000
b1 4
b1 :
b1 R
b10 N
b11 M
b10 Q
b1 T
b1 2
b1 J
b1 U
b110 W
b10100110 +
b10100110 3
b10100110 9
b10100110 V
1'
#19851000
b10100000 #
b10100000 )
b10100000 -
b10100000 0
b10100000 7
b10100000 ;
b1011 8
b1011 <
b1011 C
b10011 ?
b10010 >
b11100 B
b11011 E
b10110 6
b10110 F
b10110 G
b10000 5
b10000 @
b10000 L
b1 K
1%
#19852000
0'
#19854000
b10 4
b10 :
b10 R
b110 N
b10 M
b111 W
b10100111 +
b10100111 3
b10100111 9
b10100111 V
b10110 H
b11 Q
b10 T
b11 2
b11 J
b11 U
1'
0%
#19856000
0'
#19857000
b10100001 #
b10100001 )
b10100001 -
b10100001 0
b10100001 7
b10100001 ;
b1100 8
b1100 <
b1100 C
b10001 ?
b10011 >
b1 5
b1 @
b1 L
b11 K
b11101 B
b11100 E
b10010 6
b10010 F
b10010 G
1%
#19858000
b11 4
b11 :
b11 R
b111 N
b110 M
b100 Q
b11 T
b10 2
b10 J
b10 U
b10110 1
b10110 I
b10110 O
b10010 H
b1000 W
b10101000 +
b10101000 3
b10101000 9
b10101000 V
1'
#19860000
0'
0%
#19862000
b100 4
b100 :
b100 R
b101 N
b111 M
b1001 W
b10101001 +
b10101001 3
b10101001 9
b10101001 V
b10010 1
b10010 I
b10010 O
b101 Q
b100 T
b110 2
b110 J
b110 U
1'
#19863000
b10100010 #
b10100010 )
b10100010 -
b10100010 0
b10100010 7
b10100010 ;
b1101 8
b1101 <
b1101 C
b10000 ?
b10001 >
b11110 B
b11101 E
b10011 6
b10011 F
b10011 G
b11 5
b11 @
b11 L
b110 K
1%
#19864000
0'
#19866000
b101 4
b101 :
b101 R
b100 N
b101 M
b110 Q
b101 T
b111 2
b111 J
b111 U
b10011 H
b1010 W
b10101010 +
b10101010 3
b10101010 9
b10101010 V
1'
0%
#19868000
0'
#19869000
b10100011 #
b10100011 )
b10100011 -
b10100011 0
b10100011 7
b10100011 ;
b1110 8
b1110 <
b1110 C
b0 ?
b10000 >
b110 5
b110 @
b110 L
b111 K
b11111 B
b11110 E
b10001 6
b10001 F
b10001 G
1%
#19870000
0S
b110 4
b110 :
b110 R
b1100 N
b100 M
b1011 W
b10101011 +
b10101011 3
b10101011 9
b10101011 V
b10011 1
b10011 I
b10011 O
b10001 H
b111 Q
b110 T
b101 2
b101 J
b101 U
1'
#19872000
0'
0%
#19874000
b111 4
b111 :
b111 R
b1101 N
b1100 M
b1000 Q
b111 T
b100 2
b100 J
b100 U
b10001 1
b10001 I
b10001 O
b1100 W
b10101100 +
b10101100 3
b10101100 9
b10101100 V
1'
#19875000
b10100100 #
b10100100 )
b10100100 -
b10100100 0
b10100100 7
b10100100 ;
b1111 8
b1111 <
b1111 C
b1 ?
b0 >
b0 B
b11111 E
b10000 6
b10000 F
b10000 G
b111 5
b111 @
b111 L
b100 K
1%
#19876000
0'
#19878000
b1000 4
b1000 :
b1000 R
b1111 N
b1101 M
b1101 W
b10101101 +
b10101101 3
b10101101 9
b10101101 V
b10000 H
b1001 Q
b1000 T
b1100 2
b1100 J
b1100 U
1'
0%
#19880000
0'
#19881000
b10100101 #
b10100101 )
b10100101 -
b10100101 0
b10100101 7
b10100101 ;
b0 8
b0 <
b0 C
b11 ?
b1 >
b100 5
b100 @
b100 L
b1100 K
b1 B
b0 E
b0 6
b0 F
b0 G
1%
#19882000
b1001 4
b1001 :
b1001 R
b1110 N
b1111 M
b1010 Q
b1001 T
b1101 2
b1101 J
b1101 U
b10000 1
b10000 I
b10000 O
b0 H
b1110 W
b10101110 +
b10101110 3
b10101110 9
b10101110 V
1'
#19884000
0'
0%
#19886000
b1010 4
b1010 :
b1010 R
b1010 N
b1110 M
b1111 W
b10101111 +
b10101111 3
b10101111 9
b10101111 V
b0 1
b0 I
b0 O
b1011 Q
b1010 T
b1111 2
b1111 J
b1111 U
1'
#19887000
b10100110 #
b10100110 )
b10100110 -
b10100110 0
b10100110 7
b10100110 ;
b1 8
b1 <
b1 C
b10 ?
b11 >
b10 B
b1 E
b1 6
b1 F
b1 G
b1100 5
b1100 @
b1100 L
b1111 K
1%
#19888000
0'
#19890000
b1011 4
b1011 :
b1011 R
b1011 N
b1010 M
b1100 Q
b1011 T
b1110 2
b1110 J
b1110 U
b1 H
b0 W
b10110000 +
b10110000 3
b10110000 9
b10110000 V
1'
0%
#19892000
0'
#19893000
b10100111 #
b10100111 )
b10100111 -
b10100111 0
b10100111 7
b10100111 ;
b10 8
b10 <
b10 C
b110 ?
b10 >
b1111 5
b1111 @
b1111 L
b1110 K
b11 B
b10 E
b11 6
b11 F
b11 G
1%
#19894000
b1100 4
b1100 :
b1100 R
b1001 N
b1011 M
b1 W
b10110001 +
b10110001 3
b10110001 9
b10110001 V
b1 1
b1 I
b1 O
b11 H
b1101 Q
b1100 T
b1010 2
b1010 J
b1010 U
1'
#19896000
0'
0%
#19898000
b1101 4
b1101 :
b1101 R
b1000 N
b1001 M
b1110 Q
b1101 T
b1011 2
b1011 J
b1011 U
b11 1
b11 I
b11 O
b10 W
b10110010 +
b10110010 3
b10110010 9
b10110010 V
1'
#19899000
b10101000 #
b10101000 )
b10101000 -
b10101000 0
b10101000 7
b10101000 ;
b11 8
b11 <
b11 C
b111 ?
b110 >
b100 B
b11 E
b10 6
b10 F
b10 G
b1110 5
b1110 @
b1110 L
b1011 K
1%
#19900000
0'
#19902000
b1110 4
b1110 :
b1110 R
b11000 N
b1000 M
b11 W
b10110011 +
b10110011 3
b10110011 9
b10110011 V
b10 H
b1111 Q
b1110 T
b1001 2
b1001 J
b1001 U
1'
0%
#19904000
0'
#19905000
b10101001 #
b10101001 )
b10101001 -
b10101001 0
b10101001 7
b10101001 ;
b100 8
b100 <
b100 C
b101 ?
b111 >
b1011 5
b1011 @
b1011 L
b1001 K
b101 B
b100 E
b110 6
b110 F
b110 G
1%
#19906000
b1111 4
b1111 :
b1111 R
b11001 N
b11000 M
b10000 Q
b1111 T
b1000 2
b1000 J
b1000 U
b10 1
b10 I
b10 O
b110 H
b100 W
b10110100 +
b10110100 3
b10110100 9
b10110100 V
1'
#19908000
0'
0%
#19910000
b0 4
b0 :
b0 R
0S
b11011 N
b11001 M
b101 W
b10110101 +
b10110101 3
b10110101 9
b10110101 V
b110 1
b110 I
b110 O
b10001 Q
b10000 T
b11000 2
b11000 J
b11000 U
1'
#19911000
b10101010 #
b10101010 )
b10101010 -
b10101010 0
b10101010 7
b10101010 ;
b101 8
b101 <
b101 C
b100 ?
b101 >
b110 B
b101 E
b111 6
b111 F
b111 G
b1001 5
b1001 @
b1001 L
b11000 K
1%
#19912000
0'
#19914000
b1 4
b1 :
b1 R
b11010 N
b11011 M
b10010 Q
b10001 T
b11001 2
b11001 J
b11001 U
b111 H
b110 W
b10110110 +
b10110110 3
b10110110 9
b10110110 V
1'
0%
#19916000
0'
#19917000
b10101011 #
b10101011 )
b10101011 -
b10101011 0
b10101011 7
b10101011 ;
b110 8
b110 <
b110 C
b1100 ?
b100 >
b11000 5
b11000 @
b11000 L
b11001 K
b111 B
b110 E
b101 6
b101 F
b101 G
1%
#19918000
b10 4
b10 :
b10 R
b11110 N
b11010 M
b111 W
b10110111 +
b10110111 3
b10110111 9
b10110111 V
b111 1
b111 I
b111 O
b101 H
b10011 Q
b10010 T
b11011 2
b11011 J
b11011 U
1'
#19920000
0'
0%
#19922000
b11 4
b11 :
b11 R
b11111 N
0P
b11110 M
b10100 Q
b10011 T
b11010 2
b11010 J
b11010 U
b101 1
b101 I
b101 O
b1000 W
b10111000 +
b10111000 3
b10111000 9
b10111000 V
1'
#19923000
b10101100 #
b10101100 )
b10101100 -
b10101100 0
b10101100 7
b10101100 ;
b111 8
b111 <
b111 C
b1101 ?
b1100 >
b1000 B
b111 E
b100 6
b100 F
b100 G
b11001 5
b11001 @
b11001 L
b11010 K
1%
#19924000
0'
#19926000
1S
b100 4
b100 :
b100 R
b11101 N
b11111 M
b1001 W
b10111001 +
b10111001 3
b10111001 9
b10111001 V
b100 H
b10101 Q
b10100 T
b11110 2
b11110 J
b11110 U
1'
0%
#19928000
0'
#19929000
b10101101 #
b10101101 )
b10101101 -
b10101101 0
b10101101 7
b10101101 ;
b1000 8
b1000 <
b1000 C
b1111 ?
b1101 >
b11010 5
b11010 @
b11010 L
b11110 K
b1001 B
b1000 E
b1100 6
b1100 F
b1100 G
1%
#19930000
b101 4
b101 :
b101 R
b11100 N
0P
b11101 M
1S
1.
b10110 Q
b10101 T
b11111 2
b11111 J
b11111 U
b100 1
b100 I
b100 O
b1100 H
b1010 W
b10111010 +
b10111010 3
b10111010 9
b10111010 V
1'
#19932000
0'
0%
#19934000
b110 4
b110 :
b110 R
1S
b10100 N
0P
b11100 M
b1011 W
b10111011 +
b10111011 3
b10111011 9
b10111011 V
b1100 1
b1100 I
b1100 O
b10111 Q
b10110 T
b11101 2
b11101 J
b11101 U
1'
#19935000
b10101110 #
b10101110 )
b10101110 -
b10101110 0
b10101110 7
b10101110 ;
b1001 8
b1001 <
b1001 C
b1110 ?
b1111 >
b1010 B
b1001 E
b1101 6
b1101 F
b1101 G
b11110 5
b11110 @
b11110 L
b11101 K
1%
#19936000
0'
#19938000
1P
b111 4
b111 :
b111 R
0S
b10101 N
b10100 M
b11000 Q
b10111 T
b11100 2
b11100 J
b11100 U
b1101 H
b1100 W
b10111100 +
b10111100 3
b10111100 9
b10111100 V
1'
0%
#19940000
0'
#19941000
b10101111 #
b10101111 )
b10101111 -
b10101111 0
b10101111 7
b10101111 ;
b1010 8
b1010 <
b1010 C
b1010 ?
b1110 >
b11101 5
b11101 @
b11101 L
b11100 K
b1011 B
b1010 E
b1111 6
b1111 F
b1111 G
1%
#19942000
1S
b1000 4
b1000 :
b1000 R
b10101 N
0P
b10100 M
b1101 W
b10111101 +
b10111101 3
b10111101 9
b10111101 V
b1101 1
b1101 I
b1101 O
b1111 H
b11000 Q
b11000 T
b10100 2
b10100 J
b10100 U
1!
0.
1'
#19944000
0'
0%
#19946000
0S
0!
1.
b1111 1
b1111 I
b1111 O
0*
1'
#19947000
b10110000 #
b10110000 )
b10110000 -
b10110000 0
b10110000 7
b10110000 ;
b1011 8
b1011 <
b1011 C
b1011 ?
b1010 >
b1100 B
b1011 E
b1110 6
b1110 F
b1110 G
b11100 5
b11100 @
b11100 L
b10100 K
1%
#19948000
0'
#19950000
1S
b10111 N
b10101 M
b11001 Q
b1110 W
b10111110 +
b10111110 3
b10111110 9
b10111110 V
1*
b1110 H
0.
1'
0%
#19952000
0'
#19953000
b10110001 #
b10110001 )
b10110001 -
b10110001 0
b10110001 7
b10110001 ;
b1100 8
b1100 <
b1100 C
b1001 ?
b1011 >
b10100 5
b10100 @
b10100 L
b1101 B
b1100 E
b1010 6
b1010 F
b1010 G
1%
#19954000
b1001 4
b1001 :
b1001 R
b10110 N
0P
b10111 M
1S
1.
b11010 Q
b11001 T
b10101 2
b10101 J
b10101 U
b1110 1
b1110 I
b1110 O
b1010 H
b1111 W
b10111111 +
b10111111 3
b10111111 9
b10111111 V
1'
#19956000
0'
0%
#19958000
b1010 4
b1010 :
b1010 R
1S
b10010 N
0P
b10110 M
b0 W
b11000000 +
b11000000 3
b11000000 9
b11000000 V
b1010 1
b1010 I
b1010 O
b11011 Q
b11010 T
b10111 2
b10111 J
b10111 U
1'
#19959000
b10110010 #
b10110010 )
b10110010 -
b10110010 0
b10110010 7
b10110010 ;
b1101 8
b1101 <
b1101 C
b1000 ?
b1001 >
b1110 B
b1101 E
b1011 6
b1011 F
b1011 G
b10111 K
1%
#19960000
0'
#19962000
1P
b1011 4
b1011 :
b1011 R
0S
b10011 N
b10010 M
b11100 Q
b11011 T
b10110 2
b10110 J
b10110 U
b1011 H
b1 W
b11000001 +
b11000001 3
b11000001 9
b11000001 V
1'
0%
#19964000
0'
#19965000
b10110011 #
b10110011 )
b10110011 -
b10110011 0
b10110011 7
b10110011 ;
b1110 8
b1110 <
b1110 C
0D
b11000 ?
b1000 >
b10111 5
b10111 @
b10111 L
b10110 K
b1111 B
b1110 E
b1001 6
b1001 F
b1001 G
1%
#19966000
1S
b1100 4
b1100 :
b1100 R
b10011 N
0P
b10010 M
b10 W
b11000010 +
b11000010 3
b11000010 9
b11000010 V
b1011 1
b1011 I
b1011 O
b1001 H
b11100 Q
b11100 T
b10010 2
b10010 J
b10010 U
1!
0.
1'
#19968000
0'
0%
#19970000
0S
0!
1.
b1001 1
b1001 I
b1001 O
0*
1'
#19971000
b10110100 #
b10110100 )
b10110100 -
b10110100 0
b10110100 7
b10110100 ;
b1111 8
b1111 <
b1111 C
b11001 ?
b11000 >
b10000 B
b1111 E
b1000 6
b1000 F
b1000 G
b10110 5
b10110 @
b10110 L
b10010 K
1%
#19972000
0'
#19974000
1S
b10001 N
b10011 M
b11101 Q
b11 W
b11000011 +
b11000011 3
b11000011 9
b11000011 V
1*
b1000 H
0.
1'
0%
#19976000
0'
#19977000
b10110101 #
b10110101 )
b10110101 -
b10110101 0
b10110101 7
b10110101 ;
b0 8
b0 <
b0 C
b11011 ?
b11001 >
b10010 5
b10010 @
b10010 L
b10001 B
b10000 E
b11000 6
b11000 F
b11000 G
1%
#19978000
b1101 4
b1101 :
b1101 R
b10000 N
0P
b10001 M
1S
1.
b11110 Q
b11101 T
b10011 2
b10011 J
b10011 U
b1000 1
b1000 I
b1000 O
b11000 H
b100 W
b11000100 +
b11000100 3
b11000100 9
b11000100 V
1'
#19980000
0'
0%
#19982000
b1110 4
b1110 :
b1110 R
1S
b0 N
0P
b10000 M
b101 W
b11000101 +
b11000101 3
b11000101 9
b11000101 V
b11000 1
b11000 I
b11000 O
b11111 Q
b11110 T
b10001 2
b10001 J
b10001 U
1'
#19983000
b10110110 #
b10110110 )
b10110110 -
b10110110 0
b10110110 7
b10110110 ;
b1 8
b1 <
b1 C
b11010 ?
b11011 >
b10010 B
b10001 E
b11001 6
b11001 F
b11001 G
b10001 K
1%
#19984000
0'
#19986000
1P
b1111 4
b1111 :
b1111 R
0S
b1 N
b0 M
b0 Q
b11111 T
b10000 2
b10000 J
b10000 U
b11001 H
b110 W
b11000110 +
b11000110 3
b11000110 9
b11000110 V
1'
0%
#19988000
0'
#19989000
b10110111 #
b10110111 )
b10110111 -
b10110111 0
b10110111 7
b10110111 ;
b10 8
b10 <
b10 C
b11110 ?
b11010 >
b10001 5
b10001 @
b10001 L
b10000 K
b10011 B
b10010 E
b11011 6
b11011 F
b11011 G
1%
#19990000
1S
b0 4
b0 :
b0 R
b1 N
0P
b0 M
b111 W
b11000111 +
b11000111 3
b11000111 9
b11000111 V
b11001 1
b11001 I
b11001 O
b11011 H
b0 Q
b0 T
b0 2
b0 J
b0 U
1!
0.
1'
#19992000
0'
0%
#19994000
0S
0!
1.
b11011 1
b11011 I
b11011 O
0*
1'
#19995000
b10111000 #
b10111000 )
b10111000 -
b10111000 0
b10111000 7
b10111000 ;
b11 8
b11 <
b11 C
b11111 ?
b11110 >
b10100 B
b10011 E
b11010 6
b11010 F
b11010 G
b10000 5
b10000 @
b10000 L
b0 K
1%
#19996000
0'
#19998000
1S
b11 N
b1 M
b1 Q
b1000 W
b11001000 +
b11001000 3
b11001000 9
b11001000 V
1*
b11010 H
0.
1'
0%
#20000000
0'
#20001000
b10111001 #
b10111001 )
b10111001 -
b10111001 0
b10111001 7
b10111001 ;
b100 8
b100 <
b100 C
b11101 ?
b11111 >
b0 5
b0 @
b0 L
b10101 B
b10100 E
b11110 6
b11110 F
b11110 G
1%
#20002000
b1 4
b1 :
b1 R
b10 N
0P
b11 M
1S
1.
b10 Q
b1 T
b1 2
b1 J
b1 U
b11010 1
b11010 I
b11010 O
b11110 H
b1001 W
b11001001 +
b11001001 3
b11001001 9
b11001001 V
1'
#20004000
0'
0%
#20006000
b10 4
b10 :
b10 R
1S
b110 N
0P
b10 M
b1010 W
b11001010 +
b11001010 3
b11001010 9
b11001010 V
b11110 1
b11110 I
b11110 O
b11 Q
b10 T
b11 2
b11 J
b11 U
1'
#20007000
b10111010 #
b10111010 )
b10111010 -
b10111010 0
b10111010 7
b10111010 ;
b101 8
b101 <
b101 C
b11100 ?
b11101 >
b10110 B
b10101 E
b11111 6
b11111 F
b11111 G
b11 K
1%
#20008000
0'
#20010000
1P
b11 4
b11 :
b11 R
0S
b111 N
b110 M
b100 Q
b11 T
b10 2
b10 J
b10 U
b11111 H
b1011 W
b11001011 +
b11001011 3
b11001011 9
b11001011 V
1'
0%
#20012000
0'
#20013000
b10111011 #
b10111011 )
b10111011 -
b10111011 0
b10111011 7
b10111011 ;
b110 8
b110 <
b110 C
b10100 ?
b11100 >
b11 5
b11 @
b11 L
b10 K
b10111 B
b10110 E
b11101 6
b11101 F
b11101 G
1%
#20014000
1S
b100 4
b100 :
b100 R
b111 N
0P
b110 M
b1100 W
b11001100 +
b11001100 3
b11001100 9
b11001100 V
b11111 1
b11111 I
b11111 O
b11101 H
b100 Q
b100 T
b110 2
b110 J
b110 U
1!
0.
1'
#20016000
0'
0%
#20018000
0S
0!
1.
b11101 1
b11101 I
b11101 O
0*
1'
#20019000
b10111100 #
b10111100 )
b10111100 -
b10111100 0
b10111100 7
b10111100 ;
b111 8
b111 <
b111 C
b10101 ?
b10100 >
b11000 B
b10111 E
b11100 6
b11100 F
b11100 G
b10 5
b10 @
b10 L
b110 K
1%
#20020000
0'
0$
#20022000
b11100 H
0.
1'
0%
#20024000
0'
#20025000
b10111110 #
b10111110 )
b10111110 -
b10111110 0
b10111110 7
b10111110 ;
b1000 8
b1000 <
b1000 C
b10111 ?
b10101 >
b110 5
b110 @
b110 L
b11001 B
b11000 E
b10100 6
b10100 F
b10100 G
1%
#20026000
b11100 1
b11100 I
b11100 O
b10100 H
1'
#20028000
0'
0%
#20030000
b10100 1
b10100 I
b10100 O
1'
#20031000
b10111111 #
b10111111 )
b10111111 -
b10111111 0
b10111111 7
b10111111 ;
b1001 8
b1001 <
b1001 C
b10110 ?
b10111 >
b11010 B
b11001 E
b10101 6
b10101 F
b10101 G
1%
#20032000
0'
#20034000
b10101 H
1'
0%
#20036000
0'
#20037000
b11000000 #
b11000000 )
b11000000 -
b11000000 0
b11000000 7
b11000000 ;
b1010 8
b1010 <
b1010 C
b10010 ?
b10110 >
b11011 B
b11010 E
b10111 6
b10111 F
b10111 G
1%
#20038000
b10101 1
b10101 I
b10101 O
b10111 H
1'
#20040000
0'
0%
#20042000
b10111 1
b10111 I
b10111 O
1'
#20043000
b11000001 #
b11000001 )
b11000001 -
b11000001 0
b11000001 7
b11000001 ;
b1011 8
b1011 <
b1011 C
b10011 ?
b10010 >
b11100 B
b11011 E
b10110 6
b10110 F
b10110 G
1%
#20044000
0'
#20046000
b10110 H
1'
0%
#20048000
0'
#20049000
b11000011 #
b11000011 )
b11000011 -
b11000011 0
b11000011 7
b11000011 ;
b1100 8
b1100 <
b1100 C
b10001 ?
b10011 >
b11101 B
b11100 E
b10010 6
b10010 F
b10010 G
1%
#20050000
b10110 1
b10110 I
b10110 O
b10010 H
1'
#20052000
0'
0%
#20054000
b10010 1
b10010 I
b10010 O
1'
#20055000
b11000100 #
b11000100 )
b11000100 -
b11000100 0
b11000100 7
b11000100 ;
b1101 8
b1101 <
b1101 C
b10000 ?
b10001 >
b11110 B
b11101 E
b10011 6
b10011 F
b10011 G
1%
#20056000
0'
#20058000
b10011 H
1'
0%
#20060000
0'
#20061000
b11000101 #
b11000101 )
b11000101 -
b11000101 0
b11000101 7
b11000101 ;
b1110 8
b1110 <
b1110 C
b0 ?
b10000 >
b11111 B
b11110 E
b10001 6
b10001 F
b10001 G
1%
#20062000
b10011 1
b10011 I
b10011 O
b10001 H
1'
#20064000
0'
0%
#20066000
b10001 1
b10001 I
b10001 O
1'
#20067000
b11000110 #
b11000110 )
b11000110 -
b11000110 0
b11000110 7
b11000110 ;
b1111 8
b1111 <
b1111 C
b1 ?
b0 >
b0 B
b11111 E
b10000 6
b10000 F
b10000 G
1%
#20068000
0'
#20070000
b10000 H
1'
0%
#20072000
0'
#20073000
b11001000 #
b11001000 )
b11001000 -
b11001000 0
b11001000 7
b11001000 ;
b0 8
b0 <
b0 C
b11 ?
b1 >
b1 B
b0 E
b0 6
b0 F
b0 G
1%
#20074000
b10000 1
b10000 I
b10000 O
b0 H
1'
#20076000
0'
0%
#20078000
b0 1
b0 I
b0 O
1'
#20079000
b11001001 #
b11001001 )
b11001001 -
b11001001 0
b11001001 7
b11001001 ;
b1 8
b1 <
b1 C
b10 ?
b11 >
b10 B
b1 E
b1 6
b1 F
b1 G
1%
#20080000
0'
#20082000
b1 H
1'
0%
#20084000
0'
#20085000
1D
b11001010 #
b11001010 )
b11001010 -
b11001010 0
b11001010 7
b11001010 ;
b10 8
b10 <
b10 C
b110 ?
b10 >
b11 B
b10 E
b11 6
b11 F
b11 G
1%
#20086000
b1 1
b1 I
b1 O
b11 H
1'
#20088000
0'
0%
#20090000
b11 1
b11 I
b11 O
1'
#20091000
1A
b11001011 #
b11001011 )
b11001011 -
b11001011 0
b11001011 7
b11001011 ;
b11 8
b11 <
b11 C
0D
b111 ?
b110 >
1/
b100 B
b11 E
b10 6
b10 F
b10 G
1%
#20092000
0'
#20094000
b10 H
1'
0%
#20096000
0'
#20097000
0D
b10111001 #
b10111001 )
b10111001 -
b10111001 0
b10111001 7
b10111001 ;
b100 8
b100 <
b100 C
b111 ?
1A
b110 >
b100 B
b100 E
b110 6
b110 F
b110 G
1"
0/
1%
#20098000
b10 1
b10 I
b10 O
b110 H
1'
#20100000
0'
0%
#20102000
b110 1
b110 I
b110 O
1'
#20103000
0,
1%
#20104000
0'
#20106000
1'
0%
#20108000
0'
#20109000
1%
#20110000
1'
#20112000
0'
0%
#20114000
1'
#20115000
1%
#20116000
0'
#20118000
1'
0%
#20120000
0'
#20121000
1%
#20122000
1'
#20124000
0'
0%
#20126000
1'
#20127000
1%
#20128000
0'
#20130000
1'
0%
#20132000
0'
#20133000
1%
#20134000
1'
#20136000
0'
0%
#20138000
1'
#20139000
1%
#20140000
0'
#20142000
1'
0%
#20144000
0'
#20145000
1%
#20146000
1'
#20148000
0'
0%
#20150000
1'
#20151000
1%
#20152000
0'
#20154000
1'
0%
#20156000
0'
#20157000
1%
#20158000
1'
#20160000
0'
0%
#20162000
1'
#20163000
1%
#20164000
0'
#20166000
1'
0%
#20168000
0'
#20169000
1%
#20170000
1'
#20172000
0'
0%
#20174000
1'
#20175000
1%
#20176000
0'
#20178000
1'
0%
#20180000
0'
#20181000
1%
#20182000
1'
#20184000
0'
0%
#20186000
1'
#20187000
1%
#20188000
0'
#20190000
1'
0%
#20192000
0'
#20193000
1%
#20194000
1'
#20196000
0'
0%
#20198000
1'
#20199000
1%
#20200000
0'
#20202000
1'
0%
#20204000
0'
#20205000
1%
#20206000
1'
#20208000
0'
0%
#20210000
1'
#20211000
1%
#20212000
0'
#20214000
1'
0%
#20216000
0'
#20217000
1%
#20218000
1'
#20220000
0'
0%
#20222000
1'
#20223000
1%
#20224000
0'
#20226000
1'
0%
#20228000
0'
#20229000
1%
#20230000
1'
#20232000
0'
0%
#20234000
1'
#20235000
1%
#20236000
0'
#20238000
1'
0%
#20240000
0'
#20241000
1%
#20242000
1'
#20244000
0'
0%
#20246000
1'
#20247000
1%
#20248000
0'
#20250000
1'
0%
#20252000
0'
#20253000
1%
#20254000
1'
#20256000
0'
0%
#20258000
1'
#20259000
1%
#20260000
0'
#20262000
1'
0%
#20264000
0'
#20265000
1%
#20266000
1'
#20268000
0'
0%
#20270000
1'
#20271000
1%
#20272000
0'
#20274000
1'
0%
#20276000
0'
#20277000
1%
#20278000
1'
#20280000
0'
0%
#20282000
1'
#20283000
1%
#20284000
0'
#20286000
1'
0%
#20288000
0'
#20289000
1%
#20290000
1'
#20292000
0'
0%
#20294000
1'
#20295000
1%
#20296000
0'
#20298000
1'
0%
#20300000
0'
#20301000
1%
#20302000
1'
#20304000
0'
0%
#20306000
1'
#20307000
1%
#20308000
0'
#20310000
1'
0%
#20312000
0'
#20313000
1%
#20314000
1'
#20316000
0'
0%
#20318000
1'
#20319000
1%
#20320000
0'
#20322000
1'
0%
#20324000
0'
#20325000
1%
#20326000
1'
#20328000
0'
0%
#20330000
1'
#20331000
1%
#20332000
0'
#20334000
1'
0%
#20336000
0'
#20337000
1%
#20338000
1'
#20340000
0'
0%
#20342000
1'
#20343000
1%
#20344000
0'
#20346000
1'
0%
#20348000
0'
#20349000
1%
#20350000
1'
#20352000
0'
0%
#20354000
1'
#20355000
1%
#20356000
0'
#20358000
1'
0%
#20360000
0'
#20361000
1%
#20362000
1'
#20364000
0'
0%
#20366000
1'
#20367000
1%
#20368000
0'
#20370000
1'
0%
#20372000
0'
#20373000
1%
#20374000
1'
#20376000
0'
0%
#20378000
1'
#20379000
1%
#20380000
0'
#20382000
1'
0%
#20384000
0'
#20385000
1%
#20386000
1'
#20388000
0'
0%
#20390000
1'
#20391000
1%
#20392000
0'
#20394000
1'
0%
#20396000
0'
#20397000
1%
#20398000
1'
#20400000
0'
0%
#20402000
1'
#20403000
1%
#20404000
0'
#20406000
1'
0%
#20408000
0'
#20409000
1%
#20410000
1'
#20412000
0'
0%
#20414000
1'
#20415000
1%
#20416000
0'
#20418000
1'
0%
#20420000
0'
#20421000
1%
#20422000
1'
#20424000
0'
0%
#20426000
1'
#20427000
1%
#20428000
0'
#20430000
1'
0%
#20432000
0'
#20433000
1%
#20434000
1'
#20436000
0'
0%
#20438000
1'
#20439000
1%
#20440000
0'
#20442000
1'
0%
#20444000
0'
#20445000
1%
#20446000
1'
#20448000
0'
0%
#20450000
1'
#20451000
1%
#20452000
0'
#20454000
1'
0%
#20456000
0'
#20457000
1%
#20458000
1'
#20460000
0'
0%
#20462000
1'
#20463000
1%
#20464000
0'
#20466000
1'
0%
#20468000
0'
#20469000
1%
#20470000
1'
#20472000
0'
0%
#20474000
1'
#20475000
1%
#20476000
0'
#20478000
1'
0%
#20480000
0'
#20481000
1%
#20482000
1'
#20484000
0'
0%
#20486000
1'
#20487000
1%
#20488000
0'
#20490000
1'
0%
#20492000
0'
#20493000
1%
#20494000
1'
#20496000
0'
0%
#20498000
1'
#20499000
1%
#20500000
0'
#20502000
1'
0%
#20504000
0'
#20505000
1%
#20506000
1'
#20508000
0'
0%
#20510000
1'
#20511000
1%
#20512000
0'
#20514000
1'
0%
#20516000
0'
#20517000
1%
#20518000
1'
#20520000
0'
0%
#20522000
1'
#20523000
1%
#20524000
0'
#20526000
1'
0%
#20528000
0'
#20529000
1%
#20530000
1'
#20532000
0'
0%
#20534000
1'
#20535000
1%
#20536000
0'
#20538000
1'
0%
#20540000
0'
#20541000
1%
#20542000
1'
#20544000
0'
0%
#20546000
1'
#20547000
1%
#20548000
0'
#20550000
1'
0%
#20552000
0'
#20553000
1%
#20554000
1'
#20556000
0'
0%
#20558000
1'
#20559000
1%
#20560000
0'
#20562000
1'
0%
#20564000
0'
#20565000
1%
#20566000
1'
#20568000
0'
0%
#20570000
1'
#20571000
1%
#20572000
0'
#20574000
1'
0%
#20576000
0'
#20577000
1%
#20578000
1'
#20580000
0'
0%
#20582000
1'
#20583000
1%
#20584000
0'
#20586000
1'
0%
#20588000
0'
#20589000
1%
#20590000
1'
#20592000
0'
0%
#20594000
1'
#20595000
1%
#20596000
0'
#20598000
1'
0%
#20600000
0'
#20601000
1%
#20602000
1'
#20604000
0'
0%
#20606000
1'
#20607000
1%
#20608000
0'
#20610000
1'
0%
#20612000
0'
#20613000
1%
#20614000
1'
#20616000
0'
0%
#20618000
1'
#20619000
1%
#20620000
0'
#20622000
1'
0%
#20624000
0'
#20625000
1%
#20626000
1'
#20628000
0'
0%
#20630000
1'
#20631000
1%
#20632000
0'
#20634000
1'
0%
#20636000
0'
#20637000
1%
#20638000
1'
#20640000
0'
0%
#20642000
1'
#20643000
1%
#20644000
0'
#20646000
1'
0%
#20648000
0'
#20649000
1%
#20650000
1'
#20652000
0'
0%
#20654000
1'
#20655000
1%
#20656000
0'
#20658000
1'
0%
#20660000
0'
#20661000
1%
#20662000
1'
#20664000
0'
0%
#20666000
1'
#20667000
1%
#20668000
0'
#20670000
1'
0%
#20672000
0'
#20673000
1%
#20674000
1'
#20676000
0'
0%
#20678000
1'
#20679000
1%
#20680000
0'
#20682000
1'
0%
#20684000
0'
#20685000
1%
#20686000
1'
#20688000
0'
0%
#20690000
1'
#20691000
1%
#20692000
0'
#20694000
1'
0%
#20696000
0'
#20697000
1%
#20698000
1'
#20700000
0'
0%
#20702000
1'
#20703000
1%
#20704000
0'
#20706000
1'
0%
#20708000
0'
#20709000
1%
#20710000
1'
#20712000
0'
0%
#20714000
1'
#20715000
1%
#20716000
0'
#20718000
1'
0%
#20720000
0'
#20721000
1%
#20722000
1'
#20724000
0'
0%
#20726000
1'
#20727000
1%
#20728000
0'
#20730000
1'
0%
#20732000
0'
#20733000
1%
#20734000
1'
#20736000
0'
0%
#20738000
1'
#20739000
1%
#20740000
0'
#20742000
1'
0%
#20744000
0'
#20745000
1%
#20746000
1'
#20748000
0'
0%
#20750000
1'
#20751000
1%
#20752000
0'
#20754000
1'
0%
#20756000
0'
#20757000
1%
#20758000
1'
#20760000
0'
0%
#20762000
1'
#20763000
1%
#20764000
0'
#20766000
1'
0%
#20768000
0'
#20769000
1%
#20770000
1'
#20772000
0'
0%
#20774000
1'
#20775000
1%
#20776000
0'
#20778000
1'
0%
#20780000
0'
#20781000
1%
#20782000
1'
#20784000
0'
0%
#20786000
1'
#20787000
1%
#20788000
0'
#20790000
1'
0%
#20792000
0'
#20793000
1%
#20794000
1'
#20796000
0'
0%
#20798000
1'
#20799000
1%
#20800000
0'
#20802000
1'
0%
#20804000
0'
#20805000
1%
#20806000
1'
#20808000
0'
0%
#20810000
1'
#20811000
1%
#20812000
0'
#20814000
1'
0%
#20816000
0'
#20817000
1%
#20818000
1'
#20820000
0'
0%
#20822000
1'
#20823000
1%
#20824000
0'
#20826000
1'
0%
#20828000
0'
#20829000
1%
#20830000
1'
#20832000
0'
0%
#20834000
1'
#20835000
1%
#20836000
0'
#20838000
1'
0%
#20840000
0'
#20841000
1%
#20842000
1'
#20844000
0'
0%
#20846000
1'
#20847000
1%
#20848000
0'
#20850000
1'
0%
#20852000
0'
#20853000
1%
#20854000
1'
#20856000
0'
0%
#20858000
1'
#20859000
1%
#20860000
0'
#20862000
1'
0%
#20864000
0'
#20865000
1%
#20866000
1'
#20868000
0'
0%
#20870000
1'
#20871000
1%
#20872000
0'
#20874000
1'
0%
#20876000
0'
#20877000
1%
#20878000
1'
#20880000
0'
0%
#20882000
1'
#20883000
1%
#20884000
0'
#20886000
1'
0%
#20888000
0'
#20889000
1%
#20890000
1'
#20892000
0'
0%
#20894000
1'
#20895000
1%
#20896000
0'
#20898000
1'
0%
#20900000
0'
#20901000
1%
#20902000
1'
#20904000
0'
0%
#20906000
1'
#20907000
1%
#20908000
0'
#20910000
1'
0%
#20912000
0'
#20913000
1%
#20914000
1'
#20916000
0'
0%
#20918000
1'
#20919000
1%
#20920000
0'
#20922000
1'
0%
#20924000
0'
#20925000
1%
#20926000
1'
#20928000
0'
0%
#20930000
1'
#20931000
1%
#20932000
0'
#20934000
1'
0%
#20936000
0'
#20937000
1%
#20938000
1'
#20940000
0'
0%
#20942000
1'
#20943000
1%
#20944000
0'
#20946000
1'
0%
#20948000
0'
#20949000
1%
#20950000
1'
#20952000
0'
0%
#20954000
1'
#20955000
1%
#20956000
0'
#20958000
1'
0%
#20960000
0'
#20961000
1%
#20962000
1'
#20964000
0'
0%
#20966000
1'
#20967000
1%
#20968000
0'
#20970000
1'
0%
#20972000
0'
#20973000
1%
#20974000
1'
#20976000
0'
0%
#20978000
1'
#20979000
1%
#20980000
0'
#20982000
1'
0%
#20984000
0'
#20985000
1%
#20986000
1'
#20988000
0'
0%
#20990000
1'
#20991000
1%
#20992000
0'
#20994000
1'
0%
#20996000
0'
#20997000
1%
#20998000
1'
#21000000
0'
0%
#21002000
1'
#21003000
1%
#21004000
0'
#21006000
1'
0%
#21008000
0'
#21009000
1%
#21010000
1'
#21012000
0'
0%
#21014000
1'
#21015000
1%
#21016000
0'
#21018000
1'
0%
#21020000
0'
#21021000
1%
#21022000
1'
#21024000
0'
0%
#21026000
1'
#21027000
1%
#21028000
0'
#21030000
1'
0%
#21032000
0'
#21033000
1%
#21034000
1'
#21036000
0'
0%
#21038000
1'
#21039000
1%
#21040000
0'
#21042000
1'
0%
#21044000
0'
#21045000
1%
#21046000
1'
#21048000
0'
0%
#21050000
1'
#21051000
1%
#21052000
0'
#21054000
1'
0%
#21056000
0'
#21057000
1%
#21058000
1'
#21060000
0'
0%
#21062000
1'
#21063000
1%
#21064000
0'
#21066000
1'
0%
#21068000
0'
#21069000
1%
#21070000
1'
#21072000
0'
0%
#21074000
1'
#21075000
1%
#21076000
0'
#21078000
1'
0%
#21080000
0'
#21081000
1%
#21082000
1'
#21084000
0'
0%
#21086000
1'
#21087000
1%
#21088000
0'
#21090000
1'
0%
#21092000
0'
#21093000
1%
#21094000
1'
#21096000
0'
0%
#21098000
1'
#21099000
1%
#21100000
0'
#21102000
1'
0%
#21104000
0'
#21105000
1%
#21106000
1'
#21108000
0'
0%
#21110000
1'
#21111000
1%
#21112000
0'
#21114000
1'
0%
#21116000
0'
#21117000
1%
#21118000
1'
#21120000
0'
0%
#21122000
1'
#21123000
1%
#21124000
0'
#21126000
1'
0%
#21128000
0'
#21129000
1%
#21130000
1'
#21132000
0'
0%
#21134000
1'
#21135000
1%
#21136000
0'
#21138000
1'
0%
#21140000
0'
#21141000
1%
#21142000
1'
#21144000
0'
0%
#21146000
1'
#21147000
1%
#21148000
0'
#21150000
1'
0%
#21152000
0'
#21153000
1%
#21154000
1'
#21156000
0'
0%
#21158000
1'
#21159000
1%
#21160000
0'
#21162000
1'
0%
#21164000
0'
#21165000
1%
#21166000
1'
#21168000
0'
0%
#21170000
1'
#21171000
1%
#21172000
0'
#21174000
1'
0%
#21176000
0'
#21177000
1%
#21178000
1'
#21180000
0'
0%
#21182000
1'
#21183000
1%
#21184000
0'
#21186000
1'
0%
#21188000
0'
#21189000
1%
#21190000
1'
#21192000
0'
0%
#21194000
1'
#21195000
1%
#21196000
0'
#21198000
1'
0%
#21200000
0'
#21201000
1%
#21202000
1'
#21204000
0'
0%
#21206000
1'
#21207000
1%
#21208000
0'
#21210000
1'
0%
#21212000
0'
#21213000
1%
#21214000
1'
#21216000
0'
0%
#21218000
1'
#21219000
1%
#21220000
0'
#21222000
1'
0%
#21224000
0'
#21225000
1%
#21226000
1'
#21228000
0'
0%
#21230000
1'
#21231000
1%
#21232000
0'
#21234000
1'
0%
#21236000
0'
#21237000
1%
#21238000
1'
#21240000
0'
0%
#21242000
1'
#21243000
1%
#21244000
0'
#21246000
1'
0%
#21248000
0'
#21249000
1%
#21250000
1'
#21252000
0'
0%
#21254000
1'
#21255000
1%
#21256000
0'
#21258000
1'
0%
#21260000
0'
#21261000
1%
#21262000
1'
#21264000
0'
0%
#21266000
1'
#21267000
1%
#21268000
0'
#21270000
1'
0%
#21272000
0'
#21273000
1%
#21274000
1'
#21276000
0'
0%
#21278000
1'
#21279000
1%
#21280000
0'
#21282000
1'
0%
#21284000
0'
#21285000
1%
#21286000
1'
#21288000
0'
0%
#21290000
1'
#21291000
1%
#21292000
0'
#21294000
1'
0%
#21296000
0'
#21297000
1%
#21298000
1'
#21300000
0'
0%
#21302000
1'
#21303000
1%
#21304000
0'
#21306000
1'
0%
#21308000
0'
#21309000
1%
#21310000
1'
#21312000
0'
0%
#21314000
1'
#21315000
1%
#21316000
0'
#21318000
1'
0%
#21320000
0'
#21321000
1%
#21322000
1'
#21324000
0'
0%
#21326000
1'
#21327000
1%
#21328000
0'
#21330000
1'
0%
#21332000
0'
#21333000
1%
#21334000
1'
#21336000
0'
0%
#21338000
1'
#21339000
1%
#21340000
0'
#21342000
1'
0%
#21344000
0'
#21345000
1%
#21346000
1'
#21348000
0'
0%
#21350000
1'
#21351000
1%
#21352000
0'
#21354000
1'
0%
#21356000
0'
#21357000
1%
#21358000
1'
#21360000
0'
0%
#21362000
1'
#21363000
1%
#21364000
0'
#21366000
1'
0%
#21368000
0'
#21369000
1%
#21370000
1'
#21372000
0'
0%
#21374000
1'
#21375000
1%
#21376000
0'
#21378000
1'
0%
#21380000
0'
#21381000
1%
#21382000
1'
#21384000
0'
0%
#21386000
1'
#21387000
1%
#21388000
0'
#21390000
1'
0%
#21392000
0'
#21393000
1%
#21394000
1'
#21396000
0'
0%
#21398000
1'
#21399000
1%
#21400000
0'
#21402000
1'
0%
#21404000
0'
#21405000
1%
#21406000
1'
#21408000
0'
0%
#21410000
1'
#21411000
1%
#21412000
0'
#21414000
1'
0%
#21416000
0'
#21417000
1%
#21418000
1'
#21420000
0'
0%
#21422000
1'
#21423000
1%
#21424000
0'
#21426000
1'
0%
#21428000
0'
#21429000
1%
#21430000
1'
#21432000
0'
0%
#21434000
1'
#21435000
1%
#21436000
0'
#21438000
1'
0%
#21440000
0'
#21441000
1%
#21442000
1'
#21444000
0'
0%
#21446000
1'
#21447000
1%
#21448000
0'
#21450000
1'
0%
#21452000
0'
#21453000
1%
#21454000
1'
#21456000
0'
0%
#21458000
1'
#21459000
1%
#21460000
0'
#21462000
1'
0%
#21464000
0'
#21465000
1%
#21466000
1'
#21468000
0'
0%
#21470000
1'
#21471000
1%
#21472000
0'
#21474000
1'
0%
#21476000
0'
#21477000
1%
#21478000
1'
#21480000
0'
0%
#21482000
1'
#21483000
1%
#21484000
0'
#21486000
1'
0%
#21488000
0'
#21489000
1%
#21490000
1'
#21492000
0'
0%
#21494000
1'
#21495000
1%
#21496000
0'
#21498000
1'
0%
#21500000
0'
#21501000
1%
#21502000
1'
#21504000
0'
0%
#21506000
1'
#21507000
1%
#21508000
0'
#21510000
1'
0%
#21512000
0'
#21513000
1%
#21514000
1'
#21516000
0'
0%
#21518000
1'
#21519000
1%
#21520000
0'
#21522000
1'
0%
#21524000
0'
#21525000
1%
#21526000
1'
#21528000
0'
0%
#21530000
1'
#21531000
1%
#21532000
0'
#21534000
1'
0%
#21536000
0'
#21537000
1%
#21538000
1'
#21540000
0'
0%
#21542000
1'
#21543000
1%
#21544000
0'
#21546000
1'
0%
#21548000
0'
#21549000
1%
#21550000
1'
#21552000
0'
0%
#21554000
1'
#21555000
1%
#21556000
0'
#21558000
1'
0%
#21560000
0'
#21561000
1%
#21562000
1'
#21564000
0'
0%
#21566000
1'
#21567000
1%
#21568000
0'
#21570000
1'
0%
#21572000
0'
#21573000
1%
#21574000
1'
#21576000
0'
0%
#21578000
1'
#21579000
1%
#21580000
0'
#21582000
1'
0%
#21584000
0'
#21585000
1%
#21586000
1'
#21588000
0'
0%
#21590000
1'
#21591000
1%
#21592000
0'
#21594000
1'
0%
#21596000
0'
#21597000
1%
#21598000
1'
#21600000
0'
0%
#21602000
1'
#21603000
1%
#21604000
0'
#21606000
1'
0%
#21608000
0'
#21609000
1%
#21610000
1'
#21612000
0'
0%
#21614000
1'
#21615000
1%
#21616000
0'
#21618000
1'
0%
#21620000
0'
#21621000
1%
#21622000
1'
#21624000
0'
0%
#21626000
1'
#21627000
1%
#21628000
0'
#21630000
1'
0%
#21632000
0'
#21633000
1%
#21634000
1'
#21636000
0'
0%
#21638000
1'
#21639000
1%
#21640000
0'
#21642000
1'
0%
#21644000
0'
#21645000
1%
#21646000
1'
#21648000
0'
0%
#21650000
1'
#21651000
1%
#21652000
0'
#21654000
1'
0%
#21656000
0'
#21657000
1%
#21658000
1'
#21660000
0'
0%
#21662000
1'
#21663000
1%
#21664000
0'
#21666000
1'
0%
#21668000
0'
#21669000
1%
#21670000
1'
#21672000
0'
0%
#21674000
1'
#21675000
1%
#21676000
0'
#21678000
1'
0%
#21680000
0'
#21681000
1%
#21682000
1'
#21684000
0'
0%
#21686000
1'
#21687000
1%
#21688000
0'
#21690000
1'
0%
#21692000
0'
#21693000
1%
#21694000
1'
#21696000
0'
0%
#21698000
1'
#21699000
1%
#21700000
0'
#21702000
1'
0%
#21704000
0'
#21705000
1%
#21706000
1'
#21708000
0'
0%
#21710000
1'
#21711000
1%
#21712000
0'
#21714000
1'
0%
#21716000
0'
#21717000
1%
#21718000
1'
#21720000
0'
0%
#21722000
1'
#21723000
1%
#21724000
0'
#21726000
1'
0%
#21728000
0'
#21729000
1%
#21730000
1'
#21732000
0'
0%
#21734000
1'
#21735000
1%
#21736000
0'
#21738000
1'
0%
#21740000
0'
#21741000
1%
#21742000
1'
#21744000
0'
0%
#21746000
1'
#21747000
1%
#21748000
0'
#21750000
1'
0%
#21752000
0'
#21753000
1%
#21754000
1'
#21756000
0'
0%
#21758000
1'
#21759000
1%
#21760000
0'
#21762000
1'
0%
#21764000
0'
#21765000
1%
#21766000
1'
#21768000
0'
0%
#21770000
1'
#21771000
1%
#21772000
0'
#21774000
1'
0%
#21776000
0'
#21777000
1%
#21778000
1'
#21780000
0'
0%
#21782000
1'
#21783000
1%
#21784000
0'
#21786000
1'
0%
#21788000
0'
#21789000
1%
#21790000
1'
#21792000
0'
0%
#21794000
1'
#21795000
1%
#21796000
0'
#21798000
1'
0%
#21800000
0'
#21801000
1%
#21802000
1'
#21804000
0'
0%
#21806000
1'
#21807000
1%
#21808000
0'
#21810000
1'
0%
#21812000
0'
#21813000
1%
#21814000
1'
#21816000
0'
0%
#21818000
1'
#21819000
1%
#21820000
0'
#21822000
1'
0%
#21824000
0'
#21825000
1%
#21826000
1'
#21828000
0'
0%
#21830000
1'
#21831000
1%
#21832000
0'
#21834000
1'
0%
#21836000
0'
#21837000
1%
#21838000
1'
#21840000
0'
0%
#21842000
1'
#21843000
1%
#21844000
0'
#21846000
1'
0%
#21848000
0'
#21849000
1%
#21850000
1'
#21852000
0'
0%
#21854000
1'
#21855000
1%
#21856000
0'
#21858000
1'
0%
#21860000
0'
#21861000
1%
#21862000
1'
#21864000
0'
0%
#21866000
1'
#21867000
1%
#21868000
0'
#21870000
1'
0%
#21872000
0'
#21873000
1%
#21874000
1'
#21876000
0'
0%
#21878000
1'
#21879000
1%
#21880000
0'
#21882000
1'
0%
#21884000
0'
#21885000
1%
#21886000
1'
#21888000
0'
0%
#21890000
1'
#21891000
1%
#21892000
0'
#21894000
1'
0%
#21896000
0'
#21897000
1%
#21898000
1'
#21900000
0'
0%
#21902000
1'
#21903000
1%
#21904000
0'
#21906000
1'
0%
#21908000
0'
#21909000
1%
#21910000
1'
#21912000
0'
0%
#21914000
1'
#21915000
1%
#21916000
0'
#21918000
1'
0%
#21920000
0'
#21921000
1%
#21922000
1'
#21924000
0'
0%
#21926000
1'
#21927000
1%
#21928000
0'
#21930000
1'
0%
#21932000
0'
#21933000
1%
#21934000
1'
#21936000
0'
0%
#21938000
1'
#21939000
1%
#21940000
0'
#21942000
1'
0%
#21944000
0'
#21945000
1%
#21946000
1'
#21948000
0'
0%
#21950000
1'
#21951000
1%
#21952000
0'
#21954000
1'
0%
#21956000
0'
#21957000
1%
#21958000
1'
#21960000
0'
0%
#21962000
1'
#21963000
1%
#21964000
0'
#21966000
1'
0%
#21968000
0'
#21969000
1%
#21970000
1'
#21972000
0'
0%
#21974000
1'
#21975000
1%
#21976000
0'
#21978000
1'
0%
#21980000
0'
#21981000
1%
#21982000
1'
#21984000
0'
0%
#21986000
1'
#21987000
1%
#21988000
0'
#21990000
1'
0%
#21992000
0'
#21993000
1%
#21994000
1'
#21996000
0'
0%
#21998000
1'
#21999000
1%
#22000000
0'
#22002000
1'
0%
#22004000
0'
#22005000
1%
#22006000
1'
#22008000
0'
0%
#22010000
1'
#22011000
1%
#22012000
0'
#22014000
1'
0%
#22016000
0'
#22017000
1%
#22018000
1'
#22020000
0'
0%
1$
#22022000
b101 N
b111 M
b101 Q
b1101 W
b11001101 +
b11001101 3
b11001101 9
b11001101 V
1*
1'
#22023000
1%
#22024000
0'
#22026000
b101 4
b101 :
b101 R
b100 N
b101 M
b11001101 #
b11001101 )
b11001101 -
b11001101 0
b11001101 7
b11001101 ;
b110 Q
b101 T
b111 2
b111 J
b111 U
b1110 W
b11001110 +
b11001110 3
b11001110 9
b11001110 V
1'
0%
#22028000
0'
#22029000
b111 K
1%
#22030000
b110 4
b110 :
b110 R
b1100 N
b100 M
b1111 W
b11001111 +
b11001111 3
b11001111 9
b11001111 V
b111 Q
b110 T
b101 2
b101 J
b101 U
1'
#22032000
0'
0%
#22034000
b111 4
b111 :
b111 R
b1101 N
b1100 M
b1000 Q
b111 T
b100 2
b100 J
b100 U
b0 W
b11010000 +
b11010000 3
b11010000 9
b11010000 V
1'
#22035000
1D
0A
b111 5
b111 @
b111 L
b100 K
1%
#22036000
0'
#22038000
b1000 4
b1000 :
b1000 R
b1111 N
b1101 M
b1 W
b11010001 +
b11010001 3
b11010001 9
b11010001 V
b1001 Q
b1000 T
b1100 2
b1100 J
b1100 U
1'
0%
#22040000
0'
#22041000
0D
b100 5
b100 @
b100 L
b1100 K
0"
1/
1%
#22042000
b1001 4
b1001 :
b1001 R
b1110 N
b1111 M
b1010 Q
b1001 T
b1101 2
b1101 J
b1101 U
b10 W
b11010010 +
b11010010 3
b11010010 9
b11010010 V
1'
#22044000
0'
0%
#22046000
b1010 4
b1010 :
b1010 R
b1010 N
b1110 M
b11 W
b11010011 +
b11010011 3
b11010011 9
b11010011 V
b1011 Q
b1010 T
b1111 2
b1111 J
b1111 U
1'
#22047000
b101 ?
b111 >
b101 B
1,
0/
b1100 5
b1100 @
b1100 L
b1111 K
1%
#22048000
0'
#22050000
b1011 4
b1011 :
b1011 R
b1011 N
b1010 M
b1100 Q
b1011 T
b1110 2
b1110 J
b1110 U
b100 W
b11010100 +
b11010100 3
b11010100 9
b11010100 V
1'
0%
#22052000
0'
#22053000
b11001110 #
b11001110 )
b11001110 -
b11001110 0
b11001110 7
b11001110 ;
b101 8
b101 <
b101 C
b100 ?
b101 >
b1111 5
b1111 @
b1111 L
b1110 K
b110 B
b101 E
b111 6
b111 F
b111 G
1%
#22054000
b1100 4
b1100 :
b1100 R
b1001 N
b1011 M
b101 W
b11010101 +
b11010101 3
b11010101 9
b11010101 V
b111 H
b1101 Q
b1100 T
b1010 2
b1010 J
b1010 U
1'
#22056000
0'
0%
#22058000
b1101 4
b1101 :
b1101 R
b1000 N
b1001 M
b1110 Q
b1101 T
b1011 2
b1011 J
b1011 U
b111 1
b111 I
b111 O
b110 W
b11010110 +
b11010110 3
b11010110 9
b11010110 V
1'
#22059000
b11001111 #
b11001111 )
b11001111 -
b11001111 0
b11001111 7
b11001111 ;
b110 8
b110 <
b110 C
b1100 ?
b100 >
b111 B
b110 E
b101 6
b101 F
b101 G
b1110 5
b1110 @
b1110 L
b1011 K
1%
#22060000
0'
#22062000
b1110 4
b1110 :
b1110 R
b11000 N
b1000 M
b111 W
b11010111 +
b11010111 3
b11010111 9
b11010111 V
b101 H
b1111 Q
b1110 T
b1001 2
b1001 J
b1001 U
1'
0%
#22064000
0'
#22065000
b11010000 #
b11010000 )
b11010000 -
b11010000 0
b11010000 7
b11010000 ;
b111 8
b111 <
b111 C
b1101 ?
0A
b1100 >
b1011 5
b1011 @
b1011 L
b1001 K
b1000 B
b111 E
b100 6
b100 F
b100 G
1%
#22066000
b1111 4
b1111 :
b1111 R
b11001 N
b11000 M
b10000 Q
b1111 T
b1000 2
b1000 J
b1000 U
b101 1
b101 I
b101 O
b100 H
b1000 W
b11011000 +
b11011000 3
b11011000 9
b11011000 V
1'
#22068000
0'
0%
#22070000
b0 4
b0 :
b0 R
b11011 N
b11001 M
b1001 W
b11011001 +
b11011001 3
b11011001 9
b11011001 V
b100 1
b100 I
b100 O
b10001 Q
b10000 T
b11000 2
b11000 J
b11000 U
1'
#22071000
b11010001 #
b11010001 )
b11010001 -
b11010001 0
b11010001 7
b11010001 ;
b1000 8
b1000 <
b1000 C
b1111 ?
b1101 >
b1001 B
b1000 E
b1100 6
b1100 F
b1100 G
b1001 5
b1001 @
b1001 L
b11000 K
1%
#22072000
0'
#22074000
b1 4
b1 :
b1 R
b11010 N
b11011 M
b10010 Q
b10001 T
b11001 2
b11001 J
b11001 U
b1100 H
b1010 W
b11011010 +
b11011010 3
b11011010 9
b11011010 V
1'
0%
#22076000
0'
#22077000
b11010010 #
b11010010 )
b11010010 -
b11010010 0
b11010010 7
b11010010 ;
b1001 8
b1001 <
b1001 C
b1110 ?
b1111 >
b11000 5
b11000 @
b11000 L
b11001 K
b1010 B
b1001 E
b1101 6
b1101 F
b1101 G
1%
#22078000
b10 4
b10 :
b10 R
b11110 N
b11010 M
b1011 W
b11011011 +
b11011011 3
b11011011 9
b11011011 V
b1100 1
b1100 I
b1100 O
b1101 H
b10011 Q
b10010 T
b11011 2
b11011 J
b11011 U
1'
#22080000
0'
0%
#22082000
b11 4
b11 :
b11 R
b11111 N
b11110 M
b10100 Q
b10011 T
b11010 2
b11010 J
b11010 U
b1101 1
b1101 I
b1101 O
b1100 W
b11011100 +
b11011100 3
b11011100 9
b11011100 V
1'
#22083000
b11010011 #
b11010011 )
b11010011 -
b11010011 0
b11010011 7
b11010011 ;
b1010 8
b1010 <
b1010 C
b1010 ?
b1110 >
b1011 B
b1010 E
b1111 6
b1111 F
b1111 G
b11001 5
b11001 @
b11001 L
b11010 K
1%
#22084000
0'
#22086000
b100 4
b100 :
b100 R
b11101 N
b11111 M
b1101 W
b11011101 +
b11011101 3
b11011101 9
b11011101 V
b1111 H
b10101 Q
b10100 T
b11110 2
b11110 J
b11110 U
1'
0%
#22088000
0'
#22089000
b11010100 #
b11010100 )
b11010100 -
b11010100 0
b11010100 7
b11010100 ;
b1011 8
b1011 <
b1011 C
b1011 ?
b1010 >
b11010 5
b11010 @
b11010 L
b11110 K
b1100 B
b1011 E
b1110 6
b1110 F
b1110 G
1%
#22090000
b101 4
b101 :
b101 R
b11100 N
b11101 M
b10110 Q
b10101 T
b11111 2
b11111 J
b11111 U
b1111 1
b1111 I
b1111 O
b1110 H
b1110 W
b11011110 +
b11011110 3
b11011110 9
b11011110 V
1'
#22092000
0'
0%
#22094000
b110 4
b110 :
b110 R
b10100 N
b11100 M
b1111 W
b11011111 +
b11011111 3
b11011111 9
b11011111 V
b1110 1
b1110 I
b1110 O
b10111 Q
b10110 T
b11101 2
b11101 J
b11101 U
1'
#22095000
b11010101 #
b11010101 )
b11010101 -
b11010101 0
b11010101 7
b11010101 ;
b1100 8
b1100 <
b1100 C
b1001 ?
b1011 >
b1101 B
b1100 E
b1010 6
b1010 F
b1010 G
b11110 5
b11110 @
b11110 L
b11101 K
1%
#22096000
0'
#22098000
b111 4
b111 :
b111 R
b10101 N
b10100 M
b11000 Q
b10111 T
b11100 2
b11100 J
b11100 U
b1010 H
b0 W
b11100000 +
b11100000 3
b11100000 9
b11100000 V
1'
0%
#22100000
0'
#22101000
b11010110 #
b11010110 )
b11010110 -
b11010110 0
b11010110 7
b11010110 ;
b1101 8
b1101 <
b1101 C
b1000 ?
b1001 >
b11101 5
b11101 @
b11101 L
b11100 K
b1110 B
b1101 E
b1011 6
b1011 F
b1011 G
1%
#22102000
b1000 4
b1000 :
b1000 R
0S
b10111 N
b10101 M
b1 W
b11100001 +
b11100001 3
b11100001 9
b11100001 V
b1010 1
b1010 I
b1010 O
b1011 H
b11001 Q
b11000 T
b10100 2
b10100 J
b10100 U
1'
#22104000
0'
0%
#22106000
b1001 4
b1001 :
b1001 R
b10110 N
b10111 M
b11010 Q
b11001 T
b10101 2
b10101 J
b10101 U
b1011 1
b1011 I
b1011 O
b10 W
b11100010 +
b11100010 3
b11100010 9
b11100010 V
1'
#22107000
b11010111 #
b11010111 )
b11010111 -
b11010111 0
b11010111 7
b11010111 ;
b1110 8
b1110 <
b1110 C
b11000 ?
b1000 >
b1111 B
b1110 E
b1001 6
b1001 F
b1001 G
b11100 5
b11100 @
b11100 L
b10101 K
1%
#22108000
0'
#22110000
b1010 4
b1010 :
b1010 R
b10010 N
b10110 M
b11 W
b11100011 +
b11100011 3
b11100011 9
b11100011 V
b1001 H
b11011 Q
b11010 T
b10111 2
b10111 J
b10111 U
1'
0%
#22112000
0'
#22113000
b11011000 #
b11011000 )
b11011000 -
b11011000 0
b11011000 7
b11011000 ;
b1111 8
b1111 <
b1111 C
b11001 ?
b11000 >
b10101 5
b10101 @
b10101 L
b10111 K
b10000 B
b1111 E
b1000 6
b1000 F
b1000 G
1%
#22114000
b1011 4
b1011 :
b1011 R
b10011 N
0P
b10010 M
b11100 Q
b11011 T
b10110 2
b10110 J
b10110 U
b1001 1
b1001 I
b1001 O
b1000 H
b100 W
b11100100 +
b11100100 3
b11100100 9
b11100100 V
1'
#22116000
0'
0%
#22118000
0S
b1100 4
b1100 :
b1100 R
b10001 N
b10011 M
b101 W
b11100101 +
b11100101 3
b11100101 9
b11100101 V
b1000 1
b1000 I
b1000 O
b11101 Q
b11100 T
b10010 2
b10010 J
b10010 U
1'
#22119000
b11011001 #
b11011001 )
b11011001 -
b11011001 0
b11011001 7
b11011001 ;
b0 8
b0 <
b0 C
b11011 ?
b11001 >
b10001 B
b10000 E
b11000 6
b11000 F
b11000 G
b10111 5
b10111 @
b10111 L
b10010 K
1%
#22120000
0'
#22122000
b1101 4
b1101 :
b1101 R
1S
b10000 N
0P
b10001 M
b11110 Q
b11101 T
b10011 2
b10011 J
b10011 U
b11000 H
b110 W
b11100110 +
b11100110 3
b11100110 9
b11100110 V
1'
0%
#22124000
0'
#22125000
b11011010 #
b11011010 )
b11011010 -
b11011010 0
b11011010 7
b11011010 ;
b1 8
b1 <
b1 C
b11010 ?
b11011 >
b10010 5
b10010 @
b10010 L
b10011 K
b10010 B
b10001 E
b11001 6
b11001 F
b11001 G
1%
#22126000
b1110 4
b1110 :
b1110 R
1S
b0 N
0P
b10000 M
b111 W
b11100111 +
b11100111 3
b11100111 9
b11100111 V
b11000 1
b11000 I
b11000 O
b11001 H
b11111 Q
b11110 T
b10001 2
b10001 J
b10001 U
1.
1'
#22128000
0'
0%
#22130000
b1111 4
b1111 :
b1111 R
b1 N
b0 M
1S
b0 Q
b11111 T
b10000 2
b10000 J
b10000 U
b11001 1
b11001 I
b11001 O
b1000 W
b11101000 +
b11101000 3
b11101000 9
b11101000 V
1'
#22131000
b11011011 #
b11011011 )
b11011011 -
b11011011 0
b11011011 7
b11011011 ;
b10 8
b10 <
b10 C
b11110 ?
b11010 >
b10011 B
b10010 E
b11011 6
b11011 F
b11011 G
b10011 5
b10011 @
b10011 L
b10000 K
1%
#22132000
0'
#22134000
b0 4
b0 :
b0 R
0S
b11 N
1P
b1 M
b1001 W
b11101001 +
b11101001 3
b11101001 9
b11101001 V
b11011 H
b1 Q
b0 T
b0 2
b0 J
b0 U
1'
0%
#22136000
0'
#22137000
b11011100 #
b11011100 )
b11011100 -
b11011100 0
b11011100 7
b11011100 ;
b11 8
b11 <
b11 C
b11111 ?
b11110 >
b10000 5
b10000 @
b10000 L
b0 K
b10100 B
b10011 E
b11010 6
b11010 F
b11010 G
1%
#22138000
b1 4
b1 :
b1 R
b11 N
b1 M
0P
1S
1!
0.
b1 Q
b1 T
b1 2
b1 J
b1 U
b11011 1
b11011 I
b11011 O
b11010 H
b1010 W
b11101010 +
b11101010 3
b11101010 9
b11101010 V
1'
#22140000
0'
0%
#22142000
0S
0*
b11010 1
b11010 I
b11010 O
0!
1.
1'
#22143000
b11011101 #
b11011101 )
b11011101 -
b11011101 0
b11011101 7
b11011101 ;
b100 8
b100 <
b100 C
b11101 ?
b11111 >
b10101 B
b10100 E
b11110 6
b11110 F
b11110 G
b0 5
b0 @
b0 L
b1 K
1%
#22144000
0'
#22146000
1S
b10 N
0P
b11 M
b10 Q
0.
b11110 H
b1011 W
b11101011 +
b11101011 3
b11101011 9
b11101011 V
1*
1'
0%
#22148000
0'
#22149000
b11011110 #
b11011110 )
b11011110 -
b11011110 0
b11011110 7
b11011110 ;
b101 8
b101 <
b101 C
b11100 ?
b11101 >
b1 5
b1 @
b1 L
b10110 B
b10101 E
b11111 6
b11111 F
b11111 G
1%
#22150000
b10 4
b10 :
b10 R
1S
b110 N
0P
b10 M
b1100 W
b11101100 +
b11101100 3
b11101100 9
b11101100 V
b11110 1
b11110 I
b11110 O
b11111 H
b11 Q
b10 T
b11 2
b11 J
b11 U
1.
1'
#22152000
0'
0%
#22154000
b11 4
b11 :
b11 R
b111 N
b110 M
1S
b100 Q
b11 T
b10 2
b10 J
b10 U
b11111 1
b11111 I
b11111 O
b1101 W
b11101101 +
b11101101 3
b11101101 9
b11101101 V
1'
#22155000
b11011111 #
b11011111 )
b11011111 -
b11011111 0
b11011111 7
b11011111 ;
b110 8
b110 <
b110 C
b10100 ?
b11100 >
b10111 B
b10110 E
b11101 6
b11101 F
b11101 G
b10 K
1%
#22156000
0'
#22158000
b100 4
b100 :
b100 R
0S
b101 N
1P
b111 M
b1110 W
b11101110 +
b11101110 3
b11101110 9
b11101110 V
b11101 H
b101 Q
b100 T
b110 2
b110 J
b110 U
1'
0%
#22160000
0'
#22161000
b11100000 #
b11100000 )
b11100000 -
b11100000 0
b11100000 7
b11100000 ;
b111 8
b111 <
b111 C
b10101 ?
b10100 >
b10 5
b10 @
b10 L
b110 K
b11000 B
b10111 E
b11100 6
b11100 F
b11100 G
1%
#22162000
b101 4
b101 :
b101 R
b101 N
b111 M
0P
1S
1!
0.
b101 Q
b101 T
b111 2
b111 J
b111 U
b11101 1
b11101 I
b11101 O
b11100 H
b1111 W
b11101111 +
b11101111 3
b11101111 9
b11101111 V
1'
#22164000
0'
0%
#22166000
0S
0*
b11100 1
b11100 I
b11100 O
0!
1.
1'
#22167000
b11100001 #
b11100001 )
b11100001 -
b11100001 0
b11100001 7
b11100001 ;
b1000 8
b1000 <
b1000 C
b10111 ?
b10101 >
b11001 B
b11000 E
b10100 6
b10100 F
b10100 G
b110 5
b110 @
b110 L
b111 K
1%
#22168000
0'
#22170000
1S
b100 N
0P
b101 M
b110 Q
0.
b10100 H
b0 W
b11110000 +
b11110000 3
b11110000 9
b11110000 V
1*
1'
0%
#22172000
0'
#22173000
b11100010 #
b11100010 )
b11100010 -
b11100010 0
b11100010 7
b11100010 ;
b1001 8
b1001 <
b1001 C
b10110 ?
b10111 >
b111 5
b111 @
b111 L
b11010 B
b11001 E
b10101 6
b10101 F
b10101 G
1%
#22174000
b110 4
b110 :
b110 R
1S
b1100 N
0P
b100 M
b1 W
b11110001 +
b11110001 3
b11110001 9
b11110001 V
b10100 1
b10100 I
b10100 O
b10101 H
b111 Q
b110 T
b101 2
b101 J
b101 U
1.
1'
#22176000
0'
0%
#22178000
b111 4
b111 :
b111 R
b1101 N
b1100 M
1S
b1000 Q
b111 T
b100 2
b100 J
b100 U
b10101 1
b10101 I
b10101 O
b10 W
b11110010 +
b11110010 3
b11110010 9
b11110010 V
1'
#22179000
b11100011 #
b11100011 )
b11100011 -
b11100011 0
b11100011 7
b11100011 ;
b1010 8
b1010 <
b1010 C
b10010 ?
b10110 >
b11011 B
b11010 E
b10111 6
b10111 F
b10111 G
b100 K
1%
#22180000
0'
#22182000
b1000 4
b1000 :
b1000 R
0S
b1111 N
1P
b1101 M
b11 W
b11110011 +
b11110011 3
b11110011 9
b11110011 V
b10111 H
b1001 Q
b1000 T
b1100 2
b1100 J
b1100 U
1'
0%
#22184000
0'
#22185000
b11100100 #
b11100100 )
b11100100 -
b11100100 0
b11100100 7
b11100100 ;
b1011 8
b1011 <
b1011 C
b10011 ?
b10010 >
b100 5
b100 @
b100 L
b1100 K
b11100 B
b11011 E
b10110 6
b10110 F
b10110 G
1%
#22186000
b1001 4
b1001 :
b1001 R
b1111 N
b1101 M
0P
1S
1!
0.
b1001 Q
b1001 T
b1101 2
b1101 J
b1101 U
b10111 1
b10111 I
b10111 O
b10110 H
b100 W
b11110100 +
b11110100 3
b11110100 9
b11110100 V
1'
#22188000
0'
0%
#22190000
0S
0*
b10110 1
b10110 I
b10110 O
0!
1.
1'
#22191000
b11100101 #
b11100101 )
b11100101 -
b11100101 0
b11100101 7
b11100101 ;
b1100 8
b1100 <
b1100 C
b10001 ?
b10011 >
b11101 B
b11100 E
b10010 6
b10010 F
b10010 G
b1100 5
b1100 @
b1100 L
b1101 K
1%
#22192000
0'
#22194000
1S
b1110 N
0P
b1111 M
b1010 Q
0.
b10010 H
b101 W
b11110101 +
b11110101 3
b11110101 9
b11110101 V
1*
1'
0%
#22196000
0'
#22197000
b11100110 #
b11100110 )
b11100110 -
b11100110 0
b11100110 7
b11100110 ;
b1101 8
b1101 <
b1101 C
b10000 ?
b10001 >
b1101 5
b1101 @
b1101 L
b11110 B
b11101 E
b10011 6
b10011 F
b10011 G
1%
#22198000
b1010 4
b1010 :
b1010 R
1S
b1010 N
0P
b1110 M
b110 W
b11110110 +
b11110110 3
b11110110 9
b11110110 V
b10010 1
b10010 I
b10010 O
b10011 H
b1011 Q
b1010 T
b1111 2
b1111 J
b1111 U
1.
1'
#22200000
0'
0%
#22202000
b1011 4
b1011 :
b1011 R
b1011 N
b1010 M
1S
b1100 Q
b1011 T
b1110 2
b1110 J
b1110 U
b10011 1
b10011 I
b10011 O
b111 W
b11110111 +
b11110111 3
b11110111 9
b11110111 V
1'
#22203000
b11100111 #
b11100111 )
b11100111 -
b11100111 0
b11100111 7
b11100111 ;
b1110 8
b1110 <
b1110 C
b0 ?
b10000 >
b11111 B
b11110 E
b10001 6
b10001 F
b10001 G
b1110 K
1%
#22204000
0'
#22206000
b1100 4
b1100 :
b1100 R
0S
b1001 N
1P
b1011 M
b1000 W
b11111000 +
b11111000 3
b11111000 9
b11111000 V
b10001 H
b1101 Q
b1100 T
b1010 2
b1010 J
b1010 U
1'
0%
#22208000
0'
#22209000
b11101000 #
b11101000 )
b11101000 -
b11101000 0
b11101000 7
b11101000 ;
b1111 8
b1111 <
b1111 C
b1 ?
b0 >
b1110 5
b1110 @
b1110 L
b1010 K
b0 B
b11111 E
b10000 6
b10000 F
b10000 G
1%
#22210000
b1101 4
b1101 :
b1101 R
b1001 N
b1011 M
0P
1S
1!
0.
b1101 Q
b1101 T
b1011 2
b1011 J
b1011 U
b10001 1
b10001 I
b10001 O
b10000 H
b1001 W
b11111001 +
b11111001 3
b11111001 9
b11111001 V
1'
#22212000
0'
0%
#22214000
0S
0*
b10000 1
b10000 I
b10000 O
0!
1.
1'
#22215000
b11101001 #
b11101001 )
b11101001 -
b11101001 0
b11101001 7
b11101001 ;
b0 8
b0 <
b0 C
b11 ?
b1 >
b1 B
b0 E
b0 6
b0 F
b0 G
b1010 5
b1010 @
b1010 L
b1011 K
1%
#22216000
0'
#22218000
1S
b1000 N
0P
b1001 M
b1110 Q
0.
b0 H
b1010 W
b11111010 +
b11111010 3
b11111010 9
b11111010 V
1*
1'
0%
#22220000
0'
0$
#22221000
b11101011 #
b11101011 )
b11101011 -
b11101011 0
b11101011 7
b11101011 ;
b1 8
b1 <
b1 C
b10 ?
b11 >
b1011 5
b1011 @
b1011 L
b10 B
b1 E
b1 6
b1 F
b1 G
1%
#22222000
b1110 4
b1110 :
b1110 R
0S
b1000 N
0P
b1001 M
0*
b0 1
b0 I
b0 O
b1 H
b1110 Q
b1110 T
b1001 2
b1001 J
b1001 U
1.
1'
#22224000
0'
0%
#22226000
0.
b1 1
b1 I
b1 O
1'
#22227000
b11101100 #
b11101100 )
b11101100 -
b11101100 0
b11101100 7
b11101100 ;
b10 8
b10 <
b10 C
b110 ?
b10 >
b11 B
b10 E
b11 6
b11 F
b11 G
b1001 K
1%
#22228000
0'
#22230000
b11 H
1'
0%
#22232000
0'
#22233000
b11101101 #
b11101101 )
b11101101 -
b11101101 0
b11101101 7
b11101101 ;
b11 8
b11 <
b11 C
b111 ?
b110 >
b1001 5
b1001 @
b1001 L
b100 B
b11 E
b10 6
b10 F
b10 G
1%
#22234000
b11 1
b11 I
b11 O
b10 H
1'
#22236000
0'
0%
#22238000
b10 1
b10 I
b10 O
1'
#22239000
b11101110 #
b11101110 )
b11101110 -
b11101110 0
b11101110 7
b11101110 ;
b100 8
b100 <
b100 C
b101 ?
b111 >
b101 B
b100 E
b110 6
b110 F
b110 G
1%
#22240000
0'
#22242000
b110 H
1'
0%
#22244000
0'
#22245000
b11110000 #
b11110000 )
b11110000 -
b11110000 0
b11110000 7
b11110000 ;
b101 8
b101 <
b101 C
b100 ?
b101 >
b110 B
b101 E
b111 6
b111 F
b111 G
1%
#22246000
b110 1
b110 I
b110 O
b111 H
1'
#22248000
0'
0%
#22250000
b111 1
b111 I
b111 O
1'
#22251000
b11110001 #
b11110001 )
b11110001 -
b11110001 0
b11110001 7
b11110001 ;
b110 8
b110 <
b110 C
b1100 ?
b100 >
b111 B
b110 E
b101 6
b101 F
b101 G
1%
#22252000
0'
#22254000
b101 H
1'
0%
#22256000
0'
#22257000
b11110010 #
b11110010 )
b11110010 -
b11110010 0
b11110010 7
b11110010 ;
b111 8
b111 <
b111 C
b1101 ?
b1100 >
b1000 B
b111 E
b100 6
b100 F
b100 G
1%
#22258000
b101 1
b101 I
b101 O
b100 H
1'
#22260000
0'
0%
#22262000
b100 1
b100 I
b100 O
1'
#22263000
b11110011 #
b11110011 )
b11110011 -
b11110011 0
b11110011 7
b11110011 ;
b1000 8
b1000 <
b1000 C
b1111 ?
b1101 >
b1001 B
b1000 E
b1100 6
b1100 F
b1100 G
1%
#22264000
0'
#22266000
b1100 H
1'
0%
#22268000
0'
#22269000
b11110101 #
b11110101 )
b11110101 -
b11110101 0
b11110101 7
b11110101 ;
b1001 8
b1001 <
b1001 C
b1110 ?
b1111 >
b1010 B
b1001 E
b1101 6
b1101 F
b1101 G
1%
#22270000
b1100 1
b1100 I
b1100 O
b1101 H
1'
#22272000
0'
0%
#22274000
b1101 1
b1101 I
b1101 O
1'
#22275000
b11110110 #
b11110110 )
b11110110 -
b11110110 0
b11110110 7
b11110110 ;
b1010 8
b1010 <
b1010 C
0D
b1010 ?
b1110 >
b1011 B
b1010 E
b1111 6
b1111 F
b1111 G
1%
#22276000
0'
#22278000
b1111 H
1'
0%
#22280000
0'
#22281000
b11110111 #
b11110111 )
b11110111 -
b11110111 0
b11110111 7
b11110111 ;
b1011 8
b1011 <
b1011 C
b1011 ?
0A
b1010 >
b1100 B
b1011 E
b1110 6
b1110 F
b1110 G
1%
#22282000
b1111 1
b1111 I
b1111 O
b1110 H
1'
#22284000
0'
0%
#22286000
b1110 1
b1110 I
b1110 O
1'
#22287000
1D
b11111000 #
b11111000 )
b11111000 -
b11111000 0
b11111000 7
b11111000 ;
b1100 8
b1100 <
b1100 C
b1001 ?
b1011 >
b1101 B
b1100 E
b1010 6
b1010 F
b1010 G
1%
#22288000
0'
#22290000
b1010 H
1'
0%
#22292000
0'
#22293000
1A
b11111010 #
b11111010 )
b11111010 -
b11111010 0
b11111010 7
b11111010 ;
b1101 8
b1101 <
b1101 C
0D
b1000 ?
b1001 >
b1110 B
b1101 E
b1011 6
b1011 F
b1011 G
1/
1%
#22294000
b1010 1
b1010 I
b1010 O
b1011 H
1'
#22296000
0'
0%
#22298000
b1011 1
b1011 I
b1011 O
1'
#22299000
b11100111 #
b11100111 )
b11100111 -
b11100111 0
b11100111 7
b11100111 ;
b1110 8
b1110 <
b1110 C
b1000 ?
1A
b1001 >
1"
0/
b1110 B
b1110 E
b1001 6
b1001 F
b1001 G
1%
#22300000
0'
#22302000
b1001 H
1'
0%
#22304000
0'
#22305000
0,
1%
#22306000
b1001 1
b1001 I
b1001 O
1'
#22308000
0'
0%
#22310000
1'
#22311000
1%
#22312000
0'
#22314000
1'
0%
#22316000
0'
#22317000
1%
#22318000
1'
#22320000
0'
0%
#22322000
1'
#22323000
1%
#22324000
0'
#22326000
1'
0%
#22328000
0'
#22329000
1%
#22330000
1'
#22332000
0'
0%
#22334000
1'
#22335000
1%
#22336000
0'
#22338000
1'
0%
#22340000
0'
#22341000
1%
#22342000
1'
#22344000
0'
0%
#22346000
1'
#22347000
1%
#22348000
0'
#22350000
1'
0%
#22352000
0'
#22353000
1%
#22354000
1'
#22356000
0'
0%
#22358000
1'
#22359000
1%
#22360000
0'
#22362000
1'
0%
#22364000
0'
#22365000
1%
#22366000
1'
#22368000
0'
0%
#22370000
1'
#22371000
1%
#22372000
0'
#22374000
1'
0%
#22376000
0'
#22377000
1%
#22378000
1'
#22380000
0'
0%
#22382000
1'
#22383000
1%
#22384000
0'
#22386000
1'
0%
#22388000
0'
#22389000
1%
#22390000
1'
#22392000
0'
0%
#22394000
1'
#22395000
1%
#22396000
0'
#22398000
1'
0%
#22400000
0'
#22401000
1%
#22402000
1'
#22404000
0'
0%
#22406000
1'
#22407000
1%
#22408000
0'
#22410000
1'
0%
#22412000
0'
#22413000
1%
#22414000
1'
#22416000
0'
0%
#22418000
1'
#22419000
1%
#22420000
0'
#22422000
1'
0%
#22424000
0'
#22425000
1%
#22426000
1'
#22428000
0'
0%
#22430000
1'
#22431000
1%
#22432000
0'
#22434000
1'
0%
#22436000
0'
#22437000
1%
#22438000
1'
#22440000
0'
0%
#22442000
1'
#22443000
1%
#22444000
0'
#22446000
1'
0%
#22448000
0'
#22449000
1%
#22450000
1'
#22452000
0'
0%
#22454000
1'
#22455000
1%
#22456000
0'
#22458000
1'
0%
#22460000
0'
#22461000
1%
#22462000
1'
#22464000
0'
0%
#22466000
1'
#22467000
1%
#22468000
0'
#22470000
1'
0%
#22472000
0'
#22473000
1%
#22474000
1'
#22476000
0'
0%
#22478000
1'
#22479000
1%
#22480000
0'
#22482000
1'
0%
#22484000
0'
#22485000
1%
#22486000
1'
#22488000
0'
0%
#22490000
1'
#22491000
1%
#22492000
0'
#22494000
1'
0%
#22496000
0'
#22497000
1%
#22498000
1'
#22500000
0'
0%
#22502000
1'
#22503000
1%
#22504000
0'
#22506000
1'
0%
#22508000
0'
#22509000
1%
#22510000
1'
#22512000
0'
0%
#22514000
1'
#22515000
1%
#22516000
0'
#22518000
1'
0%
#22520000
0'
#22521000
1%
#22522000
1'
#22524000
0'
0%
#22526000
1'
#22527000
1%
#22528000
0'
#22530000
1'
0%
#22532000
0'
#22533000
1%
#22534000
1'
#22536000
0'
0%
#22538000
1'
#22539000
1%
#22540000
0'
#22542000
1'
0%
#22544000
0'
#22545000
1%
#22546000
1'
#22548000
0'
0%
#22550000
1'
#22551000
1%
#22552000
0'
#22554000
1'
0%
#22556000
0'
#22557000
1%
#22558000
1'
#22560000
0'
0%
#22562000
1'
#22563000
1%
#22564000
0'
#22566000
1'
0%
#22568000
0'
#22569000
1%
#22570000
1'
#22572000
0'
0%
#22574000
1'
#22575000
1%
#22576000
0'
#22578000
1'
0%
#22580000
0'
#22581000
1%
#22582000
1'
#22584000
0'
0%
#22586000
1'
#22587000
1%
#22588000
0'
#22590000
1'
0%
#22592000
0'
#22593000
1%
#22594000
1'
#22596000
0'
0%
#22598000
1'
#22599000
1%
#22600000
0'
#22602000
1'
0%
#22604000
0'
#22605000
1%
#22606000
1'
#22608000
0'
0%
#22610000
1'
#22611000
1%
#22612000
0'
#22614000
1'
0%
#22616000
0'
#22617000
1%
#22618000
1'
#22620000
0'
0%
#22622000
1'
#22623000
1%
#22624000
0'
#22626000
1'
0%
#22628000
0'
#22629000
1%
#22630000
1'
#22632000
0'
0%
#22634000
1'
#22635000
1%
#22636000
0'
#22638000
1'
0%
#22640000
0'
#22641000
1%
#22642000
1'
#22644000
0'
0%
#22646000
1'
#22647000
1%
#22648000
0'
#22650000
1'
0%
#22652000
0'
#22653000
1%
#22654000
1'
#22656000
0'
0%
#22658000
1'
#22659000
1%
#22660000
0'
#22662000
1'
0%
#22664000
0'
#22665000
1%
#22666000
1'
#22668000
0'
0%
#22670000
1'
#22671000
1%
#22672000
0'
#22674000
1'
0%
#22676000
0'
#22677000
1%
#22678000
1'
#22680000
0'
0%
#22682000
1'
#22683000
1%
#22684000
0'
#22686000
1'
0%
#22688000
0'
#22689000
1%
#22690000
1'
#22692000
0'
0%
#22694000
1'
#22695000
1%
#22696000
0'
#22698000
1'
0%
#22700000
0'
#22701000
1%
#22702000
1'
#22704000
0'
0%
#22706000
1'
#22707000
1%
#22708000
0'
#22710000
1'
0%
#22712000
0'
#22713000
1%
#22714000
1'
#22716000
0'
0%
#22718000
1'
#22719000
1%
#22720000
0'
#22722000
1'
0%
#22724000
0'
#22725000
1%
#22726000
1'
#22728000
0'
0%
#22730000
1'
#22731000
1%
#22732000
0'
#22734000
1'
0%
#22736000
0'
#22737000
1%
#22738000
1'
#22740000
0'
0%
#22742000
1'
#22743000
1%
#22744000
0'
#22746000
1'
0%
#22748000
0'
#22749000
1%
#22750000
1'
#22752000
0'
0%
#22754000
1'
#22755000
1%
#22756000
0'
#22758000
1'
0%
#22760000
0'
#22761000
1%
#22762000
1'
#22764000
0'
0%
#22766000
1'
#22767000
1%
#22768000
0'
#22770000
1'
0%
#22772000
0'
#22773000
1%
#22774000
1'
#22776000
0'
0%
#22778000
1'
#22779000
1%
#22780000
0'
#22782000
1'
0%
#22784000
0'
#22785000
1%
#22786000
1'
#22788000
0'
0%
#22790000
1'
#22791000
1%
#22792000
0'
#22794000
1'
0%
#22796000
0'
#22797000
1%
#22798000
1'
#22800000
0'
0%
#22802000
1'
#22803000
1%
#22804000
0'
#22806000
1'
0%
#22808000
0'
#22809000
1%
#22810000
1'
#22812000
0'
0%
#22814000
1'
#22815000
1%
#22816000
0'
#22818000
1'
0%
#22820000
0'
#22821000
1%
#22822000
1'
#22824000
0'
0%
#22826000
1'
#22827000
1%
#22828000
0'
#22830000
1'
0%
#22832000
0'
#22833000
1%
#22834000
1'
#22836000
0'
0%
#22838000
1'
#22839000
1%
#22840000
0'
#22842000
1'
0%
#22844000
0'
#22845000
1%
#22846000
1'
#22848000
0'
0%
#22850000
1'
#22851000
1%
#22852000
0'
#22854000
1'
0%
#22856000
0'
#22857000
1%
#22858000
1'
#22860000
0'
0%
#22862000
1'
#22863000
1%
#22864000
0'
#22866000
1'
0%
#22868000
0'
#22869000
1%
#22870000
1'
#22872000
0'
0%
#22874000
1'
#22875000
1%
#22876000
0'
#22878000
1'
0%
#22880000
0'
#22881000
1%
#22882000
1'
#22884000
0'
0%
#22886000
1'
#22887000
1%
#22888000
0'
#22890000
1'
0%
#22892000
0'
#22893000
1%
#22894000
1'
#22896000
0'
0%
#22898000
1'
#22899000
1%
#22900000
0'
#22902000
1'
0%
#22904000
0'
#22905000
1%
#22906000
1'
#22908000
0'
0%
#22910000
1'
#22911000
1%
#22912000
0'
#22914000
1'
0%
#22916000
0'
#22917000
1%
#22918000
1'
#22920000
0'
0%
#22922000
1'
#22923000
1%
#22924000
0'
#22926000
1'
0%
#22928000
0'
#22929000
1%
#22930000
1'
#22932000
0'
0%
#22934000
1'
#22935000
1%
#22936000
0'
#22938000
1'
0%
#22940000
0'
#22941000
1%
#22942000
1'
#22944000
0'
0%
#22946000
1'
#22947000
1%
#22948000
0'
#22950000
1'
0%
#22952000
0'
#22953000
1%
#22954000
1'
#22956000
0'
0%
#22958000
1'
#22959000
1%
#22960000
0'
#22962000
1'
0%
#22964000
0'
#22965000
1%
#22966000
1'
#22968000
0'
0%
#22970000
1'
#22971000
1%
#22972000
0'
#22974000
1'
0%
#22976000
0'
#22977000
1%
#22978000
1'
#22980000
0'
0%
#22982000
1'
#22983000
1%
#22984000
0'
#22986000
1'
0%
#22988000
0'
#22989000
1%
#22990000
1'
#22992000
0'
0%
#22994000
1'
#22995000
1%
#22996000
0'
#22998000
1'
0%
#23000000
0'
#23001000
1%
#23002000
1'
#23004000
0'
0%
#23006000
1'
#23007000
1%
#23008000
0'
#23010000
1'
0%
#23012000
0'
#23013000
1%
#23014000
1'
#23016000
0'
0%
#23018000
1'
#23019000
1%
#23020000
0'
#23022000
1'
0%
#23024000
0'
#23025000
1%
#23026000
1'
#23028000
0'
0%
#23030000
1'
#23031000
1%
#23032000
0'
#23034000
1'
0%
#23036000
0'
#23037000
1%
#23038000
1'
#23040000
0'
0%
#23042000
1'
#23043000
1%
#23044000
0'
#23046000
1'
0%
#23048000
0'
#23049000
1%
#23050000
1'
#23052000
0'
0%
#23054000
1'
#23055000
1%
#23056000
0'
#23058000
1'
0%
#23060000
0'
#23061000
1%
#23062000
1'
#23064000
0'
0%
#23066000
1'
#23067000
1%
#23068000
0'
#23070000
1'
0%
#23072000
0'
#23073000
1%
#23074000
1'
#23076000
0'
0%
#23078000
1'
#23079000
1%
#23080000
0'
#23082000
1'
0%
#23084000
0'
#23085000
1%
#23086000
1'
#23088000
0'
0%
#23090000
1'
#23091000
1%
#23092000
0'
#23094000
1'
0%
#23096000
0'
#23097000
1%
#23098000
1'
#23100000
0'
0%
#23102000
1'
#23103000
1%
#23104000
0'
#23106000
1'
0%
#23108000
0'
#23109000
1%
#23110000
1'
#23112000
0'
0%
#23114000
1'
#23115000
1%
#23116000
0'
#23118000
1'
0%
#23120000
0'
#23121000
1%
#23122000
1'
#23124000
0'
0%
#23126000
1'
#23127000
1%
#23128000
0'
#23130000
1'
0%
#23132000
0'
#23133000
1%
#23134000
1'
#23136000
0'
0%
#23138000
1'
#23139000
1%
#23140000
0'
#23142000
1'
0%
#23144000
0'
#23145000
1%
#23146000
1'
#23148000
0'
0%
#23150000
1'
#23151000
1%
#23152000
0'
#23154000
1'
0%
#23156000
0'
#23157000
1%
#23158000
1'
#23160000
0'
0%
#23162000
1'
#23163000
1%
#23164000
0'
#23166000
1'
0%
#23168000
0'
#23169000
1%
#23170000
1'
#23172000
0'
0%
#23174000
1'
#23175000
1%
#23176000
0'
#23178000
1'
0%
#23180000
0'
#23181000
1%
#23182000
1'
#23184000
0'
0%
#23186000
1'
#23187000
1%
#23188000
0'
#23190000
1'
0%
#23192000
0'
#23193000
1%
#23194000
1'
#23196000
0'
0%
#23198000
1'
#23199000
1%
#23200000
0'
#23202000
1'
0%
#23204000
0'
#23205000
1%
#23206000
1'
#23208000
0'
0%
#23210000
1'
#23211000
1%
#23212000
0'
#23214000
1'
0%
#23216000
0'
#23217000
1%
#23218000
1'
#23220000
0'
0%
#23222000
1'
#23223000
1%
#23224000
0'
#23226000
1'
0%
#23228000
0'
#23229000
1%
#23230000
1'
#23232000
0'
0%
#23234000
1'
#23235000
1%
#23236000
0'
#23238000
1'
0%
#23240000
0'
#23241000
1%
#23242000
1'
#23244000
0'
0%
#23246000
1'
#23247000
1%
#23248000
0'
#23250000
1'
0%
#23252000
0'
#23253000
1%
#23254000
1'
#23256000
0'
0%
#23258000
1'
#23259000
1%
#23260000
0'
#23262000
1'
0%
#23264000
0'
#23265000
1%
#23266000
1'
#23268000
0'
0%
#23270000
1'
#23271000
1%
#23272000
0'
#23274000
1'
0%
#23276000
0'
#23277000
1%
#23278000
1'
#23280000
0'
0%
#23282000
1'
#23283000
1%
#23284000
0'
#23286000
1'
0%
#23288000
0'
#23289000
1%
#23290000
1'
#23292000
0'
0%
#23294000
1'
#23295000
1%
#23296000
0'
#23298000
1'
0%
#23300000
0'
#23301000
1%
#23302000
1'
#23304000
0'
0%
#23306000
1'
#23307000
1%
#23308000
0'
#23310000
1'
0%
#23312000
0'
#23313000
1%
#23314000
1'
#23316000
0'
0%
#23318000
1'
#23319000
1%
#23320000
0'
#23322000
1'
0%
#23324000
0'
#23325000
1%
#23326000
1'
#23328000
0'
0%
#23330000
1'
#23331000
1%
#23332000
0'
#23334000
1'
0%
#23336000
0'
#23337000
1%
#23338000
1'
#23340000
0'
0%
#23342000
1'
#23343000
1%
#23344000
0'
#23346000
1'
0%
#23348000
0'
#23349000
1%
#23350000
1'
#23352000
0'
0%
#23354000
1'
#23355000
1%
#23356000
0'
#23358000
1'
0%
#23360000
0'
#23361000
1%
#23362000
1'
#23364000
0'
0%
#23366000
1'
#23367000
1%
#23368000
0'
#23370000
1'
0%
#23372000
0'
#23373000
1%
#23374000
1'
#23376000
0'
0%
#23378000
1'
#23379000
1%
#23380000
0'
#23382000
1'
0%
#23384000
0'
#23385000
1%
#23386000
1'
#23388000
0'
0%
#23390000
1'
#23391000
1%
#23392000
0'
#23394000
1'
0%
#23396000
0'
#23397000
1%
#23398000
1'
#23400000
0'
0%
#23402000
1'
#23403000
1%
#23404000
0'
#23406000
1'
0%
#23408000
0'
#23409000
1%
#23410000
1'
#23412000
0'
0%
#23414000
1'
#23415000
1%
#23416000
0'
#23418000
1'
0%
#23420000
0'
#23421000
1%
#23422000
1'
#23424000
0'
0%
#23426000
1'
#23427000
1%
#23428000
0'
#23430000
1'
0%
#23432000
0'
#23433000
1%
#23434000
1'
#23436000
0'
0%
#23438000
1'
#23439000
1%
#23440000
0'
#23442000
1'
0%
#23444000
0'
#23445000
1%
#23446000
1'
#23448000
0'
0%
#23450000
1'
#23451000
1%
#23452000
0'
#23454000
1'
0%
#23456000
0'
#23457000
1%
#23458000
1'
#23460000
0'
0%
#23462000
1'
#23463000
1%
#23464000
0'
#23466000
1'
0%
#23468000
0'
#23469000
1%
#23470000
1'
#23472000
0'
0%
#23474000
1'
#23475000
1%
#23476000
0'
#23478000
1'
0%
#23480000
0'
#23481000
1%
#23482000
1'
#23484000
0'
0%
#23486000
1'
#23487000
1%
#23488000
0'
#23490000
1'
0%
#23492000
0'
#23493000
1%
#23494000
1'
#23496000
0'
0%
#23498000
1'
#23499000
1%
#23500000
0'
#23502000
1'
0%
#23504000
0'
#23505000
1%
#23506000
1'
#23508000
0'
0%
#23510000
1'
#23511000
1%
#23512000
0'
#23514000
1'
0%
#23516000
0'
#23517000
1%
#23518000
1'
#23520000
0'
0%
#23522000
1'
#23523000
1%
#23524000
0'
#23526000
1'
0%
#23528000
0'
#23529000
1%
#23530000
1'
#23532000
0'
0%
#23534000
1'
#23535000
1%
#23536000
0'
#23538000
1'
0%
#23540000
0'
#23541000
1%
#23542000
1'
#23544000
0'
0%
#23546000
1'
#23547000
1%
#23548000
0'
#23550000
1'
0%
#23552000
0'
#23553000
1%
#23554000
1'
#23556000
0'
0%
#23558000
1'
#23559000
1%
#23560000
0'
#23562000
1'
0%
#23564000
0'
#23565000
1%
#23566000
1'
#23568000
0'
0%
#23570000
1'
#23571000
1%
#23572000
0'
#23574000
1'
0%
#23576000
0'
#23577000
1%
#23578000
1'
#23580000
0'
0%
#23582000
1'
#23583000
1%
#23584000
0'
#23586000
1'
0%
#23588000
0'
#23589000
1%
#23590000
1'
#23592000
0'
0%
#23594000
1'
#23595000
1%
#23596000
0'
#23598000
1'
0%
#23600000
0'
#23601000
1%
#23602000
1'
#23604000
0'
0%
#23606000
1'
#23607000
1%
#23608000
0'
#23610000
1'
0%
#23612000
0'
#23613000
1%
#23614000
1'
#23616000
0'
0%
#23618000
1'
#23619000
1%
#23620000
0'
#23622000
1'
0%
#23624000
0'
#23625000
1%
#23626000
1'
#23628000
0'
0%
#23630000
1'
#23631000
1%
#23632000
0'
#23634000
1'
0%
#23636000
0'
#23637000
1%
#23638000
1'
#23640000
0'
0%
#23642000
1'
#23643000
1%
#23644000
0'
#23646000
1'
0%
#23648000
0'
#23649000
1%
#23650000
1'
#23652000
0'
0%
#23654000
1'
#23655000
1%
#23656000
0'
#23658000
1'
0%
#23660000
0'
#23661000
1%
#23662000
1'
#23664000
0'
0%
#23666000
1'
#23667000
1%
#23668000
0'
#23670000
1'
0%
#23672000
0'
#23673000
1%
#23674000
1'
#23676000
0'
0%
#23678000
1'
#23679000
1%
#23680000
0'
#23682000
1'
0%
#23684000
0'
#23685000
1%
#23686000
1'
#23688000
0'
0%
#23690000
1'
#23691000
1%
#23692000
0'
#23694000
1'
0%
#23696000
0'
#23697000
1%
#23698000
1'
#23700000
0'
0%
#23702000
1'
#23703000
1%
#23704000
0'
#23706000
1'
0%
#23708000
0'
#23709000
1%
#23710000
1'
#23712000
0'
0%
#23714000
1'
#23715000
1%
#23716000
0'
#23718000
1'
0%
#23720000
0'
#23721000
1%
#23722000
1'
#23724000
0'
0%
#23726000
1'
#23727000
1%
#23728000
0'
#23730000
1'
0%
#23732000
0'
#23733000
1%
#23734000
1'
#23736000
0'
0%
#23738000
1'
#23739000
1%
#23740000
0'
#23742000
1'
0%
#23744000
0'
#23745000
1%
#23746000
1'
#23748000
0'
0%
#23750000
1'
#23751000
1%
#23752000
0'
#23754000
1'
0%
#23756000
0'
#23757000
1%
#23758000
1'
#23760000
0'
0%
#23762000
1'
#23763000
1%
#23764000
0'
#23766000
1'
0%
#23768000
0'
#23769000
1%
#23770000
1'
#23772000
0'
0%
#23774000
1'
#23775000
1%
#23776000
0'
#23778000
1'
0%
#23780000
0'
#23781000
1%
#23782000
1'
#23784000
0'
0%
#23786000
1'
#23787000
1%
#23788000
0'
#23790000
1'
0%
#23792000
0'
#23793000
1%
#23794000
1'
#23796000
0'
0%
#23798000
1'
#23799000
1%
#23800000
0'
#23802000
1'
0%
#23804000
0'
#23805000
1%
#23806000
1'
#23808000
0'
0%
#23810000
1'
#23811000
1%
#23812000
0'
#23814000
1'
0%
#23816000
0'
#23817000
1%
#23818000
1'
#23820000
0'
0%
#23822000
1'
#23823000
1%
#23824000
0'
#23826000
1'
0%
#23828000
0'
#23829000
1%
#23830000
1'
#23832000
0'
0%
#23834000
1'
#23835000
1%
#23836000
0'
#23838000
1'
0%
#23840000
0'
#23841000
1%
#23842000
1'
#23844000
0'
0%
#23846000
1'
#23847000
1%
#23848000
0'
#23850000
1'
0%
#23852000
0'
#23853000
1%
#23854000
1'
#23856000
0'
0%
#23858000
1'
#23859000
1%
#23860000
0'
#23862000
1'
0%
#23864000
0'
#23865000
1%
#23866000
1'
#23868000
0'
0%
#23870000
1'
#23871000
1%
#23872000
0'
#23874000
1'
0%
#23876000
0'
#23877000
1%
#23878000
1'
#23880000
0'
0%
#23882000
1'
#23883000
1%
#23884000
0'
#23886000
1'
0%
#23888000
0'
#23889000
1%
#23890000
1'
#23892000
0'
0%
#23894000
1'
#23895000
1%
#23896000
0'
#23898000
1'
0%
#23900000
0'
#23901000
1%
#23902000
1'
#23904000
0'
0%
#23906000
1'
#23907000
1%
#23908000
0'
#23910000
1'
0%
#23912000
0'
#23913000
1%
#23914000
1'
#23916000
0'
0%
#23918000
1'
#23919000
1%
#23920000
0'
#23922000
1'
0%
#23924000
0'
#23925000
1%
#23926000
1'
#23928000
0'
0%
#23930000
1'
#23931000
1%
#23932000
0'
#23934000
1'
0%
#23936000
0'
#23937000
1%
#23938000
1'
#23940000
0'
0%
#23942000
1'
#23943000
1%
#23944000
0'
#23946000
1'
0%
#23948000
0'
#23949000
1%
#23950000
1'
#23952000
0'
0%
#23954000
1'
#23955000
1%
#23956000
0'
#23958000
1'
0%
#23960000
0'
#23961000
1%
#23962000
1'
#23964000
0'
0%
#23966000
1'
#23967000
1%
#23968000
0'
#23970000
1'
0%
#23972000
0'
#23973000
1%
#23974000
1'
#23976000
0'
0%
#23978000
1'
#23979000
1%
#23980000
0'
#23982000
1'
0%
#23984000
0'
#23985000
1%
#23986000
1'
#23988000
0'
0%
#23990000
1'
#23991000
1%
#23992000
0'
#23994000
1'
0%
#23996000
0'
#23997000
1%
#23998000
1'
#24000000
0'
0%
#24002000
1'
#24003000
1%
#24004000
0'
#24006000
1'
0%
#24008000
0'
#24009000
1%
#24010000
1'
#24012000
0'
0%
#24014000
1'
#24015000
1%
#24016000
0'
#24018000
1'
0%
#24020000
0'
#24021000
1%
#24022000
1'
#24024000
0'
0%
#24026000
1'
#24027000
1%
#24028000
0'
#24030000
1'
0%
#24032000
0'
#24033000
1%
#24034000
1'
#24036000
0'
0%
#24038000
1'
#24039000
1%
#24040000
0'
#24042000
1'
0%
#24044000
0'
#24045000
1%
#24046000
1'
#24048000
0'
0%
#24050000
1'
#24051000
1%
#24052000
0'
#24054000
1'
0%
#24056000
0'
#24057000
1%
#24058000
1'
#24060000
0'
0%
#24062000
1'
#24063000
1%
#24064000
0'
#24066000
1'
0%
#24068000
0'
#24069000
1%
#24070000
1'
#24072000
0'
0%
#24074000
1'
#24075000
1%
#24076000
0'
#24078000
1'
0%
#24080000
0'
#24081000
1%
#24082000
1'
#24084000
0'
0%
#24086000
1'
#24087000
1%
#24088000
0'
#24090000
1'
0%
#24092000
0'
#24093000
1%
#24094000
1'
#24096000
0'
0%
#24098000
1'
#24099000
1%
#24100000
0'
#24102000
1'
0%
#24104000
0'
#24105000
1%
#24106000
1'
#24108000
0'
0%
#24110000
1'
#24111000
1%
#24112000
0'
#24114000
1'
0%
#24116000
0'
#24117000
1%
#24118000
1'
#24120000
0'
0%
#24122000
1'
#24123000
1%
#24124000
0'
#24126000
1'
0%
#24128000
0'
#24129000
1%
#24130000
1'
#24132000
0'
0%
#24134000
1'
#24135000
1%
#24136000
0'
#24138000
1'
0%
#24140000
0'
#24141000
1%
#24142000
1'
#24144000
0'
0%
#24146000
1'
#24147000
1%
#24148000
0'
#24150000
1'
0%
#24152000
0'
#24153000
1%
#24154000
1'
#24156000
0'
0%
#24158000
1'
#24159000
1%
#24160000
0'
#24162000
1'
0%
#24164000
0'
#24165000
1%
#24166000
1'
#24168000
0'
0%
#24170000
1'
#24171000
1%
#24172000
0'
#24174000
1'
0%
#24176000
0'
#24177000
1%
#24178000
1'
#24180000
0'
0%
#24182000
1'
#24183000
1%
#24184000
0'
#24186000
1'
0%
#24188000
0'
#24189000
1%
#24190000
1'
#24192000
0'
0%
#24194000
1'
#24195000
1%
#24196000
0'
#24198000
1'
0%
#24200000
0'
#24201000
1%
#24202000
1'
#24204000
0'
0%
#24206000
1'
#24207000
1%
#24208000
0'
#24210000
1'
0%
#24212000
0'
#24213000
1%
#24214000
1'
#24216000
0'
0%
#24218000
1'
#24219000
1%
#24220000
0'
1$
#24222000
b11000 N
b1000 M
b1111 Q
b1011 W
b11111011 +
b11111011 3
b11111011 9
b11111011 V
1*
1'
0%
#24224000
0'
#24225000
1%
#24226000
b1111 4
b1111 :
b1111 R
b11001 N
b11000 M
b11111011 #
b11111011 )
b11111011 -
b11111011 0
b11111011 7
b11111011 ;
b10000 Q
b1111 T
b1000 2
b1000 J
b1000 U
b1100 W
b11111100 +
b11111100 3
b11111100 9
b11111100 V
1'
#24228000
0'
0%
#24230000
b0 4
b0 :
b0 R
b11011 N
b11001 M
b1101 W
b11111101 +
b11111101 3
b11111101 9
b11111101 V
b10001 Q
b10000 T
b11000 2
b11000 J
b11000 U
1'
#24231000
b11000 K
1%
#24232000
0'
#24234000
b1 4
b1 :
b1 R
b11010 N
b11011 M
b10010 Q
b10001 T
b11001 2
b11001 J
b11001 U
b1110 W
b11111110 +
b11111110 3
b11111110 9
b11111110 V
1'
0%
#24236000
0'
#24237000
0A
b11000 5
b11000 @
b11000 L
b11001 K
1%
#24238000
b10 4
b10 :
b10 R
b11110 N
b11010 M
b1111 W
b11111111 +
b11111111 3
b11111111 9
b11111111 V
b10011 Q
b10010 T
b11011 2
b11011 J
b11011 U
1'
#24240000
0'
0%
#24242000
b11 4
b11 :
b11 R
b11111 N
b11110 M
b10100 Q
b10011 T
b11010 2
b11010 J
b11010 U
b0 W
b0 +
b0 3
b0 9
b0 V
1'
#24243000
0"
b11001 5
b11001 @
b11001 L
b11010 K
1%
#24244000
0'
#24246000
b100 4
b100 :
b100 R
b11101 N
b11111 M
b1 W
b1 +
b1 3
b1 9
b1 V
b10101 Q
b10100 T
b11110 2
b11110 J
b11110 U
1'
0%
#24248000
0'
#24249000
b11000 ?
b1000 >
b1111 B
b11010 5
b11010 @
b11010 L
b11110 K
1,
1%
#24250000
b101 4
b101 :
b101 R
b11100 N
b11101 M
b10110 Q
b10101 T
b11111 2
b11111 J
b11111 U
b10 W
b10 +
b10 3
b10 9
b10 V
1'
#24252000
0'
0%
#24254000
b110 4
b110 :
b110 R
b10100 N
b11100 M
b11 W
b11 +
b11 3
b11 9
b11 V
b10111 Q
b10110 T
b11101 2
b11101 J
b11101 U
1'
#24255000
b11111100 #
b11111100 )
b11111100 -
b11111100 0
b11111100 7
b11111100 ;
b1111 8
b1111 <
b1111 C
b11001 ?
b11000 >
b10000 B
b1111 E
b1000 6
b1000 F
b1000 G
b11110 5
b11110 @
b11110 L
b11101 K
1%
#24256000
0'
#24258000
b111 4
b111 :
b111 R
b10101 N
b10100 M
b11000 Q
b10111 T
b11100 2
b11100 J
b11100 U
b1000 H
b100 W
b100 +
b100 3
b100 9
b100 V
1'
0%
#24260000
0'
#24261000
b11111101 #
b11111101 )
b11111101 -
b11111101 0
b11111101 7
b11111101 ;
b0 8
b0 <
b0 C
b11011 ?
b11001 >
b11101 5
b11101 @
b11101 L
b11100 K
b10001 B
b10000 E
b11000 6
b11000 F
b11000 G
1%
#24262000
b1000 4
b1000 :
b1000 R
b10111 N
b10101 M
b101 W
b101 +
b101 3
b101 9
b101 V
b1000 1
b1000 I
b1000 O
b11000 H
b11001 Q
b11000 T
b10100 2
b10100 J
b10100 U
1'
#24264000
0'
0%
#24266000
b1001 4
b1001 :
b1001 R
b10110 N
b10111 M
b11010 Q
b11001 T
b10101 2
b10101 J
b10101 U
b11000 1
b11000 I
b11000 O
b110 W
b110 +
b110 3
b110 9
b110 V
1'
#24267000
b11111110 #
b11111110 )
b11111110 -
b11111110 0
b11111110 7
b11111110 ;
b1 8
b1 <
b1 C
b11010 ?
b11011 >
b10010 B
b10001 E
b11001 6
b11001 F
b11001 G
b11100 5
b11100 @
b11100 L
b10101 K
1%
#24268000
0'
#24270000
b1010 4
b1010 :
b1010 R
b10010 N
b10110 M
b111 W
b111 +
b111 3
b111 9
b111 V
b11001 H
b11011 Q
b11010 T
b10111 2
b10111 J
b10111 U
1'
0%
#24272000
0'
#24273000
b11111111 #
b11111111 )
b11111111 -
b11111111 0
b11111111 7
b11111111 ;
b10 8
b10 <
b10 C
b11110 ?
b11010 >
b10101 5
b10101 @
b10101 L
b10111 K
b10011 B
b10010 E
b11011 6
b11011 F
b11011 G
1%
#24274000
b1011 4
b1011 :
b1011 R
b10011 N
b10010 M
b11100 Q
b11011 T
b10110 2
b10110 J
b10110 U
b11001 1
b11001 I
b11001 O
b11011 H
b1000 W
b1000 +
b1000 3
b1000 9
b1000 V
1'
#24276000
0'
0%
#24278000
b1100 4
b1100 :
b1100 R
b10001 N
b10011 M
b1001 W
b1001 +
b1001 3
b1001 9
b1001 V
b11011 1
b11011 I
b11011 O
b11101 Q
b11100 T
b10010 2
b10010 J
b10010 U
1'
#24279000
b0 #
b0 )
b0 -
b0 0
b0 7
b0 ;
b11 8
b11 <
b11 C
b11111 ?
b11110 >
b10100 B
b10011 E
b11010 6
b11010 F
b11010 G
b10111 5
b10111 @
b10111 L
b10010 K
1%
#24280000
0'
#24282000
b1101 4
b1101 :
b1101 R
b10000 N
b10001 M
b11110 Q
b11101 T
b10011 2
b10011 J
b10011 U
b11010 H
b1010 W
b1010 +
b1010 3
b1010 9
b1010 V
1'
0%
#24284000
0'
#24285000
b1 #
b1 )
b1 -
b1 0
b1 7
b1 ;
b100 8
b100 <
b100 C
b11101 ?
b11111 >
b10010 5
b10010 @
b10010 L
b10011 K
b10101 B
b10100 E
b11110 6
b11110 F
b11110 G
1%
#24286000
b1110 4
b1110 :
b1110 R
b0 N
b10000 M
b1011 W
b1011 +
b1011 3
b1011 9
b1011 V
b11010 1
b11010 I
b11010 O
b11110 H
b11111 Q
b11110 T
b10001 2
b10001 J
b10001 U
1'
#24288000
0'
0%
#24290000
b1111 4
b1111 :
b1111 R
b1 N
b0 M
b0 Q
b11111 T
b10000 2
b10000 J
b10000 U
b11110 1
b11110 I
b11110 O
b1100 W
b1100 +
b1100 3
b1100 9
b1100 V
1'
#24291000
b10 #
b10 )
b10 -
b10 0
b10 7
b10 ;
b101 8
b101 <
b101 C
b11100 ?
b11101 >
b10110 B
b10101 E
b11111 6
b11111 F
b11111 G
b10011 5
b10011 @
b10011 L
b10000 K
1%
#24292000
0'
#24294000
b0 4
b0 :
b0 R
b11 N
b1 M
b1101 W
b1101 +
b1101 3
b1101 9
b1101 V
b11111 H
b1 Q
b0 T
b0 2
b0 J
b0 U
1'
0%
#24296000
0'
#24297000
b11 #
b11 )
b11 -
b11 0
b11 7
b11 ;
b110 8
b110 <
b110 C
b10100 ?
b11100 >
b10000 5
b10000 @
b10000 L
b0 K
b10111 B
b10110 E
b11101 6
b11101 F
b11101 G
1%
#24298000
b1 4
b1 :
b1 R
b10 N
b11 M
b10 Q
b1 T
b1 2
b1 J
b1 U
b11111 1
b11111 I
b11111 O
b11101 H
b1110 W
b1110 +
b1110 3
b1110 9
b1110 V
1'
#24300000
0'
0%
#24302000
0S
b10 4
b10 :
b10 R
b110 N
b10 M
b1111 W
b1111 +
b1111 3
b1111 9
b1111 V
b11101 1
b11101 I
b11101 O
b11 Q
b10 T
b11 2
b11 J
b11 U
1'
#24303000
b100 #
b100 )
b100 -
b100 0
b100 7
b100 ;
b111 8
b111 <
b111 C
b10101 ?
b10100 >
b11000 B
b10111 E
b11100 6
b11100 F
b11100 G
b0 5
b0 @
b0 L
b11 K
1%
#24304000
0'
#24306000
b11 4
b11 :
b11 R
b111 N
0P
b110 M
b100 Q
b11 T
b10 2
b10 J
b10 U
b11100 H
b0 W
b10000 +
b10000 3
b10000 9
b10000 V
1'
0%
#24308000
0'
#24309000
b101 #
b101 )
b101 -
b101 0
b101 7
b101 ;
b1000 8
b1000 <
b1000 C
b10111 ?
b10101 >
b11 5
b11 @
b11 L
b10 K
b11001 B
b11000 E
b10100 6
b10100 F
b10100 G
1%
#24310000
0S
b100 4
b100 :
b100 R
b101 N
b111 M
b1 W
b10001 +
b10001 3
b10001 9
b10001 V
b11100 1
b11100 I
b11100 O
b10100 H
b101 Q
b100 T
b110 2
b110 J
b110 U
1'
#24312000
0'
0%
#24314000
b101 4
b101 :
b101 R
0S
b100 N
0P
b101 M
b110 Q
b101 T
b111 2
b111 J
b111 U
b10100 1
b10100 I
b10100 O
b10 W
b10010 +
b10010 3
b10010 9
b10010 V
1'
#24315000
b110 #
b110 )
b110 -
b110 0
b110 7
b110 ;
b1001 8
b1001 <
b1001 C
b10110 ?
b10111 >
b11010 B
b11001 E
b10101 6
b10101 F
b10101 G
b10 5
b10 @
b10 L
b111 K
1%
#24316000
0'
#24318000
1S
b110 4
b110 :
b110 R
b1100 N
b100 M
b11 W
b10011 +
b10011 3
b10011 9
b10011 V
b10101 H
b111 Q
b110 T
b101 2
b101 J
b101 U
1'
0%
#24320000
0'
#24321000
b111 #
b111 )
b111 -
b111 0
b111 7
b111 ;
b1010 8
b1010 <
b1010 C
b10010 ?
b10110 >
b111 5
b111 @
b111 L
b101 K
b11011 B
b11010 E
b10111 6
b10111 F
b10111 G
1%
#24322000
b111 4
b111 :
b111 R
b1101 N
b1100 M
1S
1.
b1000 Q
b111 T
b100 2
b100 J
b100 U
b10101 1
b10101 I
b10101 O
b10111 H
b100 W
b10100 +
b10100 3
b10100 9
b10100 V
1'
#24324000
0'
0%
#24326000
b1000 4
b1000 :
b1000 R
1S
b1111 N
0P
b1101 M
b101 W
b10101 +
b10101 3
b10101 9
b10101 V
b10111 1
b10111 I
b10111 O
b1001 Q
b1000 T
b1100 2
b1100 J
b1100 U
1'
#24327000
b1000 #
b1000 )
b1000 -
b1000 0
b1000 7
b1000 ;
b1011 8
b1011 <
b1011 C
b10011 ?
b10010 >
b11100 B
b11011 E
b10110 6
b10110 F
b10110 G
b101 5
b101 @
b101 L
b1100 K
1%
#24328000
0'
#24330000
1P
b1001 4
b1001 :
b1001 R
0S
b1110 N
b1111 M
b1010 Q
b1001 T
b1101 2
b1101 J
b1101 U
b10110 H
b110 W
b10110 +
b10110 3
b10110 9
b10110 V
1'
0%
#24332000
0'
#24333000
b1001 #
b1001 )
b1001 -
b1001 0
b1001 7
b1001 ;
b1100 8
b1100 <
b1100 C
b10001 ?
b10011 >
b1100 5
b1100 @
b1100 L
b1101 K
b11101 B
b11100 E
b10010 6
b10010 F
b10010 G
1%
#24334000
1S
b1010 4
b1010 :
b1010 R
b1110 N
0P
b1111 M
b111 W
b10111 +
b10111 3
b10111 9
b10111 V
b10110 1
b10110 I
b10110 O
b10010 H
b1010 Q
b1010 T
b1111 2
b1111 J
b1111 U
1!
0.
1'
#24336000
0'
0%
#24338000
0S
0!
1.
b10010 1
b10010 I
b10010 O
0*
1'
#24339000
b1010 #
b1010 )
b1010 -
b1010 0
b1010 7
b1010 ;
b1101 8
b1101 <
b1101 C
b10000 ?
b10001 >
b11110 B
b11101 E
b10011 6
b10011 F
b10011 G
b1101 5
b1101 @
b1101 L
b1111 K
1%
#24340000
0'
#24342000
1S
b1010 N
b1110 M
b1011 Q
b1000 W
b11000 +
b11000 3
b11000 9
b11000 V
1*
b10011 H
0.
1'
0%
#24344000
0'
#24345000
b1011 #
b1011 )
b1011 -
b1011 0
b1011 7
b1011 ;
b1110 8
b1110 <
b1110 C
0D
b0 ?
b10000 >
b1111 5
b1111 @
b1111 L
b11111 B
b11110 E
b10001 6
b10001 F
b10001 G
1%
#24346000
b1011 4
b1011 :
b1011 R
b1011 N
b1010 M
1S
1.
b1100 Q
b1011 T
b1110 2
b1110 J
b1110 U
b10011 1
b10011 I
b10011 O
b10001 H
b1001 W
b11001 +
b11001 3
b11001 9
b11001 V
1'
#24348000
0'
0%
#24350000
b1100 4
b1100 :
b1100 R
1S
b1001 N
0P
b1011 M
b1010 W
b11010 +
b11010 3
b11010 9
b11010 V
b10001 1
b10001 I
b10001 O
b1101 Q
b1100 T
b1010 2
b1010 J
b1010 U
1'
#24351000
b1100 #
b1100 )
b1100 -
b1100 0
b1100 7
b1100 ;
b1111 8
b1111 <
b1111 C
b1 ?
0A
b0 >
b0 B
b11111 E
b10000 6
b10000 F
b10000 G
b1010 K
1%
#24352000
0'
#24354000
1P
b1101 4
b1101 :
b1101 R
0S
b1000 N
b1001 M
b1110 Q
b1101 T
b1011 2
b1011 J
b1011 U
b10000 H
b1011 W
b11011 +
b11011 3
b11011 9
b11011 V
1'
0%
#24356000
0'
#24357000
b1101 #
b1101 )
b1101 -
b1101 0
b1101 7
b1101 ;
b0 8
b0 <
b0 C
b11 ?
b1 >
b1010 5
b1010 @
b1010 L
b1011 K
b1 B
b0 E
b0 6
b0 F
b0 G
1%
#24358000
1S
b1110 4
b1110 :
b1110 R
b1000 N
0P
b1001 M
b1100 W
b11100 +
b11100 3
b11100 9
b11100 V
b10000 1
b10000 I
b10000 O
b0 H
b1110 Q
b1110 T
b1001 2
b1001 J
b1001 U
1!
0.
1'
#24360000
0'
0%
#24362000
0S
0!
1.
b0 1
b0 I
b0 O
0*
1'
#24363000
b1110 #
b1110 )
b1110 -
b1110 0
b1110 7
b1110 ;
b1 8
b1 <
b1 C
b10 ?
b11 >
b10 B
b1 E
b1 6
b1 F
b1 G
b1011 5
b1011 @
b1011 L
b1001 K
1%
#24364000
0'
#24366000
1S
b11000 N
b1000 M
b1111 Q
b1101 W
b11101 +
b11101 3
b11101 9
b11101 V
1*
b1 H
0.
1'
0%
#24368000
0'
#24369000
b1111 #
b1111 )
b1111 -
b1111 0
b1111 7
b1111 ;
b10 8
b10 <
b10 C
b110 ?
b10 >
b1001 5
b1001 @
b1001 L
b11 B
b10 E
b11 6
b11 F
b11 G
1%
#24370000
b1111 4
b1111 :
b1111 R
b11001 N
b11000 M
1S
1.
b10000 Q
b1111 T
b1000 2
b1000 J
b1000 U
b1 1
b1 I
b1 O
b11 H
b1110 W
b11110 +
b11110 3
b11110 9
b11110 V
1'
#24372000
0'
0%
#24374000
b0 4
b0 :
b0 R
1S
b11011 N
0P
b11001 M
b1111 W
b11111 +
b11111 3
b11111 9
b11111 V
b11 1
b11 I
b11 O
b10001 Q
b10000 T
b11000 2
b11000 J
b11000 U
1'
#24375000
b10000 #
b10000 )
b10000 -
b10000 0
b10000 7
b10000 ;
b11 8
b11 <
b11 C
b111 ?
b110 >
b100 B
b11 E
b10 6
b10 F
b10 G
b11000 K
1%
#24376000
0'
#24378000
1P
b1 4
b1 :
b1 R
0S
b11010 N
b11011 M
b10010 Q
b10001 T
b11001 2
b11001 J
b11001 U
b10 H
b0 W
b100000 +
b100000 3
b100000 9
b100000 V
1'
0%
#24380000
0'
#24381000
b10001 #
b10001 )
b10001 -
b10001 0
b10001 7
b10001 ;
b100 8
b100 <
b100 C
b101 ?
b111 >
b11000 5
b11000 @
b11000 L
b11001 K
b101 B
b100 E
b110 6
b110 F
b110 G
1%
#24382000
1S
b10 4
b10 :
b10 R
b11010 N
0P
b11011 M
b1 W
b100001 +
b100001 3
b100001 9
b100001 V
b10 1
b10 I
b10 O
b110 H
b10010 Q
b10010 T
b11011 2
b11011 J
b11011 U
1!
0.
1'
#24384000
0'
0%
#24386000
0S
0!
1.
b110 1
b110 I
b110 O
0*
1'
#24387000
b10010 #
b10010 )
b10010 -
b10010 0
b10010 7
b10010 ;
b101 8
b101 <
b101 C
b100 ?
b101 >
b110 B
b101 E
b111 6
b111 F
b111 G
b11001 5
b11001 @
b11001 L
b11011 K
1%
#24388000
0'
#24390000
1S
b11110 N
b11010 M
b10011 Q
b10 W
b100010 +
b100010 3
b100010 9
b100010 V
1*
b111 H
0.
1'
0%
#24392000
0'
#24393000
b10011 #
b10011 )
b10011 -
b10011 0
b10011 7
b10011 ;
b110 8
b110 <
b110 C
b1100 ?
b100 >
b11011 5
b11011 @
b11011 L
b111 B
b110 E
b101 6
b101 F
b101 G
1%
#24394000
b11 4
b11 :
b11 R
b11111 N
b11110 M
1S
1.
b10100 Q
b10011 T
b11010 2
b11010 J
b11010 U
b111 1
b111 I
b111 O
b101 H
b11 W
b100011 +
b100011 3
b100011 9
b100011 V
1'
#24396000
0'
0%
#24398000
b100 4
b100 :
b100 R
1S
b11101 N
0P
b11111 M
b100 W
b100100 +
b100100 3
b100100 9
b100100 V
b101 1
b101 I
b101 O
b10101 Q
b10100 T
b11110 2
b11110 J
b11110 U
1'
#24399000
b10100 #
b10100 )
b10100 -
b10100 0
b10100 7
b10100 ;
b111 8
b111 <
b111 C
b1101 ?
b1100 >
b1000 B
b111 E
b100 6
b100 F
b100 G
b11110 K
1%
#24400000
0'
#24402000
1P
b101 4
b101 :
b101 R
0S
b11100 N
b11101 M
b10110 Q
b10101 T
b11111 2
b11111 J
b11111 U
b100 H
b101 W
b100101 +
b100101 3
b100101 9
b100101 V
1'
0%
#24404000
0'
#24405000
b10101 #
b10101 )
b10101 -
b10101 0
b10101 7
b10101 ;
b1000 8
b1000 <
b1000 C
b1111 ?
b1101 >
b11110 5
b11110 @
b11110 L
b11111 K
b1001 B
b1000 E
b1100 6
b1100 F
b1100 G
1%
#24406000
1S
b110 4
b110 :
b110 R
b11100 N
0P
b11101 M
b110 W
b100110 +
b100110 3
b100110 9
b100110 V
b100 1
b100 I
b100 O
b1100 H
b10110 Q
b10110 T
b11101 2
b11101 J
b11101 U
1!
0.
1'
#24408000
0'
0%
#24410000
0S
0!
1.
b1100 1
b1100 I
b1100 O
0*
1'
#24411000
b10110 #
b10110 )
b10110 -
b10110 0
b10110 7
b10110 ;
b1001 8
b1001 <
b1001 C
b1110 ?
b1111 >
b1010 B
b1001 E
b1101 6
b1101 F
b1101 G
b11111 5
b11111 @
b11111 L
b11101 K
1%
#24412000
0'
#24414000
1S
b10100 N
b11100 M
b10111 Q
b111 W
b100111 +
b100111 3
b100111 9
b100111 V
1*
b1101 H
0.
1'
0%
#24416000
0'
#24417000
b11000 #
b11000 )
b11000 -
b11000 0
b11000 7
b11000 ;
b1010 8
b1010 <
b1010 C
b1010 ?
b1110 >
b11101 5
b11101 @
b11101 L
b1011 B
b1010 E
b1111 6
b1111 F
b1111 G
1%
#24418000
b111 4
b111 :
b111 R
b10101 N
b10100 M
1S
1.
b11000 Q
b10111 T
b11100 2
b11100 J
b11100 U
b1101 1
b1101 I
b1101 O
b1111 H
b1000 W
b101000 +
b101000 3
b101000 9
b101000 V
1'
#24420000
0'
0%
0$
#24422000
b1000 4
b1000 :
b1000 R
0S
b10101 N
0P
b10100 M
0*
b1111 1
b1111 I
b1111 O
b11000 Q
b11000 T
b10100 2
b10100 J
b10100 U
1'
#24423000
b11001 #
b11001 )
b11001 -
b11001 0
b11001 7
b11001 ;
b1011 8
b1011 <
b1011 C
b1011 ?
b1010 >
b1100 B
b1011 E
b1110 6
b1110 F
b1110 G
b10100 K
1%
#24424000
0'
#24426000
0.
b1110 H
1'
0%
#24428000
0'
#24429000
b11010 #
b11010 )
b11010 -
b11010 0
b11010 7
b11010 ;
b1100 8
b1100 <
b1100 C
b1001 ?
b1011 >
b10100 5
b10100 @
b10100 L
b1101 B
b1100 E
b1010 6
b1010 F
b1010 G
1%
#24430000
b1110 1
b1110 I
b1110 O
b1010 H
1'
#24432000
0'
0%
#24434000
b1010 1
b1010 I
b1010 O
1'
#24435000
b11011 #
b11011 )
b11011 -
b11011 0
b11011 7
b11011 ;
b1101 8
b1101 <
b1101 C
b1000 ?
b1001 >
b1110 B
b1101 E
b1011 6
b1011 F
b1011 G
1%
#24436000
0'
#24438000
b1011 H
1'
0%
#24440000
0'
#24441000
b11101 #
b11101 )
b11101 -
b11101 0
b11101 7
b11101 ;
b1110 8
b1110 <
b1110 C
b11000 ?
b1000 >
b1111 B
b1110 E
b1001 6
b1001 F
b1001 G
1%
#24442000
b1011 1
b1011 I
b1011 O
b1001 H
1'
#24444000
0'
0%
#24446000
b1001 1
b1001 I
b1001 O
1'
#24447000
b11110 #
b11110 )
b11110 -
b11110 0
b11110 7
b11110 ;
b1111 8
b1111 <
b1111 C
b11001 ?
b11000 >
b10000 B
b1111 E
b1000 6
b1000 F
b1000 G
1%
#24448000
0'
#24450000
b1000 H
1'
0%
#24452000
0'
#24453000
b11111 #
b11111 )
b11111 -
b11111 0
b11111 7
b11111 ;
b0 8
b0 <
b0 C
b11011 ?
b11001 >
b10001 B
b10000 E
b11000 6
b11000 F
b11000 G
1%
#24454000
b1000 1
b1000 I
b1000 O
b11000 H
1'
#24456000
0'
0%
#24458000
b11000 1
b11000 I
b11000 O
1'
#24459000
b100000 #
b100000 )
b100000 -
b100000 0
b100000 7
b100000 ;
b1 8
b1 <
b1 C
b11010 ?
b11011 >
b10010 B
b10001 E
b11001 6
b11001 F
b11001 G
1%
#24460000
0'
#24462000
b11001 H
1'
0%
#24464000
0'
#24465000
b100010 #
b100010 )
b100010 -
b100010 0
b100010 7
b100010 ;
b10 8
b10 <
b10 C
b11110 ?
b11010 >
b10011 B
b10010 E
b11011 6
b11011 F
b11011 G
1%
#24466000
b11001 1
b11001 I
b11001 O
b11011 H
1'
#24468000
0'
0%
#24470000
b11011 1
b11011 I
b11011 O
1'
#24471000
b100011 #
b100011 )
b100011 -
b100011 0
b100011 7
b100011 ;
b11 8
b11 <
b11 C
b11111 ?
b11110 >
b10100 B
b10011 E
b11010 6
b11010 F
b11010 G
1%
#24472000
0'
#24474000
b11010 H
1'
0%
#24476000
0'
#24477000
b100100 #
b100100 )
b100100 -
b100100 0
b100100 7
b100100 ;
b100 8
b100 <
b100 C
b11101 ?
b11111 >
b10101 B
b10100 E
b11110 6
b11110 F
b11110 G
1%
#24478000
b11010 1
b11010 I
b11010 O
b11110 H
1'
#24480000
0'
0%
#24482000
b11110 1
b11110 I
b11110 O
1'
#24483000
b100101 #
b100101 )
b100101 -
b100101 0
b100101 7
b100101 ;
b101 8
b101 <
b101 C
b11100 ?
b11101 >
b10110 B
b10101 E
b11111 6
b11111 F
b11111 G
1%
#24484000
0'
#24486000
b11111 H
1'
0%
#24488000
0'
#24489000
1D
b100111 #
b100111 )
b100111 -
b100111 0
b100111 7
b100111 ;
b110 8
b110 <
b110 C
b10100 ?
b11100 >
b10111 B
b10110 E
b11101 6
b11101 F
b11101 G
1%
#24490000
b11111 1
b11111 I
b11111 O
b11101 H
1'
#24492000
0'
0%
#24494000
b11101 1
b11101 I
b11101 O
1'
#24495000
1A
b101000 #
b101000 )
b101000 -
b101000 0
b101000 7
b101000 ;
b111 8
b111 <
b111 C
0D
b10101 ?
b10100 >
1/
b11000 B
b10111 E
b11100 6
b11100 F
b11100 G
1%
#24496000
0'
#24498000
b11100 H
1'
0%
#24500000
0'
#24501000
0D
b10101 #
b10101 )
b10101 -
b10101 0
b10101 7
b10101 ;
b1000 8
b1000 <
b1000 C
b10101 ?
1A
b10100 >
b11000 B
b11000 E
b10100 6
b10100 F
b10100 G
1"
0/
1%
#24502000
b11100 1
b11100 I
b11100 O
b10100 H
1'
#24504000
0'
0%
#24506000
b10100 1
b10100 I
b10100 O
1'
#24507000
0,
1%
#24508000
0'
#24510000
1'
0%
#24512000
0'
#24513000
1%
#24514000
1'
#24516000
0'
0%
#24518000
1'
#24519000
1%
#24520000
0'
#24522000
1'
0%
#24524000
0'
#24525000
1%
#24526000
1'
#24528000
0'
0%
#24530000
1'
#24531000
1%
#24532000
0'
#24534000
1'
0%
#24536000
0'
#24537000
1%
#24538000
1'
#24540000
0'
0%
#24542000
1'
#24543000
1%
#24544000
0'
#24546000
1'
0%
#24548000
0'
#24549000
1%
#24550000
1'
#24552000
0'
0%
#24554000
1'
#24555000
1%
#24556000
0'
#24558000
1'
0%
#24560000
0'
#24561000
1%
#24562000
1'
#24564000
0'
0%
#24566000
1'
#24567000
1%
#24568000
0'
#24570000
1'
0%
#24572000
0'
#24573000
1%
#24574000
1'
#24576000
0'
0%
#24578000
1'
#24579000
1%
#24580000
0'
#24582000
1'
0%
#24584000
0'
#24585000
1%
#24586000
1'
#24588000
0'
0%
#24590000
1'
#24591000
1%
#24592000
0'
#24594000
1'
0%
#24596000
0'
#24597000
1%
#24598000
1'
#24600000
0'
0%
#24602000
1'
#24603000
1%
#24604000
0'
#24606000
1'
0%
#24608000
0'
#24609000
1%
#24610000
1'
#24612000
0'
0%
#24614000
1'
#24615000
1%
#24616000
0'
#24618000
1'
0%
#24620000
0'
#24621000
1%
#24622000
1'
#24624000
0'
0%
#24626000
1'
#24627000
1%
#24628000
0'
#24630000
1'
0%
#24632000
0'
#24633000
1%
#24634000
1'
#24636000
0'
0%
#24638000
1'
#24639000
1%
#24640000
0'
#24642000
1'
0%
#24644000
0'
#24645000
1%
#24646000
1'
#24648000
0'
0%
#24650000
1'
#24651000
1%
#24652000
0'
#24654000
1'
0%
#24656000
0'
#24657000
1%
#24658000
1'
#24660000
0'
0%
#24662000
1'
#24663000
1%
#24664000
0'
#24666000
1'
0%
#24668000
0'
#24669000
1%
#24670000
1'
#24672000
0'
0%
#24674000
1'
#24675000
1%
#24676000
0'
#24678000
1'
0%
#24680000
0'
#24681000
1%
#24682000
1'
#24684000
0'
0%
#24686000
1'
#24687000
1%
#24688000
0'
#24690000
1'
0%
#24692000
0'
#24693000
1%
#24694000
1'
#24696000
0'
0%
#24698000
1'
#24699000
1%
#24700000
0'
#24702000
1'
0%
#24704000
0'
#24705000
1%
#24706000
1'
#24708000
0'
0%
#24710000
1'
#24711000
1%
#24712000
0'
#24714000
1'
0%
#24716000
0'
#24717000
1%
#24718000
1'
#24720000
0'
0%
#24722000
1'
#24723000
1%
#24724000
0'
#24726000
1'
0%
#24728000
0'
#24729000
1%
#24730000
1'
#24732000
0'
0%
#24734000
1'
#24735000
1%
#24736000
0'
#24738000
1'
0%
#24740000
0'
#24741000
1%
#24742000
1'
#24744000
0'
0%
#24746000
1'
#24747000
1%
#24748000
0'
#24750000
1'
0%
#24752000
0'
#24753000
1%
#24754000
1'
#24756000
0'
0%
#24758000
1'
#24759000
1%
#24760000
0'
#24762000
1'
0%
#24764000
0'
#24765000
1%
#24766000
1'
#24768000
0'
0%
#24770000
1'
#24771000
1%
#24772000
0'
#24774000
1'
0%
#24776000
0'
#24777000
1%
#24778000
1'
#24780000
0'
0%
#24782000
1'
#24783000
1%
#24784000
0'
#24786000
1'
0%
#24788000
0'
#24789000
1%
#24790000
1'
#24792000
0'
0%
#24794000
1'
#24795000
1%
#24796000
0'
#24798000
1'
0%
#24800000
0'
#24801000
1%
#24802000
1'
#24804000
0'
0%
#24806000
1'
#24807000
1%
#24808000
0'
#24810000
1'
0%
#24812000
0'
#24813000
1%
#24814000
1'
#24816000
0'
0%
#24818000
1'
#24819000
1%
#24820000
0'
#24822000
1'
0%
#24824000
0'
#24825000
1%
#24826000
1'
#24828000
0'
0%
#24830000
1'
#24831000
1%
#24832000
0'
#24834000
1'
0%
#24836000
0'
#24837000
1%
#24838000
1'
#24840000
0'
0%
#24842000
1'
#24843000
1%
#24844000
0'
#24846000
1'
0%
#24848000
0'
#24849000
1%
#24850000
1'
#24852000
0'
0%
#24854000
1'
#24855000
1%
#24856000
0'
#24858000
1'
0%
#24860000
0'
#24861000
1%
#24862000
1'
#24864000
0'
0%
#24866000
1'
#24867000
1%
#24868000
0'
#24870000
1'
0%
#24872000
0'
#24873000
1%
#24874000
1'
#24876000
0'
0%
#24878000
1'
#24879000
1%
#24880000
0'
#24882000
1'
0%
#24884000
0'
#24885000
1%
#24886000
1'
#24888000
0'
0%
#24890000
1'
#24891000
1%
#24892000
0'
#24894000
1'
0%
#24896000
0'
#24897000
1%
#24898000
1'
#24900000
0'
0%
#24902000
1'
#24903000
1%
#24904000
0'
#24906000
1'
0%
#24908000
0'
#24909000
1%
#24910000
1'
#24912000
0'
0%
#24914000
1'
#24915000
1%
#24916000
0'
#24918000
1'
0%
#24920000
0'
#24921000
1%
#24922000
1'
#24924000
0'
0%
#24926000
1'
#24927000
1%
#24928000
0'
#24930000
1'
0%
#24932000
0'
#24933000
1%
#24934000
1'
#24936000
0'
0%
#24938000
1'
#24939000
1%
#24940000
0'
#24942000
1'
0%
#24944000
0'
#24945000
1%
#24946000
1'
#24948000
0'
0%
#24950000
1'
#24951000
1%
#24952000
0'
#24954000
1'
0%
#24956000
0'
#24957000
1%
#24958000
1'
#24960000
0'
0%
#24962000
1'
#24963000
1%
#24964000
0'
#24966000
1'
0%
#24968000
0'
#24969000
1%
#24970000
1'
#24972000
0'
0%
#24974000
1'
#24975000
1%
#24976000
0'
#24978000
1'
0%
#24980000
0'
#24981000
1%
#24982000
1'
#24984000
0'
0%
#24986000
1'
#24987000
1%
#24988000
0'
#24990000
1'
0%
#24992000
0'
#24993000
1%
#24994000
1'
#24996000
0'
0%
#24998000
1'
#24999000
1%
#25000000
0'
#25002000
1'
0%
#25004000
0'
#25005000
1%
#25006000
1'
#25008000
0'
0%
#25010000
1'
#25011000
1%
#25012000
0'
#25014000
1'
0%
#25016000
0'
#25017000
1%
#25018000
1'
#25020000
0'
0%
#25022000
1'
#25023000
1%
#25024000
0'
#25026000
1'
0%
#25028000
0'
#25029000
1%
#25030000
1'
#25032000
0'
0%
#25034000
1'
#25035000
1%
#25036000
0'
#25038000
1'
0%
#25040000
0'
#25041000
1%
#25042000
1'
#25044000
0'
0%
#25046000
1'
#25047000
1%
#25048000
0'
#25050000
1'
0%
#25052000
0'
#25053000
1%
#25054000
1'
#25056000
0'
0%
#25058000
1'
#25059000
1%
#25060000
0'
#25062000
1'
0%
#25064000
0'
#25065000
1%
#25066000
1'
#25068000
0'
0%
#25070000
1'
#25071000
1%
#25072000
0'
#25074000
1'
0%
#25076000
0'
#25077000
1%
#25078000
1'
#25080000
0'
0%
#25082000
1'
#25083000
1%
#25084000
0'
#25086000
1'
0%
#25088000
0'
#25089000
1%
#25090000
1'
#25092000
0'
0%
#25094000
1'
#25095000
1%
#25096000
0'
#25098000
1'
0%
#25100000
0'
#25101000
1%
#25102000
1'
#25104000
0'
0%
#25106000
1'
#25107000
1%
#25108000
0'
#25110000
1'
0%
#25112000
0'
#25113000
1%
#25114000
1'
#25116000
0'
0%
#25118000
1'
#25119000
1%
#25120000
0'
#25122000
1'
0%
#25124000
0'
#25125000
1%
#25126000
1'
#25128000
0'
0%
#25130000
1'
#25131000
1%
#25132000
0'
#25134000
1'
0%
#25136000
0'
#25137000
1%
#25138000
1'
#25140000
0'
0%
#25142000
1'
#25143000
1%
#25144000
0'
#25146000
1'
0%
#25148000
0'
#25149000
1%
#25150000
1'
#25152000
0'
0%
#25154000
1'
#25155000
1%
#25156000
0'
#25158000
1'
0%
#25160000
0'
#25161000
1%
#25162000
1'
#25164000
0'
0%
#25166000
1'
#25167000
1%
#25168000
0'
#25170000
1'
0%
#25172000
0'
#25173000
1%
#25174000
1'
#25176000
0'
0%
#25178000
1'
#25179000
1%
#25180000
0'
#25182000
1'
0%
#25184000
0'
#25185000
1%
#25186000
1'
#25188000
0'
0%
#25190000
1'
#25191000
1%
#25192000
0'
#25194000
1'
0%
#25196000
0'
#25197000
1%
#25198000
1'
#25200000
0'
0%
#25202000
1'
#25203000
1%
#25204000
0'
#25206000
1'
0%
#25208000
0'
#25209000
1%
#25210000
1'
#25212000
0'
0%
#25214000
1'
#25215000
1%
#25216000
0'
#25218000
1'
0%
#25220000
0'
#25221000
1%
#25222000
1'
#25224000
0'
0%
#25226000
1'
#25227000
1%
#25228000
0'
#25230000
1'
0%
#25232000
0'
#25233000
1%
#25234000
1'
#25236000
0'
0%
#25238000
1'
#25239000
1%
#25240000
0'
#25242000
1'
0%
#25244000
0'
#25245000
1%
#25246000
1'
#25248000
0'
0%
#25250000
1'
#25251000
1%
#25252000
0'
#25254000
1'
0%
#25256000
0'
#25257000
1%
#25258000
1'
#25260000
0'
0%
#25262000
1'
#25263000
1%
#25264000
0'
#25266000
1'
0%
#25268000
0'
#25269000
1%
#25270000
1'
#25272000
0'
0%
#25274000
1'
#25275000
1%
#25276000
0'
#25278000
1'
0%
#25280000
0'
#25281000
1%
#25282000
1'
#25284000
0'
0%
#25286000
1'
#25287000
1%
#25288000
0'
#25290000
1'
0%
#25292000
0'
#25293000
1%
#25294000
1'
#25296000
0'
0%
#25298000
1'
#25299000
1%
#25300000
0'
#25302000
1'
0%
#25304000
0'
#25305000
1%
#25306000
1'
#25308000
0'
0%
#25310000
1'
#25311000
1%
#25312000
0'
#25314000
1'
0%
#25316000
0'
#25317000
1%
#25318000
1'
#25320000
0'
0%
#25322000
1'
#25323000
1%
#25324000
0'
#25326000
1'
0%
#25328000
0'
#25329000
1%
#25330000
1'
#25332000
0'
0%
#25334000
1'
#25335000
1%
#25336000
0'
#25338000
1'
0%
#25340000
0'
#25341000
1%
#25342000
1'
#25344000
0'
0%
#25346000
1'
#25347000
1%
#25348000
0'
#25350000
1'
0%
#25352000
0'
#25353000
1%
#25354000
1'
#25356000
0'
0%
#25358000
1'
#25359000
1%
#25360000
0'
#25362000
1'
0%
#25364000
0'
#25365000
1%
#25366000
1'
#25368000
0'
0%
#25370000
1'
#25371000
1%
#25372000
0'
#25374000
1'
0%
#25376000
0'
#25377000
1%
#25378000
1'
#25380000
0'
0%
#25382000
1'
#25383000
1%
#25384000
0'
#25386000
1'
0%
#25388000
0'
#25389000
1%
#25390000
1'
#25392000
0'
0%
#25394000
1'
#25395000
1%
#25396000
0'
#25398000
1'
0%
#25400000
0'
#25401000
1%
#25402000
1'
#25404000
0'
0%
#25406000
1'
#25407000
1%
#25408000
0'
#25410000
1'
0%
#25412000
0'
#25413000
1%
#25414000
1'
#25416000
0'
0%
#25418000
1'
#25419000
1%
#25420000
0'
#25422000
1'
0%
#25424000
0'
#25425000
1%
#25426000
1'
#25428000
0'
0%
#25430000
1'
#25431000
1%
#25432000
0'
#25434000
1'
0%
#25436000
0'
#25437000
1%
#25438000
1'
#25440000
0'
0%
#25442000
1'
#25443000
1%
#25444000
0'
#25446000
1'
0%
#25448000
0'
#25449000
1%
#25450000
1'
#25452000
0'
0%
#25454000
1'
#25455000
1%
#25456000
0'
#25458000
1'
0%
#25460000
0'
#25461000
1%
#25462000
1'
#25464000
0'
0%
#25466000
1'
#25467000
1%
#25468000
0'
#25470000
1'
0%
#25472000
0'
#25473000
1%
#25474000
1'
#25476000
0'
0%
#25478000
1'
#25479000
1%
#25480000
0'
#25482000
1'
0%
#25484000
0'
#25485000
1%
#25486000
1'
#25488000
0'
0%
#25490000
1'
#25491000
1%
#25492000
0'
#25494000
1'
0%
#25496000
0'
#25497000
1%
#25498000
1'
#25500000
0'
0%
#25502000
1'
#25503000
1%
#25504000
0'
#25506000
1'
0%
#25508000
0'
#25509000
1%
#25510000
1'
#25512000
0'
0%
#25514000
1'
#25515000
1%
#25516000
0'
#25518000
1'
0%
#25520000
0'
#25521000
1%
#25522000
1'
#25524000
0'
0%
#25526000
1'
#25527000
1%
#25528000
0'
#25530000
1'
0%
#25532000
0'
#25533000
1%
#25534000
1'
#25536000
0'
0%
#25538000
1'
#25539000
1%
#25540000
0'
#25542000
1'
0%
#25544000
0'
#25545000
1%
#25546000
1'
#25548000
0'
0%
#25550000
1'
#25551000
1%
#25552000
0'
#25554000
1'
0%
#25556000
0'
#25557000
1%
#25558000
1'
#25560000
0'
0%
#25562000
1'
#25563000
1%
#25564000
0'
#25566000
1'
0%
#25568000
0'
#25569000
1%
#25570000
1'
#25572000
0'
0%
#25574000
1'
#25575000
1%
#25576000
0'
#25578000
1'
0%
#25580000
0'
#25581000
1%
#25582000
1'
#25584000
0'
0%
#25586000
1'
#25587000
1%
#25588000
0'
#25590000
1'
0%
#25592000
0'
#25593000
1%
#25594000
1'
#25596000
0'
0%
#25598000
1'
#25599000
1%
#25600000
0'
#25602000
1'
0%
#25604000
0'
#25605000
1%
#25606000
1'
#25608000
0'
0%
#25610000
1'
#25611000
1%
#25612000
0'
#25614000
1'
0%
#25616000
0'
#25617000
1%
#25618000
1'
#25620000
0'
0%
#25622000
1'
#25623000
1%
#25624000
0'
#25626000
1'
0%
#25628000
0'
#25629000
1%
#25630000
1'
#25632000
0'
0%
#25634000
1'
#25635000
1%
#25636000
0'
#25638000
1'
0%
#25640000
0'
#25641000
1%
#25642000
1'
#25644000
0'
0%
#25646000
1'
#25647000
1%
#25648000
0'
#25650000
1'
0%
#25652000
0'
#25653000
1%
#25654000
1'
#25656000
0'
0%
#25658000
1'
#25659000
1%
#25660000
0'
#25662000
1'
0%
#25664000
0'
#25665000
1%
#25666000
1'
#25668000
0'
0%
#25670000
1'
#25671000
1%
#25672000
0'
#25674000
1'
0%
#25676000
0'
#25677000
1%
#25678000
1'
#25680000
0'
0%
#25682000
1'
#25683000
1%
#25684000
0'
#25686000
1'
0%
#25688000
0'
#25689000
1%
#25690000
1'
#25692000
0'
0%
#25694000
1'
#25695000
1%
#25696000
0'
#25698000
1'
0%
#25700000
0'
#25701000
1%
#25702000
1'
#25704000
0'
0%
#25706000
1'
#25707000
1%
#25708000
0'
#25710000
1'
0%
#25712000
0'
#25713000
1%
#25714000
1'
#25716000
0'
0%
#25718000
1'
#25719000
1%
#25720000
0'
#25722000
1'
0%
#25724000
0'
#25725000
1%
#25726000
1'
#25728000
0'
0%
#25730000
1'
#25731000
1%
#25732000
0'
#25734000
1'
0%
#25736000
0'
#25737000
1%
#25738000
1'
#25740000
0'
0%
#25742000
1'
#25743000
1%
#25744000
0'
#25746000
1'
0%
#25748000
0'
#25749000
1%
#25750000
1'
#25752000
0'
0%
#25754000
1'
#25755000
1%
#25756000
0'
#25758000
1'
0%
#25760000
0'
#25761000
1%
#25762000
1'
#25764000
0'
0%
#25766000
1'
#25767000
1%
#25768000
0'
#25770000
1'
0%
#25772000
0'
#25773000
1%
#25774000
1'
#25776000
0'
0%
#25778000
1'
#25779000
1%
#25780000
0'
#25782000
1'
0%
#25784000
0'
#25785000
1%
#25786000
1'
#25788000
0'
0%
#25790000
1'
#25791000
1%
#25792000
0'
#25794000
1'
0%
#25796000
0'
#25797000
1%
#25798000
1'
#25800000
0'
0%
#25802000
1'
#25803000
1%
#25804000
0'
#25806000
1'
0%
#25808000
0'
#25809000
1%
#25810000
1'
#25812000
0'
0%
#25814000
1'
#25815000
1%
#25816000
0'
#25818000
1'
0%
#25820000
0'
#25821000
1%
#25822000
1'
#25824000
0'
0%
#25826000
1'
#25827000
1%
#25828000
0'
#25830000
1'
0%
#25832000
0'
#25833000
1%
#25834000
1'
#25836000
0'
0%
#25838000
1'
#25839000
1%
#25840000
0'
#25842000
1'
0%
#25844000
0'
#25845000
1%
#25846000
1'
#25848000
0'
0%
#25850000
1'
#25851000
1%
#25852000
0'
#25854000
1'
0%
#25856000
0'
#25857000
1%
#25858000
1'
#25860000
0'
0%
#25862000
1'
#25863000
1%
#25864000
0'
#25866000
1'
0%
#25868000
0'
#25869000
1%
#25870000
1'
#25872000
0'
0%
#25874000
1'
#25875000
1%
#25876000
0'
#25878000
1'
0%
#25880000
0'
#25881000
1%
#25882000
1'
#25884000
0'
0%
#25886000
1'
#25887000
1%
#25888000
0'
#25890000
1'
0%
#25892000
0'
#25893000
1%
#25894000
1'
#25896000
0'
0%
#25898000
1'
#25899000
1%
#25900000
0'
#25902000
1'
0%
#25904000
0'
#25905000
1%
#25906000
1'
#25908000
0'
0%
#25910000
1'
#25911000
1%
#25912000
0'
#25914000
1'
0%
#25916000
0'
#25917000
1%
#25918000
1'
#25920000
0'
0%
#25922000
1'
#25923000
1%
#25924000
0'
#25926000
1'
0%
#25928000
0'
#25929000
1%
#25930000
1'
#25932000
0'
0%
#25934000
1'
#25935000
1%
#25936000
0'
#25938000
1'
0%
#25940000
0'
#25941000
1%
#25942000
1'
#25944000
0'
0%
#25946000
1'
#25947000
1%
#25948000
0'
#25950000
1'
0%
#25952000
0'
#25953000
1%
#25954000
1'
#25956000
0'
0%
#25958000
1'
#25959000
1%
#25960000
0'
#25962000
1'
0%
#25964000
0'
#25965000
1%
#25966000
1'
#25968000
0'
0%
#25970000
1'
#25971000
1%
#25972000
0'
#25974000
1'
0%
#25976000
0'
#25977000
1%
#25978000
1'
#25980000
0'
0%
#25982000
1'
#25983000
1%
#25984000
0'
#25986000
1'
0%
#25988000
0'
#25989000
1%
#25990000
1'
#25992000
0'
0%
#25994000
1'
#25995000
1%
#25996000
0'
#25998000
1'
0%
#26000000
0'
#26001000
1%
#26002000
1'
#26004000
0'
0%
#26006000
1'
#26007000
1%
#26008000
0'
#26010000
1'
0%
#26012000
0'
#26013000
1%
#26014000
1'
#26016000
0'
0%
#26018000
1'
#26019000
1%
#26020000
0'
#26022000
1'
0%
#26024000
0'
#26025000
1%
#26026000
1'
#26028000
0'
0%
#26030000
1'
#26031000
1%
#26032000
0'
#26034000
1'
0%
#26036000
0'
#26037000
1%
#26038000
1'
#26040000
0'
0%
#26042000
1'
#26043000
1%
#26044000
0'
#26046000
1'
0%
#26048000
0'
#26049000
1%
#26050000
1'
#26052000
0'
0%
#26054000
1'
#26055000
1%
#26056000
0'
#26058000
1'
0%
#26060000
0'
#26061000
1%
#26062000
1'
#26064000
0'
0%
#26066000
1'
#26067000
1%
#26068000
0'
#26070000
1'
0%
#26072000
0'
#26073000
1%
#26074000
1'
#26076000
0'
0%
#26078000
1'
#26079000
1%
#26080000
0'
#26082000
1'
0%
#26084000
0'
#26085000
1%
#26086000
1'
#26088000
0'
0%
#26090000
1'
#26091000
1%
#26092000
0'
#26094000
1'
0%
#26096000
0'
#26097000
1%
#26098000
1'
#26100000
0'
0%
#26102000
1'
#26103000
1%
#26104000
0'
#26106000
1'
0%
#26108000
0'
#26109000
1%
#26110000
1'
#26112000
0'
0%
#26114000
1'
#26115000
1%
#26116000
0'
#26118000
1'
0%
#26120000
0'
#26121000
1%
#26122000
1'
#26124000
0'
0%
#26126000
1'
#26127000
1%
#26128000
0'
#26130000
1'
0%
#26132000
0'
#26133000
1%
#26134000
1'
#26136000
0'
0%
#26138000
1'
#26139000
1%
#26140000
0'
#26142000
1'
0%
#26144000
0'
#26145000
1%
#26146000
1'
#26148000
0'
0%
#26150000
1'
#26151000
1%
#26152000
0'
#26154000
1'
0%
#26156000
0'
#26157000
1%
#26158000
1'
#26160000
0'
0%
#26162000
1'
#26163000
1%
#26164000
0'
#26166000
1'
0%
#26168000
0'
#26169000
1%
#26170000
1'
#26172000
0'
0%
#26174000
1'
#26175000
1%
#26176000
0'
#26178000
1'
0%
#26180000
0'
#26181000
1%
#26182000
1'
#26184000
0'
0%
#26186000
1'
#26187000
1%
#26188000
0'
#26190000
1'
0%
#26192000
0'
#26193000
1%
#26194000
1'
#26196000
0'
0%
#26198000
1'
#26199000
1%
#26200000
0'
#26202000
1'
0%
#26204000
0'
#26205000
1%
#26206000
1'
#26208000
0'
0%
#26210000
1'
#26211000
1%
#26212000
0'
#26214000
1'
0%
#26216000
0'
#26217000
1%
#26218000
1'
#26220000
0'
0%
#26222000
1'
#26223000
1%
#26224000
0'
#26226000
1'
0%
#26228000
0'
#26229000
1%
#26230000
1'
#26232000
0'
0%
#26234000
1'
#26235000
1%
#26236000
0'
#26238000
1'
0%
#26240000
0'
#26241000
1%
#26242000
1'
#26244000
0'
0%
#26246000
1'
#26247000
1%
#26248000
0'
#26250000
1'
0%
#26252000
0'
#26253000
1%
#26254000
1'
#26256000
0'
0%
#26258000
1'
#26259000
1%
#26260000
0'
#26262000
1'
0%
#26264000
0'
#26265000
1%
#26266000
1'
#26268000
0'
0%
#26270000
1'
#26271000
1%
#26272000
0'
#26274000
1'
0%
#26276000
0'
#26277000
1%
#26278000
1'
#26280000
0'
0%
#26282000
1'
#26283000
1%
#26284000
0'
#26286000
1'
0%
#26288000
0'
#26289000
1%
#26290000
1'
#26292000
0'
0%
#26294000
1'
#26295000
1%
#26296000
0'
#26298000
1'
0%
#26300000
0'
#26301000
1%
#26302000
1'
#26304000
0'
0%
#26306000
1'
#26307000
1%
#26308000
0'
#26310000
1'
0%
#26312000
0'
#26313000
1%
#26314000
1'
#26316000
0'
0%
#26318000
1'
#26319000
1%
#26320000
0'
#26322000
1'
0%
#26324000
0'
#26325000
1%
#26326000
1'
#26328000
0'
0%
#26330000
1'
#26331000
1%
#26332000
0'
#26334000
1'
0%
#26336000
0'
#26337000
1%
#26338000
1'
#26340000
0'
0%
#26342000
1'
#26343000
1%
#26344000
0'
#26346000
1'
0%
#26348000
0'
#26349000
1%
#26350000
1'
#26352000
0'
0%
#26354000
1'
#26355000
1%
#26356000
0'
#26358000
1'
0%
#26360000
0'
#26361000
1%
#26362000
1'
#26364000
0'
0%
#26366000
1'
#26367000
1%
#26368000
0'
#26370000
1'
0%
#26372000
0'
#26373000
1%
#26374000
1'
#26376000
0'
0%
#26378000
1'
#26379000
1%
#26380000
0'
#26382000
1'
0%
#26384000
0'
#26385000
1%
#26386000
1'
#26388000
0'
0%
#26390000
1'
#26391000
1%
#26392000
0'
#26394000
1'
0%
#26396000
0'
#26397000
1%
#26398000
1'
#26400000
0'
0%
#26402000
1'
#26403000
1%
#26404000
0'
#26406000
1'
0%
#26408000
0'
#26409000
1%
#26410000
1'
#26412000
0'
0%
#26414000
1'
#26415000
1%
#26416000
0'
#26418000
1'
0%
#26420000
0'
1$
#26421000
1%
#26422000
b10111 N
b10101 M
b11001 Q
b1001 W
b101001 +
b101001 3
b101001 9
b101001 V
1*
1'
#26424000
0'
0%
#26426000
b1001 4
b1001 :
b1001 R
b10110 N
b10111 M
b101001 #
b101001 )
b101001 -
b101001 0
b101001 7
b101001 ;
b11010 Q
b11001 T
b10101 2
b10101 J
b10101 U
b1010 W
b101010 +
b101010 3
b101010 9
b101010 V
1'
#26427000
b10101 K
1%
#26428000
0'
#26430000
b1010 4
b1010 :
b1010 R
b10010 N
b10110 M
b1011 W
b101011 +
b101011 3
b101011 9
b101011 V
b11011 Q
b11010 T
b10111 2
b10111 J
b10111 U
1'
0%
#26432000
0'
#26433000
1D
0A
b10101 5
b10101 @
b10101 L
b10111 K
1%
#26434000
b1011 4
b1011 :
b1011 R
b10011 N
b10010 M
b11100 Q
b11011 T
b10110 2
b10110 J
b10110 U
b1100 W
b101100 +
b101100 3
b101100 9
b101100 V
1'
#26436000
0'
0%
#26438000
b1100 4
b1100 :
b1100 R
b10001 N
b10011 M
b1101 W
b101101 +
b101101 3
b101101 9
b101101 V
b11101 Q
b11100 T
b10010 2
b10010 J
b10010 U
1'
#26439000
0"
1/
0D
b10111 5
b10111 @
b10111 L
b10010 K
1%
#26440000
0'
#26442000
b1101 4
b1101 :
b1101 R
b10000 N
b10001 M
b11110 Q
b11101 T
b10011 2
b10011 J
b10011 U
b1110 W
b101110 +
b101110 3
b101110 9
b101110 V
1'
0%
#26444000
0'
#26445000
b10111 ?
b10101 >
b11001 B
b10010 5
b10010 @
b10010 L
b10011 K
0/
1,
1%
#26446000
b1110 4
b1110 :
b1110 R
b0 N
b10000 M
b1111 W
b101111 +
b101111 3
b101111 9
b101111 V
b11111 Q
b11110 T
b10001 2
b10001 J
b10001 U
1'
#26448000
0'
0%
#26450000
b1111 4
b1111 :
b1111 R
b1 N
b0 M
b0 Q
b11111 T
b10000 2
b10000 J
b10000 U
b0 W
b110000 +
b110000 3
b110000 9
b110000 V
1'
#26451000
b101010 #
b101010 )
b101010 -
b101010 0
b101010 7
b101010 ;
b1001 8
b1001 <
b1001 C
b10110 ?
b10111 >
b11010 B
b11001 E
b10101 6
b10101 F
b10101 G
b10011 5
b10011 @
b10011 L
b10000 K
1%
#26452000
0'
#26454000
b0 4
b0 :
b0 R
b11 N
b1 M
b1 W
b110001 +
b110001 3
b110001 9
b110001 V
b10101 H
b1 Q
b0 T
b0 2
b0 J
b0 U
1'
0%
#26456000
0'
#26457000
b101011 #
b101011 )
b101011 -
b101011 0
b101011 7
b101011 ;
b1010 8
b1010 <
b1010 C
b10010 ?
b10110 >
b10000 5
b10000 @
b10000 L
b0 K
b11011 B
b11010 E
b10111 6
b10111 F
b10111 G
1%
#26458000
b1 4
b1 :
b1 R
b10 N
b11 M
b10 Q
b1 T
b1 2
b1 J
b1 U
b10101 1
b10101 I
b10101 O
b10111 H
b10 W
b110010 +
b110010 3
b110010 9
b110010 V
1'
#26460000
0'
0%
#26462000
b10 4
b10 :
b10 R
b110 N
b10 M
b11 W
b110011 +
b110011 3
b110011 9
b110011 V
b10111 1
b10111 I
b10111 O
b11 Q
b10 T
b11 2
b11 J
b11 U
1'
#26463000
b101100 #
b101100 )
b101100 -
b101100 0
b101100 7
b101100 ;
b1011 8
b1011 <
b1011 C
b10011 ?
b10010 >
b11100 B
b11011 E
b10110 6
b10110 F
b10110 G
b0 5
b0 @
b0 L
b11 K
1%
#26464000
0'
#26466000
b11 4
b11 :
b11 R
b111 N
b110 M
b100 Q
b11 T
b10 2
b10 J
b10 U
b10110 H
b100 W
b110100 +
b110100 3
b110100 9
b110100 V
1'
0%
#26468000
0'
#26469000
b101101 #
b101101 )
b101101 -
b101101 0
b101101 7
b101101 ;
b1100 8
b1100 <
b1100 C
b10001 ?
b10011 >
b11 5
b11 @
b11 L
b10 K
b11101 B
b11100 E
b10010 6
b10010 F
b10010 G
1%
#26470000
b100 4
b100 :
b100 R
b101 N
b111 M
b101 W
b110101 +
b110101 3
b110101 9
b110101 V
b10110 1
b10110 I
b10110 O
b10010 H
b101 Q
b100 T
b110 2
b110 J
b110 U
1'
#26472000
0'
0%
#26474000
b101 4
b101 :
b101 R
b100 N
b101 M
b110 Q
b101 T
b111 2
b111 J
b111 U
b10010 1
b10010 I
b10010 O
b110 W
b110110 +
b110110 3
b110110 9
b110110 V
1'
#26475000
b101110 #
b101110 )
b101110 -
b101110 0
b101110 7
b101110 ;
b1101 8
b1101 <
b1101 C
b10000 ?
b10001 >
b11110 B
b11101 E
b10011 6
b10011 F
b10011 G
b10 5
b10 @
b10 L
b111 K
1%
#26476000
0'
#26478000
b110 4
b110 :
b110 R
b1100 N
b100 M
b111 W
b110111 +
b110111 3
b110111 9
b110111 V
b10011 H
b111 Q
b110 T
b101 2
b101 J
b101 U
1'
0%
#26480000
0'
#26481000
b101111 #
b101111 )
b101111 -
b101111 0
b101111 7
b101111 ;
b1110 8
b1110 <
b1110 C
b0 ?
b10000 >
b111 5
b111 @
b111 L
b101 K
b11111 B
b11110 E
b10001 6
b10001 F
b10001 G
1%
#26482000
b111 4
b111 :
b111 R
b1101 N
0P
b1100 M
b1000 Q
b111 T
b100 2
b100 J
b100 U
b10011 1
b10011 I
b10011 O
b10001 H
b1000 W
b111000 +
b111000 3
b111000 9
b111000 V
1'
#26484000
0'
0%
#26486000
b1000 4
b1000 :
b1000 R
b1111 N
b1101 M
b1001 W
b111001 +
b111001 3
b111001 9
b111001 V
b10001 1
b10001 I
b10001 O
b1001 Q
b1000 T
b1100 2
b1100 J
b1100 U
1'
#26487000
b110000 #
b110000 )
b110000 -
b110000 0
b110000 7
b110000 ;
b1111 8
b1111 <
b1111 C
b1 ?
b0 >
b0 B
b11111 E
b10000 6
b10000 F
b10000 G
b101 5
b101 @
b101 L
b1100 K
1%
#26488000
0'
#26490000
b1001 4
b1001 :
b1001 R
b1110 N
b1111 M
b1010 Q
b1001 T
b1101 2
b1101 J
b1101 U
b10000 H
b1010 W
b111010 +
b111010 3
b111010 9
b111010 V
1'
0%
#26492000
0'
#26493000
b110001 #
b110001 )
b110001 -
b110001 0
b110001 7
b110001 ;
b0 8
b0 <
b0 C
b11 ?
b1 >
b1100 5
b1100 @
b1100 L
b1101 K
b1 B
b0 E
b0 6
b0 F
b0 G
1%
#26494000
b1010 4
b1010 :
b1010 R
0S
b1010 N
b1110 M
b1011 W
b111011 +
b111011 3
b111011 9
b111011 V
b10000 1
b10000 I
b10000 O
b0 H
b1011 Q
b1010 T
b1111 2
b1111 J
b1111 U
1'
#26496000
0'
0%
#26498000
b1011 4
b1011 :
b1011 R
b1011 N
b1010 M
b1100 Q
b1011 T
b1110 2
b1110 J
b1110 U
b0 1
b0 I
b0 O
b1100 W
b111100 +
b111100 3
b111100 9
b111100 V
1'
#26499000
b110010 #
b110010 )
b110010 -
b110010 0
b110010 7
b110010 ;
b1 8
b1 <
b1 C
b10 ?
b11 >
b10 B
b1 E
b1 6
b1 F
b1 G
b1101 5
b1101 @
b1101 L
b1110 K
1%
#26500000
0'
#26502000
b1100 4
b1100 :
b1100 R
b1001 N
b1011 M
b1101 W
b111101 +
b111101 3
b111101 9
b111101 V
b1 H
b1101 Q
b1100 T
b1010 2
b1010 J
b1010 U
1'
0%
#26504000
0'
#26505000
b110011 #
b110011 )
b110011 -
b110011 0
b110011 7
b110011 ;
b10 8
b10 <
b10 C
b110 ?
b10 >
b1110 5
b1110 @
b1110 L
b1010 K
b11 B
b10 E
b11 6
b11 F
b11 G
1%
#26506000
b1101 4
b1101 :
b1101 R
b1000 N
b1001 M
b1110 Q
b1101 T
b1011 2
b1011 J
b1011 U
b1 1
b1 I
b1 O
b11 H
b1110 W
b111110 +
b111110 3
b111110 9
b111110 V
1'
#26508000
0'
0%
#26510000
b1110 4
b1110 :
b1110 R
b11000 N
b1000 M
b1111 W
b111111 +
b111111 3
b111111 9
b111111 V
b11 1
b11 I
b11 O
b1111 Q
b1110 T
b1001 2
b1001 J
b1001 U
1'
#26511000
b110100 #
b110100 )
b110100 -
b110100 0
b110100 7
b110100 ;
b11 8
b11 <
b11 C
b111 ?
b110 >
b100 B
b11 E
b10 6
b10 F
b10 G
b1010 5
b1010 @
b1010 L
b1001 K
1%
#26512000
0'
#26514000
b1111 4
b1111 :
b1111 R
b11001 N
b11000 M
b10000 Q
b1111 T
b1000 2
b1000 J
b1000 U
b10 H
b0 W
b1000000 +
b1000000 3
b1000000 9
b1000000 V
1'
0%
#26516000
0'
#26517000
b110101 #
b110101 )
b110101 -
b110101 0
b110101 7
b110101 ;
b100 8
b100 <
b100 C
b101 ?
b111 >
b1001 5
b1001 @
b1001 L
b1000 K
b101 B
b100 E
b110 6
b110 F
b110 G
1%
#26518000
0S
b0 4
b0 :
b0 R
b11011 N
b11001 M
b1 W
b1000001 +
b1000001 3
b1000001 9
b1000001 V
b10 1
b10 I
b10 O
b110 H
b10001 Q
b10000 T
b11000 2
b11000 J
b11000 U
1'
#26520000
0'
0%
#26522000
b1 4
b1 :
b1 R
b11010 N
b11011 M
b10010 Q
b10001 T
b11001 2
b11001 J
b11001 U
b110 1
b110 I
b110 O
b10 W
b1000010 +
b1000010 3
b1000010 9
b1000010 V
1'
#26523000
b110110 #
b110110 )
b110110 -
b110110 0
b110110 7
b110110 ;
b101 8
b101 <
b101 C
b100 ?
b101 >
b110 B
b101 E
b111 6
b111 F
b111 G
b1000 5
b1000 @
b1000 L
b11001 K
1%
#26524000
0'
#26526000
1S
b10 4
b10 :
b10 R
b11110 N
b11010 M
b11 W
b1000011 +
b1000011 3
b1000011 9
b1000011 V
b111 H
b10011 Q
b10010 T
b11011 2
b11011 J
b11011 U
1'
0%
#26528000
0'
#26529000
b110111 #
b110111 )
b110111 -
b110111 0
b110111 7
b110111 ;
b110 8
b110 <
b110 C
b1100 ?
b100 >
b11001 5
b11001 @
b11001 L
b11011 K
b111 B
b110 E
b101 6
b101 F
b101 G
1%
#26530000
b11 4
b11 :
b11 R
b11111 N
b11110 M
1S
1.
b10100 Q
b10011 T
b11010 2
b11010 J
b11010 U
b111 1
b111 I
b111 O
b101 H
b100 W
b1000100 +
b1000100 3
b1000100 9
b1000100 V
1'
#26532000
0'
0%
#26534000
b100 4
b100 :
b100 R
1S
b11101 N
0P
b11111 M
b101 W
b1000101 +
b1000101 3
b1000101 9
b1000101 V
b101 1
b101 I
b101 O
b10101 Q
b10100 T
b11110 2
b11110 J
b11110 U
1'
#26535000
b111000 #
b111000 )
b111000 -
b111000 0
b111000 7
b111000 ;
b111 8
b111 <
b111 C
b1101 ?
b1100 >
b1000 B
b111 E
b100 6
b100 F
b100 G
b11011 5
b11011 @
b11011 L
b11110 K
1%
#26536000
0'
#26538000
1P
b101 4
b101 :
b101 R
0S
b11100 N
b11101 M
b10110 Q
b10101 T
b11111 2
b11111 J
b11111 U
b100 H
b110 W
b1000110 +
b1000110 3
b1000110 9
b1000110 V
1'
0%
#26540000
0'
#26541000
b111001 #
b111001 )
b111001 -
b111001 0
b111001 7
b111001 ;
b1000 8
b1000 <
b1000 C
b1111 ?
b1101 >
b11110 5
b11110 @
b11110 L
b11111 K
b1001 B
b1000 E
b1100 6
b1100 F
b1100 G
1%
#26542000
1S
b110 4
b110 :
b110 R
b11100 N
0P
b11101 M
b111 W
b1000111 +
b1000111 3
b1000111 9
b1000111 V
b100 1
b100 I
b100 O
b1100 H
b10110 Q
b10110 T
b11101 2
b11101 J
b11101 U
1!
0.
1'
#26544000
0'
0%
#26546000
0S
0!
1.
b1100 1
b1100 I
b1100 O
0*
1'
#26547000
b111010 #
b111010 )
b111010 -
b111010 0
b111010 7
b111010 ;
b1001 8
b1001 <
b1001 C
b1110 ?
b1111 >
b1010 B
b1001 E
b1101 6
b1101 F
b1101 G
b11111 5
b11111 @
b11111 L
b11101 K
1%
#26548000
0'
#26550000
1S
b10100 N
b11100 M
b10111 Q
b1000 W
b1001000 +
b1001000 3
b1001000 9
b1001000 V
1*
b1101 H
0.
1'
0%
#26552000
0'
#26553000
b111011 #
b111011 )
b111011 -
b111011 0
b111011 7
b111011 ;
b1010 8
b1010 <
b1010 C
b1010 ?
b1110 >
b11101 5
b11101 @
b11101 L
b1011 B
b1010 E
b1111 6
b1111 F
b1111 G
1%
#26554000
b111 4
b111 :
b111 R
b10101 N
b10100 M
1S
1.
b11000 Q
b10111 T
b11100 2
b11100 J
b11100 U
b1101 1
b1101 I
b1101 O
b1111 H
b1001 W
b1001001 +
b1001001 3
b1001001 9
b1001001 V
1'
#26556000
0'
0%
#26558000
b1000 4
b1000 :
b1000 R
1S
b10111 N
0P
b10101 M
b1010 W
b1001010 +
b1001010 3
b1001010 9
b1001010 V
b1111 1
b1111 I
b1111 O
b11001 Q
b11000 T
b10100 2
b10100 J
b10100 U
1'
#26559000
b111100 #
b111100 )
b111100 -
b111100 0
b111100 7
b111100 ;
b1011 8
b1011 <
b1011 C
b1011 ?
b1010 >
b1100 B
b1011 E
b1110 6
b1110 F
b1110 G
b10100 K
1%
#26560000
0'
#26562000
1P
b1001 4
b1001 :
b1001 R
0S
b10110 N
b10111 M
b11010 Q
b11001 T
b10101 2
b10101 J
b10101 U
b1110 H
b1011 W
b1001011 +
b1001011 3
b1001011 9
b1001011 V
1'
0%
#26564000
0'
#26565000
b111101 #
b111101 )
b111101 -
b111101 0
b111101 7
b111101 ;
b1100 8
b1100 <
b1100 C
b1001 ?
b1011 >
b10100 5
b10100 @
b10100 L
b10101 K
b1101 B
b1100 E
b1010 6
b1010 F
b1010 G
1%
#26566000
1S
b1010 4
b1010 :
b1010 R
b10110 N
0P
b10111 M
b1100 W
b1001100 +
b1001100 3
b1001100 9
b1001100 V
b1110 1
b1110 I
b1110 O
b1010 H
b11010 Q
b11010 T
b10111 2
b10111 J
b10111 U
1!
0.
1'
#26568000
0'
0%
#26570000
0S
0!
1.
b1010 1
b1010 I
b1010 O
0*
1'
#26571000
b111110 #
b111110 )
b111110 -
b111110 0
b111110 7
b111110 ;
b1101 8
b1101 <
b1101 C
b1000 ?
b1001 >
b1110 B
b1101 E
b1011 6
b1011 F
b1011 G
b10101 5
b10101 @
b10101 L
b10111 K
1%
#26572000
0'
#26574000
1S
b10010 N
b10110 M
b11011 Q
b1101 W
b1001101 +
b1001101 3
b1001101 9
b1001101 V
1*
b1011 H
0.
1'
0%
#26576000
0'
#26577000
b111111 #
b111111 )
b111111 -
b111111 0
b111111 7
b111111 ;
b1110 8
b1110 <
b1110 C
0D
b11000 ?
b1000 >
b10111 5
b10111 @
b10111 L
b1111 B
b1110 E
b1001 6
b1001 F
b1001 G
1%
#26578000
b1011 4
b1011 :
b1011 R
b10011 N
b10010 M
1S
1.
b11100 Q
b11011 T
b10110 2
b10110 J
b10110 U
b1011 1
b1011 I
b1011 O
b1001 H
b1110 W
b1001110 +
b1001110 3
b1001110 9
b1001110 V
1'
#26580000
0'
0%
#26582000
b1100 4
b1100 :
b1100 R
1S
b10001 N
0P
b10011 M
b1111 W
b1001111 +
b1001111 3
b1001111 9
b1001111 V
b1001 1
b1001 I
b1001 O
b11101 Q
b11100 T
b10010 2
b10010 J
b10010 U
1'
#26583000
b1000000 #
b1000000 )
b1000000 -
b1000000 0
b1000000 7
b1000000 ;
b1111 8
b1111 <
b1111 C
b11001 ?
0A
b11000 >
b10000 B
b1111 E
b1000 6
b1000 F
b1000 G
b10010 K
1%
#26584000
0'
#26586000
1P
b1101 4
b1101 :
b1101 R
0S
b10000 N
b10001 M
b11110 Q
b11101 T
b10011 2
b10011 J
b10011 U
b1000 H
b0 W
b1010000 +
b1010000 3
b1010000 9
b1010000 V
1'
0%
#26588000
0'
#26589000
b1000001 #
b1000001 )
b1000001 -
b1000001 0
b1000001 7
b1000001 ;
b0 8
b0 <
b0 C
b11011 ?
b11001 >
b10010 5
b10010 @
b10010 L
b10011 K
b10001 B
b10000 E
b11000 6
b11000 F
b11000 G
1%
#26590000
1S
b1110 4
b1110 :
b1110 R
b10000 N
0P
b10001 M
b1 W
b1010001 +
b1010001 3
b1010001 9
b1010001 V
b1000 1
b1000 I
b1000 O
b11000 H
b11110 Q
b11110 T
b10001 2
b10001 J
b10001 U
1!
0.
1'
#26592000
0'
0%
#26594000
0S
0!
1.
b11000 1
b11000 I
b11000 O
0*
1'
#26595000
b1000010 #
b1000010 )
b1000010 -
b1000010 0
b1000010 7
b1000010 ;
b1 8
b1 <
b1 C
b11010 ?
b11011 >
b10010 B
b10001 E
b11001 6
b11001 F
b11001 G
b10011 5
b10011 @
b10011 L
b10001 K
1%
#26596000
0'
#26598000
1S
b0 N
b10000 M
b11111 Q
b10 W
b1010010 +
b1010010 3
b1010010 9
b1010010 V
1*
b11001 H
0.
1'
0%
#26600000
0'
#26601000
b1000011 #
b1000011 )
b1000011 -
b1000011 0
b1000011 7
b1000011 ;
b10 8
b10 <
b10 C
b11110 ?
b11010 >
b10001 5
b10001 @
b10001 L
b10011 B
b10010 E
b11011 6
b11011 F
b11011 G
1%
#26602000
b1111 4
b1111 :
b1111 R
b1 N
b0 M
1S
1.
b0 Q
b11111 T
b10000 2
b10000 J
b10000 U
b11001 1
b11001 I
b11001 O
b11011 H
b11 W
b1010011 +
b1010011 3
b1010011 9
b1010011 V
1'
#26604000
0'
0%
#26606000
b0 4
b0 :
b0 R
1S
b11 N
0P
b1 M
b100 W
b1010100 +
b1010100 3
b1010100 9
b1010100 V
b11011 1
b11011 I
b11011 O
b1 Q
b0 T
b0 2
b0 J
b0 U
1'
#26607000
b1000100 #
b1000100 )
b1000100 -
b1000100 0
b1000100 7
b1000100 ;
b11 8
b11 <
b11 C
b11111 ?
b11110 >
b10100 B
b10011 E
b11010 6
b11010 F
b11010 G
b0 K
1%
#26608000
0'
#26610000
1P
b1 4
b1 :
b1 R
0S
b10 N
b11 M
b10 Q
b1 T
b1 2
b1 J
b1 U
b11010 H
b101 W
b1010101 +
b1010101 3
b1010101 9
b1010101 V
1'
0%
#26612000
0'
#26613000
b1000101 #
b1000101 )
b1000101 -
b1000101 0
b1000101 7
b1000101 ;
b100 8
b100 <
b100 C
b11101 ?
b11111 >
b0 5
b0 @
b0 L
b1 K
b10101 B
b10100 E
b11110 6
b11110 F
b11110 G
1%
#26614000
1S
b10 4
b10 :
b10 R
b10 N
0P
b11 M
b110 W
b1010110 +
b1010110 3
b1010110 9
b1010110 V
b11010 1
b11010 I
b11010 O
b11110 H
b10 Q
b10 T
b11 2
b11 J
b11 U
1!
0.
1'
#26616000
0'
0%
#26618000
0S
0!
1.
b11110 1
b11110 I
b11110 O
0*
1'
#26619000
b1000110 #
b1000110 )
b1000110 -
b1000110 0
b1000110 7
b1000110 ;
b101 8
b101 <
b101 C
b11100 ?
b11101 >
b10110 B
b10101 E
b11111 6
b11111 F
b11111 G
b1 5
b1 @
b1 L
b11 K
1%
#26620000
0'
0$
#26622000
b11111 H
0.
1'
0%
#26624000
0'
#26625000
b1001000 #
b1001000 )
b1001000 -
b1001000 0
b1001000 7
b1001000 ;
b110 8
b110 <
b110 C
b10100 ?
b11100 >
b11 5
b11 @
b11 L
b10111 B
b10110 E
b11101 6
b11101 F
b11101 G
1%
#26626000
b11111 1
b11111 I
b11111 O
b11101 H
1'
#26628000
0'
0%
#26630000
b11101 1
b11101 I
b11101 O
1'
#26631000
b1001001 #
b1001001 )
b1001001 -
b1001001 0
b1001001 7
b1001001 ;
b111 8
b111 <
b111 C
b10101 ?
b10100 >
b11000 B
b10111 E
b11100 6
b11100 F
b11100 G
1%
#26632000
0'
#26634000
b11100 H
1'
0%
#26636000
0'
#26637000
b1001010 #
b1001010 )
b1001010 -
b1001010 0
b1001010 7
b1001010 ;
b1000 8
b1000 <
b1000 C
b10111 ?
b10101 >
b11001 B
b11000 E
b10100 6
b10100 F
b10100 G
1%
#26638000
b11100 1
b11100 I
b11100 O
b10100 H
1'
#26640000
0'
0%
#26642000
b10100 1
b10100 I
b10100 O
1'
#26643000
b1001011 #
b1001011 )
b1001011 -
b1001011 0
b1001011 7
b1001011 ;
b1001 8
b1001 <
b1001 C
b10110 ?
b10111 >
b11010 B
b11001 E
b10101 6
b10101 F
b10101 G
1%
#26644000
0'
#26646000
b10101 H
1'
0%
#26648000
0'
#26649000
b1001101 #
b1001101 )
b1001101 -
b1001101 0
b1001101 7
b1001101 ;
b1010 8
b1010 <
b1010 C
b10010 ?
b10110 >
b11011 B
b11010 E
b10111 6
b10111 F
b10111 G
1%
#26650000
b10101 1
b10101 I
b10101 O
b10111 H
1'
#26652000
0'
0%
#26654000
b10111 1
b10111 I
b10111 O
1'
#26655000
b1001110 #
b1001110 )
b1001110 -
b1001110 0
b1001110 7
b1001110 ;
b1011 8
b1011 <
b1011 C
b10011 ?
b10010 >
b11100 B
b11011 E
b10110 6
b10110 F
b10110 G
1%
#26656000
0'
#26658000
b10110 H
1'
0%
#26660000
0'
#26661000
b1001111 #
b1001111 )
b1001111 -
b1001111 0
b1001111 7
b1001111 ;
b1100 8
b1100 <
b1100 C
b10001 ?
b10011 >
b11101 B
b11100 E
b10010 6
b10010 F
b10010 G
1%
#26662000
b10110 1
b10110 I
b10110 O
b10010 H
1'
#26664000
0'
0%
#26666000
b10010 1
b10010 I
b10010 O
1'
#26667000
b1010000 #
b1010000 )
b1010000 -
b1010000 0
b1010000 7
b1010000 ;
b1101 8
b1101 <
b1101 C
b10000 ?
b10001 >
b11110 B
b11101 E
b10011 6
b10011 F
b10011 G
1%
#26668000
0'
#26670000
b10011 H
1'
0%
#26672000
0'
#26673000
b1010010 #
b1010010 )
b1010010 -
b1010010 0
b1010010 7
b1010010 ;
b1110 8
b1110 <
b1110 C
b0 ?
b10000 >
b11111 B
b11110 E
b10001 6
b10001 F
b10001 G
1%
#26674000
b10011 1
b10011 I
b10011 O
b10001 H
1'
#26676000
0'
0%
#26678000
b10001 1
b10001 I
b10001 O
1'
#26679000
b1010011 #
b1010011 )
b1010011 -
b1010011 0
b1010011 7
b1010011 ;
b1111 8
b1111 <
b1111 C
b1 ?
b0 >
b0 B
b11111 E
b10000 6
b10000 F
b10000 G
1%
#26680000
0'
#26682000
b10000 H
1'
0%
#26684000
0'
#26685000
1D
b1010100 #
b1010100 )
b1010100 -
b1010100 0
b1010100 7
b1010100 ;
b0 8
b0 <
b0 C
b11 ?
b1 >
b1 B
b0 E
b0 6
b0 F
b0 G
1%
#26686000
b10000 1
b10000 I
b10000 O
b0 H
1'
#26688000
0'
0%
#26690000
b0 1
b0 I
b0 O
1'
#26691000
1A
b1010101 #
b1010101 )
b1010101 -
b1010101 0
b1010101 7
b1010101 ;
b1 8
b1 <
b1 C
0D
b10 ?
b11 >
1/
b10 B
b1 E
b1 6
b1 F
b1 G
1%
#26692000
0'
#26694000
b1 H
1'
0%
#26696000
0'
#26697000
b1000011 #
b1000011 )
b1000011 -
b1000011 0
b1000011 7
b1000011 ;
b10 8
b10 <
b10 C
b10 ?
1A
b11 >
b10 B
b10 E
b11 6
b11 F
b11 G
1"
0/
1%
#26698000
b1 1
b1 I
b1 O
b11 H
1'
#26700000
0'
0%
#26702000
b11 1
b11 I
b11 O
1'
#26703000
0,
1%
#26704000
0'
#26706000
1'
0%
#26708000
0'
#26709000
1%
#26710000
1'
#26712000
0'
0%
#26714000
1'
#26715000
1%
#26716000
0'
#26718000
1'
0%
#26720000
0'
#26721000
1%
#26722000
1'
#26724000
0'
0%
#26726000
1'
#26727000
1%
#26728000
0'
#26730000
1'
0%
#26732000
0'
#26733000
1%
#26734000
1'
#26736000
0'
0%
#26738000
1'
#26739000
1%
#26740000
0'
#26742000
1'
0%
#26744000
0'
#26745000
1%
#26746000
1'
#26748000
0'
0%
#26750000
1'
#26751000
1%
#26752000
0'
#26754000
1'
0%
#26756000
0'
#26757000
1%
#26758000
1'
#26760000
0'
0%
#26762000
1'
#26763000
1%
#26764000
0'
#26766000
1'
0%
#26768000
0'
#26769000
1%
#26770000
1'
#26772000
0'
0%
#26774000
1'
#26775000
1%
#26776000
0'
#26778000
1'
0%
#26780000
0'
#26781000
1%
#26782000
1'
#26784000
0'
0%
#26786000
1'
#26787000
1%
#26788000
0'
#26790000
1'
0%
#26792000
0'
#26793000
1%
#26794000
1'
#26796000
0'
0%
#26798000
1'
#26799000
1%
#26800000
0'
#26802000
1'
0%
#26804000
0'
#26805000
1%
#26806000
1'
#26808000
0'
0%
#26810000
1'
#26811000
1%
#26812000
0'
#26814000
1'
0%
#26816000
0'
#26817000
1%
#26818000
1'
#26820000
0'
0%
#26822000
1'
#26823000
1%
#26824000
0'
#26826000
1'
0%
#26828000
0'
#26829000
1%
#26830000
1'
#26832000
0'
0%
#26834000
1'
#26835000
1%
#26836000
0'
#26838000
1'
0%
#26840000
0'
#26841000
1%
#26842000
1'
#26844000
0'
0%
#26846000
1'
#26847000
1%
#26848000
0'
#26850000
1'
0%
#26852000
0'
#26853000
1%
#26854000
1'
#26856000
0'
0%
#26858000
1'
#26859000
1%
#26860000
0'
#26862000
1'
0%
#26864000
0'
#26865000
1%
#26866000
1'
#26868000
0'
0%
#26870000
1'
#26871000
1%
#26872000
0'
#26874000
1'
0%
#26876000
0'
#26877000
1%
#26878000
1'
#26880000
0'
0%
#26882000
1'
#26883000
1%
#26884000
0'
#26886000
1'
0%
#26888000
0'
#26889000
1%
#26890000
1'
#26892000
0'
0%
#26894000
1'
#26895000
1%
#26896000
0'
#26898000
1'
0%
#26900000
0'
#26901000
1%
#26902000
1'
#26904000
0'
0%
#26906000
1'
#26907000
1%
#26908000
0'
#26910000
1'
0%
#26912000
0'
#26913000
1%
#26914000
1'
#26916000
0'
0%
#26918000
1'
#26919000
1%
#26920000
0'
#26922000
1'
0%
#26924000
0'
#26925000
1%
#26926000
1'
#26928000
0'
0%
#26930000
1'
#26931000
1%
#26932000
0'
#26934000
1'
0%
#26936000
0'
#26937000
1%
#26938000
1'
#26940000
0'
0%
#26942000
1'
#26943000
1%
#26944000
0'
#26946000
1'
0%
#26948000
0'
#26949000
1%
#26950000
1'
#26952000
0'
0%
#26954000
1'
#26955000
1%
#26956000
0'
#26958000
1'
0%
#26960000
0'
#26961000
1%
#26962000
1'
#26964000
0'
0%
#26966000
1'
#26967000
1%
#26968000
0'
#26970000
1'
0%
#26972000
0'
#26973000
1%
#26974000
1'
#26976000
0'
0%
#26978000
1'
#26979000
1%
#26980000
0'
#26982000
1'
0%
#26984000
0'
#26985000
1%
#26986000
1'
#26988000
0'
0%
#26990000
1'
#26991000
1%
#26992000
0'
#26994000
1'
0%
#26996000
0'
#26997000
1%
#26998000
1'
#27000000
0'
0%
#27002000
1'
#27003000
1%
#27004000
0'
#27006000
1'
0%
#27008000
0'
#27009000
1%
#27010000
1'
#27012000
0'
0%
#27014000
1'
#27015000
1%
#27016000
0'
#27018000
1'
0%
#27020000
0'
#27021000
1%
#27022000
1'
#27024000
0'
0%
#27026000
1'
#27027000
1%
#27028000
0'
#27030000
1'
0%
#27032000
0'
#27033000
1%
#27034000
1'
#27036000
0'
0%
#27038000
1'
#27039000
1%
#27040000
0'
#27042000
1'
0%
#27044000
0'
#27045000
1%
#27046000
1'
#27048000
0'
0%
#27050000
1'
#27051000
1%
#27052000
0'
#27054000
1'
0%
#27056000
0'
#27057000
1%
#27058000
1'
#27060000
0'
0%
#27062000
1'
#27063000
1%
#27064000
0'
#27066000
1'
0%
#27068000
0'
#27069000
1%
#27070000
1'
#27072000
0'
0%
#27074000
1'
#27075000
1%
#27076000
0'
#27078000
1'
0%
#27080000
0'
#27081000
1%
#27082000
1'
#27084000
0'
0%
#27086000
1'
#27087000
1%
#27088000
0'
#27090000
1'
0%
#27092000
0'
#27093000
1%
#27094000
1'
#27096000
0'
0%
#27098000
1'
#27099000
1%
#27100000
0'
#27102000
1'
0%
#27104000
0'
#27105000
1%
#27106000
1'
#27108000
0'
0%
#27110000
1'
#27111000
1%
#27112000
0'
#27114000
1'
0%
#27116000
0'
#27117000
1%
#27118000
1'
#27120000
0'
0%
#27122000
1'
#27123000
1%
#27124000
0'
#27126000
1'
0%
#27128000
0'
#27129000
1%
#27130000
1'
#27132000
0'
0%
#27134000
1'
#27135000
1%
#27136000
0'
#27138000
1'
0%
#27140000
0'
#27141000
1%
#27142000
1'
#27144000
0'
0%
#27146000
1'
#27147000
1%
#27148000
0'
#27150000
1'
0%
#27152000
0'
#27153000
1%
#27154000
1'
#27156000
0'
0%
#27158000
1'
#27159000
1%
#27160000
0'
#27162000
1'
0%
#27164000
0'
#27165000
1%
#27166000
1'
#27168000
0'
0%
#27170000
1'
#27171000
1%
#27172000
0'
#27174000
1'
0%
#27176000
0'
#27177000
1%
#27178000
1'
#27180000
0'
0%
#27182000
1'
#27183000
1%
#27184000
0'
#27186000
1'
0%
#27188000
0'
#27189000
1%
#27190000
1'
#27192000
0'
0%
#27194000
1'
#27195000
1%
#27196000
0'
#27198000
1'
0%
#27200000
0'
#27201000
1%
#27202000
1'
#27204000
0'
0%
#27206000
1'
#27207000
1%
#27208000
0'
#27210000
1'
0%
#27212000
0'
#27213000
1%
#27214000
1'
#27216000
0'
0%
#27218000
1'
#27219000
1%
#27220000
0'
#27222000
1'
0%
#27224000
0'
#27225000
1%
#27226000
1'
#27228000
0'
0%
#27230000
1'
#27231000
1%
#27232000
0'
#27234000
1'
0%
#27236000
0'
#27237000
1%
#27238000
1'
#27240000
0'
0%
#27242000
1'
#27243000
1%
#27244000
0'
#27246000
1'
0%
#27248000
0'
#27249000
1%
#27250000
1'
#27252000
0'
0%
#27254000
1'
#27255000
1%
#27256000
0'
#27258000
1'
0%
#27260000
0'
#27261000
1%
#27262000
1'
#27264000
0'
0%
#27266000
1'
#27267000
1%
#27268000
0'
#27270000
1'
0%
#27272000
0'
#27273000
1%
#27274000
1'
#27276000
0'
0%
#27278000
1'
#27279000
1%
#27280000
0'
#27282000
1'
0%
#27284000
0'
#27285000
1%
#27286000
1'
#27288000
0'
0%
#27290000
1'
#27291000
1%
#27292000
0'
#27294000
1'
0%
#27296000
0'
#27297000
1%
#27298000
1'
#27300000
0'
0%
#27302000
1'
#27303000
1%
#27304000
0'
#27306000
1'
0%
#27308000
0'
#27309000
1%
#27310000
1'
#27312000
0'
0%
#27314000
1'
#27315000
1%
#27316000
0'
#27318000
1'
0%
#27320000
0'
#27321000
1%
#27322000
1'
#27324000
0'
0%
#27326000
1'
#27327000
1%
#27328000
0'
#27330000
1'
0%
#27332000
0'
#27333000
1%
#27334000
1'
#27336000
0'
0%
#27338000
1'
#27339000
1%
#27340000
0'
#27342000
1'
0%
#27344000
0'
#27345000
1%
#27346000
1'
#27348000
0'
0%
#27350000
1'
#27351000
1%
#27352000
0'
#27354000
1'
0%
#27356000
0'
#27357000
1%
#27358000
1'
#27360000
0'
0%
#27362000
1'
#27363000
1%
#27364000
0'
#27366000
1'
0%
#27368000
0'
#27369000
1%
#27370000
1'
#27372000
0'
0%
#27374000
1'
#27375000
1%
#27376000
0'
#27378000
1'
0%
#27380000
0'
#27381000
1%
#27382000
1'
#27384000
0'
0%
#27386000
1'
#27387000
1%
#27388000
0'
#27390000
1'
0%
#27392000
0'
#27393000
1%
#27394000
1'
#27396000
0'
0%
#27398000
1'
#27399000
1%
#27400000
0'
#27402000
1'
0%
#27404000
0'
#27405000
1%
#27406000
1'
#27408000
0'
0%
#27410000
1'
#27411000
1%
#27412000
0'
#27414000
1'
0%
#27416000
0'
#27417000
1%
#27418000
1'
#27420000
0'
0%
#27422000
1'
#27423000
1%
#27424000
0'
#27426000
1'
0%
#27428000
0'
#27429000
1%
#27430000
1'
#27432000
0'
0%
#27434000
1'
#27435000
1%
#27436000
0'
#27438000
1'
0%
#27440000
0'
#27441000
1%
#27442000
1'
#27444000
0'
0%
#27446000
1'
#27447000
1%
#27448000
0'
#27450000
1'
0%
#27452000
0'
#27453000
1%
#27454000
1'
#27456000
0'
0%
#27458000
1'
#27459000
1%
#27460000
0'
#27462000
1'
0%
#27464000
0'
#27465000
1%
#27466000
1'
#27468000
0'
0%
#27470000
1'
#27471000
1%
#27472000
0'
#27474000
1'
0%
#27476000
0'
#27477000
1%
#27478000
1'
#27480000
0'
0%
#27482000
1'
#27483000
1%
#27484000
0'
#27486000
1'
0%
#27488000
0'
#27489000
1%
#27490000
1'
#27492000
0'
0%
#27494000
1'
#27495000
1%
#27496000
0'
#27498000
1'
0%
#27500000
0'
#27501000
1%
#27502000
1'
#27504000
0'
0%
#27506000
1'
#27507000
1%
#27508000
0'
#27510000
1'
0%
#27512000
0'
#27513000
1%
#27514000
1'
#27516000
0'
0%
#27518000
1'
#27519000
1%
#27520000
0'
#27522000
1'
0%
#27524000
0'
#27525000
1%
#27526000
1'
#27528000
0'
0%
#27530000
1'
#27531000
1%
#27532000
0'
#27534000
1'
0%
#27536000
0'
#27537000
1%
#27538000
1'
#27540000
0'
0%
#27542000
1'
#27543000
1%
#27544000
0'
#27546000
1'
0%
#27548000
0'
#27549000
1%
#27550000
1'
#27552000
0'
0%
#27554000
1'
#27555000
1%
#27556000
0'
#27558000
1'
0%
#27560000
0'
#27561000
1%
#27562000
1'
#27564000
0'
0%
#27566000
1'
#27567000
1%
#27568000
0'
#27570000
1'
0%
#27572000
0'
#27573000
1%
#27574000
1'
#27576000
0'
0%
#27578000
1'
#27579000
1%
#27580000
0'
#27582000
1'
0%
#27584000
0'
#27585000
1%
#27586000
1'
#27588000
0'
0%
#27590000
1'
#27591000
1%
#27592000
0'
#27594000
1'
0%
#27596000
0'
#27597000
1%
#27598000
1'
#27600000
0'
0%
#27602000
1'
#27603000
1%
#27604000
0'
#27606000
1'
0%
#27608000
0'
#27609000
1%
#27610000
1'
#27612000
0'
0%
#27614000
1'
#27615000
1%
#27616000
0'
#27618000
1'
0%
#27620000
0'
#27621000
1%
#27622000
1'
#27624000
0'
0%
#27626000
1'
#27627000
1%
#27628000
0'
#27630000
1'
0%
#27632000
0'
#27633000
1%
#27634000
1'
#27636000
0'
0%
#27638000
1'
#27639000
1%
#27640000
0'
#27642000
1'
0%
#27644000
0'
#27645000
1%
#27646000
1'
#27648000
0'
0%
#27650000
1'
#27651000
1%
#27652000
0'
#27654000
1'
0%
#27656000
0'
#27657000
1%
#27658000
1'
#27660000
0'
0%
#27662000
1'
#27663000
1%
#27664000
0'
#27666000
1'
0%
#27668000
0'
#27669000
1%
#27670000
1'
#27672000
0'
0%
#27674000
1'
#27675000
1%
#27676000
0'
#27678000
1'
0%
#27680000
0'
#27681000
1%
#27682000
1'
#27684000
0'
0%
#27686000
1'
#27687000
1%
#27688000
0'
#27690000
1'
0%
#27692000
0'
#27693000
1%
#27694000
1'
#27696000
0'
0%
#27698000
1'
#27699000
1%
#27700000
0'
#27702000
1'
0%
#27704000
0'
#27705000
1%
#27706000
1'
#27708000
0'
0%
#27710000
1'
#27711000
1%
#27712000
0'
#27714000
1'
0%
#27716000
0'
#27717000
1%
#27718000
1'
#27720000
0'
0%
#27722000
1'
#27723000
1%
#27724000
0'
#27726000
1'
0%
#27728000
0'
#27729000
1%
#27730000
1'
#27732000
0'
0%
#27734000
1'
#27735000
1%
#27736000
0'
#27738000
1'
0%
#27740000
0'
#27741000
1%
#27742000
1'
#27744000
0'
0%
#27746000
1'
#27747000
1%
#27748000
0'
#27750000
1'
0%
#27752000
0'
#27753000
1%
#27754000
1'
#27756000
0'
0%
#27758000
1'
#27759000
1%
#27760000
0'
#27762000
1'
0%
#27764000
0'
#27765000
1%
#27766000
1'
#27768000
0'
0%
#27770000
1'
#27771000
1%
#27772000
0'
#27774000
1'
0%
#27776000
0'
#27777000
1%
#27778000
1'
#27780000
0'
0%
#27782000
1'
#27783000
1%
#27784000
0'
#27786000
1'
0%
#27788000
0'
#27789000
1%
#27790000
1'
#27792000
0'
0%
#27794000
1'
#27795000
1%
#27796000
0'
#27798000
1'
0%
#27800000
0'
#27801000
1%
#27802000
1'
#27804000
0'
0%
#27806000
1'
#27807000
1%
#27808000
0'
#27810000
1'
0%
#27812000
0'
#27813000
1%
#27814000
1'
#27816000
0'
0%
#27818000
1'
#27819000
1%
#27820000
0'
#27822000
1'
0%
#27824000
0'
#27825000
1%
#27826000
1'
#27828000
0'
0%
#27830000
1'
#27831000
1%
#27832000
0'
#27834000
1'
0%
#27836000
0'
#27837000
1%
#27838000
1'
#27840000
0'
0%
#27842000
1'
#27843000
1%
#27844000
0'
#27846000
1'
0%
#27848000
0'
#27849000
1%
#27850000
1'
#27852000
0'
0%
#27854000
1'
#27855000
1%
#27856000
0'
#27858000
1'
0%
#27860000
0'
#27861000
1%
#27862000
1'
#27864000
0'
0%
#27866000
1'
#27867000
1%
#27868000
0'
#27870000
1'
0%
#27872000
0'
#27873000
1%
#27874000
1'
#27876000
0'
0%
#27878000
1'
#27879000
1%
#27880000
0'
#27882000
1'
0%
#27884000
0'
#27885000
1%
#27886000
1'
#27888000
0'
0%
#27890000
1'
#27891000
1%
#27892000
0'
#27894000
1'
0%
#27896000
0'
#27897000
1%
#27898000
1'
#27900000
0'
0%
#27902000
1'
#27903000
1%
#27904000
0'
#27906000
1'
0%
#27908000
0'
#27909000
1%
#27910000
1'
#27912000
0'
0%
#27914000
1'
#27915000
1%
#27916000
0'
#27918000
1'
0%
#27920000
0'
#27921000
1%
#27922000
1'
#27924000
0'
0%
#27926000
1'
#27927000
1%
#27928000
0'
#27930000
1'
0%
#27932000
0'
#27933000
1%
#27934000
1'
#27936000
0'
0%
#27938000
1'
#27939000
1%
#27940000
0'
#27942000
1'
0%
#27944000
0'
#27945000
1%
#27946000
1'
#27948000
0'
0%
#27950000
1'
#27951000
1%
#27952000
0'
#27954000
1'
0%
#27956000
0'
#27957000
1%
#27958000
1'
#27960000
0'
0%
#27962000
1'
#27963000
1%
#27964000
0'
#27966000
1'
0%
#27968000
0'
#27969000
1%
#27970000
1'
#27972000
0'
0%
#27974000
1'
#27975000
1%
#27976000
0'
#27978000
1'
0%
#27980000
0'
#27981000
1%
#27982000
1'
#27984000
0'
0%
#27986000
1'
#27987000
1%
#27988000
0'
#27990000
1'
0%
#27992000
0'
#27993000
1%
#27994000
1'
#27996000
0'
0%
#27998000
1'
#27999000
1%
#28000000
0'
#28002000
1'
0%
#28004000
0'
#28005000
1%
#28006000
1'
#28008000
0'
0%
#28010000
1'
#28011000
1%
#28012000
0'
#28014000
1'
0%
#28016000
0'
#28017000
1%
#28018000
1'
#28020000
0'
0%
#28022000
1'
#28023000
1%
#28024000
0'
#28026000
1'
0%
#28028000
0'
#28029000
1%
#28030000
1'
#28032000
0'
0%
#28034000
1'
#28035000
1%
#28036000
0'
#28038000
1'
0%
#28040000
0'
#28041000
1%
#28042000
1'
#28044000
0'
0%
#28046000
1'
#28047000
1%
#28048000
0'
#28050000
1'
0%
#28052000
0'
#28053000
1%
#28054000
1'
#28056000
0'
0%
#28058000
1'
#28059000
1%
#28060000
0'
#28062000
1'
0%
#28064000
0'
#28065000
1%
#28066000
1'
#28068000
0'
0%
#28070000
1'
#28071000
1%
#28072000
0'
#28074000
1'
0%
#28076000
0'
#28077000
1%
#28078000
1'
#28080000
0'
0%
#28082000
1'
#28083000
1%
#28084000
0'
#28086000
1'
0%
#28088000
0'
#28089000
1%
#28090000
1'
#28092000
0'
0%
#28094000
1'
#28095000
1%
#28096000
0'
#28098000
1'
0%
#28100000
0'
#28101000
1%
#28102000
1'
#28104000
0'
0%
#28106000
1'
#28107000
1%
#28108000
0'
#28110000
1'
0%
#28112000
0'
#28113000
1%
#28114000
1'
#28116000
0'
0%
#28118000
1'
#28119000
1%
#28120000
0'
#28122000
1'
0%
#28124000
0'
#28125000
1%
#28126000
1'
#28128000
0'
0%
#28130000
1'
#28131000
1%
#28132000
0'
#28134000
1'
0%
#28136000
0'
#28137000
1%
#28138000
1'
#28140000
0'
0%
#28142000
1'
#28143000
1%
#28144000
0'
#28146000
1'
0%
#28148000
0'
#28149000
1%
#28150000
1'
#28152000
0'
0%
#28154000
1'
#28155000
1%
#28156000
0'
#28158000
1'
0%
#28160000
0'
#28161000
1%
#28162000
1'
#28164000
0'
0%
#28166000
1'
#28167000
1%
#28168000
0'
#28170000
1'
0%
#28172000
0'
#28173000
1%
#28174000
1'
#28176000
0'
0%
#28178000
1'
#28179000
1%
#28180000
0'
#28182000
1'
0%
#28184000
0'
#28185000
1%
#28186000
1'
#28188000
0'
0%
#28190000
1'
#28191000
1%
#28192000
0'
#28194000
1'
0%
#28196000
0'
#28197000
1%
#28198000
1'
#28200000
0'
0%
#28202000
1'
#28203000
1%
#28204000
0'
#28206000
1'
0%
#28208000
0'
#28209000
1%
#28210000
1'
#28212000
0'
0%
#28214000
1'
#28215000
1%
#28216000
0'
#28218000
1'
0%
#28220000
0'
#28221000
1%
#28222000
1'
#28224000
0'
0%
#28226000
1'
#28227000
1%
#28228000
0'
#28230000
1'
0%
#28232000
0'
#28233000
1%
#28234000
1'
#28236000
0'
0%
#28238000
1'
#28239000
1%
#28240000
0'
#28242000
1'
0%
#28244000
0'
#28245000
1%
#28246000
1'
#28248000
0'
0%
#28250000
1'
#28251000
1%
#28252000
0'
#28254000
1'
0%
#28256000
0'
#28257000
1%
#28258000
1'
#28260000
0'
0%
#28262000
1'
#28263000
1%
#28264000
0'
#28266000
1'
0%
#28268000
0'
#28269000
1%
#28270000
1'
#28272000
0'
0%
#28274000
1'
#28275000
1%
#28276000
0'
#28278000
1'
0%
#28280000
0'
#28281000
1%
#28282000
1'
#28284000
0'
0%
#28286000
1'
#28287000
1%
#28288000
0'
#28290000
1'
0%
#28292000
0'
#28293000
1%
#28294000
1'
#28296000
0'
0%
#28298000
1'
#28299000
1%
#28300000
0'
#28302000
1'
0%
#28304000
0'
#28305000
1%
#28306000
1'
#28308000
0'
0%
#28310000
1'
#28311000
1%
#28312000
0'
#28314000
1'
0%
#28316000
0'
#28317000
1%
#28318000
1'
#28320000
0'
0%
#28322000
1'
#28323000
1%
#28324000
0'
#28326000
1'
0%
#28328000
0'
#28329000
1%
#28330000
1'
#28332000
0'
0%
#28334000
1'
#28335000
1%
#28336000
0'
#28338000
1'
0%
#28340000
0'
#28341000
1%
#28342000
1'
#28344000
0'
0%
#28346000
1'
#28347000
1%
#28348000
0'
#28350000
1'
0%
#28352000
0'
#28353000
1%
#28354000
1'
#28356000
0'
0%
#28358000
1'
#28359000
1%
#28360000
0'
#28362000
1'
0%
#28364000
0'
#28365000
1%
#28366000
1'
#28368000
0'
0%
#28370000
1'
#28371000
1%
#28372000
0'
#28374000
1'
0%
#28376000
0'
#28377000
1%
#28378000
1'
#28380000
0'
0%
#28382000
1'
#28383000
1%
#28384000
0'
#28386000
1'
0%
#28388000
0'
#28389000
1%
#28390000
1'
#28392000
0'
0%
#28394000
1'
#28395000
1%
#28396000
0'
#28398000
1'
0%
#28400000
0'
#28401000
1%
#28402000
1'
#28404000
0'
0%
#28406000
1'
#28407000
1%
#28408000
0'
#28410000
1'
0%
#28412000
0'
#28413000
1%
#28414000
1'
#28416000
0'
0%
#28418000
1'
#28419000
1%
#28420000
0'
#28422000
1'
0%
#28424000
0'
#28425000
1%
#28426000
1'
#28428000
0'
0%
#28430000
1'
#28431000
1%
#28432000
0'
#28434000
1'
0%
#28436000
0'
#28437000
1%
#28438000
1'
#28440000
0'
0%
#28442000
1'
#28443000
1%
#28444000
0'
#28446000
1'
0%
#28448000
0'
#28449000
1%
#28450000
1'
#28452000
0'
0%
#28454000
1'
#28455000
1%
#28456000
0'
#28458000
1'
0%
#28460000
0'
#28461000
1%
#28462000
1'
#28464000
0'
0%
#28466000
1'
#28467000
1%
#28468000
0'
#28470000
1'
0%
#28472000
0'
#28473000
1%
#28474000
1'
#28476000
0'
0%
#28478000
1'
#28479000
1%
#28480000
0'
#28482000
1'
0%
#28484000
0'
#28485000
1%
#28486000
1'
#28488000
0'
0%
#28490000
1'
#28491000
1%
#28492000
0'
#28494000
1'
0%
#28496000
0'
#28497000
1%
#28498000
1'
#28500000
0'
0%
#28502000
1'
#28503000
1%
#28504000
0'
#28506000
1'
0%
#28508000
0'
#28509000
1%
#28510000
1'
#28512000
0'
0%
#28514000
1'
#28515000
1%
#28516000
0'
#28518000
1'
0%
#28520000
0'
#28521000
1%
#28522000
1'
#28524000
0'
0%
#28526000
1'
#28527000
1%
#28528000
0'
#28530000
1'
0%
#28532000
0'
#28533000
1%
#28534000
1'
#28536000
0'
0%
#28538000
1'
#28539000
1%
#28540000
0'
#28542000
1'
0%
#28544000
0'
#28545000
1%
#28546000
1'
#28548000
0'
0%
#28550000
1'
#28551000
1%
#28552000
0'
#28554000
1'
0%
#28556000
0'
#28557000
1%
#28558000
1'
#28560000
0'
0%
#28562000
1'
#28563000
1%
#28564000
0'
#28566000
1'
0%
#28568000
0'
#28569000
1%
#28570000
1'
#28572000
0'
0%
#28574000
1'
#28575000
1%
#28576000
0'
#28578000
1'
0%
#28580000
0'
#28581000
1%
#28582000
1'
#28584000
0'
0%
#28586000
1'
#28587000
1%
#28588000
0'
#28590000
1'
0%
#28592000
0'
#28593000
1%
#28594000
1'
#28596000
0'
0%
#28598000
1'
#28599000
1%
#28600000
0'
#28602000
1'
0%
#28604000
0'
#28605000
1%
#28606000
1'
#28608000
0'
0%
#28610000
1'
#28611000
1%
#28612000
0'
#28614000
1'
0%
#28616000
0'
#28617000
1%
#28618000
1'
#28620000
0'
0%
1$
#28622000
b110 N
b10 M
b11 Q
b111 W
b1010111 +
b1010111 3
b1010111 9
b1010111 V
1*
1'
#28623000
1%
#28624000
0'
#28626000
b11 4
b11 :
b11 R
b111 N
b110 M
b1010111 #
b1010111 )
b1010111 -
b1010111 0
b1010111 7
b1010111 ;
b100 Q
b11 T
b10 2
b10 J
b10 U
b1000 W
b1011000 +
b1011000 3
b1011000 9
b1011000 V
1'
0%
#28628000
0'
#28629000
b10 K
1%
#28630000
b100 4
b100 :
b100 R
b101 N
b111 M
b1001 W
b1011001 +
b1011001 3
b1011001 9
b1011001 V
b101 Q
b100 T
b110 2
b110 J
b110 U
1'
#28632000
0'
0%
#28634000
b101 4
b101 :
b101 R
b100 N
b101 M
b110 Q
b101 T
b111 2
b111 J
b111 U
b1010 W
b1011010 +
b1011010 3
b1011010 9
b1011010 V
1'
#28635000
1D
0A
b10 5
b10 @
b10 L
b111 K
1%
#28636000
0'
#28638000
b110 4
b110 :
b110 R
b1100 N
b100 M
b1011 W
b1011011 +
b1011011 3
b1011011 9
b1011011 V
b111 Q
b110 T
b101 2
b101 J
b101 U
1'
0%
#28640000
0'
#28641000
0D
b111 5
b111 @
b111 L
b101 K
0"
1/
1%
#28642000
b111 4
b111 :
b111 R
b1101 N
b1100 M
b1000 Q
b111 T
b100 2
b100 J
b100 U
b1100 W
b1011100 +
b1011100 3
b1011100 9
b1011100 V
1'
#28644000
0'
0%
#28646000
b1000 4
b1000 :
b1000 R
b1111 N
b1101 M
b1101 W
b1011101 +
b1011101 3
b1011101 9
b1011101 V
b1001 Q
b1000 T
b1100 2
b1100 J
b1100 U
1'
#28647000
0D
b110 ?
b10 >
b11 B
1,
0/
b101 5
b101 @
b101 L
b1100 K
1%
#28648000
0'
#28650000
b1001 4
b1001 :
b1001 R
b1110 N
b1111 M
b1010 Q
b1001 T
b1101 2
b1101 J
b1101 U
b1110 W
b1011110 +
b1011110 3
b1011110 9
b1011110 V
1'
0%
#28652000
0'
#28653000
b1011000 #
b1011000 )
b1011000 -
b1011000 0
b1011000 7
b1011000 ;
b11 8
b11 <
b11 C
b111 ?
b110 >
b1100 5
b1100 @
b1100 L
b1101 K
b100 B
b11 E
b10 6
b10 F
b10 G
1%
#28654000
b1010 4
b1010 :
b1010 R
b1010 N
b1110 M
b1111 W
b1011111 +
b1011111 3
b1011111 9
b1011111 V
b10 H
b1011 Q
b1010 T
b1111 2
b1111 J
b1111 U
1'
#28656000
0'
0%
#28658000
b1011 4
b1011 :
b1011 R
b1011 N
b1010 M
b1100 Q
b1011 T
b1110 2
b1110 J
b1110 U
b10 1
b10 I
b10 O
b0 W
b1100000 +
b1100000 3
b1100000 9
b1100000 V
1'
#28659000
b1011001 #
b1011001 )
b1011001 -
b1011001 0
b1011001 7
b1011001 ;
b100 8
b100 <
b100 C
b101 ?
b111 >
b101 B
b100 E
b110 6
b110 F
b110 G
b1101 5
b1101 @
b1101 L
b1110 K
1%
#28660000
0'
#28662000
b1100 4
b1100 :
b1100 R
b1001 N
b1011 M
b1 W
b1100001 +
b1100001 3
b1100001 9
b1100001 V
b110 H
b1101 Q
b1100 T
b1010 2
b1010 J
b1010 U
1'
0%
#28664000
0'
#28665000
b1011010 #
b1011010 )
b1011010 -
b1011010 0
b1011010 7
b1011010 ;
b101 8
b101 <
b101 C
b100 ?
b101 >
b1110 5
b1110 @
b1110 L
b1010 K
b110 B
b101 E
b111 6
b111 F
b111 G
1%
#28666000
b1101 4
b1101 :
b1101 R
b1000 N
b1001 M
b1110 Q
b1101 T
b1011 2
b1011 J
b1011 U
b110 1
b110 I
b110 O
b111 H
b10 W
b1100010 +
b1100010 3
b1100010 9
b1100010 V
1'
#28668000
0'
0%
#28670000
b1110 4
b1110 :
b1110 R
b11000 N
b1000 M
b11 W
b1100011 +
b1100011 3
b1100011 9
b1100011 V
b111 1
b111 I
b111 O
b1111 Q
b1110 T
b1001 2
b1001 J
b1001 U
1'
#28671000
b1011011 #
b1011011 )
b1011011 -
b1011011 0
b1011011 7
b1011011 ;
b110 8
b110 <
b110 C
b1100 ?
b100 >
b111 B
b110 E
b101 6
b101 F
b101 G
b1010 5
b1010 @
b1010 L
b1001 K
1%
#28672000
0'
#28674000
b1111 4
b1111 :
b1111 R
b11001 N
b11000 M
b10000 Q
b1111 T
b1000 2
b1000 J
b1000 U
b101 H
b100 W
b1100100 +
b1100100 3
b1100100 9
b1100100 V
1'
0%
#28676000
0'
#28677000
b1011100 #
b1011100 )
b1011100 -
b1011100 0
b1011100 7
b1011100 ;
b111 8
b111 <
b111 C
b1101 ?
b1100 >
b1001 5
b1001 @
b1001 L
b1000 K
b1000 B
b111 E
b100 6
b100 F
b100 G
1%
#28678000
b0 4
b0 :
b0 R
b11011 N
b11001 M
b101 W
b1100101 +
b1100101 3
b1100101 9
b1100101 V
b101 1
b101 I
b101 O
b100 H
b10001 Q
b10000 T
b11000 2
b11000 J
b11000 U
1'
#28680000
0'
0%
#28682000
b1 4
b1 :
b1 R
b11010 N
b11011 M
b10010 Q
b10001 T
b11001 2
b11001 J
b11001 U
b100 1
b100 I
b100 O
b110 W
b1100110 +
b1100110 3
b1100110 9
b1100110 V
1'
#28683000
b1011101 #
b1011101 )
b1011101 -
b1011101 0
b1011101 7
b1011101 ;
b1000 8
b1000 <
b1000 C
b1111 ?
b1101 >
b1001 B
b1000 E
b1100 6
b1100 F
b1100 G
b1000 5
b1000 @
b1000 L
b11001 K
1%
#28684000
0'
#28686000
b10 4
b10 :
b10 R
b11110 N
b11010 M
b111 W
b1100111 +
b1100111 3
b1100111 9
b1100111 V
b1100 H
b10011 Q
b10010 T
b11011 2
b11011 J
b11011 U
1'
0%
#28688000
0'
#28689000
b1011110 #
b1011110 )
b1011110 -
b1011110 0
b1011110 7
b1011110 ;
b1001 8
b1001 <
b1001 C
b1110 ?
b1111 >
b11001 5
b11001 @
b11001 L
b11011 K
b1010 B
b1001 E
b1101 6
b1101 F
b1101 G
1%
#28690000
b11 4
b11 :
b11 R
b11111 N
b11110 M
b10100 Q
b10011 T
b11010 2
b11010 J
b11010 U
b1100 1
b1100 I
b1100 O
b1101 H
b1000 W
b1101000 +
b1101000 3
b1101000 9
b1101000 V
1'
#28692000
0'
0%
#28694000
b100 4
b100 :
b100 R
b11101 N
b11111 M
b1001 W
b1101001 +
b1101001 3
b1101001 9
b1101001 V
b1101 1
b1101 I
b1101 O
b10101 Q
b10100 T
b11110 2
b11110 J
b11110 U
1'
#28695000
b1011111 #
b1011111 )
b1011111 -
b1011111 0
b1011111 7
b1011111 ;
b1010 8
b1010 <
b1010 C
b1010 ?
b1110 >
b1011 B
b1010 E
b1111 6
b1111 F
b1111 G
b11011 5
b11011 @
b11011 L
b11110 K
1%
#28696000
0'
#28698000
b101 4
b101 :
b101 R
b11100 N
b11101 M
b10110 Q
b10101 T
b11111 2
b11111 J
b11111 U
b1111 H
b1010 W
b1101010 +
b1101010 3
b1101010 9
b1101010 V
1'
0%
#28700000
0'
#28701000
b1100000 #
b1100000 )
b1100000 -
b1100000 0
b1100000 7
b1100000 ;
b1011 8
b1011 <
b1011 C
b1011 ?
b1010 >
b11110 5
b11110 @
b11110 L
b11111 K
b1100 B
b1011 E
b1110 6
b1110 F
b1110 G
1%
#28702000
b110 4
b110 :
b110 R
b10100 N
b11100 M
b1011 W
b1101011 +
b1101011 3
b1101011 9
b1101011 V
b1111 1
b1111 I
b1111 O
b1110 H
b10111 Q
b10110 T
b11101 2
b11101 J
b11101 U
1'
#28704000
0'
0%
#28706000
b111 4
b111 :
b111 R
b10101 N
b10100 M
b11000 Q
b10111 T
b11100 2
b11100 J
b11100 U
b1110 1
b1110 I
b1110 O
b1100 W
b1101100 +
b1101100 3
b1101100 9
b1101100 V
1'
#28707000
b1100001 #
b1100001 )
b1100001 -
b1100001 0
b1100001 7
b1100001 ;
b1100 8
b1100 <
b1100 C
b1001 ?
b1011 >
b1101 B
b1100 E
b1010 6
b1010 F
b1010 G
b11111 5
b11111 @
b11111 L
b11100 K
1%
#28708000
0'
#28710000
b1000 4
b1000 :
b1000 R
0S
b10111 N
b10101 M
b1101 W
b1101101 +
b1101101 3
b1101101 9
b1101101 V
b1010 H
b11001 Q
b11000 T
b10100 2
b10100 J
b10100 U
1'
0%
#28712000
0'
#28713000
b1100010 #
b1100010 )
b1100010 -
b1100010 0
b1100010 7
b1100010 ;
b1101 8
b1101 <
b1101 C
b1000 ?
b1001 >
b11100 5
b11100 @
b11100 L
b10100 K
b1110 B
b1101 E
b1011 6
b1011 F
b1011 G
1%
#28714000
b1001 4
b1001 :
b1001 R
b10110 N
b10111 M
b11010 Q
b11001 T
b10101 2
b10101 J
b10101 U
b1010 1
b1010 I
b1010 O
b1011 H
b1110 W
b1101110 +
b1101110 3
b1101110 9
b1101110 V
1'
#28716000
0'
0%
#28718000
b1010 4
b1010 :
b1010 R
b10010 N
b10110 M
b1111 W
b1101111 +
b1101111 3
b1101111 9
b1101111 V
b1011 1
b1011 I
b1011 O
b11011 Q
b11010 T
b10111 2
b10111 J
b10111 U
1'
#28719000
b1100011 #
b1100011 )
b1100011 -
b1100011 0
b1100011 7
b1100011 ;
b1110 8
b1110 <
b1110 C
b11000 ?
b1000 >
b1111 B
b1110 E
b1001 6
b1001 F
b1001 G
b10100 5
b10100 @
b10100 L
b10111 K
1%
#28720000
0'
#28722000
b1011 4
b1011 :
b1011 R
1S
b10011 N
b10010 M
b11100 Q
b11011 T
b10110 2
b10110 J
b10110 U
b1001 H
b0 W
b1110000 +
b1110000 3
b1110000 9
b1110000 V
1'
0%
#28724000
0'
#28725000
b1100100 #
b1100100 )
b1100100 -
b1100100 0
b1100100 7
b1100100 ;
b1111 8
b1111 <
b1111 C
b11001 ?
0A
b11000 >
b10111 5
b10111 @
b10111 L
b10110 K
b10000 B
b1111 E
b1000 6
b1000 F
b1000 G
1%
#28726000
b1100 4
b1100 :
b1100 R
1S
b10001 N
0P
b10011 M
b1 W
b1110001 +
b1110001 3
b1110001 9
b1110001 V
b1001 1
b1001 I
b1001 O
b1000 H
b11101 Q
b11100 T
b10010 2
b10010 J
b10010 U
1.
1'
#28728000
0'
0%
#28730000
b1101 4
b1101 :
b1101 R
b10000 N
0P
b10001 M
1S
b11110 Q
b11101 T
b10011 2
b10011 J
b10011 U
b1000 1
b1000 I
b1000 O
b10 W
b1110010 +
b1110010 3
b1110010 9
b1110010 V
1'
#28731000
b1100101 #
b1100101 )
b1100101 -
b1100101 0
b1100101 7
b1100101 ;
b0 8
b0 <
b0 C
b11011 ?
b11001 >
b10001 B
b10000 E
b11000 6
b11000 F
b11000 G
b10110 5
b10110 @
b10110 L
b10011 K
1%
#28732000
0'
#28734000
b1110 4
b1110 :
b1110 R
0S
b0 N
1P
b10000 M
b11 W
b1110011 +
b1110011 3
b1110011 9
b1110011 V
b11000 H
b11111 Q
b11110 T
b10001 2
b10001 J
b10001 U
1'
0%
#28736000
0'
#28737000
b1100110 #
b1100110 )
b1100110 -
b1100110 0
b1100110 7
b1100110 ;
b1 8
b1 <
b1 C
b11010 ?
b11011 >
b10011 5
b10011 @
b10011 L
b10001 K
b10010 B
b10001 E
b11001 6
b11001 F
b11001 G
1%
#28738000
1S
b1111 4
b1111 :
b1111 R
b0 N
0P
b10000 M
1!
0.
b11111 Q
b11111 T
b10000 2
b10000 J
b10000 U
b11000 1
b11000 I
b11000 O
b11001 H
b100 W
b1110100 +
b1110100 3
b1110100 9
b1110100 V
1'
#28740000
0'
0%
#28742000
0S
0*
b11001 1
b11001 I
b11001 O
0!
1.
1'
#28743000
b1100111 #
b1100111 )
b1100111 -
b1100111 0
b1100111 7
b1100111 ;
b10 8
b10 <
b10 C
b11110 ?
b11010 >
b10011 B
b10010 E
b11011 6
b11011 F
b11011 G
b10001 5
b10001 @
b10001 L
b10000 K
1%
#28744000
0'
#28746000
1S
b1 N
b0 M
b0 Q
0.
b11011 H
b101 W
b1110101 +
b1110101 3
b1110101 9
b1110101 V
1*
1'
0%
#28748000
0'
#28749000
b1101000 #
b1101000 )
b1101000 -
b1101000 0
b1101000 7
b1101000 ;
b11 8
b11 <
b11 C
b11111 ?
b11110 >
b10000 5
b10000 @
b10000 L
b10100 B
b10011 E
b11010 6
b11010 F
b11010 G
1%
#28750000
b0 4
b0 :
b0 R
1S
b11 N
0P
b1 M
b110 W
b1110110 +
b1110110 3
b1110110 9
b1110110 V
b11011 1
b11011 I
b11011 O
b11010 H
b1 Q
b0 T
b0 2
b0 J
b0 U
1.
1'
#28752000
0'
0%
#28754000
b1 4
b1 :
b1 R
b10 N
0P
b11 M
1S
b10 Q
b1 T
b1 2
b1 J
b1 U
b11010 1
b11010 I
b11010 O
b111 W
b1110111 +
b1110111 3
b1110111 9
b1110111 V
1'
#28755000
b1101001 #
b1101001 )
b1101001 -
b1101001 0
b1101001 7
b1101001 ;
b100 8
b100 <
b100 C
b11101 ?
b11111 >
b10101 B
b10100 E
b11110 6
b11110 F
b11110 G
b1 K
1%
#28756000
0'
#28758000
b10 4
b10 :
b10 R
0S
b110 N
1P
b10 M
b1000 W
b1111000 +
b1111000 3
b1111000 9
b1111000 V
b11110 H
b11 Q
b10 T
b11 2
b11 J
b11 U
1'
0%
#28760000
0'
#28761000
b1101010 #
b1101010 )
b1101010 -
b1101010 0
b1101010 7
b1101010 ;
b101 8
b101 <
b101 C
b11100 ?
b11101 >
b1 5
b1 @
b1 L
b11 K
b10110 B
b10101 E
b11111 6
b11111 F
b11111 G
1%
#28762000
b11 4
b11 :
b11 R
b110 N
b10 M
0P
1S
1!
0.
b11 Q
b11 T
b10 2
b10 J
b10 U
b11110 1
b11110 I
b11110 O
b11111 H
b1001 W
b1111001 +
b1111001 3
b1111001 9
b1111001 V
1'
#28764000
0'
0%
#28766000
0S
0*
b11111 1
b11111 I
b11111 O
0!
1.
1'
#28767000
b1101011 #
b1101011 )
b1101011 -
b1101011 0
b1101011 7
b1101011 ;
b110 8
b110 <
b110 C
b10100 ?
b11100 >
b10111 B
b10110 E
b11101 6
b11101 F
b11101 G
b11 5
b11 @
b11 L
b10 K
1%
#28768000
0'
#28770000
1S
b111 N
b110 M
b100 Q
0.
b11101 H
b1010 W
b1111010 +
b1111010 3
b1111010 9
b1111010 V
1*
1'
0%
#28772000
0'
#28773000
b1101100 #
b1101100 )
b1101100 -
b1101100 0
b1101100 7
b1101100 ;
b111 8
b111 <
b111 C
b10101 ?
b10100 >
b10 5
b10 @
b10 L
b11000 B
b10111 E
b11100 6
b11100 F
b11100 G
1%
#28774000
b100 4
b100 :
b100 R
1S
b101 N
0P
b111 M
b1011 W
b1111011 +
b1111011 3
b1111011 9
b1111011 V
b11101 1
b11101 I
b11101 O
b11100 H
b101 Q
b100 T
b110 2
b110 J
b110 U
1.
1'
#28776000
0'
0%
#28778000
b101 4
b101 :
b101 R
b100 N
0P
b101 M
1S
b110 Q
b101 T
b111 2
b111 J
b111 U
b11100 1
b11100 I
b11100 O
b1100 W
b1111100 +
b1111100 3
b1111100 9
b1111100 V
1'
#28779000
b1101101 #
b1101101 )
b1101101 -
b1101101 0
b1101101 7
b1101101 ;
b1000 8
b1000 <
b1000 C
b10111 ?
b10101 >
b11001 B
b11000 E
b10100 6
b10100 F
b10100 G
b111 K
1%
#28780000
0'
#28782000
b110 4
b110 :
b110 R
0S
b1100 N
1P
b100 M
b1101 W
b1111101 +
b1111101 3
b1111101 9
b1111101 V
b10100 H
b111 Q
b110 T
b101 2
b101 J
b101 U
1'
0%
#28784000
0'
#28785000
b1101110 #
b1101110 )
b1101110 -
b1101110 0
b1101110 7
b1101110 ;
b1001 8
b1001 <
b1001 C
b10110 ?
b10111 >
b111 5
b111 @
b111 L
b101 K
b11010 B
b11001 E
b10101 6
b10101 F
b10101 G
1%
#28786000
1S
b111 4
b111 :
b111 R
b1100 N
0P
b100 M
1!
0.
b111 Q
b111 T
b100 2
b100 J
b100 U
b10100 1
b10100 I
b10100 O
b10101 H
b1110 W
b1111110 +
b1111110 3
b1111110 9
b1111110 V
1'
#28788000
0'
0%
#28790000
0S
0*
b10101 1
b10101 I
b10101 O
0!
1.
1'
#28791000
b1101111 #
b1101111 )
b1101111 -
b1101111 0
b1101111 7
b1101111 ;
b1010 8
b1010 <
b1010 C
b10010 ?
b10110 >
b11011 B
b11010 E
b10111 6
b10111 F
b10111 G
b101 5
b101 @
b101 L
b100 K
1%
#28792000
0'
#28794000
1S
b1101 N
b1100 M
b1000 Q
0.
b10111 H
b1111 W
b1111111 +
b1111111 3
b1111111 9
b1111111 V
1*
1'
0%
#28796000
0'
#28797000
b1110000 #
b1110000 )
b1110000 -
b1110000 0
b1110000 7
b1110000 ;
b1011 8
b1011 <
b1011 C
b10011 ?
b10010 >
b100 5
b100 @
b100 L
b11100 B
b11011 E
b10110 6
b10110 F
b10110 G
1%
#28798000
b1000 4
b1000 :
b1000 R
1S
b1111 N
0P
b1101 M
b0 W
b10000000 +
b10000000 3
b10000000 9
b10000000 V
b10111 1
b10111 I
b10111 O
b10110 H
b1001 Q
b1000 T
b1100 2
b1100 J
b1100 U
1.
1'
#28800000
0'
0%
#28802000
b1001 4
b1001 :
b1001 R
b1110 N
0P
b1111 M
1S
b1010 Q
b1001 T
b1101 2
b1101 J
b1101 U
b10110 1
b10110 I
b10110 O
b1 W
b10000001 +
b10000001 3
b10000001 9
b10000001 V
1'
#28803000
b1110001 #
b1110001 )
b1110001 -
b1110001 0
b1110001 7
b1110001 ;
b1100 8
b1100 <
b1100 C
b10001 ?
b10011 >
b11101 B
b11100 E
b10010 6
b10010 F
b10010 G
b1101 K
1%
#28804000
0'
#28806000
b1010 4
b1010 :
b1010 R
0S
b1010 N
1P
b1110 M
b10 W
b10000010 +
b10000010 3
b10000010 9
b10000010 V
b10010 H
b1011 Q
b1010 T
b1111 2
b1111 J
b1111 U
1'
0%
#28808000
0'
#28809000
b1110010 #
b1110010 )
b1110010 -
b1110010 0
b1110010 7
b1110010 ;
b1101 8
b1101 <
b1101 C
b10000 ?
b10001 >
b1101 5
b1101 @
b1101 L
b1111 K
b11110 B
b11101 E
b10011 6
b10011 F
b10011 G
1%
#28810000
b1011 4
b1011 :
b1011 R
b1010 N
b1110 M
0P
1S
1!
0.
b1011 Q
b1011 T
b1110 2
b1110 J
b1110 U
b10010 1
b10010 I
b10010 O
b10011 H
b11 W
b10000011 +
b10000011 3
b10000011 9
b10000011 V
1'
#28812000
0'
0%
#28814000
0S
0*
b10011 1
b10011 I
b10011 O
0!
1.
1'
#28815000
b1110011 #
b1110011 )
b1110011 -
b1110011 0
b1110011 7
b1110011 ;
b1110 8
b1110 <
b1110 C
0D
b0 ?
b10000 >
b11111 B
b11110 E
b10001 6
b10001 F
b10001 G
b1111 5
b1111 @
b1111 L
b1110 K
1%
#28816000
0'
#28818000
1S
b1011 N
b1010 M
b1100 Q
0.
b10001 H
b100 W
b10000100 +
b10000100 3
b10000100 9
b10000100 V
1*
1'
0%
#28820000
0'
0$
#28821000
b1110101 #
b1110101 )
b1110101 -
b1110101 0
b1110101 7
b1110101 ;
b1111 8
b1111 <
b1111 C
b1 ?
b0 >
b1110 5
b1110 @
b1110 L
b0 B
b11111 E
b10000 6
b10000 F
b10000 G
1%
#28822000
b1100 4
b1100 :
b1100 R
0S
b1011 N
0P
b1010 M
0*
b10001 1
b10001 I
b10001 O
b10000 H
b1100 Q
b1100 T
b1010 2
b1010 J
b1010 U
1.
1'
#28824000
0'
0%
#28826000
0.
b10000 1
b10000 I
b10000 O
1'
#28827000
b1110110 #
b1110110 )
b1110110 -
b1110110 0
b1110110 7
b1110110 ;
b0 8
b0 <
b0 C
b11 ?
b1 >
b1 B
b0 E
b0 6
b0 F
b0 G
b1010 K
1%
#28828000
0'
#28830000
b0 H
1'
0%
#28832000
0'
#28833000
b1110111 #
b1110111 )
b1110111 -
b1110111 0
b1110111 7
b1110111 ;
b1 8
b1 <
b1 C
b10 ?
b11 >
b1010 5
b1010 @
b1010 L
b10 B
b1 E
b1 6
b1 F
b1 G
1%
#28834000
b0 1
b0 I
b0 O
b1 H
1'
#28836000
0'
0%
#28838000
b1 1
b1 I
b1 O
1'
#28839000
b1111000 #
b1111000 )
b1111000 -
b1111000 0
b1111000 7
b1111000 ;
b10 8
b10 <
b10 C
b110 ?
b10 >
b11 B
b10 E
b11 6
b11 F
b11 G
1%
#28840000
0'
#28842000
b11 H
1'
0%
#28844000
0'
#28845000
b1111010 #
b1111010 )
b1111010 -
b1111010 0
b1111010 7
b1111010 ;
b11 8
b11 <
b11 C
b111 ?
b110 >
b100 B
b11 E
b10 6
b10 F
b10 G
1%
#28846000
b11 1
b11 I
b11 O
b10 H
1'
#28848000
0'
0%
#28850000
b10 1
b10 I
b10 O
1'
#28851000
b1111011 #
b1111011 )
b1111011 -
b1111011 0
b1111011 7
b1111011 ;
b100 8
b100 <
b100 C
b101 ?
b111 >
b101 B
b100 E
b110 6
b110 F
b110 G
1%
#28852000
0'
#28854000
b110 H
1'
0%
#28856000
0'
#28857000
b1111100 #
b1111100 )
b1111100 -
b1111100 0
b1111100 7
b1111100 ;
b101 8
b101 <
b101 C
b100 ?
b101 >
b110 B
b101 E
b111 6
b111 F
b111 G
1%
#28858000
b110 1
b110 I
b110 O
b111 H
1'
#28860000
0'
0%
#28862000
b111 1
b111 I
b111 O
1'
#28863000
b1111101 #
b1111101 )
b1111101 -
b1111101 0
b1111101 7
b1111101 ;
b110 8
b110 <
b110 C
b1100 ?
b100 >
b111 B
b110 E
b101 6
b101 F
b101 G
1%
#28864000
0'
#28866000
b101 H
1'
0%
#28868000
0'
#28869000
b1111111 #
b1111111 )
b1111111 -
b1111111 0
b1111111 7
b1111111 ;
b111 8
b111 <
b111 C
b1101 ?
b1100 >
b1000 B
b111 E
b100 6
b100 F
b100 G
1%
#28870000
b101 1
b101 I
b101 O
b100 H
1'
#28872000
0'
0%
#28874000
b100 1
b100 I
b100 O
1'
#28875000
b10000000 #
b10000000 )
b10000000 -
b10000000 0
b10000000 7
b10000000 ;
b1000 8
b1000 <
b1000 C
b1111 ?
b1101 >
b1001 B
b1000 E
b1100 6
b1100 F
b1100 G
1%
#28876000
0'
#28878000
b1100 H
1'
0%
#28880000
0'
#28881000
b10000001 #
b10000001 )
b10000001 -
b10000001 0
b10000001 7
b10000001 ;
b1001 8
b1001 <
b1001 C
b1110 ?
b1111 >
b1010 B
b1001 E
b1101 6
b1101 F
b1101 G
1%
#28882000
b1100 1
b1100 I
b1100 O
b1101 H
1'
#28884000
0'
0%
#28886000
b1101 1
b1101 I
b1101 O
1'
#28887000
1D
b10000010 #
b10000010 )
b10000010 -
b10000010 0
b10000010 7
b10000010 ;
b1010 8
b1010 <
b1010 C
b1010 ?
b1110 >
b1011 B
b1010 E
b1111 6
b1111 F
b1111 G
1%
#28888000
0'
#28890000
b1111 H
1'
0%
#28892000
0'
#28893000
1A
b10000100 #
b10000100 )
b10000100 -
b10000100 0
b10000100 7
b10000100 ;
b1011 8
b1011 <
b1011 C
0D
b1011 ?
b1010 >
b1100 B
b1011 E
b1110 6
b1110 F
b1110 G
1/
1%
#28894000
b1111 1
b1111 I
b1111 O
b1110 H
1'
#28896000
0'
0%
#28898000
b1110 1
b1110 I
b1110 O
1'
#28899000
0D
b1110001 #
b1110001 )
b1110001 -
b1110001 0
b1110001 7
b1110001 ;
b1100 8
b1100 <
b1100 C
b1011 ?
1A
b1010 >
1"
0/
b1100 B
b1100 E
b1010 6
b1010 F
b1010 G
1%
#28900000
0'
#28902000
b1010 H
1'
0%
#28904000
0'
#28905000
0,
1%
#28906000
b1010 1
b1010 I
b1010 O
1'
#28908000
0'
0%
#28910000
1'
#28911000
1%
#28912000
0'
#28914000
1'
0%
#28916000
0'
#28917000
1%
#28918000
1'
#28920000
0'
0%
#28922000
1'
#28923000
1%
#28924000
0'
#28926000
1'
0%
#28928000
0'
#28929000
1%
#28930000
1'
#28932000
0'
0%
#28934000
1'
#28935000
1%
#28936000
0'
#28938000
1'
0%
#28940000
0'
#28941000
1%
#28942000
1'
#28944000
0'
0%
#28946000
1'
#28947000
1%
#28948000
0'
#28950000
1'
0%
#28952000
0'
#28953000
1%
#28954000
1'
#28956000
0'
0%
#28958000
1'
#28959000
1%
#28960000
0'
#28962000
1'
0%
#28964000
0'
#28965000
1%
#28966000
1'
#28968000
0'
0%
#28970000
1'
#28971000
1%
#28972000
0'
#28974000
1'
0%
#28976000
0'
#28977000
1%
#28978000
1'
#28980000
0'
0%
#28982000
1'
#28983000
1%
#28984000
0'
#28986000
1'
0%
#28988000
0'
#28989000
1%
#28990000
1'
#28992000
0'
0%
#28994000
1'
#28995000
1%
#28996000
0'
#28998000
1'
0%
#29000000
0'
#29001000
1%
#29002000
1'
#29004000
0'
0%
#29006000
1'
#29007000
1%
#29008000
0'
#29010000
1'
0%
#29012000
0'
#29013000
1%
#29014000
1'
#29016000
0'
0%
#29018000
1'
#29019000
1%
#29020000
0'
#29022000
1'
0%
#29024000
0'
#29025000
1%
#29026000
1'
#29028000
0'
0%
#29030000
1'
#29031000
1%
#29032000
0'
#29034000
1'
0%
#29036000
0'
#29037000
1%
#29038000
1'
#29040000
0'
0%
#29042000
1'
#29043000
1%
#29044000
0'
#29046000
1'
0%
#29048000
0'
#29049000
1%
#29050000
1'
#29052000
0'
0%
#29054000
1'
#29055000
1%
#29056000
0'
#29058000
1'
0%
#29060000
0'
#29061000
1%
#29062000
1'
#29064000
0'
0%
#29066000
1'
#29067000
1%
#29068000
0'
#29070000
1'
0%
#29072000
0'
#29073000
1%
#29074000
1'
#29076000
0'
0%
#29078000
1'
#29079000
1%
#29080000
0'
#29082000
1'
0%
#29084000
0'
#29085000
1%
#29086000
1'
#29088000
0'
0%
#29090000
1'
#29091000
1%
#29092000
0'
#29094000
1'
0%
#29096000
0'
#29097000
1%
#29098000
1'
#29100000
0'
0%
#29102000
1'
#29103000
1%
#29104000
0'
#29106000
1'
0%
#29108000
0'
#29109000
1%
#29110000
1'
#29112000
0'
0%
#29114000
1'
#29115000
1%
#29116000
0'
#29118000
1'
0%
#29120000
0'
#29121000
1%
#29122000
1'
#29124000
0'
0%
#29126000
1'
#29127000
1%
#29128000
0'
#29130000
1'
0%
#29132000
0'
#29133000
1%
#29134000
1'
#29136000
0'
0%
#29138000
1'
#29139000
1%
#29140000
0'
#29142000
1'
0%
#29144000
0'
#29145000
1%
#29146000
1'
#29148000
0'
0%
#29150000
1'
#29151000
1%
#29152000
0'
#29154000
1'
0%
#29156000
0'
#29157000
1%
#29158000
1'
#29160000
0'
0%
#29162000
1'
#29163000
1%
#29164000
0'
#29166000
1'
0%
#29168000
0'
#29169000
1%
#29170000
1'
#29172000
0'
0%
#29174000
1'
#29175000
1%
#29176000
0'
#29178000
1'
0%
#29180000
0'
#29181000
1%
#29182000
1'
#29184000
0'
0%
#29186000
1'
#29187000
1%
#29188000
0'
#29190000
1'
0%
#29192000
0'
#29193000
1%
#29194000
1'
#29196000
0'
0%
#29198000
1'
#29199000
1%
#29200000
0'
#29202000
1'
0%
#29204000
0'
#29205000
1%
#29206000
1'
#29208000
0'
0%
#29210000
1'
#29211000
1%
#29212000
0'
#29214000
1'
0%
#29216000
0'
#29217000
1%
#29218000
1'
#29220000
0'
0%
#29222000
1'
#29223000
1%
#29224000
0'
#29226000
1'
0%
#29228000
0'
#29229000
1%
#29230000
1'
#29232000
0'
0%
#29234000
1'
#29235000
1%
#29236000
0'
#29238000
1'
0%
#29240000
0'
#29241000
1%
#29242000
1'
#29244000
0'
0%
#29246000
1'
#29247000
1%
#29248000
0'
#29250000
1'
0%
#29252000
0'
#29253000
1%
#29254000
1'
#29256000
0'
0%
#29258000
1'
#29259000
1%
#29260000
0'
#29262000
1'
0%
#29264000
0'
#29265000
1%
#29266000
1'
#29268000
0'
0%
#29270000
1'
#29271000
1%
#29272000
0'
#29274000
1'
0%
#29276000
0'
#29277000
1%
#29278000
1'
#29280000
0'
0%
#29282000
1'
#29283000
1%
#29284000
0'
#29286000
1'
0%
#29288000
0'
#29289000
1%
#29290000
1'
#29292000
0'
0%
#29294000
1'
#29295000
1%
#29296000
0'
#29298000
1'
0%
#29300000
0'
#29301000
1%
#29302000
1'
#29304000
0'
0%
#29306000
1'
#29307000
1%
#29308000
0'
#29310000
1'
0%
#29312000
0'
#29313000
1%
#29314000
1'
#29316000
0'
0%
#29318000
1'
#29319000
1%
#29320000
0'
#29322000
1'
0%
#29324000
0'
#29325000
1%
#29326000
1'
#29328000
0'
0%
#29330000
1'
#29331000
1%
#29332000
0'
#29334000
1'
0%
#29336000
0'
#29337000
1%
#29338000
1'
#29340000
0'
0%
#29342000
1'
#29343000
1%
#29344000
0'
#29346000
1'
0%
#29348000
0'
#29349000
1%
#29350000
1'
#29352000
0'
0%
#29354000
1'
#29355000
1%
#29356000
0'
#29358000
1'
0%
#29360000
0'
#29361000
1%
#29362000
1'
#29364000
0'
0%
#29366000
1'
#29367000
1%
#29368000
0'
#29370000
1'
0%
#29372000
0'
#29373000
1%
#29374000
1'
#29376000
0'
0%
#29378000
1'
#29379000
1%
#29380000
0'
#29382000
1'
0%
#29384000
0'
#29385000
1%
#29386000
1'
#29388000
0'
0%
#29390000
1'
#29391000
1%
#29392000
0'
#29394000
1'
0%
#29396000
0'
#29397000
1%
#29398000
1'
#29400000
0'
0%
#29402000
1'
#29403000
1%
#29404000
0'
#29406000
1'
0%
#29408000
0'
#29409000
1%
#29410000
1'
#29412000
0'
0%
#29414000
1'
#29415000
1%
#29416000
0'
#29418000
1'
0%
#29420000
0'
#29421000
1%
#29422000
1'
#29424000
0'
0%
#29426000
1'
#29427000
1%
#29428000
0'
#29430000
1'
0%
#29432000
0'
#29433000
1%
#29434000
1'
#29436000
0'
0%
#29438000
1'
#29439000
1%
#29440000
0'
#29442000
1'
0%
#29444000
0'
#29445000
1%
#29446000
1'
#29448000
0'
0%
#29450000
1'
#29451000
1%
#29452000
0'
#29454000
1'
0%
#29456000
0'
#29457000
1%
#29458000
1'
#29460000
0'
0%
#29462000
1'
#29463000
1%
#29464000
0'
#29466000
1'
0%
#29468000
0'
#29469000
1%
#29470000
1'
#29472000
0'
0%
#29474000
1'
#29475000
1%
#29476000
0'
#29478000
1'
0%
#29480000
0'
#29481000
1%
#29482000
1'
#29484000
0'
0%
#29486000
1'
#29487000
1%
#29488000
0'
#29490000
1'
0%
#29492000
0'
#29493000
1%
#29494000
1'
#29496000
0'
0%
#29498000
1'
#29499000
1%
#29500000
0'
#29502000
1'
0%
#29504000
0'
#29505000
1%
#29506000
1'
#29508000
0'
0%
#29510000
1'
#29511000
1%
#29512000
0'
#29514000
1'
0%
#29516000
0'
#29517000
1%
#29518000
1'
#29520000
0'
0%
#29522000
1'
#29523000
1%
#29524000
0'
#29526000
1'
0%
#29528000
0'
#29529000
1%
#29530000
1'
#29532000
0'
0%
#29534000
1'
#29535000
1%
#29536000
0'
#29538000
1'
0%
#29540000
0'
#29541000
1%
#29542000
1'
#29544000
0'
0%
#29546000
1'
#29547000
1%
#29548000
0'
#29550000
1'
0%
#29552000
0'
#29553000
1%
#29554000
1'
#29556000
0'
0%
#29558000
1'
#29559000
1%
#29560000
0'
#29562000
1'
0%
#29564000
0'
#29565000
1%
#29566000
1'
#29568000
0'
0%
#29570000
1'
#29571000
1%
#29572000
0'
#29574000
1'
0%
#29576000
0'
#29577000
1%
#29578000
1'
#29580000
0'
0%
#29582000
1'
#29583000
1%
#29584000
0'
#29586000
1'
0%
#29588000
0'
#29589000
1%
#29590000
1'
#29592000
0'
0%
#29594000
1'
#29595000
1%
#29596000
0'
#29598000
1'
0%
#29600000
0'
#29601000
1%
#29602000
1'
#29604000
0'
0%
#29606000
1'
#29607000
1%
#29608000
0'
#29610000
1'
0%
#29612000
0'
#29613000
1%
#29614000
1'
#29616000
0'
0%
#29618000
1'
#29619000
1%
#29620000
0'
#29622000
1'
0%
#29624000
0'
#29625000
1%
#29626000
1'
#29628000
0'
0%
#29630000
1'
#29631000
1%
#29632000
0'
#29634000
1'
0%
#29636000
0'
#29637000
1%
#29638000
1'
#29640000
0'
0%
#29642000
1'
#29643000
1%
#29644000
0'
#29646000
1'
0%
#29648000
0'
#29649000
1%
#29650000
1'
#29652000
0'
0%
#29654000
1'
#29655000
1%
#29656000
0'
#29658000
1'
0%
#29660000
0'
#29661000
1%
#29662000
1'
#29664000
0'
0%
#29666000
1'
#29667000
1%
#29668000
0'
#29670000
1'
0%
#29672000
0'
#29673000
1%
#29674000
1'
#29676000
0'
0%
#29678000
1'
#29679000
1%
#29680000
0'
#29682000
1'
0%
#29684000
0'
#29685000
1%
#29686000
1'
#29688000
0'
0%
#29690000
1'
#29691000
1%
#29692000
0'
#29694000
1'
0%
#29696000
0'
#29697000
1%
#29698000
1'
#29700000
0'
0%
#29702000
1'
#29703000
1%
#29704000
0'
#29706000
1'
0%
#29708000
0'
#29709000
1%
#29710000
1'
#29712000
0'
0%
#29714000
1'
#29715000
1%
#29716000
0'
#29718000
1'
0%
#29720000
0'
#29721000
1%
#29722000
1'
#29724000
0'
0%
#29726000
1'
#29727000
1%
#29728000
0'
#29730000
1'
0%
#29732000
0'
#29733000
1%
#29734000
1'
#29736000
0'
0%
#29738000
1'
#29739000
1%
#29740000
0'
#29742000
1'
0%
#29744000
0'
#29745000
1%
#29746000
1'
#29748000
0'
0%
#29750000
1'
#29751000
1%
#29752000
0'
#29754000
1'
0%
#29756000
0'
#29757000
1%
#29758000
1'
#29760000
0'
0%
#29762000
1'
#29763000
1%
#29764000
0'
#29766000
1'
0%
#29768000
0'
#29769000
1%
#29770000
1'
#29772000
0'
0%
#29774000
1'
#29775000
1%
#29776000
0'
#29778000
1'
0%
#29780000
0'
#29781000
1%
#29782000
1'
#29784000
0'
0%
#29786000
1'
#29787000
1%
#29788000
0'
#29790000
1'
0%
#29792000
0'
#29793000
1%
#29794000
1'
#29796000
0'
0%
#29798000
1'
#29799000
1%
#29800000
0'
#29802000
1'
0%
#29804000
0'
#29805000
1%
#29806000
1'
#29808000
0'
0%
#29810000
1'
#29811000
1%
#29812000
0'
#29814000
1'
0%
#29816000
0'
#29817000
1%
#29818000
1'
#29820000
0'
0%
#29822000
1'
#29823000
1%
#29824000
0'
#29826000
1'
0%
#29828000
0'
#29829000
1%
#29830000
1'
#29832000
0'
0%
#29834000
1'
#29835000
1%
#29836000
0'
#29838000
1'
0%
#29840000
0'
#29841000
1%
#29842000
1'
#29844000
0'
0%
#29846000
1'
#29847000
1%
#29848000
0'
#29850000
1'
0%
#29852000
0'
#29853000
1%
#29854000
1'
#29856000
0'
0%
#29858000
1'
#29859000
1%
#29860000
0'
#29862000
1'
0%
#29864000
0'
#29865000
1%
#29866000
1'
#29868000
0'
0%
#29870000
1'
#29871000
1%
#29872000
0'
#29874000
1'
0%
#29876000
0'
#29877000
1%
#29878000
1'
#29880000
0'
0%
#29882000
1'
#29883000
1%
#29884000
0'
#29886000
1'
0%
#29888000
0'
#29889000
1%
#29890000
1'
#29892000
0'
0%
#29894000
1'
#29895000
1%
#29896000
0'
#29898000
1'
0%
#29900000
0'
#29901000
1%
#29902000
1'
#29904000
0'
0%
#29906000
1'
#29907000
1%
#29908000
0'
#29910000
1'
0%
#29912000
0'
#29913000
1%
#29914000
1'
#29916000
0'
0%
#29918000
1'
#29919000
1%
#29920000
0'
#29922000
1'
0%
#29924000
0'
#29925000
1%
#29926000
1'
#29928000
0'
0%
#29930000
1'
#29931000
1%
#29932000
0'
#29934000
1'
0%
#29936000
0'
#29937000
1%
#29938000
1'
#29940000
0'
0%
#29942000
1'
#29943000
1%
#29944000
0'
#29946000
1'
0%
#29948000
0'
#29949000
1%
#29950000
1'
#29952000
0'
0%
#29954000
1'
#29955000
1%
#29956000
0'
#29958000
1'
0%
#29960000
0'
#29961000
1%
#29962000
1'
#29964000
0'
0%
#29966000
1'
#29967000
1%
#29968000
0'
#29970000
1'
0%
#29972000
0'
#29973000
1%
#29974000
1'
#29976000
0'
0%
#29978000
1'
#29979000
1%
#29980000
0'
#29982000
1'
0%
#29984000
0'
#29985000
1%
#29986000
1'
#29988000
0'
0%
#29990000
1'
#29991000
1%
#29992000
0'
#29994000
1'
0%
#29996000
0'
#29997000
1%
#29998000
1'
#30000000
0'
0%
#30002000
1'
#30003000
1%
#30004000
0'
#30006000
1'
0%
#30008000
0'
#30009000
1%
#30010000
1'
#30012000
0'
0%
#30014000
1'
#30015000
1%
#30016000
0'
#30018000
1'
0%
#30020000
0'
#30021000
1%
#30022000
1'
#30024000
0'
0%
#30026000
1'
#30027000
1%
#30028000
0'
#30030000
1'
0%
#30032000
0'
#30033000
1%
#30034000
1'
#30036000
0'
0%
#30038000
1'
#30039000
1%
#30040000
0'
#30042000
1'
0%
#30044000
0'
#30045000
1%
#30046000
1'
#30048000
0'
0%
#30050000
1'
#30051000
1%
#30052000
0'
#30054000
1'
0%
#30056000
0'
#30057000
1%
#30058000
1'
#30060000
0'
0%
#30062000
1'
#30063000
1%
#30064000
0'
#30066000
1'
0%
#30068000
0'
#30069000
1%
#30070000
1'
#30072000
0'
0%
#30074000
1'
#30075000
1%
#30076000
0'
#30078000
1'
0%
#30080000
0'
#30081000
1%
#30082000
1'
#30084000
0'
0%
#30086000
1'
#30087000
1%
#30088000
0'
#30090000
1'
0%
#30092000
0'
#30093000
1%
#30094000
1'
#30096000
0'
0%
#30098000
1'
#30099000
1%
#30100000
0'
#30102000
1'
0%
#30104000
0'
#30105000
1%
#30106000
1'
#30108000
0'
0%
#30110000
1'
#30111000
1%
#30112000
0'
#30114000
1'
0%
#30116000
0'
#30117000
1%
#30118000
1'
#30120000
0'
0%
#30122000
1'
#30123000
1%
#30124000
0'
#30126000
1'
0%
#30128000
0'
#30129000
1%
#30130000
1'
#30132000
0'
0%
#30134000
1'
#30135000
1%
#30136000
0'
#30138000
1'
0%
#30140000
0'
#30141000
1%
#30142000
1'
#30144000
0'
0%
#30146000
1'
#30147000
1%
#30148000
0'
#30150000
1'
0%
#30152000
0'
#30153000
1%
#30154000
1'
#30156000
0'
0%
#30158000
1'
#30159000
1%
#30160000
0'
#30162000
1'
0%
#30164000
0'
#30165000
1%
#30166000
1'
#30168000
0'
0%
#30170000
1'
#30171000
1%
#30172000
0'
#30174000
1'
0%
#30176000
0'
#30177000
1%
#30178000
1'
#30180000
0'
0%
#30182000
1'
#30183000
1%
#30184000
0'
#30186000
1'
0%
#30188000
0'
#30189000
1%
#30190000
1'
#30192000
0'
0%
#30194000
1'
#30195000
1%
#30196000
0'
#30198000
1'
0%
#30200000
0'
#30201000
1%
#30202000
1'
#30204000
0'
0%
#30206000
1'
#30207000
1%
#30208000
0'
#30210000
1'
0%
#30212000
0'
#30213000
1%
#30214000
1'
#30216000
0'
0%
#30218000
1'
#30219000
1%
#30220000
0'
#30222000
1'
0%
#30224000
0'
#30225000
1%
#30226000
1'
#30228000
0'
0%
#30230000
1'
#30231000
1%
#30232000
0'
#30234000
1'
0%
#30236000
0'
#30237000
1%
#30238000
1'
#30240000
0'
0%
#30242000
1'
#30243000
1%
#30244000
0'
#30246000
1'
0%
#30248000
0'
#30249000
1%
#30250000
1'
#30252000
0'
0%
#30254000
1'
#30255000
1%
#30256000
0'
#30258000
1'
0%
#30260000
0'
#30261000
1%
#30262000
1'
#30264000
0'
0%
#30266000
1'
#30267000
1%
#30268000
0'
#30270000
1'
0%
#30272000
0'
#30273000
1%
#30274000
1'
#30276000
0'
0%
#30278000
1'
#30279000
1%
#30280000
0'
#30282000
1'
0%
#30284000
0'
#30285000
1%
#30286000
1'
#30288000
0'
0%
#30290000
1'
#30291000
1%
#30292000
0'
#30294000
1'
0%
#30296000
0'
#30297000
1%
#30298000
1'
#30300000
0'
0%
#30302000
1'
#30303000
1%
#30304000
0'
#30306000
1'
0%
#30308000
0'
#30309000
1%
#30310000
1'
#30312000
0'
0%
#30314000
1'
#30315000
1%
#30316000
0'
#30318000
1'
0%
#30320000
0'
#30321000
1%
#30322000
1'
#30324000
0'
0%
#30326000
1'
#30327000
1%
#30328000
0'
#30330000
1'
0%
#30332000
0'
#30333000
1%
#30334000
1'
#30336000
0'
0%
#30338000
1'
#30339000
1%
#30340000
0'
#30342000
1'
0%
#30344000
0'
#30345000
1%
#30346000
1'
#30348000
0'
0%
#30350000
1'
#30351000
1%
#30352000
0'
#30354000
1'
0%
#30356000
0'
#30357000
1%
#30358000
1'
#30360000
0'
0%
#30362000
1'
#30363000
1%
#30364000
0'
#30366000
1'
0%
#30368000
0'
#30369000
1%
#30370000
1'
#30372000
0'
0%
#30374000
1'
#30375000
1%
#30376000
0'
#30378000
1'
0%
#30380000
0'
#30381000
1%
#30382000
1'
#30384000
0'
0%
#30386000
1'
#30387000
1%
#30388000
0'
#30390000
1'
0%
#30392000
0'
#30393000
1%
#30394000
1'
#30396000
0'
0%
#30398000
1'
#30399000
1%
#30400000
0'
#30402000
1'
0%
#30404000
0'
#30405000
1%
#30406000
1'
#30408000
0'
0%
#30410000
1'
#30411000
1%
#30412000
0'
#30414000
1'
0%
#30416000
0'
#30417000
1%
#30418000
1'
#30420000
0'
0%
#30422000
1'
#30423000
1%
#30424000
0'
#30426000
1'
0%
#30428000
0'
#30429000
1%
#30430000
1'
#30432000
0'
0%
#30434000
1'
#30435000
1%
#30436000
0'
#30438000
1'
0%
#30440000
0'
#30441000
1%
#30442000
1'
#30444000
0'
0%
#30446000
1'
#30447000
1%
#30448000
0'
#30450000
1'
0%
#30452000
0'
#30453000
1%
#30454000
1'
#30456000
0'
0%
#30458000
1'
#30459000
1%
#30460000
0'
#30462000
1'
0%
#30464000
0'
#30465000
1%
#30466000
1'
#30468000
0'
0%
#30470000
1'
#30471000
1%
#30472000
0'
#30474000
1'
0%
#30476000
0'
#30477000
1%
#30478000
1'
#30480000
0'
0%
#30482000
1'
#30483000
1%
#30484000
0'
#30486000
1'
0%
#30488000
0'
#30489000
1%
#30490000
1'
#30492000
0'
0%
#30494000
1'
#30495000
1%
#30496000
0'
#30498000
1'
0%
#30500000
0'
#30501000
1%
#30502000
1'
#30504000
0'
0%
#30506000
1'
#30507000
1%
#30508000
0'
#30510000
1'
0%
#30512000
0'
#30513000
1%
#30514000
1'
#30516000
0'
0%
#30518000
1'
#30519000
1%
#30520000
0'
#30522000
1'
0%
#30524000
0'
#30525000
1%
#30526000
1'
#30528000
0'
0%
#30530000
1'
#30531000
1%
#30532000
0'
#30534000
1'
0%
#30536000
0'
#30537000
1%
#30538000
1'
#30540000
0'
0%
#30542000
1'
#30543000
1%
#30544000
0'
#30546000
1'
0%
#30548000
0'
#30549000
1%
#30550000
1'
#30552000
0'
0%
#30554000
1'
#30555000
1%
#30556000
0'
#30558000
1'
0%
#30560000
0'
#30561000
1%
#30562000
1'
#30564000
0'
0%
#30566000
1'
#30567000
1%
#30568000
0'
#30570000
1'
0%
#30572000
0'
#30573000
1%
#30574000
1'
#30576000
0'
0%
#30578000
1'
#30579000
1%
#30580000
0'
#30582000
1'
0%
#30584000
0'
#30585000
1%
#30586000
1'
#30588000
0'
0%
#30590000
1'
#30591000
1%
#30592000
0'
#30594000
1'
0%
#30596000
0'
#30597000
1%
#30598000
1'
#30600000
0'
0%
#30602000
1'
#30603000
1%
#30604000
0'
#30606000
1'
0%
#30608000
0'
#30609000
1%
#30610000
1'
#30612000
0'
0%
#30614000
1'
#30615000
1%
#30616000
0'
#30618000
1'
0%
#30620000
0'
#30621000
1%
#30622000
1'
#30624000
0'
0%
#30626000
1'
#30627000
1%
#30628000
0'
#30630000
1'
0%
#30632000
0'
#30633000
1%
#30634000
1'
#30636000
0'
0%
#30638000
1'
#30639000
1%
#30640000
0'
#30642000
1'
0%
#30644000
0'
#30645000
1%
#30646000
1'
#30648000
0'
0%
#30650000
1'
#30651000
1%
#30652000
0'
#30654000
1'
0%
#30656000
0'
#30657000
1%
#30658000
1'
#30660000
0'
0%
#30662000
1'
#30663000
1%
#30664000
0'
#30666000
1'
0%
#30668000
0'
#30669000
1%
#30670000
1'
#30672000
0'
0%
#30674000
1'
#30675000
1%
#30676000
0'
#30678000
1'
0%
#30680000
0'
#30681000
1%
#30682000
1'
#30684000
0'
0%
#30686000
1'
#30687000
1%
#30688000
0'
#30690000
1'
0%
#30692000
0'
#30693000
1%
#30694000
1'
#30696000
0'
0%
#30698000
1'
#30699000
1%
#30700000
0'
#30702000
1'
0%
#30704000
0'
#30705000
1%
#30706000
1'
#30708000
0'
0%
#30710000
1'
#30711000
1%
#30712000
0'
#30714000
1'
0%
#30716000
0'
#30717000
1%
#30718000
1'
#30720000
0'
0%
#30722000
1'
#30723000
1%
#30724000
0'
#30726000
1'
0%
#30728000
0'
#30729000
1%
#30730000
1'
#30732000
0'
0%
#30734000
1'
#30735000
1%
#30736000
0'
#30738000
1'
0%
#30740000
0'
#30741000
1%
#30742000
1'
#30744000
0'
0%
#30746000
1'
#30747000
1%
#30748000
0'
#30750000
1'
0%
#30752000
0'
#30753000
1%
#30754000
1'
#30756000
0'
0%
#30758000
1'
#30759000
1%
#30760000
0'
#30762000
1'
0%
#30764000
0'
#30765000
1%
#30766000
1'
#30768000
0'
0%
#30770000
1'
#30771000
1%
#30772000
0'
#30774000
1'
0%
#30776000
0'
#30777000
1%
#30778000
1'
#30780000
0'
0%
#30782000
1'
#30783000
1%
#30784000
0'
#30786000
1'
0%
#30788000
0'
#30789000
1%
#30790000
1'
#30792000
0'
0%
#30794000
1'
#30795000
1%
#30796000
0'
#30798000
1'
0%
#30800000
0'
#30801000
1%
#30802000
1'
#30804000
0'
0%
#30806000
1'
#30807000
1%
#30808000
0'
#30810000
1'
0%
#30812000
0'
#30813000
1%
#30814000
1'
#30816000
0'
0%
#30818000
1'
#30819000
1%
#30820000
0'
1$
#30822000
b1001 N
b1011 M
b1101 Q
b101 W
b10000101 +
b10000101 3
b10000101 9
b10000101 V
1*
1'
0%
#30824000
0'
#30825000
1%
#30826000
b1101 4
b1101 :
b1101 R
b1000 N
b1001 M
b10000101 #
b10000101 )
b10000101 -
b10000101 0
b10000101 7
b10000101 ;
b1110 Q
b1101 T
b1011 2
b1011 J
b1011 U
b110 W
b10000110 +
b10000110 3
b10000110 9
b10000110 V
1'
#30828000
0'
0%
#30830000
b1110 4
b1110 :
b1110 R
b11000 N
b1000 M
b111 W
b10000111 +
b10000111 3
b10000111 9
b10000111 V
b1111 Q
b1110 T
b1001 2
b1001 J
b1001 U
1'
#30831000
b1001 K
1%
#30832000
0'
#30834000
b1111 4
b1111 :
b1111 R
b11001 N
b11000 M
b10000 Q
b1111 T
b1000 2
b1000 J
b1000 U
b1000 W
b10001000 +
b10001000 3
b10001000 9
b10001000 V
1'
0%
#30836000
0'
#30837000
0A
b1001 5
b1001 @
b1001 L
b1000 K
1%
#30838000
b0 4
b0 :
b0 R
b11011 N
b11001 M
b1001 W
b10001001 +
b10001001 3
b10001001 9
b10001001 V
b10001 Q
b10000 T
b11000 2
b11000 J
b11000 U
1'
#30840000
0'
0%
#30842000
b1 4
b1 :
b1 R
b11010 N
b11011 M
b10010 Q
b10001 T
b11001 2
b11001 J
b11001 U
b1010 W
b10001010 +
b10001010 3
b10001010 9
b10001010 V
1'
#30843000
0"
b1000 5
b1000 @
b1000 L
b11001 K
1%
#30844000
0'
#30846000
b10 4
b10 :
b10 R
b11110 N
b11010 M
b1011 W
b10001011 +
b10001011 3
b10001011 9
b10001011 V
b10011 Q
b10010 T
b11011 2
b11011 J
b11011 U
1'
0%
#30848000
0'
#30849000
b1001 ?
b1011 >
b1101 B
b11001 5
b11001 @
b11001 L
b11011 K
1,
1%
#30850000
b11 4
b11 :
b11 R
b11111 N
b11110 M
b10100 Q
b10011 T
b11010 2
b11010 J
b11010 U
b1100 W
b10001100 +
b10001100 3
b10001100 9
b10001100 V
1'
#30852000
0'
0%
#30854000
b100 4
b100 :
b100 R
b11101 N
b11111 M
b1101 W
b10001101 +
b10001101 3
b10001101 9
b10001101 V
b10101 Q
b10100 T
b11110 2
b11110 J
b11110 U
1'
#30855000
b10000110 #
b10000110 )
b10000110 -
b10000110 0
b10000110 7
b10000110 ;
b1101 8
b1101 <
b1101 C
b1000 ?
b1001 >
b1110 B
b1101 E
b1011 6
b1011 F
b1011 G
b11011 5
b11011 @
b11011 L
b11110 K
1%
#30856000
0'
#30858000
b101 4
b101 :
b101 R
b11100 N
b11101 M
b10110 Q
b10101 T
b11111 2
b11111 J
b11111 U
b1011 H
b1110 W
b10001110 +
b10001110 3
b10001110 9
b10001110 V
1'
0%
#30860000
0'
#30861000
b10000111 #
b10000111 )
b10000111 -
b10000111 0
b10000111 7
b10000111 ;
b1110 8
b1110 <
b1110 C
b11000 ?
b1000 >
b11110 5
b11110 @
b11110 L
b11111 K
b1111 B
b1110 E
b1001 6
b1001 F
b1001 G
1%
#30862000
0S
b110 4
b110 :
b110 R
b10100 N
b11100 M
b1111 W
b10001111 +
b10001111 3
b10001111 9
b10001111 V
b1011 1
b1011 I
b1011 O
b1001 H
b10111 Q
b10110 T
b11101 2
b11101 J
b11101 U
1'
#30864000
0'
0%
#30866000
b111 4
b111 :
b111 R
b10101 N
b10100 M
b11000 Q
b10111 T
b11100 2
b11100 J
b11100 U
b1001 1
b1001 I
b1001 O
b0 W
b10010000 +
b10010000 3
b10010000 9
b10010000 V
1'
#30867000
b10001000 #
b10001000 )
b10001000 -
b10001000 0
b10001000 7
b10001000 ;
b1111 8
b1111 <
b1111 C
b11001 ?
b11000 >
b10000 B
b1111 E
b1000 6
b1000 F
b1000 G
b11111 5
b11111 @
b11111 L
b11100 K
1%
#30868000
0'
#30870000
b1000 4
b1000 :
b1000 R
b10111 N
b10101 M
b1 W
b10010001 +
b10010001 3
b10010001 9
b10010001 V
b1000 H
b11001 Q
b11000 T
b10100 2
b10100 J
b10100 U
1'
0%
#30872000
0'
#30873000
b10001001 #
b10001001 )
b10001001 -
b10001001 0
b10001001 7
b10001001 ;
b0 8
b0 <
b0 C
b11011 ?
b11001 >
b11100 5
b11100 @
b11100 L
b10100 K
b10001 B
b10000 E
b11000 6
b11000 F
b11000 G
1%
#30874000
b1001 4
b1001 :
b1001 R
b10110 N
b10111 M
b11010 Q
b11001 T
b10101 2
b10101 J
b10101 U
b1000 1
b1000 I
b1000 O
b11000 H
b10 W
b10010010 +
b10010010 3
b10010010 9
b10010010 V
1'
#30876000
0'
0%
#30878000
b1010 4
b1010 :
b1010 R
b10010 N
b10110 M
b11 W
b10010011 +
b10010011 3
b10010011 9
b10010011 V
b11000 1
b11000 I
b11000 O
b11011 Q
b11010 T
b10111 2
b10111 J
b10111 U
1'
#30879000
b10001010 #
b10001010 )
b10001010 -
b10001010 0
b10001010 7
b10001010 ;
b1 8
b1 <
b1 C
b11010 ?
b11011 >
b10010 B
b10001 E
b11001 6
b11001 F
b11001 G
b10100 5
b10100 @
b10100 L
b10111 K
1%
#30880000
0'
#30882000
b1011 4
b1011 :
b1011 R
b10011 N
b10010 M
b11100 Q
b11011 T
b10110 2
b10110 J
b10110 U
b11001 H
b100 W
b10010100 +
b10010100 3
b10010100 9
b10010100 V
1'
0%
#30884000
0'
#30885000
b10001011 #
b10001011 )
b10001011 -
b10001011 0
b10001011 7
b10001011 ;
b10 8
b10 <
b10 C
b11110 ?
b11010 >
b10111 5
b10111 @
b10111 L
b10110 K
b10011 B
b10010 E
b11011 6
b11011 F
b11011 G
1%
#30886000
b1100 4
b1100 :
b1100 R
b10001 N
b10011 M
b101 W
b10010101 +
b10010101 3
b10010101 9
b10010101 V
b11001 1
b11001 I
b11001 O
b11011 H
b11101 Q
b11100 T
b10010 2
b10010 J
b10010 U
1'
#30888000
0'
0%
#30890000
b1101 4
b1101 :
b1101 R
b10000 N
b10001 M
b11110 Q
b11101 T
b10011 2
b10011 J
b10011 U
b11011 1
b11011 I
b11011 O
b110 W
b10010110 +
b10010110 3
b10010110 9
b10010110 V
1'
#30891000
b10001100 #
b10001100 )
b10001100 -
b10001100 0
b10001100 7
b10001100 ;
b11 8
b11 <
b11 C
b11111 ?
b11110 >
b10100 B
b10011 E
b11010 6
b11010 F
b11010 G
b10110 5
b10110 @
b10110 L
b10011 K
1%
#30892000
0'
#30894000
b1110 4
b1110 :
b1110 R
b0 N
b10000 M
b111 W
b10010111 +
b10010111 3
b10010111 9
b10010111 V
b11010 H
b11111 Q
b11110 T
b10001 2
b10001 J
b10001 U
1'
0%
#30896000
0'
#30897000
b10001101 #
b10001101 )
b10001101 -
b10001101 0
b10001101 7
b10001101 ;
b100 8
b100 <
b100 C
b11101 ?
b11111 >
b10011 5
b10011 @
b10011 L
b10001 K
b10101 B
b10100 E
b11110 6
b11110 F
b11110 G
1%
#30898000
b1111 4
b1111 :
b1111 R
b1 N
b0 M
b0 Q
b11111 T
b10000 2
b10000 J
b10000 U
b11010 1
b11010 I
b11010 O
b11110 H
b1000 W
b10011000 +
b10011000 3
b10011000 9
b10011000 V
1'
#30900000
0'
0%
#30902000
b0 4
b0 :
b0 R
0S
b11 N
b1 M
b1001 W
b10011001 +
b10011001 3
b10011001 9
b10011001 V
b11110 1
b11110 I
b11110 O
b1 Q
b0 T
b0 2
b0 J
b0 U
1'
#30903000
b10001110 #
b10001110 )
b10001110 -
b10001110 0
b10001110 7
b10001110 ;
b101 8
b101 <
b101 C
b11100 ?
b11101 >
b10110 B
b10101 E
b11111 6
b11111 F
b11111 G
b10001 5
b10001 @
b10001 L
b0 K
1%
#30904000
0'
#30906000
b1 4
b1 :
b1 R
b10 N
b11 M
b10 Q
b1 T
b1 2
b1 J
b1 U
b11111 H
b1010 W
b10011010 +
b10011010 3
b10011010 9
b10011010 V
1'
0%
#30908000
0'
#30909000
b10001111 #
b10001111 )
b10001111 -
b10001111 0
b10001111 7
b10001111 ;
b110 8
b110 <
b110 C
b10100 ?
b11100 >
b0 5
b0 @
b0 L
b1 K
b10111 B
b10110 E
b11101 6
b11101 F
b11101 G
1%
#30910000
b10 4
b10 :
b10 R
b110 N
b10 M
b1011 W
b10011011 +
b10011011 3
b10011011 9
b10011011 V
b11111 1
b11111 I
b11111 O
b11101 H
b11 Q
b10 T
b11 2
b11 J
b11 U
1'
#30912000
0'
0%
#30914000
b11 4
b11 :
b11 R
b111 N
0P
b110 M
b100 Q
b11 T
b10 2
b10 J
b10 U
b11101 1
b11101 I
b11101 O
b1100 W
b10011100 +
b10011100 3
b10011100 9
b10011100 V
1'
#30915000
b10010000 #
b10010000 )
b10010000 -
b10010000 0
b10010000 7
b10010000 ;
b111 8
b111 <
b111 C
b10101 ?
b10100 >
b11000 B
b10111 E
b11100 6
b11100 F
b11100 G
b1 5
b1 @
b1 L
b10 K
1%
#30916000
0'
#30918000
1S
b100 4
b100 :
b100 R
b101 N
b111 M
b1101 W
b10011101 +
b10011101 3
b10011101 9
b10011101 V
b11100 H
b101 Q
b100 T
b110 2
b110 J
b110 U
1'
0%
#30920000
0'
#30921000
b10010001 #
b10010001 )
b10010001 -
b10010001 0
b10010001 7
b10010001 ;
b1000 8
b1000 <
b1000 C
b10111 ?
b10101 >
b10 5
b10 @
b10 L
b110 K
b11001 B
b11000 E
b10100 6
b10100 F
b10100 G
1%
#30922000
b101 4
b101 :
b101 R
b100 N
0P
b101 M
1S
1.
b110 Q
b101 T
b111 2
b111 J
b111 U
b11100 1
b11100 I
b11100 O
b10100 H
b1110 W
b10011110 +
b10011110 3
b10011110 9
b10011110 V
1'
#30924000
0'
0%
#30926000
b110 4
b110 :
b110 R
1S
b1100 N
0P
b100 M
b1111 W
b10011111 +
b10011111 3
b10011111 9
b10011111 V
b10100 1
b10100 I
b10100 O
b111 Q
b110 T
b101 2
b101 J
b101 U
1'
#30927000
b10010010 #
b10010010 )
b10010010 -
b10010010 0
b10010010 7
b10010010 ;
b1001 8
b1001 <
b1001 C
b10110 ?
b10111 >
b11010 B
b11001 E
b10101 6
b10101 F
b10101 G
b110 5
b110 @
b110 L
b101 K
1%
#30928000
0'
#30930000
1P
b111 4
b111 :
b111 R
0S
b1101 N
b1100 M
b1000 Q
b111 T
b100 2
b100 J
b100 U
b10101 H
b0 W
b10100000 +
b10100000 3
b10100000 9
b10100000 V
1'
0%
#30932000
0'
#30933000
b10010011 #
b10010011 )
b10010011 -
b10010011 0
b10010011 7
b10010011 ;
b1010 8
b1010 <
b1010 C
b10010 ?
b10110 >
b101 5
b101 @
b101 L
b100 K
b11011 B
b11010 E
b10111 6
b10111 F
b10111 G
1%
#30934000
1S
b1000 4
b1000 :
b1000 R
b1101 N
0P
b1100 M
b1 W
b10100001 +
b10100001 3
b10100001 9
b10100001 V
b10101 1
b10101 I
b10101 O
b10111 H
b1000 Q
b1000 T
b1100 2
b1100 J
b1100 U
1!
0.
1'
#30936000
0'
0%
#30938000
0S
0!
1.
b10111 1
b10111 I
b10111 O
0*
1'
#30939000
b10010100 #
b10010100 )
b10010100 -
b10010100 0
b10010100 7
b10010100 ;
b1011 8
b1011 <
b1011 C
b10011 ?
b10010 >
b11100 B
b11011 E
b10110 6
b10110 F
b10110 G
b100 5
b100 @
b100 L
b1100 K
1%
#30940000
0'
#30942000
1S
b1111 N
b1101 M
b1001 Q
b10 W
b10100010 +
b10100010 3
b10100010 9
b10100010 V
1*
b10110 H
0.
1'
0%
#30944000
0'
#30945000
b10010101 #
b10010101 )
b10010101 -
b10010101 0
b10010101 7
b10010101 ;
b1100 8
b1100 <
b1100 C
b10001 ?
b10011 >
b1100 5
b1100 @
b1100 L
b11101 B
b11100 E
b10010 6
b10010 F
b10010 G
1%
#30946000
b1001 4
b1001 :
b1001 R
b1110 N
0P
b1111 M
1S
1.
b1010 Q
b1001 T
b1101 2
b1101 J
b1101 U
b10110 1
b10110 I
b10110 O
b10010 H
b11 W
b10100011 +
b10100011 3
b10100011 9
b10100011 V
1'
#30948000
0'
0%
#30950000
b1010 4
b1010 :
b1010 R
1S
b1010 N
0P
b1110 M
b100 W
b10100100 +
b10100100 3
b10100100 9
b10100100 V
b10010 1
b10010 I
b10010 O
b1011 Q
b1010 T
b1111 2
b1111 J
b1111 U
1'
#30951000
b10010110 #
b10010110 )
b10010110 -
b10010110 0
b10010110 7
b10010110 ;
b1101 8
b1101 <
b1101 C
b10000 ?
b10001 >
b11110 B
b11101 E
b10011 6
b10011 F
b10011 G
b1111 K
1%
#30952000
0'
#30954000
1P
b1011 4
b1011 :
b1011 R
0S
b1011 N
b1010 M
b1100 Q
b1011 T
b1110 2
b1110 J
b1110 U
b10011 H
b101 W
b10100101 +
b10100101 3
b10100101 9
b10100101 V
1'
0%
#30956000
0'
#30957000
b10010111 #
b10010111 )
b10010111 -
b10010111 0
b10010111 7
b10010111 ;
b1110 8
b1110 <
b1110 C
0D
b0 ?
b10000 >
b1111 5
b1111 @
b1111 L
b1110 K
b11111 B
b11110 E
b10001 6
b10001 F
b10001 G
1%
#30958000
1S
b1100 4
b1100 :
b1100 R
b1011 N
0P
b1010 M
b110 W
b10100110 +
b10100110 3
b10100110 9
b10100110 V
b10011 1
b10011 I
b10011 O
b10001 H
b1100 Q
b1100 T
b1010 2
b1010 J
b1010 U
1!
0.
1'
#30960000
0'
0%
#30962000
0S
0!
1.
b10001 1
b10001 I
b10001 O
0*
1'
#30963000
b10011000 #
b10011000 )
b10011000 -
b10011000 0
b10011000 7
b10011000 ;
b1111 8
b1111 <
b1111 C
b1 ?
b0 >
b0 B
b11111 E
b10000 6
b10000 F
b10000 G
b1110 5
b1110 @
b1110 L
b1010 K
1%
#30964000
0'
#30966000
1S
b1001 N
b1011 M
b1101 Q
b111 W
b10100111 +
b10100111 3
b10100111 9
b10100111 V
1*
b10000 H
0.
1'
0%
#30968000
0'
#30969000
b10011001 #
b10011001 )
b10011001 -
b10011001 0
b10011001 7
b10011001 ;
b0 8
b0 <
b0 C
b11 ?
b1 >
b1010 5
b1010 @
b1010 L
b1 B
b0 E
b0 6
b0 F
b0 G
1%
#30970000
b1101 4
b1101 :
b1101 R
b1000 N
0P
b1001 M
1S
1.
b1110 Q
b1101 T
b1011 2
b1011 J
b1011 U
b10000 1
b10000 I
b10000 O
b0 H
b1000 W
b10101000 +
b10101000 3
b10101000 9
b10101000 V
1'
#30972000
0'
0%
#30974000
b1110 4
b1110 :
b1110 R
1S
b11000 N
0P
b1000 M
b1001 W
b10101001 +
b10101001 3
b10101001 9
b10101001 V
b0 1
b0 I
b0 O
b1111 Q
b1110 T
b1001 2
b1001 J
b1001 U
1'
#30975000
b10011010 #
b10011010 )
b10011010 -
b10011010 0
b10011010 7
b10011010 ;
b1 8
b1 <
b1 C
b10 ?
b11 >
b10 B
b1 E
b1 6
b1 F
b1 G
b1001 K
1%
#30976000
0'
#30978000
1P
b1111 4
b1111 :
b1111 R
0S
b11001 N
b11000 M
b10000 Q
b1111 T
b1000 2
b1000 J
b1000 U
b1 H
b1010 W
b10101010 +
b10101010 3
b10101010 9
b10101010 V
1'
0%
#30980000
0'
#30981000
b10011011 #
b10011011 )
b10011011 -
b10011011 0
b10011011 7
b10011011 ;
b10 8
b10 <
b10 C
b110 ?
b10 >
b1001 5
b1001 @
b1001 L
b1000 K
b11 B
b10 E
b11 6
b11 F
b11 G
1%
#30982000
1S
b0 4
b0 :
b0 R
b11001 N
0P
b11000 M
b1011 W
b10101011 +
b10101011 3
b10101011 9
b10101011 V
b1 1
b1 I
b1 O
b11 H
b10000 Q
b10000 T
b11000 2
b11000 J
b11000 U
1!
0.
1'
#30984000
0'
0%
#30986000
0S
0!
1.
b11 1
b11 I
b11 O
0*
1'
#30987000
b10011100 #
b10011100 )
b10011100 -
b10011100 0
b10011100 7
b10011100 ;
b11 8
b11 <
b11 C
b111 ?
b110 >
b100 B
b11 E
b10 6
b10 F
b10 G
b1000 5
b1000 @
b1000 L
b11000 K
1%
#30988000
0'
#30990000
1S
b11011 N
b11001 M
b10001 Q
b1100 W
b10101100 +
b10101100 3
b10101100 9
b10101100 V
1*
b10 H
0.
1'
0%
#30992000
0'
#30993000
b10011101 #
b10011101 )
b10011101 -
b10011101 0
b10011101 7
b10011101 ;
b100 8
b100 <
b100 C
b101 ?
b111 >
b11000 5
b11000 @
b11000 L
b101 B
b100 E
b110 6
b110 F
b110 G
1%
#30994000
b1 4
b1 :
b1 R
b11010 N
0P
b11011 M
1S
1.
b10010 Q
b10001 T
b11001 2
b11001 J
b11001 U
b10 1
b10 I
b10 O
b110 H
b1101 W
b10101101 +
b10101101 3
b10101101 9
b10101101 V
1'
#30996000
0'
0%
#30998000
b10 4
b10 :
b10 R
1S
b11110 N
0P
b11010 M
b1110 W
b10101110 +
b10101110 3
b10101110 9
b10101110 V
b110 1
b110 I
b110 O
b10011 Q
b10010 T
b11011 2
b11011 J
b11011 U
1'
#30999000
b10011110 #
b10011110 )
b10011110 -
b10011110 0
b10011110 7
b10011110 ;
b101 8
b101 <
b101 C
b100 ?
b101 >
b110 B
b101 E
b111 6
b111 F
b111 G
b11011 K
1%
#31000000
0'
#31002000
1P
b11 4
b11 :
b11 R
0S
b11111 N
b11110 M
b10100 Q
b10011 T
b11010 2
b11010 J
b11010 U
b111 H
b1111 W
b10101111 +
b10101111 3
b10101111 9
b10101111 V
1'
0%
#31004000
0'
#31005000
b10011111 #
b10011111 )
b10011111 -
b10011111 0
b10011111 7
b10011111 ;
b110 8
b110 <
b110 C
b1100 ?
b100 >
b11011 5
b11011 @
b11011 L
b11010 K
b111 B
b110 E
b101 6
b101 F
b101 G
1%
#31006000
1S
b100 4
b100 :
b100 R
b11111 N
0P
b11110 M
b0 W
b10110000 +
b10110000 3
b10110000 9
b10110000 V
b111 1
b111 I
b111 O
b101 H
b10100 Q
b10100 T
b11110 2
b11110 J
b11110 U
1!
0.
1'
#31008000
0'
0%
#31010000
0S
0!
1.
b101 1
b101 I
b101 O
0*
1'
#31011000
b10100000 #
b10100000 )
b10100000 -
b10100000 0
b10100000 7
b10100000 ;
b111 8
b111 <
b111 C
b1101 ?
b1100 >
b1000 B
b111 E
b100 6
b100 F
b100 G
b11010 5
b11010 @
b11010 L
b11110 K
1%
#31012000
0'
#31014000
1S
b11101 N
b11111 M
b10101 Q
b1 W
b10110001 +
b10110001 3
b10110001 9
b10110001 V
1*
b100 H
0.
1'
0%
#31016000
0'
#31017000
b10100010 #
b10100010 )
b10100010 -
b10100010 0
b10100010 7
b10100010 ;
b1000 8
b1000 <
b1000 C
b1111 ?
b1101 >
b11110 5
b11110 @
b11110 L
b1001 B
b1000 E
b1100 6
b1100 F
b1100 G
1%
#31018000
b101 4
b101 :
b101 R
b11100 N
0P
b11101 M
1S
1.
b10110 Q
b10101 T
b11111 2
b11111 J
b11111 U
b100 1
b100 I
b100 O
b1100 H
b10 W
b10110010 +
b10110010 3
b10110010 9
b10110010 V
1'
#31020000
0'
0%
0$
#31022000
b110 4
b110 :
b110 R
0S
b11100 N
0P
b11101 M
0*
b1100 1
b1100 I
b1100 O
b10110 Q
b10110 T
b11101 2
b11101 J
b11101 U
1'
#31023000
b10100011 #
b10100011 )
b10100011 -
b10100011 0
b10100011 7
b10100011 ;
b1001 8
b1001 <
b1001 C
b1110 ?
b1111 >
b1010 B
b1001 E
b1101 6
b1101 F
b1101 G
b11101 K
1%
#31024000
0'
#31026000
0.
b1101 H
1'
0%
#31028000
0'
#31029000
b10100100 #
b10100100 )
b10100100 -
b10100100 0
b10100100 7
b10100100 ;
b1010 8
b1010 <
b1010 C
b1010 ?
b1110 >
b11101 5
b11101 @
b11101 L
b1011 B
b1010 E
b1111 6
b1111 F
b1111 G
1%
#31030000
b1101 1
b1101 I
b1101 O
b1111 H
1'
#31032000
0'
0%
#31034000
b1111 1
b1111 I
b1111 O
1'
#31035000
b10100101 #
b10100101 )
b10100101 -
b10100101 0
b10100101 7
b10100101 ;
b1011 8
b1011 <
b1011 C
b1011 ?
b1010 >
b1100 B
b1011 E
b1110 6
b1110 F
b1110 G
1%
#31036000
0'
#31038000
b1110 H
1'
0%
#31040000
0'
#31041000
b10100111 #
b10100111 )
b10100111 -
b10100111 0
b10100111 7
b10100111 ;
b1100 8
b1100 <
b1100 C
b1001 ?
b1011 >
b1101 B
b1100 E
b1010 6
b1010 F
b1010 G
1%
#31042000
b1110 1
b1110 I
b1110 O
b1010 H
1'
#31044000
0'
0%
#31046000
b1010 1
b1010 I
b1010 O
1'
#31047000
b10101000 #
b10101000 )
b10101000 -
b10101000 0
b10101000 7
b10101000 ;
b1101 8
b1101 <
b1101 C
b1000 ?
b1001 >
b1110 B
b1101 E
b1011 6
b1011 F
b1011 G
1%
#31048000
0'
#31050000
b1011 H
1'
0%
#31052000
0'
#31053000
b10101001 #
b10101001 )
b10101001 -
b10101001 0
b10101001 7
b10101001 ;
b1110 8
b1110 <
b1110 C
b11000 ?
b1000 >
b1111 B
b1110 E
b1001 6
b1001 F
b1001 G
1%
#31054000
b1011 1
b1011 I
b1011 O
b1001 H
1'
#31056000
0'
0%
#31058000
b1001 1
b1001 I
b1001 O
1'
#31059000
b10101010 #
b10101010 )
b10101010 -
b10101010 0
b10101010 7
b10101010 ;
b1111 8
b1111 <
b1111 C
b11001 ?
b11000 >
b10000 B
b1111 E
b1000 6
b1000 F
b1000 G
1%
#31060000
0'
#31062000
b1000 H
1'
0%
#31064000
0'
#31065000
b10101100 #
b10101100 )
b10101100 -
b10101100 0
b10101100 7
b10101100 ;
b0 8
b0 <
b0 C
b11011 ?
b11001 >
b10001 B
b10000 E
b11000 6
b11000 F
b11000 G
1%
#31066000
b1000 1
b1000 I
b1000 O
b11000 H
1'
#31068000
0'
0%
#31070000
b11000 1
b11000 I
b11000 O
1'
#31071000
b10101101 #
b10101101 )
b10101101 -
b10101101 0
b10101101 7
b10101101 ;
b1 8
b1 <
b1 C
b11010 ?
b11011 >
b10010 B
b10001 E
b11001 6
b11001 F
b11001 G
1%
#31072000
0'
#31074000
b11001 H
1'
0%
#31076000
0'
#31077000
b10101110 #
b10101110 )
b10101110 -
b10101110 0
b10101110 7
b10101110 ;
b10 8
b10 <
b10 C
0D
b11110 ?
b11010 >
b10011 B
b10010 E
b11011 6
b11011 F
b11011 G
1%
#31078000
b11001 1
b11001 I
b11001 O
b11011 H
1'
#31080000
0'
0%
#31082000
b11011 1
b11011 I
b11011 O
1'
#31083000
b10101111 #
b10101111 )
b10101111 -
b10101111 0
b10101111 7
b10101111 ;
b11 8
b11 <
b11 C
b11111 ?
0A
b11110 >
b10100 B
b10011 E
b11010 6
b11010 F
b11010 G
1%
#31084000
0'
#31086000
b11010 H
1'
0%
#31088000
0'
#31089000
1D
b10110001 #
b10110001 )
b10110001 -
b10110001 0
b10110001 7
b10110001 ;
b100 8
b100 <
b100 C
b11101 ?
b11111 >
b10101 B
b10100 E
b11110 6
b11110 F
b11110 G
1%
#31090000
b11010 1
b11010 I
b11010 O
b11110 H
1'
#31092000
0'
0%
#31094000
b11110 1
b11110 I
b11110 O
1'
#31095000
1A
b10110010 #
b10110010 )
b10110010 -
b10110010 0
b10110010 7
b10110010 ;
b101 8
b101 <
b101 C
0D
b11100 ?
b11101 >
1/
b10110 B
b10101 E
b11111 6
b11111 F
b11111 G
1%
#31096000
0'
#31098000
b11111 H
1'
0%
#31100000
0'
#31101000
b10011111 #
b10011111 )
b10011111 -
b10011111 0
b10011111 7
b10011111 ;
b110 8
b110 <
b110 C
b11100 ?
1A
b11101 >
b10110 B
b10110 E
b11101 6
b11101 F
b11101 G
1"
0/
1%
#31102000
b11111 1
b11111 I
b11111 O
b11101 H
1'
#31104000
0'
0%
#31106000
b11101 1
b11101 I
b11101 O
1'
#31107000
0,
1%
#31108000
0'
#31110000
1'
0%
#31112000
0'
#31113000
1%
#31114000
1'
#31116000
0'
0%
#31118000
1'
#31119000
1%
#31120000
0'
#31122000
1'
0%
#31124000
0'
#31125000
1%
#31126000
1'
#31128000
0'
0%
#31130000
1'
#31131000
1%
#31132000
0'
#31134000
1'
0%
#31136000
0'
#31137000
1%
#31138000
1'
#31140000
0'
0%
#31142000
1'
#31143000
1%
#31144000
0'
#31146000
1'
0%
#31148000
0'
#31149000
1%
#31150000
1'
#31152000
0'
0%
#31154000
1'
#31155000
1%
#31156000
0'
#31158000
1'
0%
#31160000
0'
#31161000
1%
#31162000
1'
#31164000
0'
0%
#31166000
1'
#31167000
1%
#31168000
0'
#31170000
1'
0%
#31172000
0'
#31173000
1%
#31174000
1'
#31176000
0'
0%
#31178000
1'
#31179000
1%
#31180000
0'
#31182000
1'
0%
#31184000
0'
#31185000
1%
#31186000
1'
#31188000
0'
0%
#31190000
1'
#31191000
1%
#31192000
0'
#31194000
1'
0%
#31196000
0'
#31197000
1%
#31198000
1'
#31200000
0'
0%
#31202000
1'
#31203000
1%
#31204000
0'
#31206000
1'
0%
#31208000
0'
#31209000
1%
#31210000
1'
#31212000
0'
0%
#31214000
1'
#31215000
1%
#31216000
0'
#31218000
1'
0%
#31220000
0'
#31221000
1%
#31222000
1'
#31224000
0'
0%
#31226000
1'
#31227000
1%
#31228000
0'
#31230000
1'
0%
#31232000
0'
#31233000
1%
#31234000
1'
#31236000
0'
0%
#31238000
1'
#31239000
1%
#31240000
0'
#31242000
1'
0%
#31244000
0'
#31245000
1%
#31246000
1'
#31248000
0'
0%
#31250000
1'
#31251000
1%
#31252000
0'
#31254000
1'
0%
#31256000
0'
#31257000
1%
#31258000
1'
#31260000
0'
0%
#31262000
1'
#31263000
1%
#31264000
0'
#31266000
1'
0%
#31268000
0'
#31269000
1%
#31270000
1'
#31272000
0'
0%
#31274000
1'
#31275000
1%
#31276000
0'
#31278000
1'
0%
#31280000
0'
#31281000
1%
#31282000
1'
#31284000
0'
0%
#31286000
1'
#31287000
1%
#31288000
0'
#31290000
1'
0%
#31292000
0'
#31293000
1%
#31294000
1'
#31296000
0'
0%
#31298000
1'
#31299000
1%
#31300000
0'
#31302000
1'
0%
#31304000
0'
#31305000
1%
#31306000
1'
#31308000
0'
0%
#31310000
1'
#31311000
1%
#31312000
0'
#31314000
1'
0%
#31316000
0'
#31317000
1%
#31318000
1'
#31320000
0'
0%
#31322000
1'
#31323000
1%
#31324000
0'
#31326000
1'
0%
#31328000
0'
#31329000
1%
#31330000
1'
#31332000
0'
0%
#31334000
1'
#31335000
1%
#31336000
0'
#31338000
1'
0%
#31340000
0'
#31341000
1%
#31342000
1'
#31344000
0'
0%
#31346000
1'
#31347000
1%
#31348000
0'
#31350000
1'
0%
#31352000
0'
#31353000
1%
#31354000
1'
#31356000
0'
0%
#31358000
1'
#31359000
1%
#31360000
0'
#31362000
1'
0%
#31364000
0'
#31365000
1%
#31366000
1'
#31368000
0'
0%
#31370000
1'
#31371000
1%
#31372000
0'
#31374000
1'
0%
#31376000
0'
#31377000
1%
#31378000
1'
#31380000
0'
0%
#31382000
1'
#31383000
1%
#31384000
0'
#31386000
1'
0%
#31388000
0'
#31389000
1%
#31390000
1'
#31392000
0'
0%
#31394000
1'
#31395000
1%
#31396000
0'
#31398000
1'
0%
#31400000
0'
#31401000
1%
#31402000
1'
#31404000
0'
0%
#31406000
1'
#31407000
1%
#31408000
0'
#31410000
1'
0%
#31412000
0'
#31413000
1%
#31414000
1'
#31416000
0'
0%
#31418000
1'
#31419000
1%
#31420000
0'
#31422000
1'
0%
#31424000
0'
#31425000
1%
#31426000
1'
#31428000
0'
0%
#31430000
1'
#31431000
1%
#31432000
0'
#31434000
1'
0%
#31436000
0'
#31437000
1%
#31438000
1'
#31440000
0'
0%
#31442000
1'
#31443000
1%
#31444000
0'
#31446000
1'
0%
#31448000
0'
#31449000
1%
#31450000
1'
#31452000
0'
0%
#31454000
1'
#31455000
1%
#31456000
0'
#31458000
1'
0%
#31460000
0'
#31461000
1%
#31462000
1'
#31464000
0'
0%
#31466000
1'
#31467000
1%
#31468000
0'
#31470000
1'
0%
#31472000
0'
#31473000
1%
#31474000
1'
#31476000
0'
0%
#31478000
1'
#31479000
1%
#31480000
0'
#31482000
1'
0%
#31484000
0'
#31485000
1%
#31486000
1'
#31488000
0'
0%
#31490000
1'
#31491000
1%
#31492000
0'
#31494000
1'
0%
#31496000
0'
#31497000
1%
#31498000
1'
#31500000
0'
0%
#31502000
1'
#31503000
1%
#31504000
0'
#31506000
1'
0%
#31508000
0'
#31509000
1%
#31510000
1'
#31512000
0'
0%
#31514000
1'
#31515000
1%
#31516000
0'
#31518000
1'
0%
#31520000
0'
#31521000
1%
#31522000
1'
#31524000
0'
0%
#31526000
1'
#31527000
1%
#31528000
0'
#31530000
1'
0%
#31532000
0'
#31533000
1%
#31534000
1'
#31536000
0'
0%
#31538000
1'
#31539000
1%
#31540000
0'
#31542000
1'
0%
#31544000
0'
#31545000
1%
#31546000
1'
#31548000
0'
0%
#31550000
1'
#31551000
1%
#31552000
0'
#31554000
1'
0%
#31556000
0'
#31557000
1%
#31558000
1'
#31560000
0'
0%
#31562000
1'
#31563000
1%
#31564000
0'
#31566000
1'
0%
#31568000
0'
#31569000
1%
#31570000
1'
#31572000
0'
0%
#31574000
1'
#31575000
1%
#31576000
0'
#31578000
1'
0%
#31580000
0'
#31581000
1%
#31582000
1'
#31584000
0'
0%
#31586000
1'
#31587000
1%
#31588000
0'
#31590000
1'
0%
#31592000
0'
#31593000
1%
#31594000
1'
#31596000
0'
0%
#31598000
1'
#31599000
1%
#31600000
0'
#31602000
1'
0%
#31604000
0'
#31605000
1%
#31606000
1'
#31608000
0'
0%
#31610000
1'
#31611000
1%
#31612000
0'
#31614000
1'
0%
#31616000
0'
#31617000
1%
#31618000
1'
#31620000
0'
0%
#31622000
1'
#31623000
1%
#31624000
0'
#31626000
1'
0%
#31628000
0'
#31629000
1%
#31630000
1'
#31632000
0'
0%
#31634000
1'
#31635000
1%
#31636000
0'
#31638000
1'
0%
#31640000
0'
#31641000
1%
#31642000
1'
#31644000
0'
0%
#31646000
1'
#31647000
1%
#31648000
0'
#31650000
1'
0%
#31652000
0'
#31653000
1%
#31654000
1'
#31656000
0'
0%
#31658000
1'
#31659000
1%
#31660000
0'
#31662000
1'
0%
#31664000
0'
#31665000
1%
#31666000
1'
#31668000
0'
0%
#31670000
1'
#31671000
1%
#31672000
0'
#31674000
1'
0%
#31676000
0'
#31677000
1%
#31678000
1'
#31680000
0'
0%
#31682000
1'
#31683000
1%
#31684000
0'
#31686000
1'
0%
#31688000
0'
#31689000
1%
#31690000
1'
#31692000
0'
0%
#31694000
1'
#31695000
1%
#31696000
0'
#31698000
1'
0%
#31700000
0'
#31701000
1%
#31702000
1'
#31704000
0'
0%
#31706000
1'
#31707000
1%
#31708000
0'
#31710000
1'
0%
#31712000
0'
#31713000
1%
#31714000
1'
#31716000
0'
0%
#31718000
1'
#31719000
1%
#31720000
0'
#31722000
1'
0%
#31724000
0'
#31725000
1%
#31726000
1'
#31728000
0'
0%
#31730000
1'
#31731000
1%
#31732000
0'
#31734000
1'
0%
#31736000
0'
#31737000
1%
#31738000
1'
#31740000
0'
0%
#31742000
1'
#31743000
1%
#31744000
0'
#31746000
1'
0%
#31748000
0'
#31749000
1%
#31750000
1'
#31752000
0'
0%
#31754000
1'
#31755000
1%
#31756000
0'
#31758000
1'
0%
#31760000
0'
#31761000
1%
#31762000
1'
#31764000
0'
0%
#31766000
1'
#31767000
1%
#31768000
0'
#31770000
1'
0%
#31772000
0'
#31773000
1%
#31774000
1'
#31776000
0'
0%
#31778000
1'
#31779000
1%
#31780000
0'
#31782000
1'
0%
#31784000
0'
#31785000
1%
#31786000
1'
#31788000
0'
0%
#31790000
1'
#31791000
1%
#31792000
0'
#31794000
1'
0%
#31796000
0'
#31797000
1%
#31798000
1'
#31800000
0'
0%
#31802000
1'
#31803000
1%
#31804000
0'
#31806000
1'
0%
#31808000
0'
#31809000
1%
#31810000
1'
#31812000
0'
0%
#31814000
1'
#31815000
1%
#31816000
0'
#31818000
1'
0%
#31820000
0'
#31821000
1%
#31822000
1'
#31824000
0'
0%
#31826000
1'
#31827000
1%
#31828000
0'
#31830000
1'
0%
#31832000
0'
#31833000
1%
#31834000
1'
#31836000
0'
0%
#31838000
1'
#31839000
1%
#31840000
0'
#31842000
1'
0%
#31844000
0'
#31845000
1%
#31846000
1'
#31848000
0'
0%
#31850000
1'
#31851000
1%
#31852000
0'
#31854000
1'
0%
#31856000
0'
#31857000
1%
#31858000
1'
#31860000
0'
0%
#31862000
1'
#31863000
1%
#31864000
0'
#31866000
1'
0%
#31868000
0'
#31869000
1%
#31870000
1'
#31872000
0'
0%
#31874000
1'
#31875000
1%
#31876000
0'
#31878000
1'
0%
#31880000
0'
#31881000
1%
#31882000
1'
#31884000
0'
0%
#31886000
1'
#31887000
1%
#31888000
0'
#31890000
1'
0%
#31892000
0'
#31893000
1%
#31894000
1'
#31896000
0'
0%
#31898000
1'
#31899000
1%
#31900000
0'
#31902000
1'
0%
#31904000
0'
#31905000
1%
#31906000
1'
#31908000
0'
0%
#31910000
1'
#31911000
1%
#31912000
0'
#31914000
1'
0%
#31916000
0'
#31917000
1%
#31918000
1'
#31920000
0'
0%
#31922000
1'
#31923000
1%
#31924000
0'
#31926000
1'
0%
#31928000
0'
#31929000
1%
#31930000
1'
#31932000
0'
0%
#31934000
1'
#31935000
1%
#31936000
0'
#31938000
1'
0%
#31940000
0'
#31941000
1%
#31942000
1'
#31944000
0'
0%
#31946000
1'
#31947000
1%
#31948000
0'
#31950000
1'
0%
#31952000
0'
#31953000
1%
#31954000
1'
#31956000
0'
0%
#31958000
1'
#31959000
1%
#31960000
0'
#31962000
1'
0%
#31964000
0'
#31965000
1%
#31966000
1'
#31968000
0'
0%
#31970000
1'
#31971000
1%
#31972000
0'
#31974000
1'
0%
#31976000
0'
#31977000
1%
#31978000
1'
#31980000
0'
0%
#31982000
1'
#31983000
1%
#31984000
0'
#31986000
1'
0%
#31988000
0'
#31989000
1%
#31990000
1'
#31992000
0'
0%
#31994000
1'
#31995000
1%
#31996000
0'
#31998000
1'
0%
#32000000
0'
#32001000
1%
#32002000
1'
#32004000
0'
0%
#32006000
1'
#32007000
1%
#32008000
0'
#32010000
1'
0%
#32012000
0'
#32013000
1%
#32014000
1'
#32016000
0'
0%
#32018000
1'
#32019000
1%
#32020000
0'
#32022000
1'
0%
#32024000
0'
#32025000
1%
#32026000
1'
#32028000
0'
0%
#32030000
1'
#32031000
1%
#32032000
0'
#32034000
1'
0%
#32036000
0'
#32037000
1%
#32038000
1'
#32040000
0'
0%
#32042000
1'
#32043000
1%
#32044000
0'
#32046000
1'
0%
#32048000
0'
#32049000
1%
#32050000
1'
#32052000
0'
0%
#32054000
1'
#32055000
1%
#32056000
0'
#32058000
1'
0%
#32060000
0'
#32061000
1%
#32062000
1'
#32064000
0'
0%
#32066000
1'
#32067000
1%
#32068000
0'
#32070000
1'
0%
#32072000
0'
#32073000
1%
#32074000
1'
#32076000
0'
0%
#32078000
1'
#32079000
1%
#32080000
0'
#32082000
1'
0%
#32084000
0'
#32085000
1%
#32086000
1'
#32088000
0'
0%
#32090000
1'
#32091000
1%
#32092000
0'
#32094000
1'
0%
#32096000
0'
#32097000
1%
#32098000
1'
#32100000
0'
0%
#32102000
1'
#32103000
1%
#32104000
0'
#32106000
1'
0%
#32108000
0'
#32109000
1%
#32110000
1'
#32112000
0'
0%
#32114000
1'
#32115000
1%
#32116000
0'
#32118000
1'
0%
#32120000
0'
#32121000
1%
#32122000
1'
#32124000
0'
0%
#32126000
1'
#32127000
1%
#32128000
0'
#32130000
1'
0%
#32132000
0'
#32133000
1%
#32134000
1'
#32136000
0'
0%
#32138000
1'
#32139000
1%
#32140000
0'
#32142000
1'
0%
#32144000
0'
#32145000
1%
#32146000
1'
#32148000
0'
0%
#32150000
1'
#32151000
1%
#32152000
0'
#32154000
1'
0%
#32156000
0'
#32157000
1%
#32158000
1'
#32160000
0'
0%
#32162000
1'
#32163000
1%
#32164000
0'
#32166000
1'
0%
#32168000
0'
#32169000
1%
#32170000
1'
#32172000
0'
0%
#32174000
1'
#32175000
1%
#32176000
0'
#32178000
1'
0%
#32180000
0'
#32181000
1%
#32182000
1'
#32184000
0'
0%
#32186000
1'
#32187000
1%
#32188000
0'
#32190000
1'
0%
#32192000
0'
#32193000
1%
#32194000
1'
#32196000
0'
0%
#32198000
1'
#32199000
1%
#32200000
0'
#32202000
1'
0%
#32204000
0'
#32205000
1%
#32206000
1'
#32208000
0'
0%
#32210000
1'
#32211000
1%
#32212000
0'
#32214000
1'
0%
#32216000
0'
#32217000
1%
#32218000
1'
#32220000
0'
0%
#32222000
1'
#32223000
1%
#32224000
0'
#32226000
1'
0%
#32228000
0'
#32229000
1%
#32230000
1'
#32232000
0'
0%
#32234000
1'
#32235000
1%
#32236000
0'
#32238000
1'
0%
#32240000
0'
#32241000
1%
#32242000
1'
#32244000
0'
0%
#32246000
1'
#32247000
1%
#32248000
0'
#32250000
1'
0%
#32252000
0'
#32253000
1%
#32254000
1'
#32256000
0'
0%
#32258000
1'
#32259000
1%
#32260000
0'
#32262000
1'
0%
#32264000
0'
#32265000
1%
#32266000
1'
#32268000
0'
0%
#32270000
1'
#32271000
1%
#32272000
0'
#32274000
1'
0%
#32276000
0'
#32277000
1%
#32278000
1'
#32280000
0'
0%
#32282000
1'
#32283000
1%
#32284000
0'
#32286000
1'
0%
#32288000
0'
#32289000
1%
#32290000
1'
#32292000
0'
0%
#32294000
1'
#32295000
1%
#32296000
0'
#32298000
1'
0%
#32300000
0'
#32301000
1%
#32302000
1'
#32304000
0'
0%
#32306000
1'
#32307000
1%
#32308000
0'
#32310000
1'
0%
#32312000
0'
#32313000
1%
#32314000
1'
#32316000
0'
0%
#32318000
1'
#32319000
1%
#32320000
0'
#32322000
1'
0%
#32324000
0'
#32325000
1%
#32326000
1'
#32328000
0'
0%
#32330000
1'
#32331000
1%
#32332000
0'
#32334000
1'
0%
#32336000
0'
#32337000
1%
#32338000
1'
#32340000
0'
0%
#32342000
1'
#32343000
1%
#32344000
0'
#32346000
1'
0%
#32348000
0'
#32349000
1%
#32350000
1'
#32352000
0'
0%
#32354000
1'
#32355000
1%
#32356000
0'
#32358000
1'
0%
#32360000
0'
#32361000
1%
#32362000
1'
#32364000
0'
0%
#32366000
1'
#32367000
1%
#32368000
0'
#32370000
1'
0%
#32372000
0'
#32373000
1%
#32374000
1'
#32376000
0'
0%
#32378000
1'
#32379000
1%
#32380000
0'
#32382000
1'
0%
#32384000
0'
#32385000
1%
#32386000
1'
#32388000
0'
0%
#32390000
1'
#32391000
1%
#32392000
0'
#32394000
1'
0%
#32396000
0'
#32397000
1%
#32398000
1'
#32400000
0'
0%
#32402000
1'
#32403000
1%
#32404000
0'
#32406000
1'
0%
#32408000
0'
#32409000
1%
#32410000
1'
#32412000
0'
0%
#32414000
1'
#32415000
1%
#32416000
0'
#32418000
1'
0%
#32420000
0'
#32421000
1%
#32422000
1'
#32424000
0'
0%
#32426000
1'
#32427000
1%
#32428000
0'
#32430000
1'
0%
#32432000
0'
#32433000
1%
#32434000
1'
#32436000
0'
0%
#32438000
1'
#32439000
1%
#32440000
0'
#32442000
1'
0%
#32444000
0'
#32445000
1%
#32446000
1'
#32448000
0'
0%
#32450000
1'
#32451000
1%
#32452000
0'
#32454000
1'
0%
#32456000
0'
#32457000
1%
#32458000
1'
#32460000
0'
0%
#32462000
1'
#32463000
1%
#32464000
0'
#32466000
1'
0%
#32468000
0'
#32469000
1%
#32470000
1'
#32472000
0'
0%
#32474000
1'
#32475000
1%
#32476000
0'
#32478000
1'
0%
#32480000
0'
#32481000
1%
#32482000
1'
#32484000
0'
0%
#32486000
1'
#32487000
1%
#32488000
0'
#32490000
1'
0%
#32492000
0'
#32493000
1%
#32494000
1'
#32496000
0'
0%
#32498000
1'
#32499000
1%
#32500000
0'
#32502000
1'
0%
#32504000
0'
#32505000
1%
#32506000
1'
#32508000
0'
0%
#32510000
1'
#32511000
1%
#32512000
0'
#32514000
1'
0%
#32516000
0'
#32517000
1%
#32518000
1'
#32520000
0'
0%
#32522000
1'
#32523000
1%
#32524000
0'
#32526000
1'
0%
#32528000
0'
#32529000
1%
#32530000
1'
#32532000
0'
0%
#32534000
1'
#32535000
1%
#32536000
0'
#32538000
1'
0%
#32540000
0'
#32541000
1%
#32542000
1'
#32544000
0'
0%
#32546000
1'
#32547000
1%
#32548000
0'
#32550000
1'
0%
#32552000
0'
#32553000
1%
#32554000
1'
#32556000
0'
0%
#32558000
1'
#32559000
1%
#32560000
0'
#32562000
1'
0%
#32564000
0'
#32565000
1%
#32566000
1'
#32568000
0'
0%
#32570000
1'
#32571000
1%
#32572000
0'
#32574000
1'
0%
#32576000
0'
#32577000
1%
#32578000
1'
#32580000
0'
0%
#32582000
1'
#32583000
1%
#32584000
0'
#32586000
1'
0%
#32588000
0'
#32589000
1%
#32590000
1'
#32592000
0'
0%
#32594000
1'
#32595000
1%
#32596000
0'
#32598000
1'
0%
#32600000
0'
#32601000
1%
#32602000
1'
#32604000
0'
0%
#32606000
1'
#32607000
1%
#32608000
0'
#32610000
1'
0%
#32612000
0'
#32613000
1%
#32614000
1'
#32616000
0'
0%
#32618000
1'
#32619000
1%
#32620000
0'
#32622000
1'
0%
#32624000
0'
#32625000
1%
#32626000
1'
#32628000
0'
0%
#32630000
1'
#32631000
1%
#32632000
0'
#32634000
1'
0%
#32636000
0'
#32637000
1%
#32638000
1'
#32640000
0'
0%
#32642000
1'
#32643000
1%
#32644000
0'
#32646000
1'
0%
#32648000
0'
#32649000
1%
#32650000
1'
#32652000
0'
0%
#32654000
1'
#32655000
1%
#32656000
0'
#32658000
1'
0%
#32660000
0'
#32661000
1%
#32662000
1'
#32664000
0'
0%
#32666000
1'
#32667000
1%
#32668000
0'
#32670000
1'
0%
#32672000
0'
#32673000
1%
#32674000
1'
#32676000
0'
0%
#32678000
1'
#32679000
1%
#32680000
0'
#32682000
1'
0%
#32684000
0'
#32685000
1%
#32686000
1'
#32688000
0'
0%
#32690000
1'
#32691000
1%
#32692000
0'
#32694000
1'
0%
#32696000
0'
#32697000
1%
#32698000
1'
#32700000
0'
0%
#32702000
1'
#32703000
1%
#32704000
0'
#32706000
1'
0%
#32708000
0'
#32709000
1%
#32710000
1'
#32712000
0'
0%
#32714000
1'
#32715000
1%
#32716000
0'
#32718000
1'
0%
#32720000
0'
#32721000
1%
#32722000
1'
#32724000
0'
0%
#32726000
1'
#32727000
1%
#32728000
0'
#32730000
1'
0%
#32732000
0'
#32733000
1%
#32734000
1'
#32736000
0'
0%
#32738000
1'
#32739000
1%
#32740000
0'
#32742000
1'
0%
#32744000
0'
#32745000
1%
#32746000
1'
#32748000
0'
0%
#32750000
1'
#32751000
1%
#32752000
0'
#32754000
1'
0%
#32756000
0'
#32757000
1%
#32758000
1'
#32760000
0'
0%
#32762000
1'
#32763000
1%
#32764000
0'
#32766000
1'
0%
#32768000
0'
#32769000
1%
#32770000
1'
#32772000
0'
0%
#32774000
1'
#32775000
1%
#32776000
0'
#32778000
1'
0%
#32780000
0'
#32781000
1%
#32782000
1'
#32784000
0'
0%
#32786000
1'
#32787000
1%
#32788000
0'
#32790000
1'
0%
#32792000
0'
#32793000
1%
#32794000
1'
#32796000
0'
0%
#32798000
1'
#32799000
1%
#32800000
0'
#32802000
1'
0%
#32804000
0'
#32805000
1%
#32806000
1'
#32808000
0'
0%
#32810000
1'
#32811000
1%
#32812000
0'
#32814000
1'
0%
#32816000
0'
#32817000
1%
#32818000
1'
#32820000
0'
0%
#32822000
1'
#32823000
1%
#32824000
0'
#32826000
1'
0%
#32828000
0'
#32829000
1%
#32830000
1'
#32832000
0'
0%
#32834000
1'
#32835000
1%
#32836000
0'
#32838000
1'
0%
#32840000
0'
#32841000
1%
#32842000
1'
#32844000
0'
0%
#32846000
1'
#32847000
1%
#32848000
0'
#32850000
1'
0%
#32852000
0'
#32853000
1%
#32854000
1'
#32856000
0'
0%
#32858000
1'
#32859000
1%
#32860000
0'
#32862000
1'
0%
#32864000
0'
#32865000
1%
#32866000
1'
#32868000
0'
0%
#32870000
1'
#32871000
1%
#32872000
0'
#32874000
1'
0%
#32876000
0'
#32877000
1%
#32878000
1'
#32880000
0'
0%
#32882000
1'
#32883000
1%
#32884000
0'
#32886000
1'
0%
#32888000
0'
#32889000
1%
#32890000
1'
#32892000
0'
0%
#32894000
1'
#32895000
1%
#32896000
0'
#32898000
1'
0%
#32900000
0'
#32901000
1%
#32902000
1'
#32904000
0'
0%
#32906000
1'
#32907000
1%
#32908000
0'
#32910000
1'
0%
#32912000
0'
#32913000
1%
#32914000
1'
#32916000
0'
0%
#32918000
1'
#32919000
1%
#32920000
0'
#32922000
1'
0%
#32924000
0'
#32925000
1%
#32926000
1'
#32928000
0'
0%
#32930000
1'
#32931000
1%
#32932000
0'
#32934000
1'
0%
#32936000
0'
#32937000
1%
#32938000
1'
#32940000
0'
0%
#32942000
1'
#32943000
1%
#32944000
0'
#32946000
1'
0%
#32948000
0'
#32949000
1%
#32950000
1'
#32952000
0'
0%
#32954000
1'
#32955000
1%
#32956000
0'
#32958000
1'
0%
#32960000
0'
#32961000
1%
#32962000
1'
#32964000
0'
0%
#32966000
1'
#32967000
1%
#32968000
0'
#32970000
1'
0%
#32972000
0'
#32973000
1%
#32974000
1'
#32976000
0'
0%
#32978000
1'
#32979000
1%
#32980000
0'
#32982000
1'
0%
#32984000
0'
#32985000
1%
#32986000
1'
#32988000
0'
0%
#32990000
1'
#32991000
1%
#32992000
0'
#32994000
1'
0%
#32996000
0'
#32997000
1%
#32998000
1'
#33000000
0'
0%
#33002000
1'
#33003000
1%
#33004000
0'
#33006000
1'
0%
#33008000
0'
#33009000
1%
#33010000
1'
#33012000
0'
0%
#33014000
1'
#33015000
1%
#33016000
0'
#33018000
1'
0%
#33020000
0'
1$
#33021000
1%
#33022000
b10100 N
b11100 M
b10111 Q
b11 W
b10110011 +
b10110011 3
b10110011 9
b10110011 V
1*
1'
#33024000
0'
0%
#33026000
b111 4
b111 :
b111 R
b10101 N
b10100 M
b10110011 #
b10110011 )
b10110011 -
b10110011 0
b10110011 7
b10110011 ;
b11000 Q
b10111 T
b11100 2
b11100 J
b11100 U
b100 W
b10110100 +
b10110100 3
b10110100 9
b10110100 V
1'
#33027000
b11100 K
1%
#33028000
0'
#33030000
b1000 4
b1000 :
b1000 R
b10111 N
b10101 M
b101 W
b10110101 +
b10110101 3
b10110101 9
b10110101 V
b11001 Q
b11000 T
b10100 2
b10100 J
b10100 U
1'
0%
#33032000
0'
#33033000
1D
0A
b11100 5
b11100 @
b11100 L
b10100 K
1%
#33034000
b1001 4
b1001 :
b1001 R
b10110 N
b10111 M
b11010 Q
b11001 T
b10101 2
b10101 J
b10101 U
b110 W
b10110110 +
b10110110 3
b10110110 9
b10110110 V
1'
#33036000
0'
0%
#33038000
b1010 4
b1010 :
b1010 R
b10010 N
b10110 M
b111 W
b10110111 +
b10110111 3
b10110111 9
b10110111 V
b11011 Q
b11010 T
b10111 2
b10111 J
b10111 U
1'
#33039000
0"
1/
0D
b10100 5
b10100 @
b10100 L
b10111 K
1%
#33040000
0'
#33042000
b1011 4
b1011 :
b1011 R
b10011 N
b10010 M
b11100 Q
b11011 T
b10110 2
b10110 J
b10110 U
b1000 W
b10111000 +
b10111000 3
b10111000 9
b10111000 V
1'
0%
#33044000
0'
#33045000
b10100 ?
b11100 >
b10111 B
b10111 5
b10111 @
b10111 L
b10110 K
0/
1,
1%
#33046000
b1100 4
b1100 :
b1100 R
b10001 N
b10011 M
b1001 W
b10111001 +
b10111001 3
b10111001 9
b10111001 V
b11101 Q
b11100 T
b10010 2
b10010 J
b10010 U
1'
#33048000
0'
0%
#33050000
b1101 4
b1101 :
b1101 R
b10000 N
b10001 M
b11110 Q
b11101 T
b10011 2
b10011 J
b10011 U
b1010 W
b10111010 +
b10111010 3
b10111010 9
b10111010 V
1'
#33051000
b10110100 #
b10110100 )
b10110100 -
b10110100 0
b10110100 7
b10110100 ;
b111 8
b111 <
b111 C
b10101 ?
b10100 >
b11000 B
b10111 E
b11100 6
b11100 F
b11100 G
b10110 5
b10110 @
b10110 L
b10011 K
1%
#33052000
0'
#33054000
b1110 4
b1110 :
b1110 R
b0 N
b10000 M
b1011 W
b10111011 +
b10111011 3
b10111011 9
b10111011 V
b11100 H
b11111 Q
b11110 T
b10001 2
b10001 J
b10001 U
1'
0%
#33056000
0'
#33057000
b10110101 #
b10110101 )
b10110101 -
b10110101 0
b10110101 7
b10110101 ;
b1000 8
b1000 <
b1000 C
b10111 ?
b10101 >
b10011 5
b10011 @
b10011 L
b10001 K
b11001 B
b11000 E
b10100 6
b10100 F
b10100 G
1%
#33058000
b1111 4
b1111 :
b1111 R
b1 N
b0 M
b0 Q
b11111 T
b10000 2
b10000 J
b10000 U
b11100 1
b11100 I
b11100 O
b10100 H
b1100 W
b10111100 +
b10111100 3
b10111100 9
b10111100 V
1'
#33060000
0'
0%
#33062000
b0 4
b0 :
b0 R
b11 N
b1 M
b1101 W
b10111101 +
b10111101 3
b10111101 9
b10111101 V
b10100 1
b10100 I
b10100 O
b1 Q
b0 T
b0 2
b0 J
b0 U
1'
#33063000
b10110110 #
b10110110 )
b10110110 -
b10110110 0
b10110110 7
b10110110 ;
b1001 8
b1001 <
b1001 C
b10110 ?
b10111 >
b11010 B
b11001 E
b10101 6
b10101 F
b10101 G
b10001 5
b10001 @
b10001 L
b0 K
1%
#33064000
0'
#33066000
b1 4
b1 :
b1 R
b10 N
b11 M
b10 Q
b1 T
b1 2
b1 J
b1 U
b10101 H
b1110 W
b10111110 +
b10111110 3
b10111110 9
b10111110 V
1'
0%
#33068000
0'
#33069000
b10110111 #
b10110111 )
b10110111 -
b10110111 0
b10110111 7
b10110111 ;
b1010 8
b1010 <
b1010 C
b10010 ?
b10110 >
b0 5
b0 @
b0 L
b1 K
b11011 B
b11010 E
b10111 6
b10111 F
b10111 G
1%
#33070000
b10 4
b10 :
b10 R
b110 N
b10 M
b1111 W
b10111111 +
b10111111 3
b10111111 9
b10111111 V
b10101 1
b10101 I
b10101 O
b10111 H
b11 Q
b10 T
b11 2
b11 J
b11 U
1'
#33072000
0'
0%
#33074000
b11 4
b11 :
b11 R
b111 N
b110 M
b100 Q
b11 T
b10 2
b10 J
b10 U
b10111 1
b10111 I
b10111 O
b0 W
b11000000 +
b11000000 3
b11000000 9
b11000000 V
1'
#33075000
b10111000 #
b10111000 )
b10111000 -
b10111000 0
b10111000 7
b10111000 ;
b1011 8
b1011 <
b1011 C
b10011 ?
b10010 >
b11100 B
b11011 E
b10110 6
b10110 F
b10110 G
b1 5
b1 @
b1 L
b10 K
1%
#33076000
0'
#33078000
b100 4
b100 :
b100 R
b101 N
b111 M
b1 W
b11000001 +
b11000001 3
b11000001 9
b11000001 V
b10110 H
b101 Q
b100 T
b110 2
b110 J
b110 U
1'
0%
#33080000
0'
#33081000
b10111001 #
b10111001 )
b10111001 -
b10111001 0
b10111001 7
b10111001 ;
b1100 8
b1100 <
b1100 C
b10001 ?
b10011 >
b10 5
b10 @
b10 L
b110 K
b11101 B
b11100 E
b10010 6
b10010 F
b10010 G
1%
#33082000
b101 4
b101 :
b101 R
b100 N
b101 M
b110 Q
b101 T
b111 2
b111 J
b111 U
b10110 1
b10110 I
b10110 O
b10010 H
b10 W
b11000010 +
b11000010 3
b11000010 9
b11000010 V
1'
#33084000
0'
0%
#33086000
b110 4
b110 :
b110 R
b1100 N
b100 M
b11 W
b11000011 +
b11000011 3
b11000011 9
b11000011 V
b10010 1
b10010 I
b10010 O
b111 Q
b110 T
b101 2
b101 J
b101 U
1'
#33087000
b10111010 #
b10111010 )
b10111010 -
b10111010 0
b10111010 7
b10111010 ;
b1101 8
b1101 <
b1101 C
b10000 ?
b10001 >
b11110 B
b11101 E
b10011 6
b10011 F
b10011 G
b110 5
b110 @
b110 L
b101 K
1%
#33088000
0'
#33090000
b111 4
b111 :
b111 R
b1101 N
b1100 M
b1000 Q
b111 T
b100 2
b100 J
b100 U
b10011 H
b100 W
b11000100 +
b11000100 3
b11000100 9
b11000100 V
1'
0%
#33092000
0'
#33093000
b10111011 #
b10111011 )
b10111011 -
b10111011 0
b10111011 7
b10111011 ;
b1110 8
b1110 <
b1110 C
b0 ?
b10000 >
b101 5
b101 @
b101 L
b100 K
b11111 B
b11110 E
b10001 6
b10001 F
b10001 G
1%
#33094000
b1000 4
b1000 :
b1000 R
b1111 N
b1101 M
b101 W
b11000101 +
b11000101 3
b11000101 9
b11000101 V
b10011 1
b10011 I
b10011 O
b10001 H
b1001 Q
b1000 T
b1100 2
b1100 J
b1100 U
1'
#33096000
0'
0%
#33098000
b1001 4
b1001 :
b1001 R
b1110 N
b1111 M
b1010 Q
b1001 T
b1101 2
b1101 J
b1101 U
b10001 1
b10001 I
b10001 O
b110 W
b11000110 +
b11000110 3
b11000110 9
b11000110 V
1'
#33099000
b10111100 #
b10111100 )
b10111100 -
b10111100 0
b10111100 7
b10111100 ;
b1111 8
b1111 <
b1111 C
b1 ?
b0 >
b0 B
b11111 E
b10000 6
b10000 F
b10000 G
b100 5
b100 @
b100 L
b1101 K
1%
#33100000
0'
#33102000
b1010 4
b1010 :
b1010 R
0S
b1010 N
b1110 M
b111 W
b11000111 +
b11000111 3
b11000111 9
b11000111 V
b10000 H
b1011 Q
b1010 T
b1111 2
b1111 J
b1111 U
1'
0%
#33104000
0'
#33105000
b10111101 #
b10111101 )
b10111101 -
b10111101 0
b10111101 7
b10111101 ;
b0 8
b0 <
b0 C
b11 ?
b1 >
b1101 5
b1101 @
b1101 L
b1111 K
b1 B
b0 E
b0 6
b0 F
b0 G
1%
#33106000
b1011 4
b1011 :
b1011 R
b1011 N
b1010 M
b1100 Q
b1011 T
b1110 2
b1110 J
b1110 U
b10000 1
b10000 I
b10000 O
b0 H
b1000 W
b11001000 +
b11001000 3
b11001000 9
b11001000 V
1'
#33108000
0'
0%
#33110000
b1100 4
b1100 :
b1100 R
0S
b1001 N
b1011 M
b1001 W
b11001001 +
b11001001 3
b11001001 9
b11001001 V
b0 1
b0 I
b0 O
b1101 Q
b1100 T
b1010 2
b1010 J
b1010 U
1'
#33111000
b10111110 #
b10111110 )
b10111110 -
b10111110 0
b10111110 7
b10111110 ;
b1 8
b1 <
b1 C
b10 ?
b11 >
b10 B
b1 E
b1 6
b1 F
b1 G
b1111 5
b1111 @
b1111 L
b1010 K
1%
#33112000
0'
#33114000
b1101 4
b1101 :
b1101 R
b1000 N
b1001 M
b1110 Q
b1101 T
b1011 2
b1011 J
b1011 U
b1 H
b1010 W
b11001010 +
b11001010 3
b11001010 9
b11001010 V
1'
0%
#33116000
0'
#33117000
b10111111 #
b10111111 )
b10111111 -
b10111111 0
b10111111 7
b10111111 ;
b10 8
b10 <
b10 C
b110 ?
b10 >
b1010 5
b1010 @
b1010 L
b1011 K
b11 B
b10 E
b11 6
b11 F
b11 G
1%
#33118000
b1110 4
b1110 :
b1110 R
b11000 N
b1000 M
b1011 W
b11001011 +
b11001011 3
b11001011 9
b11001011 V
b1 1
b1 I
b1 O
b11 H
b1111 Q
b1110 T
b1001 2
b1001 J
b1001 U
1'
#33120000
0'
0%
#33122000
b1111 4
b1111 :
b1111 R
b11001 N
b11000 M
b10000 Q
b1111 T
b1000 2
b1000 J
b1000 U
b11 1
b11 I
b11 O
b1100 W
b11001100 +
b11001100 3
b11001100 9
b11001100 V
1'
#33123000
b11000000 #
b11000000 )
b11000000 -
b11000000 0
b11000000 7
b11000000 ;
b11 8
b11 <
b11 C
b111 ?
b110 >
b100 B
b11 E
b10 6
b10 F
b10 G
b1011 5
b1011 @
b1011 L
b1000 K
1%
#33124000
0'
#33126000
1S
b0 4
b0 :
b0 R
b11011 N
b11001 M
b1101 W
b11001101 +
b11001101 3
b11001101 9
b11001101 V
b10 H
b10001 Q
b10000 T
b11000 2
b11000 J
b11000 U
1'
0%
#33128000
0'
#33129000
b11000001 #
b11000001 )
b11000001 -
b11000001 0
b11000001 7
b11000001 ;
b100 8
b100 <
b100 C
b101 ?
b111 >
b1000 5
b1000 @
b1000 L
b11000 K
b101 B
b100 E
b110 6
b110 F
b110 G
1%
#33130000
b1 4
b1 :
b1 R
b11010 N
0P
b11011 M
1S
1.
b10010 Q
b10001 T
b11001 2
b11001 J
b11001 U
b10 1
b10 I
b10 O
b110 H
b1110 W
b11001110 +
b11001110 3
b11001110 9
b11001110 V
1'
#33132000
0'
0%
#33134000
b10 4
b10 :
b10 R
1S
b11110 N
0P
b11010 M
b1111 W
b11001111 +
b11001111 3
b11001111 9
b11001111 V
b110 1
b110 I
b110 O
b10011 Q
b10010 T
b11011 2
b11011 J
b11011 U
1'
#33135000
b11000010 #
b11000010 )
b11000010 -
b11000010 0
b11000010 7
b11000010 ;
b101 8
b101 <
b101 C
b100 ?
b101 >
b110 B
b101 E
b111 6
b111 F
b111 G
b11000 5
b11000 @
b11000 L
b11011 K
1%
#33136000
0'
#33138000
1P
b11 4
b11 :
b11 R
0S
b11111 N
b11110 M
b10100 Q
b10011 T
b11010 2
b11010 J
b11010 U
b111 H
b0 W
b11010000 +
b11010000 3
b11010000 9
b11010000 V
1'
0%
#33140000
0'
#33141000
b11000011 #
b11000011 )
b11000011 -
b11000011 0
b11000011 7
b11000011 ;
b110 8
b110 <
b110 C
b1100 ?
b100 >
b11011 5
b11011 @
b11011 L
b11010 K
b111 B
b110 E
b101 6
b101 F
b101 G
1%
#33142000
1S
b100 4
b100 :
b100 R
b11111 N
0P
b11110 M
b1 W
b11010001 +
b11010001 3
b11010001 9
b11010001 V
b111 1
b111 I
b111 O
b101 H
b10100 Q
b10100 T
b11110 2
b11110 J
b11110 U
1!
0.
1'
#33144000
0'
0%
#33146000
0S
0!
1.
b101 1
b101 I
b101 O
0*
1'
#33147000
b11000100 #
b11000100 )
b11000100 -
b11000100 0
b11000100 7
b11000100 ;
b111 8
b111 <
b111 C
b1101 ?
b1100 >
b1000 B
b111 E
b100 6
b100 F
b100 G
b11010 5
b11010 @
b11010 L
b11110 K
1%
#33148000
0'
#33150000
1S
b11101 N
b11111 M
b10101 Q
b10 W
b11010010 +
b11010010 3
b11010010 9
b11010010 V
1*
b100 H
0.
1'
0%
#33152000
0'
#33153000
b11000101 #
b11000101 )
b11000101 -
b11000101 0
b11000101 7
b11000101 ;
b1000 8
b1000 <
b1000 C
b1111 ?
b1101 >
b11110 5
b11110 @
b11110 L
b1001 B
b1000 E
b1100 6
b1100 F
b1100 G
1%
#33154000
b101 4
b101 :
b101 R
b11100 N
0P
b11101 M
1S
1.
b10110 Q
b10101 T
b11111 2
b11111 J
b11111 U
b100 1
b100 I
b100 O
b1100 H
b11 W
b11010011 +
b11010011 3
b11010011 9
b11010011 V
1'
#33156000
0'
0%
#33158000
b110 4
b110 :
b110 R
1S
b10100 N
0P
b11100 M
b100 W
b11010100 +
b11010100 3
b11010100 9
b11010100 V
b1100 1
b1100 I
b1100 O
b10111 Q
b10110 T
b11101 2
b11101 J
b11101 U
1'
#33159000
b11000110 #
b11000110 )
b11000110 -
b11000110 0
b11000110 7
b11000110 ;
b1001 8
b1001 <
b1001 C
b1110 ?
b1111 >
b1010 B
b1001 E
b1101 6
b1101 F
b1101 G
b11101 K
1%
#33160000
0'
#33162000
1P
b111 4
b111 :
b111 R
0S
b10101 N
b10100 M
b11000 Q
b10111 T
b11100 2
b11100 J
b11100 U
b1101 H
b101 W
b11010101 +
b11010101 3
b11010101 9
b11010101 V
1'
0%
#33164000
0'
#33165000
b11000111 #
b11000111 )
b11000111 -
b11000111 0
b11000111 7
b11000111 ;
b1010 8
b1010 <
b1010 C
b1010 ?
b1110 >
b11101 5
b11101 @
b11101 L
b11100 K
b1011 B
b1010 E
b1111 6
b1111 F
b1111 G
1%
#33166000
1S
b1000 4
b1000 :
b1000 R
b10101 N
0P
b10100 M
b110 W
b11010110 +
b11010110 3
b11010110 9
b11010110 V
b1101 1
b1101 I
b1101 O
b1111 H
b11000 Q
b11000 T
b10100 2
b10100 J
b10100 U
1!
0.
1'
#33168000
0'
0%
#33170000
0S
0!
1.
b1111 1
b1111 I
b1111 O
0*
1'
#33171000
b11001000 #
b11001000 )
b11001000 -
b11001000 0
b11001000 7
b11001000 ;
b1011 8
b1011 <
b1011 C
b1011 ?
b1010 >
b1100 B
b1011 E
b1110 6
b1110 F
b1110 G
b11100 5
b11100 @
b11100 L
b10100 K
1%
#33172000
0'
#33174000
1S
b10111 N
b10101 M
b11001 Q
b111 W
b11010111 +
b11010111 3
b11010111 9
b11010111 V
1*
b1110 H
0.
1'
0%
#33176000
0'
#33177000
b11001001 #
b11001001 )
b11001001 -
b11001001 0
b11001001 7
b11001001 ;
b1100 8
b1100 <
b1100 C
b1001 ?
b1011 >
b10100 5
b10100 @
b10100 L
b1101 B
b1100 E
b1010 6
b1010 F
b1010 G
1%
#33178000
b1001 4
b1001 :
b1001 R
b10110 N
0P
b10111 M
1S
1.
b11010 Q
b11001 T
b10101 2
b10101 J
b10101 U
b1110 1
b1110 I
b1110 O
b1010 H
b1000 W
b11011000 +
b11011000 3
b11011000 9
b11011000 V
1'
#33180000
0'
0%
#33182000
b1010 4
b1010 :
b1010 R
1S
b10010 N
0P
b10110 M
b1001 W
b11011001 +
b11011001 3
b11011001 9
b11011001 V
b1010 1
b1010 I
b1010 O
b11011 Q
b11010 T
b10111 2
b10111 J
b10111 U
1'
#33183000
b11001010 #
b11001010 )
b11001010 -
b11001010 0
b11001010 7
b11001010 ;
b1101 8
b1101 <
b1101 C
b1000 ?
b1001 >
b1110 B
b1101 E
b1011 6
b1011 F
b1011 G
b10111 K
1%
#33184000
0'
#33186000
1P
b1011 4
b1011 :
b1011 R
0S
b10011 N
b10010 M
b11100 Q
b11011 T
b10110 2
b10110 J
b10110 U
b1011 H
b1010 W
b11011010 +
b11011010 3
b11011010 9
b11011010 V
1'
0%
#33188000
0'
#33189000
b11001011 #
b11001011 )
b11001011 -
b11001011 0
b11001011 7
b11001011 ;
b1110 8
b1110 <
b1110 C
0D
b11000 ?
b1000 >
b10111 5
b10111 @
b10111 L
b10110 K
b1111 B
b1110 E
b1001 6
b1001 F
b1001 G
1%
#33190000
1S
b1100 4
b1100 :
b1100 R
b10011 N
0P
b10010 M
b1011 W
b11011011 +
b11011011 3
b11011011 9
b11011011 V
b1011 1
b1011 I
b1011 O
b1001 H
b11100 Q
b11100 T
b10010 2
b10010 J
b10010 U
1!
0.
1'
#33192000
0'
0%
#33194000
0S
0!
1.
b1001 1
b1001 I
b1001 O
0*
1'
#33195000
b11001100 #
b11001100 )
b11001100 -
b11001100 0
b11001100 7
b11001100 ;
b1111 8
b1111 <
b1111 C
b11001 ?
b11000 >
b10000 B
b1111 E
b1000 6
b1000 F
b1000 G
b10110 5
b10110 @
b10110 L
b10010 K
1%
#33196000
0'
#33198000
1S
b10001 N
b10011 M
b11101 Q
b1100 W
b11011100 +
b11011100 3
b11011100 9
b11011100 V
1*
b1000 H
0.
1'
0%
#33200000
0'
#33201000
b11001101 #
b11001101 )
b11001101 -
b11001101 0
b11001101 7
b11001101 ;
b0 8
b0 <
b0 C
b11011 ?
b11001 >
b10010 5
b10010 @
b10010 L
b10001 B
b10000 E
b11000 6
b11000 F
b11000 G
1%
#33202000
b1101 4
b1101 :
b1101 R
b10000 N
0P
b10001 M
1S
1.
b11110 Q
b11101 T
b10011 2
b10011 J
b10011 U
b1000 1
b1000 I
b1000 O
b11000 H
b1101 W
b11011101 +
b11011101 3
b11011101 9
b11011101 V
1'
#33204000
0'
0%
#33206000
b1110 4
b1110 :
b1110 R
1S
b0 N
0P
b10000 M
b1110 W
b11011110 +
b11011110 3
b11011110 9
b11011110 V
b11000 1
b11000 I
b11000 O
b11111 Q
b11110 T
b10001 2
b10001 J
b10001 U
1'
#33207000
b11001110 #
b11001110 )
b11001110 -
b11001110 0
b11001110 7
b11001110 ;
b1 8
b1 <
b1 C
b11010 ?
b11011 >
b10010 B
b10001 E
b11001 6
b11001 F
b11001 G
b10001 K
1%
#33208000
0'
#33210000
1P
b1111 4
b1111 :
b1111 R
0S
b1 N
b0 M
b0 Q
b11111 T
b10000 2
b10000 J
b10000 U
b11001 H
b1111 W
b11011111 +
b11011111 3
b11011111 9
b11011111 V
1'
0%
#33212000
0'
#33213000
b11001111 #
b11001111 )
b11001111 -
b11001111 0
b11001111 7
b11001111 ;
b10 8
b10 <
b10 C
b11110 ?
b11010 >
b10001 5
b10001 @
b10001 L
b10000 K
b10011 B
b10010 E
b11011 6
b11011 F
b11011 G
1%
#33214000
1S
b0 4
b0 :
b0 R
b1 N
0P
b0 M
b0 W
b11100000 +
b11100000 3
b11100000 9
b11100000 V
b11001 1
b11001 I
b11001 O
b11011 H
b0 Q
b0 T
b0 2
b0 J
b0 U
1!
0.
1'
#33216000
0'
0%
#33218000
0S
0!
1.
b11011 1
b11011 I
b11011 O
0*
1'
#33219000
b11010000 #
b11010000 )
b11010000 -
b11010000 0
b11010000 7
b11010000 ;
b11 8
b11 <
b11 C
b11111 ?
b11110 >
b10100 B
b10011 E
b11010 6
b11010 F
b11010 G
b10000 5
b10000 @
b10000 L
b0 K
1%
#33220000
0'
0$
#33222000
b11010 H
0.
1'
0%
#33224000
0'
#33225000
b11010010 #
b11010010 )
b11010010 -
b11010010 0
b11010010 7
b11010010 ;
b100 8
b100 <
b100 C
b11101 ?
b11111 >
b0 5
b0 @
b0 L
b10101 B
b10100 E
b11110 6
b11110 F
b11110 G
1%
#33226000
b11010 1
b11010 I
b11010 O
b11110 H
1'
#33228000
0'
0%
#33230000
b11110 1
b11110 I
b11110 O
1'
#33231000
b11010011 #
b11010011 )
b11010011 -
b11010011 0
b11010011 7
b11010011 ;
b101 8
b101 <
b101 C
b11100 ?
b11101 >
b10110 B
b10101 E
b11111 6
b11111 F
b11111 G
1%
#33232000
0'
#33234000
b11111 H
1'
0%
#33236000
0'
#33237000
b11010100 #
b11010100 )
b11010100 -
b11010100 0
b11010100 7
b11010100 ;
b110 8
b110 <
b110 C
b10100 ?
b11100 >
b10111 B
b10110 E
b11101 6
b11101 F
b11101 G
1%
#33238000
b11111 1
b11111 I
b11111 O
b11101 H
1'
#33240000
0'
0%
#33242000
b11101 1
b11101 I
b11101 O
1'
#33243000
b11010101 #
b11010101 )
b11010101 -
b11010101 0
b11010101 7
b11010101 ;
b111 8
b111 <
b111 C
b10101 ?
b10100 >
b11000 B
b10111 E
b11100 6
b11100 F
b11100 G
1%
#33244000
0'
#33246000
b11100 H
1'
0%
#33248000
0'
#33249000
b11010111 #
b11010111 )
b11010111 -
b11010111 0
b11010111 7
b11010111 ;
b1000 8
b1000 <
b1000 C
b10111 ?
b10101 >
b11001 B
b11000 E
b10100 6
b10100 F
b10100 G
1%
#33250000
b11100 1
b11100 I
b11100 O
b10100 H
1'
#33252000
0'
0%
#33254000
b10100 1
b10100 I
b10100 O
1'
#33255000
b11011000 #
b11011000 )
b11011000 -
b11011000 0
b11011000 7
b11011000 ;
b1001 8
b1001 <
b1001 C
b10110 ?
b10111 >
b11010 B
b11001 E
b10101 6
b10101 F
b10101 G
1%
#33256000
0'
#33258000
b10101 H
1'
0%
#33260000
0'
#33261000
b11011001 #
b11011001 )
b11011001 -
b11011001 0
b11011001 7
b11011001 ;
b1010 8
b1010 <
b1010 C
b10010 ?
b10110 >
b11011 B
b11010 E
b10111 6
b10111 F
b10111 G
1%
#33262000
b10101 1
b10101 I
b10101 O
b10111 H
1'
#33264000
0'
0%
#33266000
b10111 1
b10111 I
b10111 O
1'
#33267000
b11011010 #
b11011010 )
b11011010 -
b11011010 0
b11011010 7
b11011010 ;
b1011 8
b1011 <
b1011 C
b10011 ?
b10010 >
b11100 B
b11011 E
b10110 6
b10110 F
b10110 G
1%
#33268000
0'
#33270000
b10110 H
1'
0%
#33272000
0'
#33273000
b11011100 #
b11011100 )
b11011100 -
b11011100 0
b11011100 7
b11011100 ;
b1100 8
b1100 <
b1100 C
b10001 ?
b10011 >
b11101 B
b11100 E
b10010 6
b10010 F
b10010 G
1%
#33274000
b10110 1
b10110 I
b10110 O
b10010 H
1'
#33276000
0'
0%
#33278000
b10010 1
b10010 I
b10010 O
1'
#33279000
b11011101 #
b11011101 )
b11011101 -
b11011101 0
b11011101 7
b11011101 ;
b1101 8
b1101 <
b1101 C
b10000 ?
b10001 >
b11110 B
b11101 E
b10011 6
b10011 F
b10011 G
1%
#33280000
0'
#33282000
b10011 H
1'
0%
#33284000
0'
#33285000
1D
b11011110 #
b11011110 )
b11011110 -
b11011110 0
b11011110 7
b11011110 ;
b1110 8
b1110 <
b1110 C
b0 ?
b10000 >
b11111 B
b11110 E
b10001 6
b10001 F
b10001 G
1%
#33286000
b10011 1
b10011 I
b10011 O
b10001 H
1'
#33288000
0'
0%
#33290000
b10001 1
b10001 I
b10001 O
1'
#33291000
1A
b11011111 #
b11011111 )
b11011111 -
b11011111 0
b11011111 7
b11011111 ;
b1111 8
b1111 <
b1111 C
0D
b1 ?
b0 >
1/
b0 B
b11111 E
b10000 6
b10000 F
b10000 G
1%
#33292000
0'
#33294000
b10000 H
1'
0%
#33296000
0'
#33297000
0D
b11001101 #
b11001101 )
b11001101 -
b11001101 0
b11001101 7
b11001101 ;
b0 8
b0 <
b0 C
b1 ?
1A
b0 >
b0 B
b0 E
b0 6
b0 F
b0 G
1"
0/
1%
#33298000
b10000 1
b10000 I
b10000 O
b0 H
1'
#33300000
0'
0%
#33302000
b0 1
b0 I
b0 O
1'
#33303000
0,
1%
#33304000
0'
#33306000
1'
0%
#33308000
0'
#33309000
1%
#33310000
1'
#33312000
0'
0%
#33314000
1'
#33315000
1%
#33316000
0'
#33318000
1'
0%
#33320000
0'
#33321000
1%
#33322000
1'
#33324000
0'
0%
#33326000
1'
#33327000
1%
#33328000
0'
#33330000
1'
0%
#33332000
0'
#33333000
1%
#33334000
1'
#33336000
0'
0%
#33338000
1'
#33339000
1%
#33340000
0'
#33342000
1'
0%
#33344000
0'
#33345000
1%
#33346000
1'
#33348000
0'
0%
#33350000
1'
#33351000
1%
#33352000
0'
#33354000
1'
0%
#33356000
0'
#33357000
1%
#33358000
1'
#33360000
0'
0%
#33362000
1'
#33363000
1%
#33364000
0'
#33366000
1'
0%
#33368000
0'
#33369000
1%
#33370000
1'
#33372000
0'
0%
#33374000
1'
#33375000
1%
#33376000
0'
#33378000
1'
0%
#33380000
0'
#33381000
1%
#33382000
1'
#33384000
0'
0%
#33386000
1'
#33387000
1%
#33388000
0'
#33390000
1'
0%
#33392000
0'
#33393000
1%
#33394000
1'
#33396000
0'
0%
#33398000
1'
#33399000
1%
#33400000
0'
#33402000
1'
0%
#33404000
0'
#33405000
1%
#33406000
1'
#33408000
0'
0%
#33410000
1'
#33411000
1%
#33412000
0'
#33414000
1'
0%
#33416000
0'
#33417000
1%
#33418000
1'
#33420000
0'
0%
#33422000
1'
#33423000
1%
#33424000
0'
#33426000
1'
0%
#33428000
0'
#33429000
1%
#33430000
1'
#33432000
0'
0%
#33434000
1'
#33435000
1%
#33436000
0'
#33438000
1'
0%
#33440000
0'
#33441000
1%
#33442000
1'
#33444000
0'
0%
#33446000
1'
#33447000
1%
#33448000
0'
#33450000
1'
0%
#33452000
0'
#33453000
1%
#33454000
1'
#33456000
0'
0%
#33458000
1'
#33459000
1%
#33460000
0'
#33462000
1'
0%
#33464000
0'
#33465000
1%
#33466000
1'
#33468000
0'
0%
#33470000
1'
#33471000
1%
#33472000
0'
#33474000
1'
0%
#33476000
0'
#33477000
1%
#33478000
1'
#33480000
0'
0%
#33482000
1'
#33483000
1%
#33484000
0'
#33486000
1'
0%
#33488000
0'
#33489000
1%
#33490000
1'
#33492000
0'
0%
#33494000
1'
#33495000
1%
#33496000
0'
#33498000
1'
0%
#33500000
0'
#33501000
1%
#33502000
1'
#33504000
0'
0%
#33506000
1'
#33507000
1%
#33508000
0'
#33510000
1'
0%
#33512000
0'
#33513000
1%
#33514000
1'
#33516000
0'
0%
#33518000
1'
#33519000
1%
#33520000
0'
#33522000
1'
0%
#33524000
0'
#33525000
1%
#33526000
1'
#33528000
0'
0%
#33530000
1'
#33531000
1%
#33532000
0'
#33534000
1'
0%
#33536000
0'
#33537000
1%
#33538000
1'
#33540000
0'
0%
#33542000
1'
#33543000
1%
#33544000
0'
#33546000
1'
0%
#33548000
0'
#33549000
1%
#33550000
1'
#33552000
0'
0%
#33554000
1'
#33555000
1%
#33556000
0'
#33558000
1'
0%
#33560000
0'
#33561000
1%
#33562000
1'
#33564000
0'
0%
#33566000
1'
#33567000
1%
#33568000
0'
#33570000
1'
0%
#33572000
0'
#33573000
1%
#33574000
1'
#33576000
0'
0%
#33578000
1'
#33579000
1%
#33580000
0'
#33582000
1'
0%
#33584000
0'
#33585000
1%
#33586000
1'
#33588000
0'
0%
#33590000
1'
#33591000
1%
#33592000
0'
#33594000
1'
0%
#33596000
0'
#33597000
1%
#33598000
1'
#33600000
0'
0%
#33602000
1'
#33603000
1%
#33604000
0'
#33606000
1'
0%
#33608000
0'
#33609000
1%
#33610000
1'
#33612000
0'
0%
#33614000
1'
#33615000
1%
#33616000
0'
#33618000
1'
0%
#33620000
0'
#33621000
1%
#33622000
1'
#33624000
0'
0%
#33626000
1'
#33627000
1%
#33628000
0'
#33630000
1'
0%
#33632000
0'
#33633000
1%
#33634000
1'
#33636000
0'
0%
#33638000
1'
#33639000
1%
#33640000
0'
#33642000
1'
0%
#33644000
0'
#33645000
1%
#33646000
1'
#33648000
0'
0%
#33650000
1'
#33651000
1%
#33652000
0'
#33654000
1'
0%
#33656000
0'
#33657000
1%
#33658000
1'
#33660000
0'
0%
#33662000
1'
#33663000
1%
#33664000
0'
#33666000
1'
0%
#33668000
0'
#33669000
1%
#33670000
1'
#33672000
0'
0%
#33674000
1'
#33675000
1%
#33676000
0'
#33678000
1'
0%
#33680000
0'
#33681000
1%
#33682000
1'
#33684000
0'
0%
#33686000
1'
#33687000
1%
#33688000
0'
#33690000
1'
0%
#33692000
0'
#33693000
1%
#33694000
1'
#33696000
0'
0%
#33698000
1'
#33699000
1%
#33700000
0'
#33702000
1'
0%
#33704000
0'
#33705000
1%
#33706000
1'
#33708000
0'
0%
#33710000
1'
#33711000
1%
#33712000
0'
#33714000
1'
0%
#33716000
0'
#33717000
1%
#33718000
1'
#33720000
0'
0%
#33722000
1'
#33723000
1%
#33724000
0'
#33726000
1'
0%
#33728000
0'
#33729000
1%
#33730000
1'
#33732000
0'
0%
#33734000
1'
#33735000
1%
#33736000
0'
#33738000
1'
0%
#33740000
0'
#33741000
1%
#33742000
1'
#33744000
0'
0%
#33746000
1'
#33747000
1%
#33748000
0'
#33750000
1'
0%
#33752000
0'
#33753000
1%
#33754000
1'
#33756000
0'
0%
#33758000
1'
#33759000
1%
#33760000
0'
#33762000
1'
0%
#33764000
0'
#33765000
1%
#33766000
1'
#33768000
0'
0%
#33770000
1'
#33771000
1%
#33772000
0'
#33774000
1'
0%
#33776000
0'
#33777000
1%
#33778000
1'
#33780000
0'
0%
#33782000
1'
#33783000
1%
#33784000
0'
#33786000
1'
0%
#33788000
0'
#33789000
1%
#33790000
1'
#33792000
0'
0%
#33794000
1'
#33795000
1%
#33796000
0'
#33798000
1'
0%
#33800000
0'
#33801000
1%
#33802000
1'
#33804000
0'
0%
#33806000
1'
#33807000
1%
#33808000
0'
#33810000
1'
0%
#33812000
0'
#33813000
1%
#33814000
1'
#33816000
0'
0%
#33818000
1'
#33819000
1%
#33820000
0'
#33822000
1'
0%
#33824000
0'
#33825000
1%
#33826000
1'
#33828000
0'
0%
#33830000
1'
#33831000
1%
#33832000
0'
#33834000
1'
0%
#33836000
0'
#33837000
1%
#33838000
1'
#33840000
0'
0%
#33842000
1'
#33843000
1%
#33844000
0'
#33846000
1'
0%
#33848000
0'
#33849000
1%
#33850000
1'
#33852000
0'
0%
#33854000
1'
#33855000
1%
#33856000
0'
#33858000
1'
0%
#33860000
0'
#33861000
1%
#33862000
1'
#33864000
0'
0%
#33866000
1'
#33867000
1%
#33868000
0'
#33870000
1'
0%
#33872000
0'
#33873000
1%
#33874000
1'
#33876000
0'
0%
#33878000
1'
#33879000
1%
#33880000
0'
#33882000
1'
0%
#33884000
0'
#33885000
1%
#33886000
1'
#33888000
0'
0%
#33890000
1'
#33891000
1%
#33892000
0'
#33894000
1'
0%
#33896000
0'
#33897000
1%
#33898000
1'
#33900000
0'
0%
#33902000
1'
#33903000
1%
#33904000
0'
#33906000
1'
0%
#33908000
0'
#33909000
1%
#33910000
1'
#33912000
0'
0%
#33914000
1'
#33915000
1%
#33916000
0'
#33918000
1'
0%
#33920000
0'
#33921000
1%
#33922000
1'
#33924000
0'
0%
#33926000
1'
#33927000
1%
#33928000
0'
#33930000
1'
0%
#33932000
0'
#33933000
1%
#33934000
1'
#33936000
0'
0%
#33938000
1'
#33939000
1%
#33940000
0'
#33942000
1'
0%
#33944000
0'
#33945000
1%
#33946000
1'
#33948000
0'
0%
#33950000
1'
#33951000
1%
#33952000
0'
#33954000
1'
0%
#33956000
0'
#33957000
1%
#33958000
1'
#33960000
0'
0%
#33962000
1'
#33963000
1%
#33964000
0'
#33966000
1'
0%
#33968000
0'
#33969000
1%
#33970000
1'
#33972000
0'
0%
#33974000
1'
#33975000
1%
#33976000
0'
#33978000
1'
0%
#33980000
0'
#33981000
1%
#33982000
1'
#33984000
0'
0%
#33986000
1'
#33987000
1%
#33988000
0'
#33990000
1'
0%
#33992000
0'
#33993000
1%
#33994000
1'
#33996000
0'
0%
#33998000
1'
#33999000
1%
#34000000
0'
#34002000
1'
0%
#34004000
0'
#34005000
1%
#34006000
1'
#34008000
0'
0%
#34010000
1'
#34011000
1%
#34012000
0'
#34014000
1'
0%
#34016000
0'
#34017000
1%
#34018000
1'
#34020000
0'
0%
#34022000
1'
#34023000
1%
#34024000
0'
#34026000
1'
0%
#34028000
0'
#34029000
1%
#34030000
1'
#34032000
0'
0%
#34034000
1'
#34035000
1%
#34036000
0'
#34038000
1'
0%
#34040000
0'
#34041000
1%
#34042000
1'
#34044000
0'
0%
#34046000
1'
#34047000
1%
#34048000
0'
#34050000
1'
0%
#34052000
0'
#34053000
1%
#34054000
1'
#34056000
0'
0%
#34058000
1'
#34059000
1%
#34060000
0'
#34062000
1'
0%
#34064000
0'
#34065000
1%
#34066000
1'
#34068000
0'
0%
#34070000
1'
#34071000
1%
#34072000
0'
#34074000
1'
0%
#34076000
0'
#34077000
1%
#34078000
1'
#34080000
0'
0%
#34082000
1'
#34083000
1%
#34084000
0'
#34086000
1'
0%
#34088000
0'
#34089000
1%
#34090000
1'
#34092000
0'
0%
#34094000
1'
#34095000
1%
#34096000
0'
#34098000
1'
0%
#34100000
0'
#34101000
1%
#34102000
1'
#34104000
0'
0%
#34106000
1'
#34107000
1%
#34108000
0'
#34110000
1'
0%
#34112000
0'
#34113000
1%
#34114000
1'
#34116000
0'
0%
#34118000
1'
#34119000
1%
#34120000
0'
#34122000
1'
0%
#34124000
0'
#34125000
1%
#34126000
1'
#34128000
0'
0%
#34130000
1'
#34131000
1%
#34132000
0'
#34134000
1'
0%
#34136000
0'
#34137000
1%
#34138000
1'
#34140000
0'
0%
#34142000
1'
#34143000
1%
#34144000
0'
#34146000
1'
0%
#34148000
0'
#34149000
1%
#34150000
1'
#34152000
0'
0%
#34154000
1'
#34155000
1%
#34156000
0'
#34158000
1'
0%
#34160000
0'
#34161000
1%
#34162000
1'
#34164000
0'
0%
#34166000
1'
#34167000
1%
#34168000
0'
#34170000
1'
0%
#34172000
0'
#34173000
1%
#34174000
1'
#34176000
0'
0%
#34178000
1'
#34179000
1%
#34180000
0'
#34182000
1'
0%
#34184000
0'
#34185000
1%
#34186000
1'
#34188000
0'
0%
#34190000
1'
#34191000
1%
#34192000
0'
#34194000
1'
0%
#34196000
0'
#34197000
1%
#34198000
1'
#34200000
0'
0%
#34202000
1'
#34203000
1%
#34204000
0'
#34206000
1'
0%
#34208000
0'
#34209000
1%
#34210000
1'
#34212000
0'
0%
#34214000
1'
#34215000
1%
#34216000
0'
#34218000
1'
0%
#34220000
0'
#34221000
1%
#34222000
1'
#34224000
0'
0%
#34226000
1'
#34227000
1%
#34228000
0'
#34230000
1'
0%
#34232000
0'
#34233000
1%
#34234000
1'
#34236000
0'
0%
#34238000
1'
#34239000
1%
#34240000
0'
#34242000
1'
0%
#34244000
0'
#34245000
1%
#34246000
1'
#34248000
0'
0%
#34250000
1'
#34251000
1%
#34252000
0'
#34254000
1'
0%
#34256000
0'
#34257000
1%
#34258000
1'
#34260000
0'
0%
#34262000
1'
#34263000
1%
#34264000
0'
#34266000
1'
0%
#34268000
0'
#34269000
1%
#34270000
1'
#34272000
0'
0%
#34274000
1'
#34275000
1%
#34276000
0'
#34278000
1'
0%
#34280000
0'
#34281000
1%
#34282000
1'
#34284000
0'
0%
#34286000
1'
#34287000
1%
#34288000
0'
#34290000
1'
0%
#34292000
0'
#34293000
1%
#34294000
1'
#34296000
0'
0%
#34298000
1'
#34299000
1%
#34300000
0'
#34302000
1'
0%
#34304000
0'
#34305000
1%
#34306000
1'
#34308000
0'
0%
#34310000
1'
#34311000
1%
#34312000
0'
#34314000
1'
0%
#34316000
0'
#34317000
1%
#34318000
1'
#34320000
0'
0%
#34322000
1'
#34323000
1%
#34324000
0'
#34326000
1'
0%
#34328000
0'
#34329000
1%
#34330000
1'
#34332000
0'
0%
#34334000
1'
#34335000
1%
#34336000
0'
#34338000
1'
0%
#34340000
0'
#34341000
1%
#34342000
1'
#34344000
0'
0%
#34346000
1'
#34347000
1%
#34348000
0'
#34350000
1'
0%
#34352000
0'
#34353000
1%
#34354000
1'
#34356000
0'
0%
#34358000
1'
#34359000
1%
#34360000
0'
#34362000
1'
0%
#34364000
0'
#34365000
1%
#34366000
1'
#34368000
0'
0%
#34370000
1'
#34371000
1%
#34372000
0'
#34374000
1'
0%
#34376000
0'
#34377000
1%
#34378000
1'
#34380000
0'
0%
#34382000
1'
#34383000
1%
#34384000
0'
#34386000
1'
0%
#34388000
0'
#34389000
1%
#34390000
1'
#34392000
0'
0%
#34394000
1'
#34395000
1%
#34396000
0'
#34398000
1'
0%
#34400000
0'
#34401000
1%
#34402000
1'
#34404000
0'
0%
#34406000
1'
#34407000
1%
#34408000
0'
#34410000
1'
0%
#34412000
0'
#34413000
1%
#34414000
1'
#34416000
0'
0%
#34418000
1'
#34419000
1%
#34420000
0'
#34422000
1'
0%
#34424000
0'
#34425000
1%
#34426000
1'
#34428000
0'
0%
#34430000
1'
#34431000
1%
#34432000
0'
#34434000
1'
0%
#34436000
0'
#34437000
1%
#34438000
1'
#34440000
0'
0%
#34442000
1'
#34443000
1%
#34444000
0'
#34446000
1'
0%
#34448000
0'
#34449000
1%
#34450000
1'
#34452000
0'
0%
#34454000
1'
#34455000
1%
#34456000
0'
#34458000
1'
0%
#34460000
0'
#34461000
1%
#34462000
1'
#34464000
0'
0%
#34466000
1'
#34467000
1%
#34468000
0'
#34470000
1'
0%
#34472000
0'
#34473000
1%
#34474000
1'
#34476000
0'
0%
#34478000
1'
#34479000
1%
#34480000
0'
#34482000
1'
0%
#34484000
0'
#34485000
1%
#34486000
1'
#34488000
0'
0%
#34490000
1'
#34491000
1%
#34492000
0'
#34494000
1'
0%
#34496000
0'
#34497000
1%
#34498000
1'
#34500000
0'
0%
#34502000
1'
#34503000
1%
#34504000
0'
#34506000
1'
0%
#34508000
0'
#34509000
1%
#34510000
1'
#34512000
0'
0%
#34514000
1'
#34515000
1%
#34516000
0'
#34518000
1'
0%
#34520000
0'
#34521000
1%
#34522000
1'
#34524000
0'
0%
#34526000
1'
#34527000
1%
#34528000
0'
#34530000
1'
0%
#34532000
0'
#34533000
1%
#34534000
1'
#34536000
0'
0%
#34538000
1'
#34539000
1%
#34540000
0'
#34542000
1'
0%
#34544000
0'
#34545000
1%
#34546000
1'
#34548000
0'
0%
#34550000
1'
#34551000
1%
#34552000
0'
#34554000
1'
0%
#34556000
0'
#34557000
1%
#34558000
1'
#34560000
0'
0%
#34562000
1'
#34563000
1%
#34564000
0'
#34566000
1'
0%
#34568000
0'
#34569000
1%
#34570000
1'
#34572000
0'
0%
#34574000
1'
#34575000
1%
#34576000
0'
#34578000
1'
0%
#34580000
0'
#34581000
1%
#34582000
1'
#34584000
0'
0%
#34586000
1'
#34587000
1%
#34588000
0'
#34590000
1'
0%
#34592000
0'
#34593000
1%
#34594000
1'
#34596000
0'
0%
#34598000
1'
#34599000
1%
#34600000
0'
#34602000
1'
0%
#34604000
0'
#34605000
1%
#34606000
1'
#34608000
0'
0%
#34610000
1'
#34611000
1%
#34612000
0'
#34614000
1'
0%
#34616000
0'
#34617000
1%
#34618000
1'
#34620000
0'
0%
#34622000
1'
#34623000
1%
#34624000
0'
#34626000
1'
0%
#34628000
0'
#34629000
1%
#34630000
1'
#34632000
0'
0%
#34634000
1'
#34635000
1%
#34636000
0'
#34638000
1'
0%
#34640000
0'
#34641000
1%
#34642000
1'
#34644000
0'
0%
#34646000
1'
#34647000
1%
#34648000
0'
#34650000
1'
0%
#34652000
0'
#34653000
1%
#34654000
1'
#34656000
0'
0%
#34658000
1'
#34659000
1%
#34660000
0'
#34662000
1'
0%
#34664000
0'
#34665000
1%
#34666000
1'
#34668000
0'
0%
#34670000
1'
#34671000
1%
#34672000
0'
#34674000
1'
0%
#34676000
0'
#34677000
1%
#34678000
1'
#34680000
0'
0%
#34682000
1'
#34683000
1%
#34684000
0'
#34686000
1'
0%
#34688000
0'
#34689000
1%
#34690000
1'
#34692000
0'
0%
#34694000
1'
#34695000
1%
#34696000
0'
#34698000
1'
0%
#34700000
0'
#34701000
1%
#34702000
1'
#34704000
0'
0%
#34706000
1'
#34707000
1%
#34708000
0'
#34710000
1'
0%
#34712000
0'
#34713000
1%
#34714000
1'
#34716000
0'
0%
#34718000
1'
#34719000
1%
#34720000
0'
#34722000
1'
0%
#34724000
0'
#34725000
1%
#34726000
1'
#34728000
0'
0%
#34730000
1'
#34731000
1%
#34732000
0'
#34734000
1'
0%
#34736000
0'
#34737000
1%
#34738000
1'
#34740000
0'
0%
#34742000
1'
#34743000
1%
#34744000
0'
#34746000
1'
0%
#34748000
0'
#34749000
1%
#34750000
1'
#34752000
0'
0%
#34754000
1'
#34755000
1%
#34756000
0'
#34758000
1'
0%
#34760000
0'
#34761000
1%
#34762000
1'
#34764000
0'
0%
#34766000
1'
#34767000
1%
#34768000
0'
#34770000
1'
0%
#34772000
0'
#34773000
1%
#34774000
1'
#34776000
0'
0%
#34778000
1'
#34779000
1%
#34780000
0'
#34782000
1'
0%
#34784000
0'
#34785000
1%
#34786000
1'
#34788000
0'
0%
#34790000
1'
#34791000
1%
#34792000
0'
#34794000
1'
0%
#34796000
0'
#34797000
1%
#34798000
1'
#34800000
0'
0%
#34802000
1'
#34803000
1%
#34804000
0'
#34806000
1'
0%
#34808000
0'
#34809000
1%
#34810000
1'
#34812000
0'
0%
#34814000
1'
#34815000
1%
#34816000
0'
#34818000
1'
0%
#34820000
0'
#34821000
1%
#34822000
1'
#34824000
0'
0%
#34826000
1'
#34827000
1%
#34828000
0'
#34830000
1'
0%
#34832000
0'
#34833000
1%
#34834000
1'
#34836000
0'
0%
#34838000
1'
#34839000
1%
#34840000
0'
#34842000
1'
0%
#34844000
0'
#34845000
1%
#34846000
1'
#34848000
0'
0%
#34850000
1'
#34851000
1%
#34852000
0'
#34854000
1'
0%
#34856000
0'
#34857000
1%
#34858000
1'
#34860000
0'
0%
#34862000
1'
#34863000
1%
#34864000
0'
#34866000
1'
0%
#34868000
0'
#34869000
1%
#34870000
1'
#34872000
0'
0%
#34874000
1'
#34875000
1%
#34876000
0'
#34878000
1'
0%
#34880000
0'
#34881000
1%
#34882000
1'
#34884000
0'
0%
#34886000
1'
#34887000
1%
#34888000
0'
#34890000
1'
0%
#34892000
0'
#34893000
1%
#34894000
1'
#34896000
0'
0%
#34898000
1'
#34899000
1%
#34900000
0'
#34902000
1'
0%
#34904000
0'
#34905000
1%
#34906000
1'
#34908000
0'
0%
#34910000
1'
#34911000
1%
#34912000
0'
#34914000
1'
0%
#34916000
0'
#34917000
1%
#34918000
1'
#34920000
0'
0%
#34922000
1'
#34923000
1%
#34924000
0'
#34926000
1'
0%
#34928000
0'
#34929000
1%
#34930000
1'
#34932000
0'
0%
#34934000
1'
#34935000
1%
#34936000
0'
#34938000
1'
0%
#34940000
0'
#34941000
1%
#34942000
1'
#34944000
0'
0%
#34946000
1'
#34947000
1%
#34948000
0'
#34950000
1'
0%
#34952000
0'
#34953000
1%
#34954000
1'
#34956000
0'
0%
#34958000
1'
#34959000
1%
#34960000
0'
#34962000
1'
0%
#34964000
0'
#34965000
1%
#34966000
1'
#34968000
0'
0%
#34970000
1'
#34971000
1%
#34972000
0'
#34974000
1'
0%
#34976000
0'
#34977000
1%
#34978000
1'
#34980000
0'
0%
#34982000
1'
#34983000
1%
#34984000
0'
#34986000
1'
0%
#34988000
0'
#34989000
1%
#34990000
1'
#34992000
0'
0%
#34994000
1'
#34995000
1%
#34996000
0'
#34998000
1'
0%
#35000000
0'
#35001000
1%
#35002000
1'
#35004000
0'
0%
#35006000
1'
#35007000
1%
#35008000
0'
#35010000
1'
0%
#35012000
0'
#35013000
1%
#35014000
1'
#35016000
0'
0%
#35018000
1'
#35019000
1%
#35020000
0'
#35022000
1'
0%
#35024000
0'
#35025000
1%
#35026000
1'
#35028000
0'
0%
#35030000
1'
#35031000
1%
#35032000
0'
#35034000
1'
0%
#35036000
0'
#35037000
1%
#35038000
1'
#35040000
0'
0%
#35042000
1'
#35043000
1%
#35044000
0'
#35046000
1'
0%
#35048000
0'
#35049000
1%
#35050000
1'
#35052000
0'
0%
#35054000
1'
#35055000
1%
#35056000
0'
#35058000
1'
0%
#35060000
0'
#35061000
1%
#35062000
1'
#35064000
0'
0%
#35066000
1'
#35067000
1%
#35068000
0'
#35070000
1'
0%
#35072000
0'
#35073000
1%
#35074000
1'
#35076000
0'
0%
#35078000
1'
#35079000
1%
#35080000
0'
#35082000
1'
0%
#35084000
0'
#35085000
1%
#35086000
1'
#35088000
0'
0%
#35090000
1'
#35091000
1%
#35092000
0'
#35094000
1'
0%
#35096000
0'
#35097000
1%
#35098000
1'
#35100000
0'
0%
#35102000
1'
#35103000
1%
#35104000
0'
#35106000
1'
0%
#35108000
0'
#35109000
1%
#35110000
1'
#35112000
0'
0%
#35114000
1'
#35115000
1%
#35116000
0'
#35118000
1'
0%
#35120000
0'
#35121000
1%
#35122000
1'
#35124000
0'
0%
#35126000
1'
#35127000
1%
#35128000
0'
#35130000
1'
0%
#35132000
0'
#35133000
1%
#35134000
1'
#35136000
0'
0%
#35138000
1'
#35139000
1%
#35140000
0'
#35142000
1'
0%
#35144000
0'
#35145000
1%
#35146000
1'
#35148000
0'
0%
#35150000
1'
#35151000
1%
#35152000
0'
#35154000
1'
0%
#35156000
0'
#35157000
1%
#35158000
1'
#35160000
0'
0%
#35162000
1'
#35163000
1%
#35164000
0'
#35166000
1'
0%
#35168000
0'
#35169000
1%
#35170000
1'
#35172000
0'
0%
#35174000
1'
#35175000
1%
#35176000
0'
#35178000
1'
0%
#35180000
0'
#35181000
1%
#35182000
1'
#35184000
0'
0%
#35186000
1'
#35187000
1%
#35188000
0'
#35190000
1'
0%
#35192000
0'
#35193000
1%
#35194000
1'
#35196000
0'
0%
#35198000
1'
#35199000
1%
#35200000
0'
#35202000
1'
0%
#35204000
0'
#35205000
1%
#35206000
1'
#35208000
0'
0%
#35210000
1'
#35211000
1%
#35212000
0'
#35214000
1'
0%
#35216000
0'
#35217000
1%
#35218000
1'
#35220000
0'
0%
1$
#35222000
b11 N
b1 M
b1 Q
b1 W
b11100001 +
b11100001 3
b11100001 9
b11100001 V
1*
1'
#35223000
1%
#35224000
0'
#35226000
b1 4
b1 :
b1 R
b10 N
b11 M
b11100001 #
b11100001 )
b11100001 -
b11100001 0
b11100001 7
b11100001 ;
b10 Q
b1 T
b1 2
b1 J
b1 U
b10 W
b11100010 +
b11100010 3
b11100010 9
b11100010 V
1'
0%
#35228000
0'
#35229000
b1 K
1%
#35230000
b10 4
b10 :
b10 R
b110 N
b10 M
b11 W
b11100011 +
b11100011 3
b11100011 9
b11100011 V
b11 Q
b10 T
b11 2
b11 J
b11 U
1'
#35232000
0'
0%
#35234000
b11 4
b11 :
b11 R
b111 N
b110 M
b100 Q
b11 T
b10 2
b10 J
b10 U
b100 W
b11100100 +
b11100100 3
b11100100 9
b11100100 V
1'
#35235000
1D
0A
b1 5
b1 @
b1 L
b10 K
1%
#35236000
0'
#35238000
b100 4
b100 :
b100 R
b101 N
b111 M
b101 W
b11100101 +
b11100101 3
b11100101 9
b11100101 V
b101 Q
b100 T
b110 2
b110 J
b110 U
1'
0%
#35240000
0'
#35241000
0D
b10 5
b10 @
b10 L
b110 K
0"
1/
1%
#35242000
b101 4
b101 :
b101 R
b100 N
b101 M
b110 Q
b101 T
b111 2
b111 J
b111 U
b110 W
b11100110 +
b11100110 3
b11100110 9
b11100110 V
1'
#35244000
0'
0%
#35246000
b110 4
b110 :
b110 R
b1100 N
b100 M
b111 W
b11100111 +
b11100111 3
b11100111 9
b11100111 V
b111 Q
b110 T
b101 2
b101 J
b101 U
1'
#35247000
b11 ?
b1 >
b1 B
1,
0/
b110 5
b110 @
b110 L
b101 K
1%
#35248000
0'
#35250000
b111 4
b111 :
b111 R
b1101 N
b1100 M
b1000 Q
b111 T
b100 2
b100 J
b100 U
b1000 W
b11101000 +
b11101000 3
b11101000 9
b11101000 V
1'
0%
#35252000
0'
#35253000
b11100010 #
b11100010 )
b11100010 -
b11100010 0
b11100010 7
b11100010 ;
b1 8
b1 <
b1 C
b10 ?
b11 >
b101 5
b101 @
b101 L
b100 K
b10 B
b1 E
b1 6
b1 F
b1 G
1%
#35254000
b1000 4
b1000 :
b1000 R
b1111 N
b1101 M
b1001 W
b11101001 +
b11101001 3
b11101001 9
b11101001 V
b1 H
b1001 Q
b1000 T
b1100 2
b1100 J
b1100 U
1'
#35256000
0'
0%
#35258000
b1001 4
b1001 :
b1001 R
b1110 N
b1111 M
b1010 Q
b1001 T
b1101 2
b1101 J
b1101 U
b1 1
b1 I
b1 O
b1010 W
b11101010 +
b11101010 3
b11101010 9
b11101010 V
1'
#35259000
b11100011 #
b11100011 )
b11100011 -
b11100011 0
b11100011 7
b11100011 ;
b10 8
b10 <
b10 C
b110 ?
b10 >
b11 B
b10 E
b11 6
b11 F
b11 G
b100 5
b100 @
b100 L
b1101 K
1%
#35260000
0'
#35262000
b1010 4
b1010 :
b1010 R
b1010 N
b1110 M
b1011 W
b11101011 +
b11101011 3
b11101011 9
b11101011 V
b11 H
b1011 Q
b1010 T
b1111 2
b1111 J
b1111 U
1'
0%
#35264000
0'
#35265000
b11100100 #
b11100100 )
b11100100 -
b11100100 0
b11100100 7
b11100100 ;
b11 8
b11 <
b11 C
b111 ?
b110 >
b1101 5
b1101 @
b1101 L
b1111 K
b100 B
b11 E
b10 6
b10 F
b10 G
1%
#35266000
b1011 4
b1011 :
b1011 R
b1011 N
b1010 M
b1100 Q
b1011 T
b1110 2
b1110 J
b1110 U
b11 1
b11 I
b11 O
b10 H
b1100 W
b11101100 +
b11101100 3
b11101100 9
b11101100 V
1'
#35268000
0'
0%
#35270000
b1100 4
b1100 :
b1100 R
b1001 N
b1011 M
b1101 W
b11101101 +
b11101101 3
b11101101 9
b11101101 V
b10 1
b10 I
b10 O
b1101 Q
b1100 T
b1010 2
b1010 J
b1010 U
1'
#35271000
b11100101 #
b11100101 )
b11100101 -
b11100101 0
b11100101 7
b11100101 ;
b100 8
b100 <
b100 C
b101 ?
b111 >
b101 B
b100 E
b110 6
b110 F
b110 G
b1111 5
b1111 @
b1111 L
b1010 K
1%
#35272000
0'
#35274000
b1101 4
b1101 :
b1101 R
b1000 N
b1001 M
b1110 Q
b1101 T
b1011 2
b1011 J
b1011 U
b110 H
b1110 W
b11101110 +
b11101110 3
b11101110 9
b11101110 V
1'
0%
#35276000
0'
#35277000
b11100110 #
b11100110 )
b11100110 -
b11100110 0
b11100110 7
b11100110 ;
b101 8
b101 <
b101 C
b100 ?
b101 >
b1010 5
b1010 @
b1010 L
b1011 K
b110 B
b101 E
b111 6
b111 F
b111 G
1%
#35278000
b1110 4
b1110 :
b1110 R
b11000 N
b1000 M
b1111 W
b11101111 +
b11101111 3
b11101111 9
b11101111 V
b110 1
b110 I
b110 O
b111 H
b1111 Q
b1110 T
b1001 2
b1001 J
b1001 U
1'
#35280000
0'
0%
#35282000
b1111 4
b1111 :
b1111 R
b11001 N
b11000 M
b10000 Q
b1111 T
b1000 2
b1000 J
b1000 U
b111 1
b111 I
b111 O
b0 W
b11110000 +
b11110000 3
b11110000 9
b11110000 V
1'
#35283000
b11100111 #
b11100111 )
b11100111 -
b11100111 0
b11100111 7
b11100111 ;
b110 8
b110 <
b110 C
0D
b1100 ?
b100 >
b111 B
b110 E
b101 6
b101 F
b101 G
b1011 5
b1011 @
b1011 L
b1000 K
1%
#35284000
0'
#35286000
b0 4
b0 :
b0 R
b11011 N
b11001 M
b1 W
b11110001 +
b11110001 3
b11110001 9
b11110001 V
b101 H
b10001 Q
b10000 T
b11000 2
b11000 J
b11000 U
1'
0%
#35288000
0'
#35289000
b11101000 #
b11101000 )
b11101000 -
b11101000 0
b11101000 7
b11101000 ;
b111 8
b111 <
b111 C
b1101 ?
b1100 >
b1000 5
b1000 @
b1000 L
b11000 K
b1000 B
b111 E
b100 6
b100 F
b100 G
1%
#35290000
b1 4
b1 :
b1 R
b11010 N
b11011 M
b10010 Q
b10001 T
b11001 2
b11001 J
b11001 U
b101 1
b101 I
b101 O
b100 H
b10 W
b11110010 +
b11110010 3
b11110010 9
b11110010 V
1'
#35292000
0'
0%
#35294000
b10 4
b10 :
b10 R
0S
b11110 N
b11010 M
b11 W
b11110011 +
b11110011 3
b11110011 9
b11110011 V
b100 1
b100 I
b100 O
b10011 Q
b10010 T
b11011 2
b11011 J
b11011 U
1'
#35295000
b11101001 #
b11101001 )
b11101001 -
b11101001 0
b11101001 7
b11101001 ;
b1000 8
b1000 <
b1000 C
b1111 ?
b1101 >
b1001 B
b1000 E
b1100 6
b1100 F
b1100 G
b11000 5
b11000 @
b11000 L
b11011 K
1%
#35296000
0'
#35298000
b11 4
b11 :
b11 R
b11111 N
b11110 M
b10100 Q
b10011 T
b11010 2
b11010 J
b11010 U
b1100 H
b100 W
b11110100 +
b11110100 3
b11110100 9
b11110100 V
1'
0%
#35300000
0'
#35301000
b11101010 #
b11101010 )
b11101010 -
b11101010 0
b11101010 7
b11101010 ;
b1001 8
b1001 <
b1001 C
b1110 ?
b1111 >
b11011 5
b11011 @
b11011 L
b11010 K
b1010 B
b1001 E
b1101 6
b1101 F
b1101 G
1%
#35302000
b100 4
b100 :
b100 R
0S
b11101 N
b11111 M
b101 W
b11110101 +
b11110101 3
b11110101 9
b11110101 V
b1100 1
b1100 I
b1100 O
b1101 H
b10101 Q
b10100 T
b11110 2
b11110 J
b11110 U
1'
#35304000
0'
0%
#35306000
b101 4
b101 :
b101 R
b11100 N
b11101 M
b10110 Q
b10101 T
b11111 2
b11111 J
b11111 U
b1101 1
b1101 I
b1101 O
b110 W
b11110110 +
b11110110 3
b11110110 9
b11110110 V
1'
#35307000
b11101011 #
b11101011 )
b11101011 -
b11101011 0
b11101011 7
b11101011 ;
b1010 8
b1010 <
b1010 C
b1010 ?
b1110 >
b1011 B
b1010 E
b1111 6
b1111 F
b1111 G
b11010 5
b11010 @
b11010 L
b11111 K
1%
#35308000
0'
#35310000
b110 4
b110 :
b110 R
b10100 N
b11100 M
b111 W
b11110111 +
b11110111 3
b11110111 9
b11110111 V
b1111 H
b10111 Q
b10110 T
b11101 2
b11101 J
b11101 U
1'
0%
#35312000
0'
#35313000
b11101100 #
b11101100 )
b11101100 -
b11101100 0
b11101100 7
b11101100 ;
b1011 8
b1011 <
b1011 C
b1011 ?
b1010 >
b11111 5
b11111 @
b11111 L
b11101 K
b1100 B
b1011 E
b1110 6
b1110 F
b1110 G
1%
#35314000
b111 4
b111 :
b111 R
b10101 N
b10100 M
b11000 Q
b10111 T
b11100 2
b11100 J
b11100 U
b1111 1
b1111 I
b1111 O
b1110 H
b1000 W
b11111000 +
b11111000 3
b11111000 9
b11111000 V
1'
#35316000
0'
0%
#35318000
0S
b1000 4
b1000 :
b1000 R
b10111 N
b10101 M
b1001 W
b11111001 +
b11111001 3
b11111001 9
b11111001 V
b1110 1
b1110 I
b1110 O
b11001 Q
b11000 T
b10100 2
b10100 J
b10100 U
1'
#35319000
b11101101 #
b11101101 )
b11101101 -
b11101101 0
b11101101 7
b11101101 ;
b1100 8
b1100 <
b1100 C
b1001 ?
b1011 >
b1101 B
b1100 E
b1010 6
b1010 F
b1010 G
b11101 5
b11101 @
b11101 L
b10100 K
1%
#35320000
0'
#35322000
b1001 4
b1001 :
b1001 R
1S
b10110 N
0P
b10111 M
b11010 Q
b11001 T
b10101 2
b10101 J
b10101 U
b1010 H
b1010 W
b11111010 +
b11111010 3
b11111010 9
b11111010 V
1'
0%
#35324000
0'
#35325000
b11101110 #
b11101110 )
b11101110 -
b11101110 0
b11101110 7
b11101110 ;
b1101 8
b1101 <
b1101 C
b1000 ?
b1001 >
b10100 5
b10100 @
b10100 L
b10101 K
b1110 B
b1101 E
b1011 6
b1011 F
b1011 G
1%
#35326000
b1010 4
b1010 :
b1010 R
1S
b10010 N
0P
b10110 M
b1011 W
b11111011 +
b11111011 3
b11111011 9
b11111011 V
b1010 1
b1010 I
b1010 O
b1011 H
b11011 Q
b11010 T
b10111 2
b10111 J
b10111 U
1.
1'
#35328000
0'
0%
#35330000
b1011 4
b1011 :
b1011 R
b10011 N
b10010 M
1S
b11100 Q
b11011 T
b10110 2
b10110 J
b10110 U
b1011 1
b1011 I
b1011 O
b1100 W
b11111100 +
b11111100 3
b11111100 9
b11111100 V
1'
#35331000
b11101111 #
b11101111 )
b11101111 -
b11101111 0
b11101111 7
b11101111 ;
b1110 8
b1110 <
b1110 C
b11000 ?
b1000 >
b1111 B
b1110 E
b1001 6
b1001 F
b1001 G
b10101 5
b10101 @
b10101 L
b10110 K
1%
#35332000
0'
#35334000
b1100 4
b1100 :
b1100 R
0S
b10001 N
1P
b10011 M
b1101 W
b11111101 +
b11111101 3
b11111101 9
b11111101 V
b1001 H
b11101 Q
b11100 T
b10010 2
b10010 J
b10010 U
1'
0%
#35336000
0'
#35337000
b11110000 #
b11110000 )
b11110000 -
b11110000 0
b11110000 7
b11110000 ;
b1111 8
b1111 <
b1111 C
b11001 ?
b11000 >
b10110 5
b10110 @
b10110 L
b10010 K
b10000 B
b1111 E
b1000 6
b1000 F
b1000 G
1%
#35338000
b1101 4
b1101 :
b1101 R
b10001 N
b10011 M
0P
1S
1!
0.
b11101 Q
b11101 T
b10011 2
b10011 J
b10011 U
b1001 1
b1001 I
b1001 O
b1000 H
b1110 W
b11111110 +
b11111110 3
b11111110 9
b11111110 V
1'
#35340000
0'
0%
#35342000
0S
0*
b1000 1
b1000 I
b1000 O
0!
1.
1'
#35343000
b11110001 #
b11110001 )
b11110001 -
b11110001 0
b11110001 7
b11110001 ;
b0 8
b0 <
b0 C
b11011 ?
b11001 >
b10001 B
b10000 E
b11000 6
b11000 F
b11000 G
b10010 5
b10010 @
b10010 L
b10011 K
1%
#35344000
0'
#35346000
1S
b10000 N
0P
b10001 M
b11110 Q
0.
b11000 H
b1111 W
b11111111 +
b11111111 3
b11111111 9
b11111111 V
1*
1'
0%
#35348000
0'
#35349000
b11110010 #
b11110010 )
b11110010 -
b11110010 0
b11110010 7
b11110010 ;
b1 8
b1 <
b1 C
b11010 ?
b11011 >
b10011 5
b10011 @
b10011 L
b10010 B
b10001 E
b11001 6
b11001 F
b11001 G
1%
#35350000
b1110 4
b1110 :
b1110 R
1S
b0 N
0P
b10000 M
b0 W
b0 +
b0 3
b0 9
b0 V
b11000 1
b11000 I
b11000 O
b11001 H
b11111 Q
b11110 T
b10001 2
b10001 J
b10001 U
1.
1'
#35352000
0'
0%
#35354000
b1111 4
b1111 :
b1111 R
b1 N
b0 M
1S
b0 Q
b11111 T
b10000 2
b10000 J
b10000 U
b11001 1
b11001 I
b11001 O
b1 W
b1 +
b1 3
b1 9
b1 V
1'
#35355000
b11110011 #
b11110011 )
b11110011 -
b11110011 0
b11110011 7
b11110011 ;
b10 8
b10 <
b10 C
b11110 ?
b11010 >
b10011 B
b10010 E
b11011 6
b11011 F
b11011 G
b10000 K
1%
#35356000
0'
#35358000
b0 4
b0 :
b0 R
0S
b11 N
1P
b1 M
b10 W
b10 +
b10 3
b10 9
b10 V
b11011 H
b1 Q
b0 T
b0 2
b0 J
b0 U
1'
0%
#35360000
0'
#35361000
b11110100 #
b11110100 )
b11110100 -
b11110100 0
b11110100 7
b11110100 ;
b11 8
b11 <
b11 C
b11111 ?
b11110 >
b10000 5
b10000 @
b10000 L
b0 K
b10100 B
b10011 E
b11010 6
b11010 F
b11010 G
1%
#35362000
b1 4
b1 :
b1 R
b11 N
b1 M
0P
1S
1!
0.
b1 Q
b1 T
b1 2
b1 J
b1 U
b11011 1
b11011 I
b11011 O
b11010 H
b11 W
b11 +
b11 3
b11 9
b11 V
1'
#35364000
0'
0%
#35366000
0S
0*
b11010 1
b11010 I
b11010 O
0!
1.
1'
#35367000
b11110101 #
b11110101 )
b11110101 -
b11110101 0
b11110101 7
b11110101 ;
b100 8
b100 <
b100 C
b11101 ?
b11111 >
b10101 B
b10100 E
b11110 6
b11110 F
b11110 G
b0 5
b0 @
b0 L
b1 K
1%
#35368000
0'
#35370000
1S
b10 N
0P
b11 M
b10 Q
0.
b11110 H
b100 W
b100 +
b100 3
b100 9
b100 V
1*
1'
0%
#35372000
0'
#35373000
b11110110 #
b11110110 )
b11110110 -
b11110110 0
b11110110 7
b11110110 ;
b101 8
b101 <
b101 C
b11100 ?
b11101 >
b1 5
b1 @
b1 L
b10110 B
b10101 E
b11111 6
b11111 F
b11111 G
1%
#35374000
b10 4
b10 :
b10 R
1S
b110 N
0P
b10 M
b101 W
b101 +
b101 3
b101 9
b101 V
b11110 1
b11110 I
b11110 O
b11111 H
b11 Q
b10 T
b11 2
b11 J
b11 U
1.
1'
#35376000
0'
0%
#35378000
b11 4
b11 :
b11 R
b111 N
b110 M
1S
b100 Q
b11 T
b10 2
b10 J
b10 U
b11111 1
b11111 I
b11111 O
b110 W
b110 +
b110 3
b110 9
b110 V
1'
#35379000
b11110111 #
b11110111 )
b11110111 -
b11110111 0
b11110111 7
b11110111 ;
b110 8
b110 <
b110 C
b10100 ?
b11100 >
b10111 B
b10110 E
b11101 6
b11101 F
b11101 G
b10 K
1%
#35380000
0'
#35382000
b100 4
b100 :
b100 R
0S
b101 N
1P
b111 M
b111 W
b111 +
b111 3
b111 9
b111 V
b11101 H
b101 Q
b100 T
b110 2
b110 J
b110 U
1'
0%
#35384000
0'
#35385000
b11111000 #
b11111000 )
b11111000 -
b11111000 0
b11111000 7
b11111000 ;
b111 8
b111 <
b111 C
b10101 ?
b10100 >
b10 5
b10 @
b10 L
b110 K
b11000 B
b10111 E
b11100 6
b11100 F
b11100 G
1%
#35386000
b101 4
b101 :
b101 R
b101 N
b111 M
0P
1S
1!
0.
b101 Q
b101 T
b111 2
b111 J
b111 U
b11101 1
b11101 I
b11101 O
b11100 H
b1000 W
b1000 +
b1000 3
b1000 9
b1000 V
1'
#35388000
0'
0%
#35390000
0S
0*
b11100 1
b11100 I
b11100 O
0!
1.
1'
#35391000
b11111001 #
b11111001 )
b11111001 -
b11111001 0
b11111001 7
b11111001 ;
b1000 8
b1000 <
b1000 C
b10111 ?
b10101 >
b11001 B
b11000 E
b10100 6
b10100 F
b10100 G
b110 5
b110 @
b110 L
b111 K
1%
#35392000
0'
#35394000
1S
b100 N
0P
b101 M
b110 Q
0.
b10100 H
b1001 W
b1001 +
b1001 3
b1001 9
b1001 V
1*
1'
0%
#35396000
0'
#35397000
b11111010 #
b11111010 )
b11111010 -
b11111010 0
b11111010 7
b11111010 ;
b1001 8
b1001 <
b1001 C
b10110 ?
b10111 >
b111 5
b111 @
b111 L
b11010 B
b11001 E
b10101 6
b10101 F
b10101 G
1%
#35398000
b110 4
b110 :
b110 R
1S
b1100 N
0P
b100 M
b1010 W
b1010 +
b1010 3
b1010 9
b1010 V
b10100 1
b10100 I
b10100 O
b10101 H
b111 Q
b110 T
b101 2
b101 J
b101 U
1.
1'
#35400000
0'
0%
#35402000
b111 4
b111 :
b111 R
b1101 N
b1100 M
1S
b1000 Q
b111 T
b100 2
b100 J
b100 U
b10101 1
b10101 I
b10101 O
b1011 W
b1011 +
b1011 3
b1011 9
b1011 V
1'
#35403000
b11111011 #
b11111011 )
b11111011 -
b11111011 0
b11111011 7
b11111011 ;
b1010 8
b1010 <
b1010 C
b10010 ?
b10110 >
b11011 B
b11010 E
b10111 6
b10111 F
b10111 G
b100 K
1%
#35404000
0'
#35406000
b1000 4
b1000 :
b1000 R
0S
b1111 N
1P
b1101 M
b1100 W
b1100 +
b1100 3
b1100 9
b1100 V
b10111 H
b1001 Q
b1000 T
b1100 2
b1100 J
b1100 U
1'
0%
#35408000
0'
#35409000
b11111100 #
b11111100 )
b11111100 -
b11111100 0
b11111100 7
b11111100 ;
b1011 8
b1011 <
b1011 C
b10011 ?
b10010 >
b100 5
b100 @
b100 L
b1100 K
b11100 B
b11011 E
b10110 6
b10110 F
b10110 G
1%
#35410000
b1001 4
b1001 :
b1001 R
b1111 N
b1101 M
0P
1S
1!
0.
b1001 Q
b1001 T
b1101 2
b1101 J
b1101 U
b10111 1
b10111 I
b10111 O
b10110 H
b1101 W
b1101 +
b1101 3
b1101 9
b1101 V
1'
#35412000
0'
0%
#35414000
0S
0*
b10110 1
b10110 I
b10110 O
0!
1.
1'
#35415000
b11111101 #
b11111101 )
b11111101 -
b11111101 0
b11111101 7
b11111101 ;
b1100 8
b1100 <
b1100 C
b10001 ?
b10011 >
b11101 B
b11100 E
b10010 6
b10010 F
b10010 G
b1100 5
b1100 @
b1100 L
b1101 K
1%
#35416000
0'
#35418000
1S
b1110 N
0P
b1111 M
b1010 Q
0.
b10010 H
b1110 W
b1110 +
b1110 3
b1110 9
b1110 V
1*
1'
0%
#35420000
0'
0$
#35421000
b11111111 #
b11111111 )
b11111111 -
b11111111 0
b11111111 7
b11111111 ;
b1101 8
b1101 <
b1101 C
b10000 ?
b10001 >
b1101 5
b1101 @
b1101 L
b11110 B
b11101 E
b10011 6
b10011 F
b10011 G
1%
#35422000
b1010 4
b1010 :
b1010 R
0S
b1110 N
0P
b1111 M
0*
b10010 1
b10010 I
b10010 O
b10011 H
b1010 Q
b1010 T
b1111 2
b1111 J
b1111 U
1.
1'
#35424000
0'
0%
#35426000
0.
b10011 1
b10011 I
b10011 O
1'
#35427000
b0 #
b0 )
b0 -
b0 0
b0 7
b0 ;
b1110 8
b1110 <
b1110 C
b0 ?
b10000 >
b11111 B
b11110 E
b10001 6
b10001 F
b10001 G
b1111 K
1%
#35428000
0'
#35430000
b10001 H
1'
0%
#35432000
0'
#35433000
b1 #
b1 )
b1 -
b1 0
b1 7
b1 ;
b1111 8
b1111 <
b1111 C
b1 ?
0A
b0 >
b1111 5
b1111 @
b1111 L
b0 B
b11111 E
b10000 6
b10000 F
b10000 G
1%
#35434000
b10001 1
b10001 I
b10001 O
b10000 H
1'
#35436000
0'
0%
#35438000
b10000 1
b10000 I
b10000 O
1'
#35439000
b10 #
b10 )
b10 -
b10 0
b10 7
b10 ;
b0 8
b0 <
b0 C
b11 ?
b1 >
b1 B
b0 E
b0 6
b0 F
b0 G
1%
#35440000
0'
#35442000
b0 H
1'
0%
#35444000
0'
#35445000
b100 #
b100 )
b100 -
b100 0
b100 7
b100 ;
b1 8
b1 <
b1 C
b10 ?
b11 >
b10 B
b1 E
b1 6
b1 F
b1 G
1%
#35446000
b0 1
b0 I
b0 O
b1 H
1'
#35448000
0'
0%
#35450000
b1 1
b1 I
b1 O
1'
#35451000
b101 #
b101 )
b101 -
b101 0
b101 7
b101 ;
b10 8
b10 <
b10 C
b110 ?
b10 >
b11 B
b10 E
b11 6
b11 F
b11 G
1%
#35452000
0'
#35454000
b11 H
1'
0%
#35456000
0'
#35457000
b110 #
b110 )
b110 -
b110 0
b110 7
b110 ;
b11 8
b11 <
b11 C
b111 ?
b110 >
b100 B
b11 E
b10 6
b10 F
b10 G
1%
#35458000
b11 1
b11 I
b11 O
b10 H
1'
#35460000
0'
0%
#35462000
b10 1
b10 I
b10 O
1'
#35463000
b111 #
b111 )
b111 -
b111 0
b111 7
b111 ;
b100 8
b100 <
b100 C
b101 ?
b111 >
b101 B
b100 E
b110 6
b110 F
b110 G
1%
#35464000
0'
#35466000
b110 H
1'
0%
#35468000
0'
#35469000
b1001 #
b1001 )
b1001 -
b1001 0
b1001 7
b1001 ;
b101 8
b101 <
b101 C
b100 ?
b101 >
b110 B
b101 E
b111 6
b111 F
b111 G
1%
#35470000
b110 1
b110 I
b110 O
b111 H
1'
#35472000
0'
0%
#35474000
b111 1
b111 I
b111 O
1'
#35475000
b1010 #
b1010 )
b1010 -
b1010 0
b1010 7
b1010 ;
b110 8
b110 <
b110 C
b1100 ?
b100 >
b111 B
b110 E
b101 6
b101 F
b101 G
1%
#35476000
0'
#35478000
b101 H
1'
0%
#35480000
0'
#35481000
b1011 #
b1011 )
b1011 -
b1011 0
b1011 7
b1011 ;
b111 8
b111 <
b111 C
b1101 ?
b1100 >
b1000 B
b111 E
b100 6
b100 F
b100 G
1%
#35482000
b101 1
b101 I
b101 O
b100 H
1'
#35484000
0'
0%
#35486000
b100 1
b100 I
b100 O
1'
#35487000
1D
b1100 #
b1100 )
b1100 -
b1100 0
b1100 7
b1100 ;
b1000 8
b1000 <
b1000 C
b1111 ?
b1101 >
b1001 B
b1000 E
b1100 6
b1100 F
b1100 G
1%
#35488000
0'
#35490000
b1100 H
1'
0%
#35492000
0'
#35493000
1A
b1110 #
b1110 )
b1110 -
b1110 0
b1110 7
b1110 ;
b1001 8
b1001 <
b1001 C
0D
b1110 ?
b1111 >
b1010 B
b1001 E
b1101 6
b1101 F
b1101 G
1/
1%
#35494000
b1100 1
b1100 I
b1100 O
b1101 H
1'
#35496000
0'
0%
#35498000
b1101 1
b1101 I
b1101 O
1'
#35499000
b11111011 #
b11111011 )
b11111011 -
b11111011 0
b11111011 7
b11111011 ;
b1010 8
b1010 <
b1010 C
b1110 ?
1A
b1111 >
1"
0/
b1010 B
b1010 E
b1111 6
b1111 F
b1111 G
1%
#35500000
0'
#35502000
b1111 H
1'
0%
#35504000
0'
#35505000
0,
1%
#35506000
b1111 1
b1111 I
b1111 O
1'
#35508000
0'
0%
#35510000
1'
#35511000
1%
#35512000
0'
#35514000
1'
0%
#35516000
0'
#35517000
1%
#35518000
1'
#35520000
0'
0%
#35522000
1'
#35523000
1%
#35524000
0'
#35526000
1'
0%
#35528000
0'
#35529000
1%
#35530000
1'
#35532000
0'
0%
#35534000
1'
#35535000
1%
#35536000
0'
#35538000
1'
0%
#35540000
0'
#35541000
1%
#35542000
1'
#35544000
0'
0%
#35546000
1'
#35547000
1%
#35548000
0'
#35550000
1'
0%
#35552000
0'
#35553000
1%
#35554000
1'
#35556000
0'
0%
#35558000
1'
#35559000
1%
#35560000
0'
#35562000
1'
0%
#35564000
0'
#35565000
1%
#35566000
1'
#35568000
0'
0%
#35570000
1'
#35571000
1%
#35572000
0'
#35574000
1'
0%
#35576000
0'
#35577000
1%
#35578000
1'
#35580000
0'
0%
#35582000
1'
#35583000
1%
#35584000
0'
#35586000
1'
0%
#35588000
0'
#35589000
1%
#35590000
1'
#35592000
0'
0%
#35594000
1'
#35595000
1%
#35596000
0'
#35598000
1'
0%
#35600000
0'
#35601000
1%
#35602000
1'
#35604000
0'
0%
#35606000
1'
#35607000
1%
#35608000
0'
#35610000
1'
0%
#35612000
0'
#35613000
1%
#35614000
1'
#35616000
0'
0%
#35618000
1'
#35619000
1%
#35620000
0'
#35622000
1'
0%
#35624000
0'
#35625000
1%
#35626000
1'
#35628000
0'
0%
#35630000
1'
#35631000
1%
#35632000
0'
#35634000
1'
0%
#35636000
0'
#35637000
1%
#35638000
1'
#35640000
0'
0%
#35642000
1'
#35643000
1%
#35644000
0'
#35646000
1'
0%
#35648000
0'
#35649000
1%
#35650000
1'
#35652000
0'
0%
#35654000
1'
#35655000
1%
#35656000
0'
#35658000
1'
0%
#35660000
0'
#35661000
1%
#35662000
1'
#35664000
0'
0%
#35666000
1'
#35667000
1%
#35668000
0'
#35670000
1'
0%
#35672000
0'
#35673000
1%
#35674000
1'
#35676000
0'
0%
#35678000
1'
#35679000
1%
#35680000
0'
#35682000
1'
0%
#35684000
0'
#35685000
1%
#35686000
1'
#35688000
0'
0%
#35690000
1'
#35691000
1%
#35692000
0'
#35694000
1'
0%
#35696000
0'
#35697000
1%
#35698000
1'
#35700000
0'
0%
#35702000
1'
#35703000
1%
#35704000
0'
#35706000
1'
0%
#35708000
0'
#35709000
1%
#35710000
1'
#35712000
0'
0%
#35714000
1'
#35715000
1%
#35716000
0'
#35718000
1'
0%
#35720000
0'
#35721000
1%
#35722000
1'
#35724000
0'
0%
#35726000
1'
#35727000
1%
#35728000
0'
#35730000
1'
0%
#35732000
0'
#35733000
1%
#35734000
1'
#35736000
0'
0%
#35738000
1'
#35739000
1%
#35740000
0'
#35742000
1'
0%
#35744000
0'
#35745000
1%
#35746000
1'
#35748000
0'
0%
#35750000
1'
#35751000
1%
#35752000
0'
#35754000
1'
0%
#35756000
0'
#35757000
1%
#35758000
1'
#35760000
0'
0%
#35762000
1'
#35763000
1%
#35764000
0'
#35766000
1'
0%
#35768000
0'
#35769000
1%
#35770000
1'
#35772000
0'
0%
#35774000
1'
#35775000
1%
#35776000
0'
#35778000
1'
0%
#35780000
0'
#35781000
1%
#35782000
1'
#35784000
0'
0%
#35786000
1'
#35787000
1%
#35788000
0'
#35790000
1'
0%
#35792000
0'
#35793000
1%
#35794000
1'
#35796000
0'
0%
#35798000
1'
#35799000
1%
#35800000
0'
#35802000
1'
0%
#35804000
0'
#35805000
1%
#35806000
1'
#35808000
0'
0%
#35810000
1'
#35811000
1%
#35812000
0'
#35814000
1'
0%
#35816000
0'
#35817000
1%
#35818000
1'
#35820000
0'
0%
#35822000
1'
#35823000
1%
#35824000
0'
#35826000
1'
0%
#35828000
0'
#35829000
1%
#35830000
1'
#35832000
0'
0%
#35834000
1'
#35835000
1%
#35836000
0'
#35838000
1'
0%
#35840000
0'
#35841000
1%
#35842000
1'
#35844000
0'
0%
#35846000
1'
#35847000
1%
#35848000
0'
#35850000
1'
0%
#35852000
0'
#35853000
1%
#35854000
1'
#35856000
0'
0%
#35858000
1'
#35859000
1%
#35860000
0'
#35862000
1'
0%
#35864000
0'
#35865000
1%
#35866000
1'
#35868000
0'
0%
#35870000
1'
#35871000
1%
#35872000
0'
#35874000
1'
0%
#35876000
0'
#35877000
1%
#35878000
1'
#35880000
0'
0%
#35882000
1'
#35883000
1%
#35884000
0'
#35886000
1'
0%
#35888000
0'
#35889000
1%
#35890000
1'
#35892000
0'
0%
#35894000
1'
#35895000
1%
#35896000
0'
#35898000
1'
0%
#35900000
0'
#35901000
1%
#35902000
1'
#35904000
0'
0%
#35906000
1'
#35907000
1%
#35908000
0'
#35910000
1'
0%
#35912000
0'
#35913000
1%
#35914000
1'
#35916000
0'
0%
#35918000
1'
#35919000
1%
#35920000
0'
#35922000
1'
0%
#35924000
0'
#35925000
1%
#35926000
1'
#35928000
0'
0%
#35930000
1'
#35931000
1%
#35932000
0'
#35934000
1'
0%
#35936000
0'
#35937000
1%
#35938000
1'
#35940000
0'
0%
#35942000
1'
#35943000
1%
#35944000
0'
#35946000
1'
0%
#35948000
0'
#35949000
1%
#35950000
1'
#35952000
0'
0%
#35954000
1'
#35955000
1%
#35956000
0'
#35958000
1'
0%
#35960000
0'
#35961000
1%
#35962000
1'
#35964000
0'
0%
#35966000
1'
#35967000
1%
#35968000
0'
#35970000
1'
0%
#35972000
0'
#35973000
1%
#35974000
1'
#35976000
0'
0%
#35978000
1'
#35979000
1%
#35980000
0'
#35982000
1'
0%
#35984000
0'
#35985000
1%
#35986000
1'
#35988000
0'
0%
#35990000
1'
#35991000
1%
#35992000
0'
#35994000
1'
0%
#35996000
0'
#35997000
1%
#35998000
1'
#36000000
0'
0%
#36002000
1'
#36003000
1%
#36004000
0'
#36006000
1'
0%
#36008000
0'
#36009000
1%
#36010000
1'
#36012000
0'
0%
#36014000
1'
#36015000
1%
#36016000
0'
#36018000
1'
0%
#36020000
0'
#36021000
1%
#36022000
1'
#36024000
0'
0%
#36026000
1'
#36027000
1%
#36028000
0'
#36030000
1'
0%
#36032000
0'
#36033000
1%
#36034000
1'
#36036000
0'
0%
#36038000
1'
#36039000
1%
#36040000
0'
#36042000
1'
0%
#36044000
0'
#36045000
1%
#36046000
1'
#36048000
0'
0%
#36050000
1'
#36051000
1%
#36052000
0'
#36054000
1'
0%
#36056000
0'
#36057000
1%
#36058000
1'
#36060000
0'
0%
#36062000
1'
#36063000
1%
#36064000
0'
#36066000
1'
0%
#36068000
0'
#36069000
1%
#36070000
1'
#36072000
0'
0%
#36074000
1'
#36075000
1%
#36076000
0'
#36078000
1'
0%
#36080000
0'
#36081000
1%
#36082000
1'
#36084000
0'
0%
#36086000
1'
#36087000
1%
#36088000
0'
#36090000
1'
0%
#36092000
0'
#36093000
1%
#36094000
1'
#36096000
0'
0%
#36098000
1'
#36099000
1%
#36100000
0'
#36102000
1'
0%
#36104000
0'
#36105000
1%
#36106000
1'
#36108000
0'
0%
#36110000
1'
#36111000
1%
#36112000
0'
#36114000
1'
0%
#36116000
0'
#36117000
1%
#36118000
1'
#36120000
0'
0%
#36122000
1'
#36123000
1%
#36124000
0'
#36126000
1'
0%
#36128000
0'
#36129000
1%
#36130000
1'
#36132000
0'
0%
#36134000
1'
#36135000
1%
#36136000
0'
#36138000
1'
0%
#36140000
0'
#36141000
1%
#36142000
1'
#36144000
0'
0%
#36146000
1'
#36147000
1%
#36148000
0'
#36150000
1'
0%
#36152000
0'
#36153000
1%
#36154000
1'
#36156000
0'
0%
#36158000
1'
#36159000
1%
#36160000
0'
#36162000
1'
0%
#36164000
0'
#36165000
1%
#36166000
1'
#36168000
0'
0%
#36170000
1'
#36171000
1%
#36172000
0'
#36174000
1'
0%
#36176000
0'
#36177000
1%
#36178000
1'
#36180000
0'
0%
#36182000
1'
#36183000
1%
#36184000
0'
#36186000
1'
0%
#36188000
0'
#36189000
1%
#36190000
1'
#36192000
0'
0%
#36194000
1'
#36195000
1%
#36196000
0'
#36198000
1'
0%
#36200000
0'
#36201000
1%
#36202000
1'
#36204000
0'
0%
#36206000
1'
#36207000
1%
#36208000
0'
#36210000
1'
0%
#36212000
0'
#36213000
1%
#36214000
1'
#36216000
0'
0%
#36218000
1'
#36219000
1%
#36220000
0'
#36222000
1'
0%
#36224000
0'
#36225000
1%
#36226000
1'
#36228000
0'
0%
#36230000
1'
#36231000
1%
#36232000
0'
#36234000
1'
0%
#36236000
0'
#36237000
1%
#36238000
1'
#36240000
0'
0%
#36242000
1'
#36243000
1%
#36244000
0'
#36246000
1'
0%
#36248000
0'
#36249000
1%
#36250000
1'
#36252000
0'
0%
#36254000
1'
#36255000
1%
#36256000
0'
#36258000
1'
0%
#36260000
0'
#36261000
1%
#36262000
1'
#36264000
0'
0%
#36266000
1'
#36267000
1%
#36268000
0'
#36270000
1'
0%
#36272000
0'
#36273000
1%
#36274000
1'
#36276000
0'
0%
#36278000
1'
#36279000
1%
#36280000
0'
#36282000
1'
0%
#36284000
0'
#36285000
1%
#36286000
1'
#36288000
0'
0%
#36290000
1'
#36291000
1%
#36292000
0'
#36294000
1'
0%
#36296000
0'
#36297000
1%
#36298000
1'
#36300000
0'
0%
#36302000
1'
#36303000
1%
#36304000
0'
#36306000
1'
0%
#36308000
0'
#36309000
1%
#36310000
1'
#36312000
0'
0%
#36314000
1'
#36315000
1%
#36316000
0'
#36318000
1'
0%
#36320000
0'
#36321000
1%
#36322000
1'
#36324000
0'
0%
#36326000
1'
#36327000
1%
#36328000
0'
#36330000
1'
0%
#36332000
0'
#36333000
1%
#36334000
1'
#36336000
0'
0%
#36338000
1'
#36339000
1%
#36340000
0'
#36342000
1'
0%
#36344000
0'
#36345000
1%
#36346000
1'
#36348000
0'
0%
#36350000
1'
#36351000
1%
#36352000
0'
#36354000
1'
0%
#36356000
0'
#36357000
1%
#36358000
1'
#36360000
0'
0%
#36362000
1'
#36363000
1%
#36364000
0'
#36366000
1'
0%
#36368000
0'
#36369000
1%
#36370000
1'
#36372000
0'
0%
#36374000
1'
#36375000
1%
#36376000
0'
#36378000
1'
0%
#36380000
0'
#36381000
1%
#36382000
1'
#36384000
0'
0%
#36386000
1'
#36387000
1%
#36388000
0'
#36390000
1'
0%
#36392000
0'
#36393000
1%
#36394000
1'
#36396000
0'
0%
#36398000
1'
#36399000
1%
#36400000
0'
#36402000
1'
0%
#36404000
0'
#36405000
1%
#36406000
1'
#36408000
0'
0%
#36410000
1'
#36411000
1%
#36412000
0'
#36414000
1'
0%
#36416000
0'
#36417000
1%
#36418000
1'
#36420000
0'
0%
#36422000
1'
#36423000
1%
#36424000
0'
#36426000
1'
0%
#36428000
0'
#36429000
1%
#36430000
1'
#36432000
0'
0%
#36434000
1'
#36435000
1%
#36436000
0'
#36438000
1'
0%
#36440000
0'
#36441000
1%
#36442000
1'
#36444000
0'
0%
#36446000
1'
#36447000
1%
#36448000
0'
#36450000
1'
0%
#36452000
0'
#36453000
1%
#36454000
1'
#36456000
0'
0%
#36458000
1'
#36459000
1%
#36460000
0'
#36462000
1'
0%
#36464000
0'
#36465000
1%
#36466000
1'
#36468000
0'
0%
#36470000
1'
#36471000
1%
#36472000
0'
#36474000
1'
0%
#36476000
0'
#36477000
1%
#36478000
1'
#36480000
0'
0%
#36482000
1'
#36483000
1%
#36484000
0'
#36486000
1'
0%
#36488000
0'
#36489000
1%
#36490000
1'
#36492000
0'
0%
#36494000
1'
#36495000
1%
#36496000
0'
#36498000
1'
0%
#36500000
0'
#36501000
1%
#36502000
1'
#36504000
0'
0%
#36506000
1'
#36507000
1%
#36508000
0'
#36510000
1'
0%
#36512000
0'
#36513000
1%
#36514000
1'
#36516000
0'
0%
#36518000
1'
#36519000
1%
#36520000
0'
#36522000
1'
0%
#36524000
0'
#36525000
1%
#36526000
1'
#36528000
0'
0%
#36530000
1'
#36531000
1%
#36532000
0'
#36534000
1'
0%
#36536000
0'
#36537000
1%
#36538000
1'
#36540000
0'
0%
#36542000
1'
#36543000
1%
#36544000
0'
#36546000
1'
0%
#36548000
0'
#36549000
1%
#36550000
1'
#36552000
0'
0%
#36554000
1'
#36555000
1%
#36556000
0'
#36558000
1'
0%
#36560000
0'
#36561000
1%
#36562000
1'
#36564000
0'
0%
#36566000
1'
#36567000
1%
#36568000
0'
#36570000
1'
0%
#36572000
0'
#36573000
1%
#36574000
1'
#36576000
0'
0%
#36578000
1'
#36579000
1%
#36580000
0'
#36582000
1'
0%
#36584000
0'
#36585000
1%
#36586000
1'
#36588000
0'
0%
#36590000
1'
#36591000
1%
#36592000
0'
#36594000
1'
0%
#36596000
0'
#36597000
1%
#36598000
1'
#36600000
0'
0%
#36602000
1'
#36603000
1%
#36604000
0'
#36606000
1'
0%
#36608000
0'
#36609000
1%
#36610000
1'
#36612000
0'
0%
#36614000
1'
#36615000
1%
#36616000
0'
#36618000
1'
0%
#36620000
0'
#36621000
1%
#36622000
1'
#36624000
0'
0%
#36626000
1'
#36627000
1%
#36628000
0'
#36630000
1'
0%
#36632000
0'
#36633000
1%
#36634000
1'
#36636000
0'
0%
#36638000
1'
#36639000
1%
#36640000
0'
#36642000
1'
0%
#36644000
0'
#36645000
1%
#36646000
1'
#36648000
0'
0%
#36650000
1'
#36651000
1%
#36652000
0'
#36654000
1'
0%
#36656000
0'
#36657000
1%
#36658000
1'
#36660000
0'
0%
#36662000
1'
#36663000
1%
#36664000
0'
#36666000
1'
0%
#36668000
0'
#36669000
1%
#36670000
1'
#36672000
0'
0%
#36674000
1'
#36675000
1%
#36676000
0'
#36678000
1'
0%
#36680000
0'
#36681000
1%
#36682000
1'
#36684000
0'
0%
#36686000
1'
#36687000
1%
#36688000
0'
#36690000
1'
0%
#36692000
0'
#36693000
1%
#36694000
1'
#36696000
0'
0%
#36698000
1'
#36699000
1%
#36700000
0'
#36702000
1'
0%
#36704000
0'
#36705000
1%
#36706000
1'
#36708000
0'
0%
#36710000
1'
#36711000
1%
#36712000
0'
#36714000
1'
0%
#36716000
0'
#36717000
1%
#36718000
1'
#36720000
0'
0%
#36722000
1'
#36723000
1%
#36724000
0'
#36726000
1'
0%
#36728000
0'
#36729000
1%
#36730000
1'
#36732000
0'
0%
#36734000
1'
#36735000
1%
#36736000
0'
#36738000
1'
0%
#36740000
0'
#36741000
1%
#36742000
1'
#36744000
0'
0%
#36746000
1'
#36747000
1%
#36748000
0'
#36750000
1'
0%
#36752000
0'
#36753000
1%
#36754000
1'
#36756000
0'
0%
#36758000
1'
#36759000
1%
#36760000
0'
#36762000
1'
0%
#36764000
0'
#36765000
1%
#36766000
1'
#36768000
0'
0%
#36770000
1'
#36771000
1%
#36772000
0'
#36774000
1'
0%
#36776000
0'
#36777000
1%
#36778000
1'
#36780000
0'
0%
#36782000
1'
#36783000
1%
#36784000
0'
#36786000
1'
0%
#36788000
0'
#36789000
1%
#36790000
1'
#36792000
0'
0%
#36794000
1'
#36795000
1%
#36796000
0'
#36798000
1'
0%
#36800000
0'
#36801000
1%
#36802000
1'
#36804000
0'
0%
#36806000
1'
#36807000
1%
#36808000
0'
#36810000
1'
0%
#36812000
0'
#36813000
1%
#36814000
1'
#36816000
0'
0%
#36818000
1'
#36819000
1%
#36820000
0'
#36822000
1'
0%
#36824000
0'
#36825000
1%
#36826000
1'
#36828000
0'
0%
#36830000
1'
#36831000
1%
#36832000
0'
#36834000
1'
0%
#36836000
0'
#36837000
1%
#36838000
1'
#36840000
0'
0%
#36842000
1'
#36843000
1%
#36844000
0'
#36846000
1'
0%
#36848000
0'
#36849000
1%
#36850000
1'
#36852000
0'
0%
#36854000
1'
#36855000
1%
#36856000
0'
#36858000
1'
0%
#36860000
0'
#36861000
1%
#36862000
1'
#36864000
0'
0%
#36866000
1'
#36867000
1%
#36868000
0'
#36870000
1'
0%
#36872000
0'
#36873000
1%
#36874000
1'
#36876000
0'
0%
#36878000
1'
#36879000
1%
#36880000
0'
#36882000
1'
0%
#36884000
0'
#36885000
1%
#36886000
1'
#36888000
0'
0%
#36890000
1'
#36891000
1%
#36892000
0'
#36894000
1'
0%
#36896000
0'
#36897000
1%
#36898000
1'
#36900000
0'
0%
#36902000
1'
#36903000
1%
#36904000
0'
#36906000
1'
0%
#36908000
0'
#36909000
1%
#36910000
1'
#36912000
0'
0%
#36914000
1'
#36915000
1%
#36916000
0'
#36918000
1'
0%
#36920000
0'
#36921000
1%
#36922000
1'
#36924000
0'
0%
#36926000
1'
#36927000
1%
#36928000
0'
#36930000
1'
0%
#36932000
0'
#36933000
1%
#36934000
1'
#36936000
0'
0%
#36938000
1'
#36939000
1%
#36940000
0'
#36942000
1'
0%
#36944000
0'
#36945000
1%
#36946000
1'
#36948000
0'
0%
#36950000
1'
#36951000
1%
#36952000
0'
#36954000
1'
0%
#36956000
0'
#36957000
1%
#36958000
1'
#36960000
0'
0%
#36962000
1'
#36963000
1%
#36964000
0'
#36966000
1'
0%
#36968000
0'
#36969000
1%
#36970000
1'
#36972000
0'
0%
#36974000
1'
#36975000
1%
#36976000
0'
#36978000
1'
0%
#36980000
0'
#36981000
1%
#36982000
1'
#36984000
0'
0%
#36986000
1'
#36987000
1%
#36988000
0'
#36990000
1'
0%
#36992000
0'
#36993000
1%
#36994000
1'
#36996000
0'
0%
#36998000
1'
#36999000
1%
#37000000
0'
#37002000
1'
0%
#37004000
0'
#37005000
1%
#37006000
1'
#37008000
0'
0%
#37010000
1'
#37011000
1%
#37012000
0'
#37014000
1'
0%
#37016000
0'
#37017000
1%
#37018000
1'
#37020000
0'
0%
#37022000
1'
#37023000
1%
#37024000
0'
#37026000
1'
0%
#37028000
0'
#37029000
1%
#37030000
1'
#37032000
0'
0%
#37034000
1'
#37035000
1%
#37036000
0'
#37038000
1'
0%
#37040000
0'
#37041000
1%
#37042000
1'
#37044000
0'
0%
#37046000
1'
#37047000
1%
#37048000
0'
#37050000
1'
0%
#37052000
0'
#37053000
1%
#37054000
1'
#37056000
0'
0%
#37058000
1'
#37059000
1%
#37060000
0'
#37062000
1'
0%
#37064000
0'
#37065000
1%
#37066000
1'
#37068000
0'
0%
#37070000
1'
#37071000
1%
#37072000
0'
#37074000
1'
0%
#37076000
0'
#37077000
1%
#37078000
1'
#37080000
0'
0%
#37082000
1'
#37083000
1%
#37084000
0'
#37086000
1'
0%
#37088000
0'
#37089000
1%
#37090000
1'
#37092000
0'
0%
#37094000
1'
#37095000
1%
#37096000
0'
#37098000
1'
0%
#37100000
0'
#37101000
1%
#37102000
1'
#37104000
0'
0%
#37106000
1'
#37107000
1%
#37108000
0'
#37110000
1'
0%
#37112000
0'
#37113000
1%
#37114000
1'
#37116000
0'
0%
#37118000
1'
#37119000
1%
#37120000
0'
#37122000
1'
0%
#37124000
0'
#37125000
1%
#37126000
1'
#37128000
0'
0%
#37130000
1'
#37131000
1%
#37132000
0'
#37134000
1'
0%
#37136000
0'
#37137000
1%
#37138000
1'
#37140000
0'
0%
#37142000
1'
#37143000
1%
#37144000
0'
#37146000
1'
0%
#37148000
0'
#37149000
1%
#37150000
1'
#37152000
0'
0%
#37154000
1'
#37155000
1%
#37156000
0'
#37158000
1'
0%
#37160000
0'
#37161000
1%
#37162000
1'
#37164000
0'
0%
#37166000
1'
#37167000
1%
#37168000
0'
#37170000
1'
0%
#37172000
0'
#37173000
1%
#37174000
1'
#37176000
0'
0%
#37178000
1'
#37179000
1%
#37180000
0'
#37182000
1'
0%
#37184000
0'
#37185000
1%
#37186000
1'
#37188000
0'
0%
#37190000
1'
#37191000
1%
#37192000
0'
#37194000
1'
0%
#37196000
0'
#37197000
1%
#37198000
1'
#37200000
0'
0%
#37202000
1'
#37203000
1%
#37204000
0'
#37206000
1'
0%
#37208000
0'
#37209000
1%
#37210000
1'
#37212000
0'
0%
#37214000
1'
#37215000
1%
#37216000
0'
#37218000
1'
0%
#37220000
0'
#37221000
1%
#37222000
1'
#37224000
0'
0%
#37226000
1'
#37227000
1%
#37228000
0'
#37230000
1'
0%
#37232000
0'
#37233000
1%
#37234000
1'
#37236000
0'
0%
#37238000
1'
#37239000
1%
#37240000
0'
#37242000
1'
0%
#37244000
0'
#37245000
1%
#37246000
1'
#37248000
0'
0%
#37250000
1'
#37251000
1%
#37252000
0'
#37254000
1'
0%
#37256000
0'
#37257000
1%
#37258000
1'
#37260000
0'
0%
#37262000
1'
#37263000
1%
#37264000
0'
#37266000
1'
0%
#37268000
0'
#37269000
1%
#37270000
1'
#37272000
0'
0%
#37274000
1'
#37275000
1%
#37276000
0'
#37278000
1'
0%
#37280000
0'
#37281000
1%
#37282000
1'
#37284000
0'
0%
#37286000
1'
#37287000
1%
#37288000
0'
#37290000
1'
0%
#37292000
0'
#37293000
1%
#37294000
1'
#37296000
0'
0%
#37298000
1'
#37299000
1%
#37300000
0'
#37302000
1'
0%
#37304000
0'
#37305000
1%
#37306000
1'
#37308000
0'
0%
#37310000
1'
#37311000
1%
#37312000
0'
#37314000
1'
0%
#37316000
0'
#37317000
1%
#37318000
1'
#37320000
0'
0%
#37322000
1'
#37323000
1%
#37324000
0'
#37326000
1'
0%
#37328000
0'
#37329000
1%
#37330000
1'
#37332000
0'
0%
#37334000
1'
#37335000
1%
#37336000
0'
#37338000
1'
0%
#37340000
0'
#37341000
1%
#37342000
1'
#37344000
0'
0%
#37346000
1'
#37347000
1%
#37348000
0'
#37350000
1'
0%
#37352000
0'
#37353000
1%
#37354000
1'
#37356000
0'
0%
#37358000
1'
#37359000
1%
#37360000
0'
#37362000
1'
0%
#37364000
0'
#37365000
1%
#37366000
1'
#37368000
0'
0%
#37370000
1'
#37371000
1%
#37372000
0'
#37374000
1'
0%
#37376000
0'
#37377000
1%
#37378000
1'
#37380000
0'
0%
#37382000
1'
#37383000
1%
#37384000
0'
#37386000
1'
0%
#37388000
0'
#37389000
1%
#37390000
1'
#37392000
0'
0%
#37394000
1'
#37395000
1%
#37396000
0'
#37398000
1'
0%
#37400000
0'
#37401000
1%
#37402000
1'
#37404000
0'
0%
#37406000
1'
#37407000
1%
#37408000
0'
#37410000
1'
0%
#37412000
0'
#37413000
1%
#37414000
1'
#37416000
0'
0%
#37418000
1'
#37419000
1%
#37420000
0'
1$
#37422000
b1010 N
b1110 M
b1011 Q
b1111 W
b1111 +
b1111 3
b1111 9
b1111 V
1*
1'
0%
#37424000
0'
#37425000
1%
#37426000
b1011 4
b1011 :
b1011 R
b1011 N
b1010 M
b1111 #
b1111 )
b1111 -
b1111 0
b1111 7
b1111 ;
b1100 Q
b1011 T
b1110 2
b1110 J
b1110 U
b0 W
b10000 +
b10000 3
b10000 9
b10000 V
1'
#37428000
0'
0%
#37430000
b1100 4
b1100 :
b1100 R
b1001 N
b1011 M
b1 W
b10001 +
b10001 3
b10001 9
b10001 V
b1101 Q
b1100 T
b1010 2
b1010 J
b1010 U
1'
#37431000
b1010 K
1%
#37432000
0'
#37434000
b1101 4
b1101 :
b1101 R
b1000 N
b1001 M
b1110 Q
b1101 T
b1011 2
b1011 J
b1011 U
b10 W
b10010 +
b10010 3
b10010 9
b10010 V
1'
0%
#37436000
0'
#37437000
0A
b1010 5
b1010 @
b1010 L
b1011 K
1%
#37438000
b1110 4
b1110 :
b1110 R
0S
b11000 N
b1000 M
b11 W
b10011 +
b10011 3
b10011 9
b10011 V
b1111 Q
b1110 T
b1001 2
b1001 J
b1001 U
1'
#37440000
0'
0%
#37442000
b1111 4
b1111 :
b1111 R
b11001 N
0P
b11000 M
b10000 Q
b1111 T
b1000 2
b1000 J
b1000 U
b100 W
b10100 +
b10100 3
b10100 9
b10100 V
1'
#37443000
0"
b1011 5
b1011 @
b1011 L
b1000 K
1%
#37444000
0'
#37446000
b0 4
b0 :
b0 R
b11011 N
b11001 M
b101 W
b10101 +
b10101 3
b10101 9
b10101 V
b10001 Q
b10000 T
b11000 2
b11000 J
b11000 U
1'
0%
#37448000
0'
#37449000
b1010 ?
b1110 >
b1011 B
b1000 5
b1000 @
b1000 L
b11000 K
1,
1%
#37450000
b1 4
b1 :
b1 R
b11010 N
b11011 M
b10010 Q
b10001 T
b11001 2
b11001 J
b11001 U
b110 W
b10110 +
b10110 3
b10110 9
b10110 V
1'
#37452000
0'
0%
#37454000
b10 4
b10 :
b10 R
b11110 N
b11010 M
b111 W
b10111 +
b10111 3
b10111 9
b10111 V
b10011 Q
b10010 T
b11011 2
b11011 J
b11011 U
1'
#37455000
b10000 #
b10000 )
b10000 -
b10000 0
b10000 7
b10000 ;
b1011 8
b1011 <
b1011 C
b1011 ?
b1010 >
b1100 B
b1011 E
b1110 6
b1110 F
b1110 G
b11000 5
b11000 @
b11000 L
b11011 K
1%
#37456000
0'
#37458000
b11 4
b11 :
b11 R
b11111 N
b11110 M
b10100 Q
b10011 T
b11010 2
b11010 J
b11010 U
b1110 H
b1000 W
b11000 +
b11000 3
b11000 9
b11000 V
1'
0%
#37460000
0'
#37461000
b10001 #
b10001 )
b10001 -
b10001 0
b10001 7
b10001 ;
b1100 8
b1100 <
b1100 C
b1001 ?
b1011 >
b11011 5
b11011 @
b11011 L
b11010 K
b1101 B
b1100 E
b1010 6
b1010 F
b1010 G
1%
#37462000
b100 4
b100 :
b100 R
b11101 N
b11111 M
b1001 W
b11001 +
b11001 3
b11001 9
b11001 V
b1110 1
b1110 I
b1110 O
b1010 H
b10101 Q
b10100 T
b11110 2
b11110 J
b11110 U
1'
#37464000
0'
0%
#37466000
b101 4
b101 :
b101 R
b11100 N
b11101 M
b10110 Q
b10101 T
b11111 2
b11111 J
b11111 U
b1010 1
b1010 I
b1010 O
b1010 W
b11010 +
b11010 3
b11010 9
b11010 V
1'
#37467000
b10010 #
b10010 )
b10010 -
b10010 0
b10010 7
b10010 ;
b1101 8
b1101 <
b1101 C
b1000 ?
b1001 >
b1110 B
b1101 E
b1011 6
b1011 F
b1011 G
b11010 5
b11010 @
b11010 L
b11111 K
1%
#37468000
0'
#37470000
b110 4
b110 :
b110 R
b10100 N
b11100 M
b1011 W
b11011 +
b11011 3
b11011 9
b11011 V
b1011 H
b10111 Q
b10110 T
b11101 2
b11101 J
b11101 U
1'
0%
#37472000
0'
#37473000
b10011 #
b10011 )
b10011 -
b10011 0
b10011 7
b10011 ;
b1110 8
b1110 <
b1110 C
b11000 ?
b1000 >
b11111 5
b11111 @
b11111 L
b11101 K
b1111 B
b1110 E
b1001 6
b1001 F
b1001 G
1%
#37474000
b111 4
b111 :
b111 R
b10101 N
0P
b10100 M
b11000 Q
b10111 T
b11100 2
b11100 J
b11100 U
b1011 1
b1011 I
b1011 O
b1001 H
b1100 W
b11100 +
b11100 3
b11100 9
b11100 V
1'
#37476000
0'
0%
#37478000
b1000 4
b1000 :
b1000 R
b10111 N
b10101 M
b1101 W
b11101 +
b11101 3
b11101 9
b11101 V
b1001 1
b1001 I
b1001 O
b11001 Q
b11000 T
b10100 2
b10100 J
b10100 U
1'
#37479000
b10100 #
b10100 )
b10100 -
b10100 0
b10100 7
b10100 ;
b1111 8
b1111 <
b1111 C
b11001 ?
b11000 >
b10000 B
b1111 E
b1000 6
b1000 F
b1000 G
b11101 5
b11101 @
b11101 L
b10100 K
1%
#37480000
0'
#37482000
b1001 4
b1001 :
b1001 R
b10110 N
b10111 M
b11010 Q
b11001 T
b10101 2
b10101 J
b10101 U
b1000 H
b1110 W
b11110 +
b11110 3
b11110 9
b11110 V
1'
0%
#37484000
0'
#37485000
b10101 #
b10101 )
b10101 -
b10101 0
b10101 7
b10101 ;
b0 8
b0 <
b0 C
b11011 ?
b11001 >
b10100 5
b10100 @
b10100 L
b10101 K
b10001 B
b10000 E
b11000 6
b11000 F
b11000 G
1%
#37486000
b1010 4
b1010 :
b1010 R
0S
b10010 N
b10110 M
b1111 W
b11111 +
b11111 3
b11111 9
b11111 V
b1000 1
b1000 I
b1000 O
b11000 H
b11011 Q
b11010 T
b10111 2
b10111 J
b10111 U
1'
#37488000
0'
0%
#37490000
b1011 4
b1011 :
b1011 R
b10011 N
b10010 M
b11100 Q
b11011 T
b10110 2
b10110 J
b10110 U
b11000 1
b11000 I
b11000 O
b0 W
b100000 +
b100000 3
b100000 9
b100000 V
1'
#37491000
b10110 #
b10110 )
b10110 -
b10110 0
b10110 7
b10110 ;
b1 8
b1 <
b1 C
b11010 ?
b11011 >
b10010 B
b10001 E
b11001 6
b11001 F
b11001 G
b10101 5
b10101 @
b10101 L
b10110 K
1%
#37492000
0'
#37494000
b1100 4
b1100 :
b1100 R
b10001 N
b10011 M
b1 W
b100001 +
b100001 3
b100001 9
b100001 V
b11001 H
b11101 Q
b11100 T
b10010 2
b10010 J
b10010 U
1'
0%
#37496000
0'
#37497000
b10111 #
b10111 )
b10111 -
b10111 0
b10111 7
b10111 ;
b10 8
b10 <
b10 C
b11110 ?
b11010 >
b10110 5
b10110 @
b10110 L
b10010 K
b10011 B
b10010 E
b11011 6
b11011 F
b11011 G
1%
#37498000
b1101 4
b1101 :
b1101 R
b10000 N
b10001 M
b11110 Q
b11101 T
b10011 2
b10011 J
b10011 U
b11001 1
b11001 I
b11001 O
b11011 H
b10 W
b100010 +
b100010 3
b100010 9
b100010 V
1'
#37500000
0'
0%
#37502000
b1110 4
b1110 :
b1110 R
b0 N
b10000 M
b11 W
b100011 +
b100011 3
b100011 9
b100011 V
b11011 1
b11011 I
b11011 O
b11111 Q
b11110 T
b10001 2
b10001 J
b10001 U
1'
#37503000
b11000 #
b11000 )
b11000 -
b11000 0
b11000 7
b11000 ;
b11 8
b11 <
b11 C
b11111 ?
b11110 >
b10100 B
b10011 E
b11010 6
b11010 F
b11010 G
b10010 5
b10010 @
b10010 L
b10001 K
1%
#37504000
0'
#37506000
b1111 4
b1111 :
b1111 R
b1 N
b0 M
b0 Q
b11111 T
b10000 2
b10000 J
b10000 U
b11010 H
b100 W
b100100 +
b100100 3
b100100 9
b100100 V
1'
0%
#37508000
0'
#37509000
b11001 #
b11001 )
b11001 -
b11001 0
b11001 7
b11001 ;
b100 8
b100 <
b100 C
b11101 ?
b11111 >
b10001 5
b10001 @
b10001 L
b10000 K
b10101 B
b10100 E
b11110 6
b11110 F
b11110 G
1%
#37510000
0S
b0 4
b0 :
b0 R
b11 N
b1 M
b101 W
b100101 +
b100101 3
b100101 9
b100101 V
b11010 1
b11010 I
b11010 O
b11110 H
b1 Q
b0 T
b0 2
b0 J
b0 U
1'
#37512000
0'
0%
#37514000
b1 4
b1 :
b1 R
b10 N
b11 M
b10 Q
b1 T
b1 2
b1 J
b1 U
b11110 1
b11110 I
b11110 O
b110 W
b100110 +
b100110 3
b100110 9
b100110 V
1'
#37515000
b11010 #
b11010 )
b11010 -
b11010 0
b11010 7
b11010 ;
b101 8
b101 <
b101 C
b11100 ?
b11101 >
b10110 B
b10101 E
b11111 6
b11111 F
b11111 G
b10000 5
b10000 @
b10000 L
b1 K
1%
#37516000
0'
#37518000
1S
b10 4
b10 :
b10 R
b110 N
b10 M
b111 W
b100111 +
b100111 3
b100111 9
b100111 V
b11111 H
b11 Q
b10 T
b11 2
b11 J
b11 U
1'
0%
#37520000
0'
#37521000
b11011 #
b11011 )
b11011 -
b11011 0
b11011 7
b11011 ;
b110 8
b110 <
b110 C
b10100 ?
b11100 >
b1 5
b1 @
b1 L
b11 K
b10111 B
b10110 E
b11101 6
b11101 F
b11101 G
1%
#37522000
b11 4
b11 :
b11 R
b111 N
b110 M
1S
1.
b100 Q
b11 T
b10 2
b10 J
b10 U
b11111 1
b11111 I
b11111 O
b11101 H
b1000 W
b101000 +
b101000 3
b101000 9
b101000 V
1'
#37524000
0'
0%
#37526000
b100 4
b100 :
b100 R
1S
b101 N
0P
b111 M
b1001 W
b101001 +
b101001 3
b101001 9
b101001 V
b11101 1
b11101 I
b11101 O
b101 Q
b100 T
b110 2
b110 J
b110 U
1'
#37527000
b11100 #
b11100 )
b11100 -
b11100 0
b11100 7
b11100 ;
b111 8
b111 <
b111 C
b10101 ?
b10100 >
b11000 B
b10111 E
b11100 6
b11100 F
b11100 G
b11 5
b11 @
b11 L
b110 K
1%
#37528000
0'
#37530000
1P
b101 4
b101 :
b101 R
0S
b100 N
b101 M
b110 Q
b101 T
b111 2
b111 J
b111 U
b11100 H
b1010 W
b101010 +
b101010 3
b101010 9
b101010 V
1'
0%
#37532000
0'
#37533000
b11101 #
b11101 )
b11101 -
b11101 0
b11101 7
b11101 ;
b1000 8
b1000 <
b1000 C
b10111 ?
b10101 >
b110 5
b110 @
b110 L
b111 K
b11001 B
b11000 E
b10100 6
b10100 F
b10100 G
1%
#37534000
1S
b110 4
b110 :
b110 R
b100 N
0P
b101 M
b1011 W
b101011 +
b101011 3
b101011 9
b101011 V
b11100 1
b11100 I
b11100 O
b10100 H
b110 Q
b110 T
b101 2
b101 J
b101 U
1!
0.
1'
#37536000
0'
0%
#37538000
0S
0!
1.
b10100 1
b10100 I
b10100 O
0*
1'
#37539000
b11110 #
b11110 )
b11110 -
b11110 0
b11110 7
b11110 ;
b1001 8
b1001 <
b1001 C
b10110 ?
b10111 >
b11010 B
b11001 E
b10101 6
b10101 F
b10101 G
b111 5
b111 @
b111 L
b101 K
1%
#37540000
0'
#37542000
1S
b1100 N
b100 M
b111 Q
b1100 W
b101100 +
b101100 3
b101100 9
b101100 V
1*
b10101 H
0.
1'
0%
#37544000
0'
#37545000
b11111 #
b11111 )
b11111 -
b11111 0
b11111 7
b11111 ;
b1010 8
b1010 <
b1010 C
b10010 ?
b10110 >
b101 5
b101 @
b101 L
b11011 B
b11010 E
b10111 6
b10111 F
b10111 G
1%
#37546000
b111 4
b111 :
b111 R
b1101 N
b1100 M
1S
1.
b1000 Q
b111 T
b100 2
b100 J
b100 U
b10101 1
b10101 I
b10101 O
b10111 H
b1101 W
b101101 +
b101101 3
b101101 9
b101101 V
1'
#37548000
0'
0%
#37550000
b1000 4
b1000 :
b1000 R
1S
b1111 N
0P
b1101 M
b1110 W
b101110 +
b101110 3
b101110 9
b101110 V
b10111 1
b10111 I
b10111 O
b1001 Q
b1000 T
b1100 2
b1100 J
b1100 U
1'
#37551000
b100000 #
b100000 )
b100000 -
b100000 0
b100000 7
b100000 ;
b1011 8
b1011 <
b1011 C
b10011 ?
b10010 >
b11100 B
b11011 E
b10110 6
b10110 F
b10110 G
b1100 K
1%
#37552000
0'
#37554000
1P
b1001 4
b1001 :
b1001 R
0S
b1110 N
b1111 M
b1010 Q
b1001 T
b1101 2
b1101 J
b1101 U
b10110 H
b1111 W
b101111 +
b101111 3
b101111 9
b101111 V
1'
0%
#37556000
0'
#37557000
b100001 #
b100001 )
b100001 -
b100001 0
b100001 7
b100001 ;
b1100 8
b1100 <
b1100 C
b10001 ?
b10011 >
b1100 5
b1100 @
b1100 L
b1101 K
b11101 B
b11100 E
b10010 6
b10010 F
b10010 G
1%
#37558000
1S
b1010 4
b1010 :
b1010 R
b1110 N
0P
b1111 M
b0 W
b110000 +
b110000 3
b110000 9
b110000 V
b10110 1
b10110 I
b10110 O
b10010 H
b1010 Q
b1010 T
b1111 2
b1111 J
b1111 U
1!
0.
1'
#37560000
0'
0%
#37562000
0S
0!
1.
b10010 1
b10010 I
b10010 O
0*
1'
#37563000
b100010 #
b100010 )
b100010 -
b100010 0
b100010 7
b100010 ;
b1101 8
b1101 <
b1101 C
b10000 ?
b10001 >
b11110 B
b11101 E
b10011 6
b10011 F
b10011 G
b1101 5
b1101 @
b1101 L
b1111 K
1%
#37564000
0'
#37566000
1S
b1010 N
b1110 M
b1011 Q
b1 W
b110001 +
b110001 3
b110001 9
b110001 V
1*
b10011 H
0.
1'
0%
#37568000
0'
#37569000
b100011 #
b100011 )
b100011 -
b100011 0
b100011 7
b100011 ;
b1110 8
b1110 <
b1110 C
0D
b0 ?
b10000 >
b1111 5
b1111 @
b1111 L
b11111 B
b11110 E
b10001 6
b10001 F
b10001 G
1%
#37570000
b1011 4
b1011 :
b1011 R
b1011 N
b1010 M
1S
1.
b1100 Q
b1011 T
b1110 2
b1110 J
b1110 U
b10011 1
b10011 I
b10011 O
b10001 H
b10 W
b110010 +
b110010 3
b110010 9
b110010 V
1'
#37572000
0'
0%
#37574000
b1100 4
b1100 :
b1100 R
1S
b1001 N
0P
b1011 M
b11 W
b110011 +
b110011 3
b110011 9
b110011 V
b10001 1
b10001 I
b10001 O
b1101 Q
b1100 T
b1010 2
b1010 J
b1010 U
1'
#37575000
b100100 #
b100100 )
b100100 -
b100100 0
b100100 7
b100100 ;
b1111 8
b1111 <
b1111 C
b1 ?
0A
b0 >
b0 B
b11111 E
b10000 6
b10000 F
b10000 G
b1010 K
1%
#37576000
0'
#37578000
1P
b1101 4
b1101 :
b1101 R
0S
b1000 N
b1001 M
b1110 Q
b1101 T
b1011 2
b1011 J
b1011 U
b10000 H
b100 W
b110100 +
b110100 3
b110100 9
b110100 V
1'
0%
#37580000
0'
#37581000
b100101 #
b100101 )
b100101 -
b100101 0
b100101 7
b100101 ;
b0 8
b0 <
b0 C
b11 ?
b1 >
b1010 5
b1010 @
b1010 L
b1011 K
b1 B
b0 E
b0 6
b0 F
b0 G
1%
#37582000
1S
b1110 4
b1110 :
b1110 R
b1000 N
0P
b1001 M
b101 W
b110101 +
b110101 3
b110101 9
b110101 V
b10000 1
b10000 I
b10000 O
b0 H
b1110 Q
b1110 T
b1001 2
b1001 J
b1001 U
1!
0.
1'
#37584000
0'
0%
#37586000
0S
0!
1.
b0 1
b0 I
b0 O
0*
1'
#37587000
b100110 #
b100110 )
b100110 -
b100110 0
b100110 7
b100110 ;
b1 8
b1 <
b1 C
b10 ?
b11 >
b10 B
b1 E
b1 6
b1 F
b1 G
b1011 5
b1011 @
b1011 L
b1001 K
1%
#37588000
0'
#37590000
1S
b11000 N
b1000 M
b1111 Q
b110 W
b110110 +
b110110 3
b110110 9
b110110 V
1*
b1 H
0.
1'
0%
#37592000
0'
#37593000
b100111 #
b100111 )
b100111 -
b100111 0
b100111 7
b100111 ;
b10 8
b10 <
b10 C
b110 ?
b10 >
b1001 5
b1001 @
b1001 L
b11 B
b10 E
b11 6
b11 F
b11 G
1%
#37594000
b1111 4
b1111 :
b1111 R
b11001 N
b11000 M
1S
1.
b10000 Q
b1111 T
b1000 2
b1000 J
b1000 U
b1 1
b1 I
b1 O
b11 H
b111 W
b110111 +
b110111 3
b110111 9
b110111 V
1'
#37596000
0'
0%
#37598000
b0 4
b0 :
b0 R
1S
b11011 N
0P
b11001 M
b1000 W
b111000 +
b111000 3
b111000 9
b111000 V
b11 1
b11 I
b11 O
b10001 Q
b10000 T
b11000 2
b11000 J
b11000 U
1'
#37599000
b101000 #
b101000 )
b101000 -
b101000 0
b101000 7
b101000 ;
b11 8
b11 <
b11 C
b111 ?
b110 >
b100 B
b11 E
b10 6
b10 F
b10 G
b11000 K
1%
#37600000
0'
#37602000
1P
b1 4
b1 :
b1 R
0S
b11010 N
b11011 M
b10010 Q
b10001 T
b11001 2
b11001 J
b11001 U
b10 H
b1001 W
b111001 +
b111001 3
b111001 9
b111001 V
1'
0%
#37604000
0'
#37605000
b101001 #
b101001 )
b101001 -
b101001 0
b101001 7
b101001 ;
b100 8
b100 <
b100 C
b101 ?
b111 >
b11000 5
b11000 @
b11000 L
b11001 K
b101 B
b100 E
b110 6
b110 F
b110 G
1%
#37606000
1S
b10 4
b10 :
b10 R
b11010 N
0P
b11011 M
b1010 W
b111010 +
b111010 3
b111010 9
b111010 V
b10 1
b10 I
b10 O
b110 H
b10010 Q
b10010 T
b11011 2
b11011 J
b11011 U
1!
0.
1'
#37608000
0'
0%
#37610000
0S
0!
1.
b110 1
b110 I
b110 O
0*
1'
#37611000
b101010 #
b101010 )
b101010 -
b101010 0
b101010 7
b101010 ;
b101 8
b101 <
b101 C
b100 ?
b101 >
b110 B
b101 E
b111 6
b111 F
b111 G
b11001 5
b11001 @
b11001 L
b11011 K
1%
#37612000
0'
#37614000
1S
b11110 N
b11010 M
b10011 Q
b1011 W
b111011 +
b111011 3
b111011 9
b111011 V
1*
b111 H
0.
1'
0%
#37616000
0'
#37617000
b101100 #
b101100 )
b101100 -
b101100 0
b101100 7
b101100 ;
b110 8
b110 <
b110 C
b1100 ?
b100 >
b11011 5
b11011 @
b11011 L
b111 B
b110 E
b101 6
b101 F
b101 G
1%
#37618000
b11 4
b11 :
b11 R
b11111 N
b11110 M
1S
1.
b10100 Q
b10011 T
b11010 2
b11010 J
b11010 U
b111 1
b111 I
b111 O
b101 H
b1100 W
b111100 +
b111100 3
b111100 9
b111100 V
1'
#37620000
0'
0%
0$
#37622000
b100 4
b100 :
b100 R
0S
b11111 N
0P
b11110 M
0*
b101 1
b101 I
b101 O
b10100 Q
b10100 T
b11110 2
b11110 J
b11110 U
1'
#37623000
b101101 #
b101101 )
b101101 -
b101101 0
b101101 7
b101101 ;
b111 8
b111 <
b111 C
b1101 ?
b1100 >
b1000 B
b111 E
b100 6
b100 F
b100 G
b11110 K
1%
#37624000
0'
#37626000
0.
b100 H
1'
0%
#37628000
0'
#37629000
b101110 #
b101110 )
b101110 -
b101110 0
b101110 7
b101110 ;
b1000 8
b1000 <
b1000 C
b1111 ?
b1101 >
b11110 5
b11110 @
b11110 L
b1001 B
b1000 E
b1100 6
b1100 F
b1100 G
1%
#37630000
b100 1
b100 I
b100 O
b1100 H
1'
#37632000
0'
0%
#37634000
b1100 1
b1100 I
b1100 O
1'
#37635000
b101111 #
b101111 )
b101111 -
b101111 0
b101111 7
b101111 ;
b1001 8
b1001 <
b1001 C
b1110 ?
b1111 >
b1010 B
b1001 E
b1101 6
b1101 F
b1101 G
1%
#37636000
0'
#37638000
b1101 H
1'
0%
#37640000
0'
#37641000
b110001 #
b110001 )
b110001 -
b110001 0
b110001 7
b110001 ;
b1010 8
b1010 <
b1010 C
b1010 ?
b1110 >
b1011 B
b1010 E
b1111 6
b1111 F
b1111 G
1%
#37642000
b1101 1
b1101 I
b1101 O
b1111 H
1'
#37644000
0'
0%
#37646000
b1111 1
b1111 I
b1111 O
1'
#37647000
b110010 #
b110010 )
b110010 -
b110010 0
b110010 7
b110010 ;
b1011 8
b1011 <
b1011 C
b1011 ?
b1010 >
b1100 B
b1011 E
b1110 6
b1110 F
b1110 G
1%
#37648000
0'
#37650000
b1110 H
1'
0%
#37652000
0'
#37653000
b110011 #
b110011 )
b110011 -
b110011 0
b110011 7
b110011 ;
b1100 8
b1100 <
b1100 C
b1001 ?
b1011 >
b1101 B
b1100 E
b1010 6
b1010 F
b1010 G
1%
#37654000
b1110 1
b1110 I
b1110 O
b1010 H
1'
#37656000
0'
0%
#37658000
b1010 1
b1010 I
b1010 O
1'
#37659000
b110100 #
b110100 )
b110100 -
b110100 0
b110100 7
b110100 ;
b1101 8
b1101 <
b1101 C
b1000 ?
b1001 >
b1110 B
b1101 E
b1011 6
b1011 F
b1011 G
1%
#37660000
0'
#37662000
b1011 H
1'
0%
#37664000
0'
#37665000
b110110 #
b110110 )
b110110 -
b110110 0
b110110 7
b110110 ;
b1110 8
b1110 <
b1110 C
b11000 ?
b1000 >
b1111 B
b1110 E
b1001 6
b1001 F
b1001 G
1%
#37666000
b1011 1
b1011 I
b1011 O
b1001 H
1'
#37668000
0'
0%
#37670000
b1001 1
b1001 I
b1001 O
1'
#37671000
b110111 #
b110111 )
b110111 -
b110111 0
b110111 7
b110111 ;
b1111 8
b1111 <
b1111 C
b11001 ?
b11000 >
b10000 B
b1111 E
b1000 6
b1000 F
b1000 G
1%
#37672000
0'
#37674000
b1000 H
1'
0%
#37676000
0'
#37677000
b111000 #
b111000 )
b111000 -
b111000 0
b111000 7
b111000 ;
b0 8
b0 <
b0 C
b11011 ?
b11001 >
b10001 B
b10000 E
b11000 6
b11000 F
b11000 G
1%
#37678000
b1000 1
b1000 I
b1000 O
b11000 H
1'
#37680000
0'
0%
#37682000
b11000 1
b11000 I
b11000 O
1'
#37683000
b111001 #
b111001 )
b111001 -
b111001 0
b111001 7
b111001 ;
b1 8
b1 <
b1 C
b11010 ?
b11011 >
b10010 B
b10001 E
b11001 6
b11001 F
b11001 G
1%
#37684000
0'
#37686000
b11001 H
1'
0%
#37688000
0'
#37689000
1D
b111011 #
b111011 )
b111011 -
b111011 0
b111011 7
b111011 ;
b10 8
b10 <
b10 C
b11110 ?
b11010 >
b10011 B
b10010 E
b11011 6
b11011 F
b11011 G
1%
#37690000
b11001 1
b11001 I
b11001 O
b11011 H
1'
#37692000
0'
0%
#37694000
b11011 1
b11011 I
b11011 O
1'
#37695000
1A
b111100 #
b111100 )
b111100 -
b111100 0
b111100 7
b111100 ;
b11 8
b11 <
b11 C
0D
b11111 ?
b11110 >
1/
b10100 B
b10011 E
b11010 6
b11010 F
b11010 G
1%
#37696000
0'
#37698000
b11010 H
1'
0%
#37700000
0'
#37701000
0D
b101001 #
b101001 )
b101001 -
b101001 0
b101001 7
b101001 ;
b100 8
b100 <
b100 C
b11111 ?
1A
b11110 >
b10100 B
b10100 E
b11110 6
b11110 F
b11110 G
1"
0/
1%
#37702000
b11010 1
b11010 I
b11010 O
b11110 H
1'
#37704000
0'
0%
#37706000
b11110 1
b11110 I
b11110 O
1'
#37707000
0,
1%
#37708000
0'
#37710000
1'
0%
#37712000
0'
#37713000
1%
#37714000
1'
#37716000
0'
0%
#37718000
1'
#37719000
1%
#37720000
0'
#37722000
1'
0%
#37724000
0'
#37725000
1%
#37726000
1'
#37728000
0'
0%
#37730000
1'
#37731000
1%
#37732000
0'
#37734000
1'
0%
#37736000
0'
#37737000
1%
#37738000
1'
#37740000
0'
0%
#37742000
1'
#37743000
1%
#37744000
0'
#37746000
1'
0%
#37748000
0'
#37749000
1%
#37750000
1'
#37752000
0'
0%
#37754000
1'
#37755000
1%
#37756000
0'
#37758000
1'
0%
#37760000
0'
#37761000
1%
#37762000
1'
#37764000
0'
0%
#37766000
1'
#37767000
1%
#37768000
0'
#37770000
1'
0%
#37772000
0'
#37773000
1%
#37774000
1'
#37776000
0'
0%
#37778000
1'
#37779000
1%
#37780000
0'
#37782000
1'
0%
#37784000
0'
#37785000
1%
#37786000
1'
#37788000
0'
0%
#37790000
1'
#37791000
1%
#37792000
0'
#37794000
1'
0%
#37796000
0'
#37797000
1%
#37798000
1'
#37800000
0'
0%
#37802000
1'
#37803000
1%
#37804000
0'
#37806000
1'
0%
#37808000
0'
#37809000
1%
#37810000
1'
#37812000
0'
0%
#37814000
1'
#37815000
1%
#37816000
0'
#37818000
1'
0%
#37820000
0'
#37821000
1%
#37822000
1'
#37824000
0'
0%
#37826000
1'
#37827000
1%
#37828000
0'
#37830000
1'
0%
#37832000
0'
#37833000
1%
#37834000
1'
#37836000
0'
0%
#37838000
1'
#37839000
1%
#37840000
0'
#37842000
1'
0%
#37844000
0'
#37845000
1%
#37846000
1'
#37848000
0'
0%
#37850000
1'
#37851000
1%
#37852000
0'
#37854000
1'
0%
#37856000
0'
#37857000
1%
#37858000
1'
#37860000
0'
0%
#37862000
1'
#37863000
1%
#37864000
0'
#37866000
1'
0%
#37868000
0'
#37869000
1%
#37870000
1'
#37872000
0'
0%
#37874000
1'
#37875000
1%
#37876000
0'
#37878000
1'
0%
#37880000
0'
#37881000
1%
#37882000
1'
#37884000
0'
0%
#37886000
1'
#37887000
1%
#37888000
0'
#37890000
1'
0%
#37892000
0'
#37893000
1%
#37894000
1'
#37896000
0'
0%
#37898000
1'
#37899000
1%
#37900000
0'
#37902000
1'
0%
#37904000
0'
#37905000
1%
#37906000
1'
#37908000
0'
0%
#37910000
1'
#37911000
1%
#37912000
0'
#37914000
1'
0%
#37916000
0'
#37917000
1%
#37918000
1'
#37920000
0'
0%
#37922000
1'
#37923000
1%
#37924000
0'
#37926000
1'
0%
#37928000
0'
#37929000
1%
#37930000
1'
#37932000
0'
0%
#37934000
1'
#37935000
1%
#37936000
0'
#37938000
1'
0%
#37940000
0'
#37941000
1%
#37942000
1'
#37944000
0'
0%
#37946000
1'
#37947000
1%
#37948000
0'
#37950000
1'
0%
#37952000
0'
#37953000
1%
#37954000
1'
#37956000
0'
0%
#37958000
1'
#37959000
1%
#37960000
0'
#37962000
1'
0%
#37964000
0'
#37965000
1%
#37966000
1'
#37968000
0'
0%
#37970000
1'
#37971000
1%
#37972000
0'
#37974000
1'
0%
#37976000
0'
#37977000
1%
#37978000
1'
#37980000
0'
0%
#37982000
1'
#37983000
1%
#37984000
0'
#37986000
1'
0%
#37988000
0'
#37989000
1%
#37990000
1'
#37992000
0'
0%
#37994000
1'
#37995000
1%
#37996000
0'
#37998000
1'
0%
#38000000
0'
#38001000
1%
#38002000
1'
#38004000
0'
0%
#38006000
1'
#38007000
1%
#38008000
0'
#38010000
1'
0%
#38012000
0'
#38013000
1%
#38014000
1'
#38016000
0'
0%
#38018000
1'
#38019000
1%
#38020000
0'
#38022000
1'
0%
#38024000
0'
#38025000
1%
#38026000
1'
#38028000
0'
0%
#38030000
1'
#38031000
1%
#38032000
0'
#38034000
1'
0%
#38036000
0'
#38037000
1%
#38038000
1'
#38040000
0'
0%
#38042000
1'
#38043000
1%
#38044000
0'
#38046000
1'
0%
#38048000
0'
#38049000
1%
#38050000
1'
#38052000
0'
0%
#38054000
1'
#38055000
1%
#38056000
0'
#38058000
1'
0%
#38060000
0'
#38061000
1%
#38062000
1'
#38064000
0'
0%
#38066000
1'
#38067000
1%
#38068000
0'
#38070000
1'
0%
#38072000
0'
#38073000
1%
#38074000
1'
#38076000
0'
0%
#38078000
1'
#38079000
1%
#38080000
0'
#38082000
1'
0%
#38084000
0'
#38085000
1%
#38086000
1'
#38088000
0'
0%
#38090000
1'
#38091000
1%
#38092000
0'
#38094000
1'
0%
#38096000
0'
#38097000
1%
#38098000
1'
#38100000
0'
0%
#38102000
1'
#38103000
1%
#38104000
0'
#38106000
1'
0%
#38108000
0'
#38109000
1%
#38110000
1'
#38112000
0'
0%
#38114000
1'
#38115000
1%
#38116000
0'
#38118000
1'
0%
#38120000
0'
#38121000
1%
#38122000
1'
#38124000
0'
0%
#38126000
1'
#38127000
1%
#38128000
0'
#38130000
1'
0%
#38132000
0'
#38133000
1%
#38134000
1'
#38136000
0'
0%
#38138000
1'
#38139000
1%
#38140000
0'
#38142000
1'
0%
#38144000
0'
#38145000
1%
#38146000
1'
#38148000
0'
0%
#38150000
1'
#38151000
1%
#38152000
0'
#38154000
1'
0%
#38156000
0'
#38157000
1%
#38158000
1'
#38160000
0'
0%
#38162000
1'
#38163000
1%
#38164000
0'
#38166000
1'
0%
#38168000
0'
#38169000
1%
#38170000
1'
#38172000
0'
0%
#38174000
1'
#38175000
1%
#38176000
0'
#38178000
1'
0%
#38180000
0'
#38181000
1%
#38182000
1'
#38184000
0'
0%
#38186000
1'
#38187000
1%
#38188000
0'
#38190000
1'
0%
#38192000
0'
#38193000
1%
#38194000
1'
#38196000
0'
0%
#38198000
1'
#38199000
1%
#38200000
0'
#38202000
1'
0%
#38204000
0'
#38205000
1%
#38206000
1'
#38208000
0'
0%
#38210000
1'
#38211000
1%
#38212000
0'
#38214000
1'
0%
#38216000
0'
#38217000
1%
#38218000
1'
#38220000
0'
0%
#38222000
1'
#38223000
1%
#38224000
0'
#38226000
1'
0%
#38228000
0'
#38229000
1%
#38230000
1'
#38232000
0'
0%
#38234000
1'
#38235000
1%
#38236000
0'
#38238000
1'
0%
#38240000
0'
#38241000
1%
#38242000
1'
#38244000
0'
0%
#38246000
1'
#38247000
1%
#38248000
0'
#38250000
1'
0%
#38252000
0'
#38253000
1%
#38254000
1'
#38256000
0'
0%
#38258000
1'
#38259000
1%
#38260000
0'
#38262000
1'
0%
#38264000
0'
#38265000
1%
#38266000
1'
#38268000
0'
0%
#38270000
1'
#38271000
1%
#38272000
0'
#38274000
1'
0%
#38276000
0'
#38277000
1%
#38278000
1'
#38280000
0'
0%
#38282000
1'
#38283000
1%
#38284000
0'
#38286000
1'
0%
#38288000
0'
#38289000
1%
#38290000
1'
#38292000
0'
0%
#38294000
1'
#38295000
1%
#38296000
0'
#38298000
1'
0%
#38300000
0'
#38301000
1%
#38302000
1'
#38304000
0'
0%
#38306000
1'
#38307000
1%
#38308000
0'
#38310000
1'
0%
#38312000
0'
#38313000
1%
#38314000
1'
#38316000
0'
0%
#38318000
1'
#38319000
1%
#38320000
0'
#38322000
1'
0%
#38324000
0'
#38325000
1%
#38326000
1'
#38328000
0'
0%
#38330000
1'
#38331000
1%
#38332000
0'
#38334000
1'
0%
#38336000
0'
#38337000
1%
#38338000
1'
#38340000
0'
0%
#38342000
1'
#38343000
1%
#38344000
0'
#38346000
1'
0%
#38348000
0'
#38349000
1%
#38350000
1'
#38352000
0'
0%
#38354000
1'
#38355000
1%
#38356000
0'
#38358000
1'
0%
#38360000
0'
#38361000
1%
#38362000
1'
#38364000
0'
0%
#38366000
1'
#38367000
1%
#38368000
0'
#38370000
1'
0%
#38372000
0'
#38373000
1%
#38374000
1'
#38376000
0'
0%
#38378000
1'
#38379000
1%
#38380000
0'
#38382000
1'
0%
#38384000
0'
#38385000
1%
#38386000
1'
#38388000
0'
0%
#38390000
1'
#38391000
1%
#38392000
0'
#38394000
1'
0%
#38396000
0'
#38397000
1%
#38398000
1'
#38400000
0'
0%
#38402000
1'
#38403000
1%
#38404000
0'
#38406000
1'
0%
#38408000
0'
#38409000
1%
#38410000
1'
#38412000
0'
0%
#38414000
1'
#38415000
1%
#38416000
0'
#38418000
1'
0%
#38420000
0'
#38421000
1%
#38422000
1'
#38424000
0'
0%
#38426000
1'
#38427000
1%
#38428000
0'
#38430000
1'
0%
#38432000
0'
#38433000
1%
#38434000
1'
#38436000
0'
0%
#38438000
1'
#38439000
1%
#38440000
0'
#38442000
1'
0%
#38444000
0'
#38445000
1%
#38446000
1'
#38448000
0'
0%
#38450000
1'
#38451000
1%
#38452000
0'
#38454000
1'
0%
#38456000
0'
#38457000
1%
#38458000
1'
#38460000
0'
0%
#38462000
1'
#38463000
1%
#38464000
0'
#38466000
1'
0%
#38468000
0'
#38469000
1%
#38470000
1'
#38472000
0'
0%
#38474000
1'
#38475000
1%
#38476000
0'
#38478000
1'
0%
#38480000
0'
#38481000
1%
#38482000
1'
#38484000
0'
0%
#38486000
1'
#38487000
1%
#38488000
0'
#38490000
1'
0%
#38492000
0'
#38493000
1%
#38494000
1'
#38496000
0'
0%
#38498000
1'
#38499000
1%
#38500000
0'
#38502000
1'
0%
#38504000
0'
#38505000
1%
#38506000
1'
#38508000
0'
0%
#38510000
1'
#38511000
1%
#38512000
0'
#38514000
1'
0%
#38516000
0'
#38517000
1%
#38518000
1'
#38520000
0'
0%
#38522000
1'
#38523000
1%
#38524000
0'
#38526000
1'
0%
#38528000
0'
#38529000
1%
#38530000
1'
#38532000
0'
0%
#38534000
1'
#38535000
1%
#38536000
0'
#38538000
1'
0%
#38540000
0'
#38541000
1%
#38542000
1'
#38544000
0'
0%
#38546000
1'
#38547000
1%
#38548000
0'
#38550000
1'
0%
#38552000
0'
#38553000
1%
#38554000
1'
#38556000
0'
0%
#38558000
1'
#38559000
1%
#38560000
0'
#38562000
1'
0%
#38564000
0'
#38565000
1%
#38566000
1'
#38568000
0'
0%
#38570000
1'
#38571000
1%
#38572000
0'
#38574000
1'
0%
#38576000
0'
#38577000
1%
#38578000
1'
#38580000
0'
0%
#38582000
1'
#38583000
1%
#38584000
0'
#38586000
1'
0%
#38588000
0'
#38589000
1%
#38590000
1'
#38592000
0'
0%
#38594000
1'
#38595000
1%
#38596000
0'
#38598000
1'
0%
#38600000
0'
#38601000
1%
#38602000
1'
#38604000
0'
0%
#38606000
1'
#38607000
1%
#38608000
0'
#38610000
1'
0%
#38612000
0'
#38613000
1%
#38614000
1'
#38616000
0'
0%
#38618000
1'
#38619000
1%
#38620000
0'
#38622000
1'
0%
#38624000
0'
#38625000
1%
#38626000
1'
#38628000
0'
0%
#38630000
1'
#38631000
1%
#38632000
0'
#38634000
1'
0%
#38636000
0'
#38637000
1%
#38638000
1'
#38640000
0'
0%
#38642000
1'
#38643000
1%
#38644000
0'
#38646000
1'
0%
#38648000
0'
#38649000
1%
#38650000
1'
#38652000
0'
0%
#38654000
1'
#38655000
1%
#38656000
0'
#38658000
1'
0%
#38660000
0'
#38661000
1%
#38662000
1'
#38664000
0'
0%
#38666000
1'
#38667000
1%
#38668000
0'
#38670000
1'
0%
#38672000
0'
#38673000
1%
#38674000
1'
#38676000
0'
0%
#38678000
1'
#38679000
1%
#38680000
0'
#38682000
1'
0%
#38684000
0'
#38685000
1%
#38686000
1'
#38688000
0'
0%
#38690000
1'
#38691000
1%
#38692000
0'
#38694000
1'
0%
#38696000
0'
#38697000
1%
#38698000
1'
#38700000
0'
0%
#38702000
1'
#38703000
1%
#38704000
0'
#38706000
1'
0%
#38708000
0'
#38709000
1%
#38710000
1'
#38712000
0'
0%
#38714000
1'
#38715000
1%
#38716000
0'
#38718000
1'
0%
#38720000
0'
#38721000
1%
#38722000
1'
#38724000
0'
0%
#38726000
1'
#38727000
1%
#38728000
0'
#38730000
1'
0%
#38732000
0'
#38733000
1%
#38734000
1'
#38736000
0'
0%
#38738000
1'
#38739000
1%
#38740000
0'
#38742000
1'
0%
#38744000
0'
#38745000
1%
#38746000
1'
#38748000
0'
0%
#38750000
1'
#38751000
1%
#38752000
0'
#38754000
1'
0%
#38756000
0'
#38757000
1%
#38758000
1'
#38760000
0'
0%
#38762000
1'
#38763000
1%
#38764000
0'
#38766000
1'
0%
#38768000
0'
#38769000
1%
#38770000
1'
#38772000
0'
0%
#38774000
1'
#38775000
1%
#38776000
0'
#38778000
1'
0%
#38780000
0'
#38781000
1%
#38782000
1'
#38784000
0'
0%
#38786000
1'
#38787000
1%
#38788000
0'
#38790000
1'
0%
#38792000
0'
#38793000
1%
#38794000
1'
#38796000
0'
0%
#38798000
1'
#38799000
1%
#38800000
0'
#38802000
1'
0%
#38804000
0'
#38805000
1%
#38806000
1'
#38808000
0'
0%
#38810000
1'
#38811000
1%
#38812000
0'
#38814000
1'
0%
#38816000
0'
#38817000
1%
#38818000
1'
#38820000
0'
0%
#38822000
1'
#38823000
1%
#38824000
0'
#38826000
1'
0%
#38828000
0'
#38829000
1%
#38830000
1'
#38832000
0'
0%
#38834000
1'
#38835000
1%
#38836000
0'
#38838000
1'
0%
#38840000
0'
#38841000
1%
#38842000
1'
#38844000
0'
0%
#38846000
1'
#38847000
1%
#38848000
0'
#38850000
1'
0%
#38852000
0'
#38853000
1%
#38854000
1'
#38856000
0'
0%
#38858000
1'
#38859000
1%
#38860000
0'
#38862000
1'
0%
#38864000
0'
#38865000
1%
#38866000
1'
#38868000
0'
0%
#38870000
1'
#38871000
1%
#38872000
0'
#38874000
1'
0%
#38876000
0'
#38877000
1%
#38878000
1'
#38880000
0'
0%
#38882000
1'
#38883000
1%
#38884000
0'
#38886000
1'
0%
#38888000
0'
#38889000
1%
#38890000
1'
#38892000
0'
0%
#38894000
1'
#38895000
1%
#38896000
0'
#38898000
1'
0%
#38900000
0'
#38901000
1%
#38902000
1'
#38904000
0'
0%
#38906000
1'
#38907000
1%
#38908000
0'
#38910000
1'
0%
#38912000
0'
#38913000
1%
#38914000
1'
#38916000
0'
0%
#38918000
1'
#38919000
1%
#38920000
0'
#38922000
1'
0%
#38924000
0'
#38925000
1%
#38926000
1'
#38928000
0'
0%
#38930000
1'
#38931000
1%
#38932000
0'
#38934000
1'
0%
#38936000
0'
#38937000
1%
#38938000
1'
#38940000
0'
0%
#38942000
1'
#38943000
1%
#38944000
0'
#38946000
1'
0%
#38948000
0'
#38949000
1%
#38950000
1'
#38952000
0'
0%
#38954000
1'
#38955000
1%
#38956000
0'
#38958000
1'
0%
#38960000
0'
#38961000
1%
#38962000
1'
#38964000
0'
0%
#38966000
1'
#38967000
1%
#38968000
0'
#38970000
1'
0%
#38972000
0'
#38973000
1%
#38974000
1'
#38976000
0'
0%
#38978000
1'
#38979000
1%
#38980000
0'
#38982000
1'
0%
#38984000
0'
#38985000
1%
#38986000
1'
#38988000
0'
0%
#38990000
1'
#38991000
1%
#38992000
0'
#38994000
1'
0%
#38996000
0'
#38997000
1%
#38998000
1'
#39000000
0'
0%
#39002000
1'
#39003000
1%
#39004000
0'
#39006000
1'
0%
#39008000
0'
#39009000
1%
#39010000
1'
#39012000
0'
0%
#39014000
1'
#39015000
1%
#39016000
0'
#39018000
1'
0%
#39020000
0'
#39021000
1%
#39022000
1'
#39024000
0'
0%
#39026000
1'
#39027000
1%
#39028000
0'
#39030000
1'
0%
#39032000
0'
#39033000
1%
#39034000
1'
#39036000
0'
0%
#39038000
1'
#39039000
1%
#39040000
0'
#39042000
1'
0%
#39044000
0'
#39045000
1%
#39046000
1'
#39048000
0'
0%
#39050000
1'
#39051000
1%
#39052000
0'
#39054000
1'
0%
#39056000
0'
#39057000
1%
#39058000
1'
#39060000
0'
0%
#39062000
1'
#39063000
1%
#39064000
0'
#39066000
1'
0%
#39068000
0'
#39069000
1%
#39070000
1'
#39072000
0'
0%
#39074000
1'
#39075000
1%
#39076000
0'
#39078000
1'
0%
#39080000
0'
#39081000
1%
#39082000
1'
#39084000
0'
0%
#39086000
1'
#39087000
1%
#39088000
0'
#39090000
1'
0%
#39092000
0'
#39093000
1%
#39094000
1'
#39096000
0'
0%
#39098000
1'
#39099000
1%
#39100000
0'
#39102000
1'
0%
#39104000
0'
#39105000
1%
#39106000
1'
#39108000
0'
0%
#39110000
1'
#39111000
1%
#39112000
0'
#39114000
1'
0%
#39116000
0'
#39117000
1%
#39118000
1'
#39120000
0'
0%
#39122000
1'
#39123000
1%
#39124000
0'
#39126000
1'
0%
#39128000
0'
#39129000
1%
#39130000
1'
#39132000
0'
0%
#39134000
1'
#39135000
1%
#39136000
0'
#39138000
1'
0%
#39140000
0'
#39141000
1%
#39142000
1'
#39144000
0'
0%
#39146000
1'
#39147000
1%
#39148000
0'
#39150000
1'
0%
#39152000
0'
#39153000
1%
#39154000
1'
#39156000
0'
0%
#39158000
1'
#39159000
1%
#39160000
0'
#39162000
1'
0%
#39164000
0'
#39165000
1%
#39166000
1'
#39168000
0'
0%
#39170000
1'
#39171000
1%
#39172000
0'
#39174000
1'
0%
#39176000
0'
#39177000
1%
#39178000
1'
#39180000
0'
0%
#39182000
1'
#39183000
1%
#39184000
0'
#39186000
1'
0%
#39188000
0'
#39189000
1%
#39190000
1'
#39192000
0'
0%
#39194000
1'
#39195000
1%
#39196000
0'
#39198000
1'
0%
#39200000
0'
#39201000
1%
#39202000
1'
#39204000
0'
0%
#39206000
1'
#39207000
1%
#39208000
0'
#39210000
1'
0%
#39212000
0'
#39213000
1%
#39214000
1'
#39216000
0'
0%
#39218000
1'
#39219000
1%
#39220000
0'
#39222000
1'
0%
#39224000
0'
#39225000
1%
#39226000
1'
#39228000
0'
0%
#39230000
1'
#39231000
1%
#39232000
0'
#39234000
1'
0%
#39236000
0'
#39237000
1%
#39238000
1'
#39240000
0'
0%
#39242000
1'
#39243000
1%
#39244000
0'
#39246000
1'
0%
#39248000
0'
#39249000
1%
#39250000
1'
#39252000
0'
0%
#39254000
1'
#39255000
1%
#39256000
0'
#39258000
1'
0%
#39260000
0'
#39261000
1%
#39262000
1'
#39264000
0'
0%
#39266000
1'
#39267000
1%
#39268000
0'
#39270000
1'
0%
#39272000
0'
#39273000
1%
#39274000
1'
#39276000
0'
0%
#39278000
1'
#39279000
1%
#39280000
0'
#39282000
1'
0%
#39284000
0'
#39285000
1%
#39286000
1'
#39288000
0'
0%
#39290000
1'
#39291000
1%
#39292000
0'
#39294000
1'
0%
#39296000
0'
#39297000
1%
#39298000
1'
#39300000
0'
0%
#39302000
1'
#39303000
1%
#39304000
0'
#39306000
1'
0%
#39308000
0'
#39309000
1%
#39310000
1'
#39312000
0'
0%
#39314000
1'
#39315000
1%
#39316000
0'
#39318000
1'
0%
#39320000
0'
#39321000
1%
#39322000
1'
#39324000
0'
0%
#39326000
1'
#39327000
1%
#39328000
0'
#39330000
1'
0%
#39332000
0'
#39333000
1%
#39334000
1'
#39336000
0'
0%
#39338000
1'
#39339000
1%
#39340000
0'
#39342000
1'
0%
#39344000
0'
#39345000
1%
#39346000
1'
#39348000
0'
0%
#39350000
1'
#39351000
1%
#39352000
0'
#39354000
1'
0%
#39356000
0'
#39357000
1%
#39358000
1'
#39360000
0'
0%
#39362000
1'
#39363000
1%
#39364000
0'
#39366000
1'
0%
#39368000
0'
#39369000
1%
#39370000
1'
#39372000
0'
0%
#39374000
1'
#39375000
1%
#39376000
0'
#39378000
1'
0%
#39380000
0'
#39381000
1%
#39382000
1'
#39384000
0'
0%
#39386000
1'
#39387000
1%
#39388000
0'
#39390000
1'
0%
#39392000
0'
#39393000
1%
#39394000
1'
#39396000
0'
0%
#39398000
1'
#39399000
1%
#39400000
0'
#39402000
1'
0%
#39404000
0'
#39405000
1%
#39406000
1'
#39408000
0'
0%
#39410000
1'
#39411000
1%
#39412000
0'
#39414000
1'
0%
#39416000
0'
#39417000
1%
#39418000
1'
#39420000
0'
0%
#39422000
1'
#39423000
1%
#39424000
0'
#39426000
1'
0%
#39428000
0'
#39429000
1%
#39430000
1'
#39432000
0'
0%
#39434000
1'
#39435000
1%
#39436000
0'
#39438000
1'
0%
#39440000
0'
#39441000
1%
#39442000
1'
#39444000
0'
0%
#39446000
1'
#39447000
1%
#39448000
0'
#39450000
1'
0%
#39452000
0'
#39453000
1%
#39454000
1'
#39456000
0'
0%
#39458000
1'
#39459000
1%
#39460000
0'
#39462000
1'
0%
#39464000
0'
#39465000
1%
#39466000
1'
#39468000
0'
0%
#39470000
1'
#39471000
1%
#39472000
0'
#39474000
1'
0%
#39476000
0'
#39477000
1%
#39478000
1'
#39480000
0'
0%
#39482000
1'
#39483000
1%
#39484000
0'
#39486000
1'
0%
#39488000
0'
#39489000
1%
#39490000
1'
#39492000
0'
0%
#39494000
1'
#39495000
1%
#39496000
0'
#39498000
1'
0%
#39500000
0'
#39501000
1%
#39502000
1'
#39504000
0'
0%
#39506000
1'
#39507000
1%
#39508000
0'
#39510000
1'
0%
#39512000
0'
#39513000
1%
#39514000
1'
#39516000
0'
0%
#39518000
1'
#39519000
1%
#39520000
0'
#39522000
1'
0%
#39524000
0'
#39525000
1%
#39526000
1'
#39528000
0'
0%
#39530000
1'
#39531000
1%
#39532000
0'
#39534000
1'
0%
#39536000
0'
#39537000
1%
#39538000
1'
#39540000
0'
0%
#39542000
1'
#39543000
1%
#39544000
0'
#39546000
1'
0%
#39548000
0'
#39549000
1%
#39550000
1'
#39552000
0'
0%
#39554000
1'
#39555000
1%
#39556000
0'
#39558000
1'
0%
#39560000
0'
#39561000
1%
#39562000
1'
#39564000
0'
0%
#39566000
1'
#39567000
1%
#39568000
0'
#39570000
1'
0%
#39572000
0'
#39573000
1%
#39574000
1'
#39576000
0'
0%
#39578000
1'
#39579000
1%
#39580000
0'
#39582000
1'
0%
#39584000
0'
#39585000
1%
#39586000
1'
#39588000
0'
0%
#39590000
1'
#39591000
1%
#39592000
0'
#39594000
1'
0%
#39596000
0'
#39597000
1%
#39598000
1'
#39600000
0'
0%
#39602000
1'
#39603000
1%
#39604000
0'
#39606000
1'
0%
#39608000
0'
#39609000
1%
#39610000
1'
#39612000
0'
0%
#39614000
1'
#39615000
1%
#39616000
0'
#39618000
1'
0%
#39620000
0'
1$
#39621000
1%
#39622000
b11101 N
b11111 M
b10101 Q
b1101 W
b111101 +
b111101 3
b111101 9
b111101 V
1*
1'
#39624000
0'
0%
#39626000
b101 4
b101 :
b101 R
b11100 N
b11101 M
b111101 #
b111101 )
b111101 -
b111101 0
b111101 7
b111101 ;
b10110 Q
b10101 T
b11111 2
b11111 J
b11111 U
b1110 W
b111110 +
b111110 3
b111110 9
b111110 V
1'
#39627000
b11111 K
1%
#39628000
0'
#39630000
b110 4
b110 :
b110 R
b10100 N
b11100 M
b1111 W
b111111 +
b111111 3
b111111 9
b111111 V
b10111 Q
b10110 T
b11101 2
b11101 J
b11101 U
1'
0%
#39632000
0'
#39633000
1D
0A
b11111 5
b11111 @
b11111 L
b11101 K
1%
#39634000
b111 4
b111 :
b111 R
b10101 N
b10100 M
b11000 Q
b10111 T
b11100 2
b11100 J
b11100 U
b0 W
b1000000 +
b1000000 3
b1000000 9
b1000000 V
1'
#39636000
0'
0%
#39638000
b1000 4
b1000 :
b1000 R
b10111 N
b10101 M
b1 W
b1000001 +
b1000001 3
b1000001 9
b1000001 V
b11001 Q
b11000 T
b10100 2
b10100 J
b10100 U
1'
#39639000
0"
1/
0D
b11101 5
b11101 @
b11101 L
b10100 K
1%
#39640000
0'
#39642000
b1001 4
b1001 :
b1001 R
b10110 N
b10111 M
b11010 Q
b11001 T
b10101 2
b10101 J
b10101 U
b10 W
b1000010 +
b1000010 3
b1000010 9
b1000010 V
1'
0%
#39644000
0'
#39645000
b11101 ?
b11111 >
b10101 B
b10100 5
b10100 @
b10100 L
b10101 K
0/
1,
1%
#39646000
b1010 4
b1010 :
b1010 R
b10010 N
b10110 M
b11 W
b1000011 +
b1000011 3
b1000011 9
b1000011 V
b11011 Q
b11010 T
b10111 2
b10111 J
b10111 U
1'
#39648000
0'
0%
#39650000
b1011 4
b1011 :
b1011 R
b10011 N
b10010 M
b11100 Q
b11011 T
b10110 2
b10110 J
b10110 U
b100 W
b1000100 +
b1000100 3
b1000100 9
b1000100 V
1'
#39651000
b111110 #
b111110 )
b111110 -
b111110 0
b111110 7
b111110 ;
b101 8
b101 <
b101 C
b11100 ?
b11101 >
b10110 B
b10101 E
b11111 6
b11111 F
b11111 G
b10101 5
b10101 @
b10101 L
b10110 K
1%
#39652000
0'
#39654000
b1100 4
b1100 :
b1100 R
b10001 N
b10011 M
b101 W
b1000101 +
b1000101 3
b1000101 9
b1000101 V
b11111 H
b11101 Q
b11100 T
b10010 2
b10010 J
b10010 U
1'
0%
#39656000
0'
#39657000
b111111 #
b111111 )
b111111 -
b111111 0
b111111 7
b111111 ;
b110 8
b110 <
b110 C
b10100 ?
b11100 >
b10110 5
b10110 @
b10110 L
b10010 K
b10111 B
b10110 E
b11101 6
b11101 F
b11101 G
1%
#39658000
b1101 4
b1101 :
b1101 R
b10000 N
b10001 M
b11110 Q
b11101 T
b10011 2
b10011 J
b10011 U
b11111 1
b11111 I
b11111 O
b11101 H
b110 W
b1000110 +
b1000110 3
b1000110 9
b1000110 V
1'
#39660000
0'
0%
#39662000
b1110 4
b1110 :
b1110 R
b0 N
b10000 M
b111 W
b1000111 +
b1000111 3
b1000111 9
b1000111 V
b11101 1
b11101 I
b11101 O
b11111 Q
b11110 T
b10001 2
b10001 J
b10001 U
1'
#39663000
b1000000 #
b1000000 )
b1000000 -
b1000000 0
b1000000 7
b1000000 ;
b111 8
b111 <
b111 C
b10101 ?
b10100 >
b11000 B
b10111 E
b11100 6
b11100 F
b11100 G
b10010 5
b10010 @
b10010 L
b10001 K
1%
#39664000
0'
#39666000
b1111 4
b1111 :
b1111 R
b1 N
b0 M
b0 Q
b11111 T
b10000 2
b10000 J
b10000 U
b11100 H
b1000 W
b1001000 +
b1001000 3
b1001000 9
b1001000 V
1'
0%
#39668000
0'
#39669000
b1000001 #
b1000001 )
b1000001 -
b1000001 0
b1000001 7
b1000001 ;
b1000 8
b1000 <
b1000 C
b10111 ?
b10101 >
b10001 5
b10001 @
b10001 L
b10000 K
b11001 B
b11000 E
b10100 6
b10100 F
b10100 G
1%
#39670000
b0 4
b0 :
b0 R
b11 N
b1 M
b1001 W
b1001001 +
b1001001 3
b1001001 9
b1001001 V
b11100 1
b11100 I
b11100 O
b10100 H
b1 Q
b0 T
b0 2
b0 J
b0 U
1'
#39672000
0'
0%
#39674000
b1 4
b1 :
b1 R
b10 N
b11 M
b10 Q
b1 T
b1 2
b1 J
b1 U
b10100 1
b10100 I
b10100 O
b1010 W
b1001010 +
b1001010 3
b1001010 9
b1001010 V
1'
#39675000
b1000010 #
b1000010 )
b1000010 -
b1000010 0
b1000010 7
b1000010 ;
b1001 8
b1001 <
b1001 C
b10110 ?
b10111 >
b11010 B
b11001 E
b10101 6
b10101 F
b10101 G
b10000 5
b10000 @
b10000 L
b1 K
1%
#39676000
0'
#39678000
b10 4
b10 :
b10 R
b110 N
b10 M
b1011 W
b1001011 +
b1001011 3
b1001011 9
b1001011 V
b10101 H
b11 Q
b10 T
b11 2
b11 J
b11 U
1'
0%
#39680000
0'
#39681000
b1000011 #
b1000011 )
b1000011 -
b1000011 0
b1000011 7
b1000011 ;
b1010 8
b1010 <
b1010 C
b10010 ?
b10110 >
b1 5
b1 @
b1 L
b11 K
b11011 B
b11010 E
b10111 6
b10111 F
b10111 G
1%
#39682000
b11 4
b11 :
b11 R
b111 N
b110 M
b100 Q
b11 T
b10 2
b10 J
b10 U
b10101 1
b10101 I
b10101 O
b10111 H
b1100 W
b1001100 +
b1001100 3
b1001100 9
b1001100 V
1'
#39684000
0'
0%
#39686000
b100 4
b100 :
b100 R
b101 N
b111 M
b1101 W
b1001101 +
b1001101 3
b1001101 9
b1001101 V
b10111 1
b10111 I
b10111 O
b101 Q
b100 T
b110 2
b110 J
b110 U
1'
#39687000
b1000100 #
b1000100 )
b1000100 -
b1000100 0
b1000100 7
b1000100 ;
b1011 8
b1011 <
b1011 C
b10011 ?
b10010 >
b11100 B
b11011 E
b10110 6
b10110 F
b10110 G
b11 5
b11 @
b11 L
b110 K
1%
#39688000
0'
#39690000
b101 4
b101 :
b101 R
b100 N
b101 M
b110 Q
b101 T
b111 2
b111 J
b111 U
b10110 H
b1110 W
b1001110 +
b1001110 3
b1001110 9
b1001110 V
1'
0%
#39692000
0'
#39693000
b1000101 #
b1000101 )
b1000101 -
b1000101 0
b1000101 7
b1000101 ;
b1100 8
b1100 <
b1100 C
b10001 ?
b10011 >
b110 5
b110 @
b110 L
b111 K
b11101 B
b11100 E
b10010 6
b10010 F
b10010 G
1%
#39694000
b110 4
b110 :
b110 R
b1100 N
b100 M
b1111 W
b1001111 +
b1001111 3
b1001111 9
b1001111 V
b10110 1
b10110 I
b10110 O
b10010 H
b111 Q
b110 T
b101 2
b101 J
b101 U
1'
#39696000
0'
0%
#39698000
b111 4
b111 :
b111 R
b1101 N
b1100 M
b1000 Q
b111 T
b100 2
b100 J
b100 U
b10010 1
b10010 I
b10010 O
b0 W
b1010000 +
b1010000 3
b1010000 9
b1010000 V
1'
#39699000
b1000110 #
b1000110 )
b1000110 -
b1000110 0
b1000110 7
b1000110 ;
b1101 8
b1101 <
b1101 C
b10000 ?
b10001 >
b11110 B
b11101 E
b10011 6
b10011 F
b10011 G
b111 5
b111 @
b111 L
b100 K
1%
#39700000
0'
#39702000
b1000 4
b1000 :
b1000 R
b1111 N
b1101 M
b1 W
b1010001 +
b1010001 3
b1010001 9
b1010001 V
b10011 H
b1001 Q
b1000 T
b1100 2
b1100 J
b1100 U
1'
0%
#39704000
0'
#39705000
b1000111 #
b1000111 )
b1000111 -
b1000111 0
b1000111 7
b1000111 ;
b1110 8
b1110 <
b1110 C
b0 ?
b10000 >
b100 5
b100 @
b100 L
b1100 K
b11111 B
b11110 E
b10001 6
b10001 F
b10001 G
1%
#39706000
b1001 4
b1001 :
b1001 R
b1110 N
b1111 M
b1010 Q
b1001 T
b1101 2
b1101 J
b1101 U
b10011 1
b10011 I
b10011 O
b10001 H
b10 W
b1010010 +
b1010010 3
b1010010 9
b1010010 V
1'
#39708000
0'
0%
#39710000
0S
b1010 4
b1010 :
b1010 R
b1010 N
b1110 M
b11 W
b1010011 +
b1010011 3
b1010011 9
b1010011 V
b10001 1
b10001 I
b10001 O
b1011 Q
b1010 T
b1111 2
b1111 J
b1111 U
1'
#39711000
b1001000 #
b1001000 )
b1001000 -
b1001000 0
b1001000 7
b1001000 ;
b1111 8
b1111 <
b1111 C
b1 ?
b0 >
b0 B
b11111 E
b10000 6
b10000 F
b10000 G
b1100 5
b1100 @
b1100 L
b1111 K
1%
#39712000
0'
#39714000
b1011 4
b1011 :
b1011 R
b1011 N
0P
b1010 M
b1100 Q
b1011 T
b1110 2
b1110 J
b1110 U
b10000 H
b100 W
b1010100 +
b1010100 3
b1010100 9
b1010100 V
1'
0%
#39716000
0'
#39717000
b1001001 #
b1001001 )
b1001001 -
b1001001 0
b1001001 7
b1001001 ;
b0 8
b0 <
b0 C
b11 ?
b1 >
b1111 5
b1111 @
b1111 L
b1110 K
b1 B
b0 E
b0 6
b0 F
b0 G
1%
#39718000
0S
b1100 4
b1100 :
b1100 R
b1001 N
b1011 M
b101 W
b1010101 +
b1010101 3
b1010101 9
b1010101 V
b10000 1
b10000 I
b10000 O
b0 H
b1101 Q
b1100 T
b1010 2
b1010 J
b1010 U
1'
#39720000
0'
0%
#39722000
b1101 4
b1101 :
b1101 R
0S
b1000 N
0P
b1001 M
b1110 Q
b1101 T
b1011 2
b1011 J
b1011 U
b0 1
b0 I
b0 O
b110 W
b1010110 +
b1010110 3
b1010110 9
b1010110 V
1'
#39723000
b1001010 #
b1001010 )
b1001010 -
b1001010 0
b1001010 7
b1001010 ;
b1 8
b1 <
b1 C
b10 ?
b11 >
b10 B
b1 E
b1 6
b1 F
b1 G
b1110 5
b1110 @
b1110 L
b1011 K
1%
#39724000
0'
#39726000
1S
b1110 4
b1110 :
b1110 R
b11000 N
b1000 M
b111 W
b1010111 +
b1010111 3
b1010111 9
b1010111 V
b1 H
b1111 Q
b1110 T
b1001 2
b1001 J
b1001 U
1'
0%
#39728000
0'
#39729000
b1001011 #
b1001011 )
b1001011 -
b1001011 0
b1001011 7
b1001011 ;
b10 8
b10 <
b10 C
b110 ?
b10 >
b1011 5
b1011 @
b1011 L
b1001 K
b11 B
b10 E
b11 6
b11 F
b11 G
1%
#39730000
b1111 4
b1111 :
b1111 R
b11001 N
b11000 M
1S
1.
b10000 Q
b1111 T
b1000 2
b1000 J
b1000 U
b1 1
b1 I
b1 O
b11 H
b1000 W
b1011000 +
b1011000 3
b1011000 9
b1011000 V
1'
#39732000
0'
0%
#39734000
b0 4
b0 :
b0 R
1S
b11011 N
0P
b11001 M
b1001 W
b1011001 +
b1011001 3
b1011001 9
b1011001 V
b11 1
b11 I
b11 O
b10001 Q
b10000 T
b11000 2
b11000 J
b11000 U
1'
#39735000
b1001100 #
b1001100 )
b1001100 -
b1001100 0
b1001100 7
b1001100 ;
b11 8
b11 <
b11 C
b111 ?
b110 >
b100 B
b11 E
b10 6
b10 F
b10 G
b1001 5
b1001 @
b1001 L
b11000 K
1%
#39736000
0'
#39738000
1P
b1 4
b1 :
b1 R
0S
b11010 N
b11011 M
b10010 Q
b10001 T
b11001 2
b11001 J
b11001 U
b10 H
b1010 W
b1011010 +
b1011010 3
b1011010 9
b1011010 V
1'
0%
#39740000
0'
#39741000
b1001101 #
b1001101 )
b1001101 -
b1001101 0
b1001101 7
b1001101 ;
b100 8
b100 <
b100 C
b101 ?
b111 >
b11000 5
b11000 @
b11000 L
b11001 K
b101 B
b100 E
b110 6
b110 F
b110 G
1%
#39742000
1S
b10 4
b10 :
b10 R
b11010 N
0P
b11011 M
b1011 W
b1011011 +
b1011011 3
b1011011 9
b1011011 V
b10 1
b10 I
b10 O
b110 H
b10010 Q
b10010 T
b11011 2
b11011 J
b11011 U
1!
0.
1'
#39744000
0'
0%
#39746000
0S
0!
1.
b110 1
b110 I
b110 O
0*
1'
#39747000
b1001110 #
b1001110 )
b1001110 -
b1001110 0
b1001110 7
b1001110 ;
b101 8
b101 <
b101 C
b100 ?
b101 >
b110 B
b101 E
b111 6
b111 F
b111 G
b11001 5
b11001 @
b11001 L
b11011 K
1%
#39748000
0'
#39750000
1S
b11110 N
b11010 M
b10011 Q
b1100 W
b1011100 +
b1011100 3
b1011100 9
b1011100 V
1*
b111 H
0.
1'
0%
#39752000
0'
#39753000
b1001111 #
b1001111 )
b1001111 -
b1001111 0
b1001111 7
b1001111 ;
b110 8
b110 <
b110 C
b1100 ?
b100 >
b11011 5
b11011 @
b11011 L
b111 B
b110 E
b101 6
b101 F
b101 G
1%
#39754000
b11 4
b11 :
b11 R
b11111 N
b11110 M
1S
1.
b10100 Q
b10011 T
b11010 2
b11010 J
b11010 U
b111 1
b111 I
b111 O
b101 H
b1101 W
b1011101 +
b1011101 3
b1011101 9
b1011101 V
1'
#39756000
0'
0%
#39758000
b100 4
b100 :
b100 R
1S
b11101 N
0P
b11111 M
b1110 W
b1011110 +
b1011110 3
b1011110 9
b1011110 V
b101 1
b101 I
b101 O
b10101 Q
b10100 T
b11110 2
b11110 J
b11110 U
1'
#39759000
b1010000 #
b1010000 )
b1010000 -
b1010000 0
b1010000 7
b1010000 ;
b111 8
b111 <
b111 C
b1101 ?
b1100 >
b1000 B
b111 E
b100 6
b100 F
b100 G
b11110 K
1%
#39760000
0'
#39762000
1P
b101 4
b101 :
b101 R
0S
b11100 N
b11101 M
b10110 Q
b10101 T
b11111 2
b11111 J
b11111 U
b100 H
b1111 W
b1011111 +
b1011111 3
b1011111 9
b1011111 V
1'
0%
#39764000
0'
#39765000
b1010001 #
b1010001 )
b1010001 -
b1010001 0
b1010001 7
b1010001 ;
b1000 8
b1000 <
b1000 C
b1111 ?
b1101 >
b11110 5
b11110 @
b11110 L
b11111 K
b1001 B
b1000 E
b1100 6
b1100 F
b1100 G
1%
#39766000
1S
b110 4
b110 :
b110 R
b11100 N
0P
b11101 M
b0 W
b1100000 +
b1100000 3
b1100000 9
b1100000 V
b100 1
b100 I
b100 O
b1100 H
b10110 Q
b10110 T
b11101 2
b11101 J
b11101 U
1!
0.
1'
#39768000
0'
0%
#39770000
0S
0!
1.
b1100 1
b1100 I
b1100 O
0*
1'
#39771000
b1010010 #
b1010010 )
b1010010 -
b1010010 0
b1010010 7
b1010010 ;
b1001 8
b1001 <
b1001 C
b1110 ?
b1111 >
b1010 B
b1001 E
b1101 6
b1101 F
b1101 G
b11111 5
b11111 @
b11111 L
b11101 K
1%
#39772000
0'
#39774000
1S
b10100 N
b11100 M
b10111 Q
b1 W
b1100001 +
b1100001 3
b1100001 9
b1100001 V
1*
b1101 H
0.
1'
0%
#39776000
0'
#39777000
b1010011 #
b1010011 )
b1010011 -
b1010011 0
b1010011 7
b1010011 ;
b1010 8
b1010 <
b1010 C
b1010 ?
b1110 >
b11101 5
b11101 @
b11101 L
b1011 B
b1010 E
b1111 6
b1111 F
b1111 G
1%
#39778000
b111 4
b111 :
b111 R
b10101 N
b10100 M
1S
1.
b11000 Q
b10111 T
b11100 2
b11100 J
b11100 U
b1101 1
b1101 I
b1101 O
b1111 H
b10 W
b1100010 +
b1100010 3
b1100010 9
b1100010 V
1'
#39780000
0'
0%
#39782000
b1000 4
b1000 :
b1000 R
1S
b10111 N
0P
b10101 M
b11 W
b1100011 +
b1100011 3
b1100011 9
b1100011 V
b1111 1
b1111 I
b1111 O
b11001 Q
b11000 T
b10100 2
b10100 J
b10100 U
1'
#39783000
b1010100 #
b1010100 )
b1010100 -
b1010100 0
b1010100 7
b1010100 ;
b1011 8
b1011 <
b1011 C
b1011 ?
b1010 >
b1100 B
b1011 E
b1110 6
b1110 F
b1110 G
b10100 K
1%
#39784000
0'
#39786000
1P
b1001 4
b1001 :
b1001 R
0S
b10110 N
b10111 M
b11010 Q
b11001 T
b10101 2
b10101 J
b10101 U
b1110 H
b100 W
b1100100 +
b1100100 3
b1100100 9
b1100100 V
1'
0%
#39788000
0'
#39789000
b1010101 #
b1010101 )
b1010101 -
b1010101 0
b1010101 7
b1010101 ;
b1100 8
b1100 <
b1100 C
b1001 ?
b1011 >
b10100 5
b10100 @
b10100 L
b10101 K
b1101 B
b1100 E
b1010 6
b1010 F
b1010 G
1%
#39790000
1S
b1010 4
b1010 :
b1010 R
b10110 N
0P
b10111 M
b101 W
b1100101 +
b1100101 3
b1100101 9
b1100101 V
b1110 1
b1110 I
b1110 O
b1010 H
b11010 Q
b11010 T
b10111 2
b10111 J
b10111 U
1!
0.
1'
#39792000
0'
0%
#39794000
0S
0!
1.
b1010 1
b1010 I
b1010 O
0*
1'
#39795000
b1010110 #
b1010110 )
b1010110 -
b1010110 0
b1010110 7
b1010110 ;
b1101 8
b1101 <
b1101 C
b1000 ?
b1001 >
b1110 B
b1101 E
b1011 6
b1011 F
b1011 G
b10101 5
b10101 @
b10101 L
b10111 K
1%
#39796000
0'
#39798000
1S
b10010 N
b10110 M
b11011 Q
b110 W
b1100110 +
b1100110 3
b1100110 9
b1100110 V
1*
b1011 H
0.
1'
0%
#39800000
0'
#39801000
b1010111 #
b1010111 )
b1010111 -
b1010111 0
b1010111 7
b1010111 ;
b1110 8
b1110 <
b1110 C
0D
b11000 ?
b1000 >
b10111 5
b10111 @
b10111 L
b1111 B
b1110 E
b1001 6
b1001 F
b1001 G
1%
#39802000
b1011 4
b1011 :
b1011 R
b10011 N
b10010 M
1S
1.
b11100 Q
b11011 T
b10110 2
b10110 J
b10110 U
b1011 1
b1011 I
b1011 O
b1001 H
b111 W
b1100111 +
b1100111 3
b1100111 9
b1100111 V
1'
#39804000
0'
0%
#39806000
b1100 4
b1100 :
b1100 R
1S
b10001 N
0P
b10011 M
b1000 W
b1101000 +
b1101000 3
b1101000 9
b1101000 V
b1001 1
b1001 I
b1001 O
b11101 Q
b11100 T
b10010 2
b10010 J
b10010 U
1'
#39807000
b1011000 #
b1011000 )
b1011000 -
b1011000 0
b1011000 7
b1011000 ;
b1111 8
b1111 <
b1111 C
b11001 ?
0A
b11000 >
b10000 B
b1111 E
b1000 6
b1000 F
b1000 G
b10010 K
1%
#39808000
0'
#39810000
1P
b1101 4
b1101 :
b1101 R
0S
b10000 N
b10001 M
b11110 Q
b11101 T
b10011 2
b10011 J
b10011 U
b1000 H
b1001 W
b1101001 +
b1101001 3
b1101001 9
b1101001 V
1'
0%
#39812000
0'
#39813000
b1011001 #
b1011001 )
b1011001 -
b1011001 0
b1011001 7
b1011001 ;
b0 8
b0 <
b0 C
b11011 ?
b11001 >
b10010 5
b10010 @
b10010 L
b10011 K
b10001 B
b10000 E
b11000 6
b11000 F
b11000 G
1%
#39814000
1S
b1110 4
b1110 :
b1110 R
b10000 N
0P
b10001 M
b1010 W
b1101010 +
b1101010 3
b1101010 9
b1101010 V
b1000 1
b1000 I
b1000 O
b11000 H
b11110 Q
b11110 T
b10001 2
b10001 J
b10001 U
1!
0.
1'
#39816000
0'
0%
#39818000
0S
0!
1.
b11000 1
b11000 I
b11000 O
0*
1'
#39819000
b1011010 #
b1011010 )
b1011010 -
b1011010 0
b1011010 7
b1011010 ;
b1 8
b1 <
b1 C
b11010 ?
b11011 >
b10010 B
b10001 E
b11001 6
b11001 F
b11001 G
b10011 5
b10011 @
b10011 L
b10001 K
1%
#39820000
0'
0$
#39822000
b11001 H
0.
1'
0%
#39824000
0'
#39825000
b1011100 #
b1011100 )
b1011100 -
b1011100 0
b1011100 7
b1011100 ;
b10 8
b10 <
b10 C
b11110 ?
b11010 >
b10001 5
b10001 @
b10001 L
b10011 B
b10010 E
b11011 6
b11011 F
b11011 G
1%
#39826000
b11001 1
b11001 I
b11001 O
b11011 H
1'
#39828000
0'
0%
#39830000
b11011 1
b11011 I
b11011 O
1'
#39831000
b1011101 #
b1011101 )
b1011101 -
b1011101 0
b1011101 7
b1011101 ;
b11 8
b11 <
b11 C
b11111 ?
b11110 >
b10100 B
b10011 E
b11010 6
b11010 F
b11010 G
1%
#39832000
0'
#39834000
b11010 H
1'
0%
#39836000
0'
#39837000
b1011110 #
b1011110 )
b1011110 -
b1011110 0
b1011110 7
b1011110 ;
b100 8
b100 <
b100 C
b11101 ?
b11111 >
b10101 B
b10100 E
b11110 6
b11110 F
b11110 G
1%
#39838000
b11010 1
b11010 I
b11010 O
b11110 H
1'
#39840000
0'
0%
#39842000
b11110 1
b11110 I
b11110 O
1'
#39843000
b1011111 #
b1011111 )
b1011111 -
b1011111 0
b1011111 7
b1011111 ;
b101 8
b101 <
b101 C
b11100 ?
b11101 >
b10110 B
b10101 E
b11111 6
b11111 F
b11111 G
1%
#39844000
0'
#39846000
b11111 H
1'
0%
#39848000
0'
#39849000
b1100001 #
b1100001 )
b1100001 -
b1100001 0
b1100001 7
b1100001 ;
b110 8
b110 <
b110 C
b10100 ?
b11100 >
b10111 B
b10110 E
b11101 6
b11101 F
b11101 G
1%
#39850000
b11111 1
b11111 I
b11111 O
b11101 H
1'
#39852000
0'
0%
#39854000
b11101 1
b11101 I
b11101 O
1'
#39855000
b1100010 #
b1100010 )
b1100010 -
b1100010 0
b1100010 7
b1100010 ;
b111 8
b111 <
b111 C
b10101 ?
b10100 >
b11000 B
b10111 E
b11100 6
b11100 F
b11100 G
1%
#39856000
0'
#39858000
b11100 H
1'
0%
#39860000
0'
#39861000
b1100011 #
b1100011 )
b1100011 -
b1100011 0
b1100011 7
b1100011 ;
b1000 8
b1000 <
b1000 C
b10111 ?
b10101 >
b11001 B
b11000 E
b10100 6
b10100 F
b10100 G
1%
#39862000
b11100 1
b11100 I
b11100 O
b10100 H
1'
#39864000
0'
0%
#39866000
b10100 1
b10100 I
b10100 O
1'
#39867000
b1100100 #
b1100100 )
b1100100 -
b1100100 0
b1100100 7
b1100100 ;
b1001 8
b1001 <
b1001 C
b10110 ?
b10111 >
b11010 B
b11001 E
b10101 6
b10101 F
b10101 G
1%
#39868000
0'
#39870000
b10101 H
1'
0%
#39872000
0'
#39873000
b1100110 #
b1100110 )
b1100110 -
b1100110 0
b1100110 7
b1100110 ;
b1010 8
b1010 <
b1010 C
0D
b10010 ?
b10110 >
b11011 B
b11010 E
b10111 6
b10111 F
b10111 G
1%
#39874000
b10101 1
b10101 I
b10101 O
b10111 H
1'
#39876000
0'
0%
#39878000
b10111 1
b10111 I
b10111 O
1'
#39879000
b1100111 #
b1100111 )
b1100111 -
b1100111 0
b1100111 7
b1100111 ;
b1011 8
b1011 <
b1011 C
b10011 ?
0A
b10010 >
b11100 B
b11011 E
b10110 6
b10110 F
b10110 G
1%
#39880000
0'
#39882000
b10110 H
1'
0%
#39884000
0'
#39885000
1D
b1101000 #
b1101000 )
b1101000 -
b1101000 0
b1101000 7
b1101000 ;
b1100 8
b1100 <
b1100 C
b10001 ?
b10011 >
b11101 B
b11100 E
b10010 6
b10010 F
b10010 G
1%
#39886000
b10110 1
b10110 I
b10110 O
b10010 H
1'
#39888000
0'
0%
#39890000
b10010 1
b10010 I
b10010 O
1'
#39891000
1A
b1101001 #
b1101001 )
b1101001 -
b1101001 0
b1101001 7
b1101001 ;
b1101 8
b1101 <
b1101 C
0D
b10000 ?
b10001 >
1/
b11110 B
b11101 E
b10011 6
b10011 F
b10011 G
1%
#39892000
0'
#39894000
b10011 H
1'
0%
#39896000
0'
#39897000
b1010111 #
b1010111 )
b1010111 -
b1010111 0
b1010111 7
b1010111 ;
b1110 8
b1110 <
b1110 C
b10000 ?
1A
b10001 >
b11110 B
b11110 E
b10001 6
b10001 F
b10001 G
1"
0/
1%
#39898000
b10011 1
b10011 I
b10011 O
b10001 H
1'
#39900000
0'
0%
#39902000
b10001 1
b10001 I
b10001 O
1'
#39903000
0,
1%
#39904000
0'
#39906000
1'
0%
#39908000
0'
#39909000
1%
#39910000
1'
#39912000
0'
0%
#39914000
1'
#39915000
1%
#39916000
0'
#39918000
1'
0%
#39920000
0'
#39921000
1%
#39922000
1'
#39924000
0'
0%
#39926000
1'
#39927000
1%
#39928000
0'
#39930000
1'
0%
#39932000
0'
#39933000
1%
#39934000
1'
#39936000
0'
0%
#39938000
1'
#39939000
1%
#39940000
0'
#39942000
1'
0%
#39944000
0'
#39945000
1%
#39946000
1'
#39948000
0'
0%
#39950000
1'
#39951000
1%
#39952000
0'
#39954000
1'
0%
#39956000
0'
#39957000
1%
#39958000
1'
#39960000
0'
0%
#39962000
1'
#39963000
1%
#39964000
0'
#39966000
1'
0%
#39968000
0'
#39969000
1%
#39970000
1'
#39972000
0'
0%
#39974000
1'
#39975000
1%
#39976000
0'
#39978000
1'
0%
#39980000
0'
#39981000
1%
#39982000
1'
#39984000
0'
0%
#39986000
1'
#39987000
1%
#39988000
0'
#39990000
1'
0%
#39992000
0'
#39993000
1%
#39994000
1'
#39996000
0'
0%
#39998000
1'
#39999000
1%
#40000000
0'
#40002000
1'
0%
#40004000
0'
#40005000
1%
#40006000
1'
#40008000
0'
0%
#40010000
1'
#40011000
1%
#40012000
0'
#40014000
1'
0%
#40016000
0'
#40017000
1%
#40018000
1'
#40020000
0'
0%
#40022000
1'
#40023000
1%
#40024000
0'
#40026000
1'
0%
#40028000
0'
#40029000
1%
#40030000
1'
#40032000
0'
0%
#40034000
1'
#40035000
1%
#40036000
0'
#40038000
1'
0%
#40040000
0'
#40041000
1%
#40042000
1'
#40044000
0'
0%
#40046000
1'
#40047000
1%
#40048000
0'
#40050000
1'
0%
#40052000
0'
#40053000
1%
#40054000
1'
#40056000
0'
0%
#40058000
1'
#40059000
1%
#40060000
0'
#40062000
1'
0%
#40064000
0'
#40065000
1%
#40066000
1'
#40068000
0'
0%
#40070000
1'
#40071000
1%
#40072000
0'
#40074000
1'
0%
#40076000
0'
#40077000
1%
#40078000
1'
#40080000
0'
0%
#40082000
1'
#40083000
1%
#40084000
0'
#40086000
1'
0%
#40088000
0'
#40089000
1%
#40090000
1'
#40092000
0'
0%
#40094000
1'
#40095000
1%
#40096000
0'
#40098000
1'
0%
#40100000
0'
#40101000
1%
#40102000
1'
#40104000
0'
0%
#40106000
1'
#40107000
1%
#40108000
0'
#40110000
1'
0%
#40112000
0'
#40113000
1%
#40114000
1'
#40116000
0'
0%
#40118000
1'
#40119000
1%
#40120000
0'
#40122000
1'
0%
#40124000
0'
#40125000
1%
#40126000
1'
#40128000
0'
0%
#40130000
1'
#40131000
1%
#40132000
0'
#40134000
1'
0%
#40136000
0'
#40137000
1%
#40138000
1'
#40140000
0'
0%
#40142000
1'
#40143000
1%
#40144000
0'
#40146000
1'
0%
#40148000
0'
#40149000
1%
#40150000
1'
#40152000
0'
0%
#40154000
1'
#40155000
1%
#40156000
0'
#40158000
1'
0%
#40160000
0'
#40161000
1%
#40162000
1'
#40164000
0'
0%
#40166000
1'
#40167000
1%
#40168000
0'
#40170000
1'
0%
#40172000
0'
#40173000
1%
#40174000
1'
#40176000
0'
0%
#40178000
1'
#40179000
1%
#40180000
0'
#40182000
1'
0%
#40184000
0'
#40185000
1%
#40186000
1'
#40188000
0'
0%
#40190000
1'
#40191000
1%
#40192000
0'
#40194000
1'
0%
#40196000
0'
#40197000
1%
#40198000
1'
#40200000
0'
0%
#40202000
1'
#40203000
1%
#40204000
0'
#40206000
1'
0%
#40208000
0'
#40209000
1%
#40210000
1'
#40212000
0'
0%
#40214000
1'
#40215000
1%
#40216000
0'
#40218000
1'
0%
#40220000
0'
#40221000
1%
#40222000
1'
#40224000
0'
0%
#40226000
1'
#40227000
1%
#40228000
0'
#40230000
1'
0%
#40232000
0'
#40233000
1%
#40234000
1'
#40236000
0'
0%
#40238000
1'
#40239000
1%
#40240000
0'
#40242000
1'
0%
#40244000
0'
#40245000
1%
#40246000
1'
#40248000
0'
0%
#40250000
1'
#40251000
1%
#40252000
0'
#40254000
1'
0%
#40256000
0'
#40257000
1%
#40258000
1'
#40260000
0'
0%
#40262000
1'
#40263000
1%
#40264000
0'
#40266000
1'
0%
#40268000
0'
#40269000
1%
#40270000
1'
#40272000
0'
0%
#40274000
1'
#40275000
1%
#40276000
0'
#40278000
1'
0%
#40280000
0'
#40281000
1%
#40282000
1'
#40284000
0'
0%
#40286000
1'
#40287000
1%
#40288000
0'
#40290000
1'
0%
#40292000
0'
#40293000
1%
#40294000
1'
#40296000
0'
0%
#40298000
1'
#40299000
1%
#40300000
0'
#40302000
1'
0%
#40304000
0'
#40305000
1%
#40306000
1'
#40308000
0'
0%
#40310000
1'
#40311000
1%
#40312000
0'
#40314000
1'
0%
#40316000
0'
#40317000
1%
#40318000
1'
#40320000
0'
0%
#40322000
1'
#40323000
1%
#40324000
0'
#40326000
1'
0%
#40328000
0'
#40329000
1%
#40330000
1'
#40332000
0'
0%
#40334000
1'
#40335000
1%
#40336000
0'
#40338000
1'
0%
#40340000
0'
#40341000
1%
#40342000
1'
#40344000
0'
0%
#40346000
1'
#40347000
1%
#40348000
0'
#40350000
1'
0%
#40352000
0'
#40353000
1%
#40354000
1'
#40356000
0'
0%
#40358000
1'
#40359000
1%
#40360000
0'
#40362000
1'
0%
#40364000
0'
#40365000
1%
#40366000
1'
#40368000
0'
0%
#40370000
1'
#40371000
1%
#40372000
0'
#40374000
1'
0%
#40376000
0'
#40377000
1%
#40378000
1'
#40380000
0'
0%
#40382000
1'
#40383000
1%
#40384000
0'
#40386000
1'
0%
#40388000
0'
#40389000
1%
#40390000
1'
#40392000
0'
0%
#40394000
1'
#40395000
1%
#40396000
0'
#40398000
1'
0%
#40400000
0'
#40401000
1%
#40402000
1'
#40404000
0'
0%
#40406000
1'
#40407000
1%
#40408000
0'
#40410000
1'
0%
#40412000
0'
#40413000
1%
#40414000
1'
#40416000
0'
0%
#40418000
1'
#40419000
1%
#40420000
0'
#40422000
1'
0%
#40424000
0'
#40425000
1%
#40426000
1'
#40428000
0'
0%
#40430000
1'
#40431000
1%
#40432000
0'
#40434000
1'
0%
#40436000
0'
#40437000
1%
#40438000
1'
#40440000
0'
0%
#40442000
1'
#40443000
1%
#40444000
0'
#40446000
1'
0%
#40448000
0'
#40449000
1%
#40450000
1'
#40452000
0'
0%
#40454000
1'
#40455000
1%
#40456000
0'
#40458000
1'
0%
#40460000
0'
#40461000
1%
#40462000
1'
#40464000
0'
0%
#40466000
1'
#40467000
1%
#40468000
0'
#40470000
1'
0%
#40472000
0'
#40473000
1%
#40474000
1'
#40476000
0'
0%
#40478000
1'
#40479000
1%
#40480000
0'
#40482000
1'
0%
#40484000
0'
#40485000
1%
#40486000
1'
#40488000
0'
0%
#40490000
1'
#40491000
1%
#40492000
0'
#40494000
1'
0%
#40496000
0'
#40497000
1%
#40498000
1'
#40500000
0'
0%
#40502000
1'
#40503000
1%
#40504000
0'
#40506000
1'
0%
#40508000
0'
#40509000
1%
#40510000
1'
#40512000
0'
0%
#40514000
1'
#40515000
1%
#40516000
0'
#40518000
1'
0%
#40520000
0'
#40521000
1%
#40522000
1'
#40524000
0'
0%
#40526000
1'
#40527000
1%
#40528000
0'
#40530000
1'
0%
#40532000
0'
#40533000
1%
#40534000
1'
#40536000
0'
0%
#40538000
1'
#40539000
1%
#40540000
0'
#40542000
1'
0%
#40544000
0'
#40545000
1%
#40546000
1'
#40548000
0'
0%
#40550000
1'
#40551000
1%
#40552000
0'
#40554000
1'
0%
#40556000
0'
#40557000
1%
#40558000
1'
#40560000
0'
0%
#40562000
1'
#40563000
1%
#40564000
0'
#40566000
1'
0%
#40568000
0'
#40569000
1%
#40570000
1'
#40572000
0'
0%
#40574000
1'
#40575000
1%
#40576000
0'
#40578000
1'
0%
#40580000
0'
#40581000
1%
#40582000
1'
#40584000
0'
0%
#40586000
1'
#40587000
1%
#40588000
0'
#40590000
1'
0%
#40592000
0'
#40593000
1%
#40594000
1'
#40596000
0'
0%
#40598000
1'
#40599000
1%
#40600000
0'
#40602000
1'
0%
#40604000
0'
#40605000
1%
#40606000
1'
#40608000
0'
0%
#40610000
1'
#40611000
1%
#40612000
0'
#40614000
1'
0%
#40616000
0'
#40617000
1%
#40618000
1'
#40620000
0'
0%
#40622000
1'
#40623000
1%
#40624000
0'
#40626000
1'
0%
#40628000
0'
#40629000
1%
#40630000
1'
#40632000
0'
0%
#40634000
1'
#40635000
1%
#40636000
0'
#40638000
1'
0%
#40640000
0'
#40641000
1%
#40642000
1'
#40644000
0'
0%
#40646000
1'
#40647000
1%
#40648000
0'
#40650000
1'
0%
#40652000
0'
#40653000
1%
#40654000
1'
#40656000
0'
0%
#40658000
1'
#40659000
1%
#40660000
0'
#40662000
1'
0%
#40664000
0'
#40665000
1%
#40666000
1'
#40668000
0'
0%
#40670000
1'
#40671000
1%
#40672000
0'
#40674000
1'
0%
#40676000
0'
#40677000
1%
#40678000
1'
#40680000
0'
0%
#40682000
1'
#40683000
1%
#40684000
0'
#40686000
1'
0%
#40688000
0'
#40689000
1%
#40690000
1'
#40692000
0'
0%
#40694000
1'
#40695000
1%
#40696000
0'
#40698000
1'
0%
#40700000
0'
#40701000
1%
#40702000
1'
#40704000
0'
0%
#40706000
1'
#40707000
1%
#40708000
0'
#40710000
1'
0%
#40712000
0'
#40713000
1%
#40714000
1'
#40716000
0'
0%
#40718000
1'
#40719000
1%
#40720000
0'
#40722000
1'
0%
#40724000
0'
#40725000
1%
#40726000
1'
#40728000
0'
0%
#40730000
1'
#40731000
1%
#40732000
0'
#40734000
1'
0%
#40736000
0'
#40737000
1%
#40738000
1'
#40740000
0'
0%
#40742000
1'
#40743000
1%
#40744000
0'
#40746000
1'
0%
#40748000
0'
#40749000
1%
#40750000
1'
#40752000
0'
0%
#40754000
1'
#40755000
1%
#40756000
0'
#40758000
1'
0%
#40760000
0'
#40761000
1%
#40762000
1'
#40764000
0'
0%
#40766000
1'
#40767000
1%
#40768000
0'
#40770000
1'
0%
#40772000
0'
#40773000
1%
#40774000
1'
#40776000
0'
0%
#40778000
1'
#40779000
1%
#40780000
0'
#40782000
1'
0%
#40784000
0'
#40785000
1%
#40786000
1'
#40788000
0'
0%
#40790000
1'
#40791000
1%
#40792000
0'
#40794000
1'
0%
#40796000
0'
#40797000
1%
#40798000
1'
#40800000
0'
0%
#40802000
1'
#40803000
1%
#40804000
0'
#40806000
1'
0%
#40808000
0'
#40809000
1%
#40810000
1'
#40812000
0'
0%
#40814000
1'
#40815000
1%
#40816000
0'
#40818000
1'
0%
#40820000
0'
#40821000
1%
#40822000
1'
#40824000
0'
0%
#40826000
1'
#40827000
1%
#40828000
0'
#40830000
1'
0%
#40832000
0'
#40833000
1%
#40834000
1'
#40836000
0'
0%
#40838000
1'
#40839000
1%
#40840000
0'
#40842000
1'
0%
#40844000
0'
#40845000
1%
#40846000
1'
#40848000
0'
0%
#40850000
1'
#40851000
1%
#40852000
0'
#40854000
1'
0%
#40856000
0'
#40857000
1%
#40858000
1'
#40860000
0'
0%
#40862000
1'
#40863000
1%
#40864000
0'
#40866000
1'
0%
#40868000
0'
#40869000
1%
#40870000
1'
#40872000
0'
0%
#40874000
1'
#40875000
1%
#40876000
0'
#40878000
1'
0%
#40880000
0'
#40881000
1%
#40882000
1'
#40884000
0'
0%
#40886000
1'
#40887000
1%
#40888000
0'
#40890000
1'
0%
#40892000
0'
#40893000
1%
#40894000
1'
#40896000
0'
0%
#40898000
1'
#40899000
1%
#40900000
0'
#40902000
1'
0%
#40904000
0'
#40905000
1%
#40906000
1'
#40908000
0'
0%
#40910000
1'
#40911000
1%
#40912000
0'
#40914000
1'
0%
#40916000
0'
#40917000
1%
#40918000
1'
#40920000
0'
0%
#40922000
1'
#40923000
1%
#40924000
0'
#40926000
1'
0%
#40928000
0'
#40929000
1%
#40930000
1'
#40932000
0'
0%
#40934000
1'
#40935000
1%
#40936000
0'
#40938000
1'
0%
#40940000
0'
#40941000
1%
#40942000
1'
#40944000
0'
0%
#40946000
1'
#40947000
1%
#40948000
0'
#40950000
1'
0%
#40952000
0'
#40953000
1%
#40954000
1'
#40956000
0'
0%
#40958000
1'
#40959000
1%
#40960000
0'
#40962000
1'
0%
#40964000
0'
#40965000
1%
#40966000
1'
#40968000
0'
0%
#40970000
1'
#40971000
1%
#40972000
0'
#40974000
1'
0%
#40976000
0'
#40977000
1%
#40978000
1'
#40980000
0'
0%
#40982000
1'
#40983000
1%
#40984000
0'
#40986000
1'
0%
#40988000
0'
#40989000
1%
#40990000
1'
#40992000
0'
0%
#40994000
1'
#40995000
1%
#40996000
0'
#40998000
1'
0%
#41000000
0'
#41001000
1%
#41002000
1'
#41004000
0'
0%
#41006000
1'
#41007000
1%
#41008000
0'
#41010000
1'
0%
#41012000
0'
#41013000
1%
#41014000
1'
#41016000
0'
0%
#41018000
1'
#41019000
1%
#41020000
0'
#41022000
1'
0%
#41024000
0'
#41025000
1%
#41026000
1'
#41028000
0'
0%
#41030000
1'
#41031000
1%
#41032000
0'
#41034000
1'
0%
#41036000
0'
#41037000
1%
#41038000
1'
#41040000
0'
0%
#41042000
1'
#41043000
1%
#41044000
0'
#41046000
1'
0%
#41048000
0'
#41049000
1%
#41050000
1'
#41052000
0'
0%
#41054000
1'
#41055000
1%
#41056000
0'
#41058000
1'
0%
#41060000
0'
#41061000
1%
#41062000
1'
#41064000
0'
0%
#41066000
1'
#41067000
1%
#41068000
0'
#41070000
1'
0%
#41072000
0'
#41073000
1%
#41074000
1'
#41076000
0'
0%
#41078000
1'
#41079000
1%
#41080000
0'
#41082000
1'
0%
#41084000
0'
#41085000
1%
#41086000
1'
#41088000
0'
0%
#41090000
1'
#41091000
1%
#41092000
0'
#41094000
1'
0%
#41096000
0'
#41097000
1%
#41098000
1'
#41100000
0'
0%
#41102000
1'
#41103000
1%
#41104000
0'
#41106000
1'
0%
#41108000
0'
#41109000
1%
#41110000
1'
#41112000
0'
0%
#41114000
1'
#41115000
1%
#41116000
0'
#41118000
1'
0%
#41120000
0'
#41121000
1%
#41122000
1'
#41124000
0'
0%
#41126000
1'
#41127000
1%
#41128000
0'
#41130000
1'
0%
#41132000
0'
#41133000
1%
#41134000
1'
#41136000
0'
0%
#41138000
1'
#41139000
1%
#41140000
0'
#41142000
1'
0%
#41144000
0'
#41145000
1%
#41146000
1'
#41148000
0'
0%
#41150000
1'
#41151000
1%
#41152000
0'
#41154000
1'
0%
#41156000
0'
#41157000
1%
#41158000
1'
#41160000
0'
0%
#41162000
1'
#41163000
1%
#41164000
0'
#41166000
1'
0%
#41168000
0'
#41169000
1%
#41170000
1'
#41172000
0'
0%
#41174000
1'
#41175000
1%
#41176000
0'
#41178000
1'
0%
#41180000
0'
#41181000
1%
#41182000
1'
#41184000
0'
0%
#41186000
1'
#41187000
1%
#41188000
0'
#41190000
1'
0%
#41192000
0'
#41193000
1%
#41194000
1'
#41196000
0'
0%
#41198000
1'
#41199000
1%
#41200000
0'
#41202000
1'
0%
#41204000
0'
#41205000
1%
#41206000
1'
#41208000
0'
0%
#41210000
1'
#41211000
1%
#41212000
0'
#41214000
1'
0%
#41216000
0'
#41217000
1%
#41218000
1'
#41220000
0'
0%
#41222000
1'
#41223000
1%
#41224000
0'
#41226000
1'
0%
#41228000
0'
#41229000
1%
#41230000
1'
#41232000
0'
0%
#41234000
1'
#41235000
1%
#41236000
0'
#41238000
1'
0%
#41240000
0'
#41241000
1%
#41242000
1'
#41244000
0'
0%
#41246000
1'
#41247000
1%
#41248000
0'
#41250000
1'
0%
#41252000
0'
#41253000
1%
#41254000
1'
#41256000
0'
0%
#41258000
1'
#41259000
1%
#41260000
0'
#41262000
1'
0%
#41264000
0'
#41265000
1%
#41266000
1'
#41268000
0'
0%
#41270000
1'
#41271000
1%
#41272000
0'
#41274000
1'
0%
#41276000
0'
#41277000
1%
#41278000
1'
#41280000
0'
0%
#41282000
1'
#41283000
1%
#41284000
0'
#41286000
1'
0%
#41288000
0'
#41289000
1%
#41290000
1'
#41292000
0'
0%
#41294000
1'
#41295000
1%
#41296000
0'
#41298000
1'
0%
#41300000
0'
#41301000
1%
#41302000
1'
#41304000
0'
0%
#41306000
1'
#41307000
1%
#41308000
0'
#41310000
1'
0%
#41312000
0'
#41313000
1%
#41314000
1'
#41316000
0'
0%
#41318000
1'
#41319000
1%
#41320000
0'
#41322000
1'
0%
#41324000
0'
#41325000
1%
#41326000
1'
#41328000
0'
0%
#41330000
1'
#41331000
1%
#41332000
0'
#41334000
1'
0%
#41336000
0'
#41337000
1%
#41338000
1'
#41340000
0'
0%
#41342000
1'
#41343000
1%
#41344000
0'
#41346000
1'
0%
#41348000
0'
#41349000
1%
#41350000
1'
#41352000
0'
0%
#41354000
1'
#41355000
1%
#41356000
0'
#41358000
1'
0%
#41360000
0'
#41361000
1%
#41362000
1'
#41364000
0'
0%
#41366000
1'
#41367000
1%
#41368000
0'
#41370000
1'
0%
#41372000
0'
#41373000
1%
#41374000
1'
#41376000
0'
0%
#41378000
1'
#41379000
1%
#41380000
0'
#41382000
1'
0%
#41384000
0'
#41385000
1%
#41386000
1'
#41388000
0'
0%
#41390000
1'
#41391000
1%
#41392000
0'
#41394000
1'
0%
#41396000
0'
#41397000
1%
#41398000
1'
#41400000
0'
0%
#41402000
1'
#41403000
1%
#41404000
0'
#41406000
1'
0%
#41408000
0'
#41409000
1%
#41410000
1'
#41412000
0'
0%
#41414000
1'
#41415000
1%
#41416000
0'
#41418000
1'
0%
#41420000
0'
#41421000
1%
#41422000
1'
#41424000
0'
0%
#41426000
1'
#41427000
1%
#41428000
0'
#41430000
1'
0%
#41432000
0'
#41433000
1%
#41434000
1'
#41436000
0'
0%
#41438000
1'
#41439000
1%
#41440000
0'
#41442000
1'
0%
#41444000
0'
#41445000
1%
#41446000
1'
#41448000
0'
0%
#41450000
1'
#41451000
1%
#41452000
0'
#41454000
1'
0%
#41456000
0'
#41457000
1%
#41458000
1'
#41460000
0'
0%
#41462000
1'
#41463000
1%
#41464000
0'
#41466000
1'
0%
#41468000
0'
#41469000
1%
#41470000
1'
#41472000
0'
0%
#41474000
1'
#41475000
1%
#41476000
0'
#41478000
1'
0%
#41480000
0'
#41481000
1%
#41482000
1'
#41484000
0'
0%
#41486000
1'
#41487000
1%
#41488000
0'
#41490000
1'
0%
#41492000
0'
#41493000
1%
#41494000
1'
#41496000
0'
0%
#41498000
1'
#41499000
1%
#41500000
0'
#41502000
1'
0%
#41504000
0'
#41505000
1%
#41506000
1'
#41508000
0'
0%
#41510000
1'
#41511000
1%
#41512000
0'
#41514000
1'
0%
#41516000
0'
#41517000
1%
#41518000
1'
#41520000
0'
0%
#41522000
1'
#41523000
1%
#41524000
0'
#41526000
1'
0%
#41528000
0'
#41529000
1%
#41530000
1'
#41532000
0'
0%
#41534000
1'
#41535000
1%
#41536000
0'
#41538000
1'
0%
#41540000
0'
#41541000
1%
#41542000
1'
#41544000
0'
0%
#41546000
1'
#41547000
1%
#41548000
0'
#41550000
1'
0%
#41552000
0'
#41553000
1%
#41554000
1'
#41556000
0'
0%
#41558000
1'
#41559000
1%
#41560000
0'
#41562000
1'
0%
#41564000
0'
#41565000
1%
#41566000
1'
#41568000
0'
0%
#41570000
1'
#41571000
1%
#41572000
0'
#41574000
1'
0%
#41576000
0'
#41577000
1%
#41578000
1'
#41580000
0'
0%
#41582000
1'
#41583000
1%
#41584000
0'
#41586000
1'
0%
#41588000
0'
#41589000
1%
#41590000
1'
#41592000
0'
0%
#41594000
1'
#41595000
1%
#41596000
0'
#41598000
1'
0%
#41600000
0'
#41601000
1%
#41602000
1'
#41604000
0'
0%
#41606000
1'
#41607000
1%
#41608000
0'
#41610000
1'
0%
#41612000
0'
#41613000
1%
#41614000
1'
#41616000
0'
0%
#41618000
1'
#41619000
1%
#41620000
0'
#41622000
1'
0%
#41624000
0'
#41625000
1%
#41626000
1'
#41628000
0'
0%
#41630000
1'
#41631000
1%
#41632000
0'
#41634000
1'
0%
#41636000
0'
#41637000
1%
#41638000
1'
#41640000
0'
0%
#41642000
1'
#41643000
1%
#41644000
0'
#41646000
1'
0%
#41648000
0'
#41649000
1%
#41650000
1'
#41652000
0'
0%
#41654000
1'
#41655000
1%
#41656000
0'
#41658000
1'
0%
#41660000
0'
#41661000
1%
#41662000
1'
#41664000
0'
0%
#41666000
1'
#41667000
1%
#41668000
0'
#41670000
1'
0%
#41672000
0'
#41673000
1%
#41674000
1'
#41676000
0'
0%
#41678000
1'
#41679000
1%
#41680000
0'
#41682000
1'
0%
#41684000
0'
#41685000
1%
#41686000
1'
#41688000
0'
0%
#41690000
1'
#41691000
1%
#41692000
0'
#41694000
1'
0%
#41696000
0'
#41697000
1%
#41698000
1'
#41700000
0'
0%
#41702000
1'
#41703000
1%
#41704000
0'
#41706000
1'
0%
#41708000
0'
#41709000
1%
#41710000
1'
#41712000
0'
0%
#41714000
1'
#41715000
1%
#41716000
0'
#41718000
1'
0%
#41720000
0'
#41721000
1%
#41722000
1'
#41724000
0'
0%
#41726000
1'
#41727000
1%
#41728000
0'
#41730000
1'
0%
#41732000
0'
#41733000
1%
#41734000
1'
#41736000
0'
0%
#41738000
1'
#41739000
1%
#41740000
0'
#41742000
1'
0%
#41744000
0'
#41745000
1%
#41746000
1'
#41748000
0'
0%
#41750000
1'
#41751000
1%
#41752000
0'
#41754000
1'
0%
#41756000
0'
#41757000
1%
#41758000
1'
#41760000
0'
0%
#41762000
1'
#41763000
1%
#41764000
0'
#41766000
1'
0%
#41768000
0'
#41769000
1%
#41770000
1'
#41772000
0'
0%
#41774000
1'
#41775000
1%
#41776000
0'
#41778000
1'
0%
#41780000
0'
#41781000
1%
#41782000
1'
#41784000
0'
0%
#41786000
1'
#41787000
1%
#41788000
0'
#41790000
1'
0%
#41792000
0'
#41793000
1%
#41794000
1'
#41796000
0'
0%
#41798000
1'
#41799000
1%
#41800000
0'
#41802000
1'
0%
#41804000
0'
#41805000
1%
#41806000
1'
#41808000
0'
0%
#41810000
1'
#41811000
1%
#41812000
0'
#41814000
1'
0%
#41816000
0'
#41817000
1%
#41818000
1'
#41820000
0'
0%
1$
#41822000
b0 N
b10000 M
b11111 Q
b1011 W
b1101011 +
b1101011 3
b1101011 9
b1101011 V
1*
1'
#41823000
1%
#41824000
0'
#41826000
b1111 4
b1111 :
b1111 R
b1 N
b0 M
b1101011 #
b1101011 )
b1101011 -
b1101011 0
b1101011 7
b1101011 ;
b0 Q
b11111 T
b10000 2
b10000 J
b10000 U
b1100 W
b1101100 +
b1101100 3
b1101100 9
b1101100 V
1'
0%
#41828000
0'
#41829000
b10000 K
1%
#41830000
b0 4
b0 :
b0 R
b11 N
b1 M
b1101 W
b1101101 +
b1101101 3
b1101101 9
b1101101 V
b1 Q
b0 T
b0 2
b0 J
b0 U
1'
#41832000
0'
0%
#41834000
b1 4
b1 :
b1 R
b10 N
b11 M
b10 Q
b1 T
b1 2
b1 J
b1 U
b1110 W
b1101110 +
b1101110 3
b1101110 9
b1101110 V
1'
#41835000
1D
0A
b10000 5
b10000 @
b10000 L
b1 K
1%
#41836000
0'
#41838000
b10 4
b10 :
b10 R
b110 N
b10 M
b1111 W
b1101111 +
b1101111 3
b1101111 9
b1101111 V
b11 Q
b10 T
b11 2
b11 J
b11 U
1'
0%
#41840000
0'
#41841000
0D
b1 5
b1 @
b1 L
b11 K
0"
1/
1%
#41842000
b11 4
b11 :
b11 R
b111 N
b110 M
b100 Q
b11 T
b10 2
b10 J
b10 U
b0 W
b1110000 +
b1110000 3
b1110000 9
b1110000 V
1'
#41844000
0'
0%
#41846000
b100 4
b100 :
b100 R
b101 N
b111 M
b1 W
b1110001 +
b1110001 3
b1110001 9
b1110001 V
b101 Q
b100 T
b110 2
b110 J
b110 U
1'
#41847000
b0 ?
b10000 >
b11111 B
1,
0/
b11 5
b11 @
b11 L
b110 K
1%
#41848000
0'
#41850000
b101 4
b101 :
b101 R
b100 N
b101 M
b110 Q
b101 T
b111 2
b111 J
b111 U
b10 W
b1110010 +
b1110010 3
b1110010 9
b1110010 V
1'
0%
#41852000
0'
#41853000
b1101100 #
b1101100 )
b1101100 -
b1101100 0
b1101100 7
b1101100 ;
b1111 8
b1111 <
b1111 C
b1 ?
b0 >
b110 5
b110 @
b110 L
b111 K
b0 B
b11111 E
b10000 6
b10000 F
b10000 G
1%
#41854000
b110 4
b110 :
b110 R
b1100 N
b100 M
b11 W
b1110011 +
b1110011 3
b1110011 9
b1110011 V
b10000 H
b111 Q
b110 T
b101 2
b101 J
b101 U
1'
#41856000
0'
0%
#41858000
b111 4
b111 :
b111 R
b1101 N
b1100 M
b1000 Q
b111 T
b100 2
b100 J
b100 U
b10000 1
b10000 I
b10000 O
b100 W
b1110100 +
b1110100 3
b1110100 9
b1110100 V
1'
#41859000
b1101101 #
b1101101 )
b1101101 -
b1101101 0
b1101101 7
b1101101 ;
b0 8
b0 <
b0 C
b11 ?
b1 >
b1 B
b0 E
b0 6
b0 F
b0 G
b111 5
b111 @
b111 L
b100 K
1%
#41860000
0'
#41862000
b1000 4
b1000 :
b1000 R
b1111 N
b1101 M
b101 W
b1110101 +
b1110101 3
b1110101 9
b1110101 V
b0 H
b1001 Q
b1000 T
b1100 2
b1100 J
b1100 U
1'
0%
#41864000
0'
#41865000
b1101110 #
b1101110 )
b1101110 -
b1101110 0
b1101110 7
b1101110 ;
b1 8
b1 <
b1 C
b10 ?
b11 >
b100 5
b100 @
b100 L
b1100 K
b10 B
b1 E
b1 6
b1 F
b1 G
1%
#41866000
b1001 4
b1001 :
b1001 R
b1110 N
b1111 M
b1010 Q
b1001 T
b1101 2
b1101 J
b1101 U
b0 1
b0 I
b0 O
b1 H
b110 W
b1110110 +
b1110110 3
b1110110 9
b1110110 V
1'
#41868000
0'
0%
#41870000
b1010 4
b1010 :
b1010 R
b1010 N
b1110 M
b111 W
b1110111 +
b1110111 3
b1110111 9
b1110111 V
b1 1
b1 I
b1 O
b1011 Q
b1010 T
b1111 2
b1111 J
b1111 U
1'
#41871000
b1101111 #
b1101111 )
b1101111 -
b1101111 0
b1101111 7
b1101111 ;
b10 8
b10 <
b10 C
b110 ?
b10 >
b11 B
b10 E
b11 6
b11 F
b11 G
b1100 5
b1100 @
b1100 L
b1111 K
1%
#41872000
0'
#41874000
b1011 4
b1011 :
b1011 R
b1011 N
b1010 M
b1100 Q
b1011 T
b1110 2
b1110 J
b1110 U
b11 H
b1000 W
b1111000 +
b1111000 3
b1111000 9
b1111000 V
1'
0%
#41876000
0'
#41877000
b1110000 #
b1110000 )
b1110000 -
b1110000 0
b1110000 7
b1110000 ;
b11 8
b11 <
b11 C
b111 ?
b110 >
b1111 5
b1111 @
b1111 L
b1110 K
b100 B
b11 E
b10 6
b10 F
b10 G
1%
#41878000
b1100 4
b1100 :
b1100 R
b1001 N
b1011 M
b1001 W
b1111001 +
b1111001 3
b1111001 9
b1111001 V
b11 1
b11 I
b11 O
b10 H
b1101 Q
b1100 T
b1010 2
b1010 J
b1010 U
1'
#41880000
0'
0%
#41882000
b1101 4
b1101 :
b1101 R
b1000 N
b1001 M
b1110 Q
b1101 T
b1011 2
b1011 J
b1011 U
b10 1
b10 I
b10 O
b1010 W
b1111010 +
b1111010 3
b1111010 9
b1111010 V
1'
#41883000
b1110001 #
b1110001 )
b1110001 -
b1110001 0
b1110001 7
b1110001 ;
b100 8
b100 <
b100 C
b101 ?
b111 >
b101 B
b100 E
b110 6
b110 F
b110 G
b1110 5
b1110 @
b1110 L
b1011 K
1%
#41884000
0'
#41886000
b1110 4
b1110 :
b1110 R
b11000 N
b1000 M
b1011 W
b1111011 +
b1111011 3
b1111011 9
b1111011 V
b110 H
b1111 Q
b1110 T
b1001 2
b1001 J
b1001 U
1'
0%
#41888000
0'
#41889000
b1110010 #
b1110010 )
b1110010 -
b1110010 0
b1110010 7
b1110010 ;
b101 8
b101 <
b101 C
b100 ?
b101 >
b1011 5
b1011 @
b1011 L
b1001 K
b110 B
b101 E
b111 6
b111 F
b111 G
1%
#41890000
b1111 4
b1111 :
b1111 R
b11001 N
b11000 M
b10000 Q
b1111 T
b1000 2
b1000 J
b1000 U
b110 1
b110 I
b110 O
b111 H
b1100 W
b1111100 +
b1111100 3
b1111100 9
b1111100 V
1'
#41892000
0'
0%
#41894000
b0 4
b0 :
b0 R
b11011 N
b11001 M
b1101 W
b1111101 +
b1111101 3
b1111101 9
b1111101 V
b111 1
b111 I
b111 O
b10001 Q
b10000 T
b11000 2
b11000 J
b11000 U
1'
#41895000
b1110011 #
b1110011 )
b1110011 -
b1110011 0
b1110011 7
b1110011 ;
b110 8
b110 <
b110 C
b1100 ?
b100 >
b111 B
b110 E
b101 6
b101 F
b101 G
b1001 5
b1001 @
b1001 L
b11000 K
1%
#41896000
0'
#41898000
b1 4
b1 :
b1 R
b11010 N
b11011 M
b10010 Q
b10001 T
b11001 2
b11001 J
b11001 U
b101 H
b1110 W
b1111110 +
b1111110 3
b1111110 9
b1111110 V
1'
0%
#41900000
0'
#41901000
b1110100 #
b1110100 )
b1110100 -
b1110100 0
b1110100 7
b1110100 ;
b111 8
b111 <
b111 C
b1101 ?
b1100 >
b11000 5
b11000 @
b11000 L
b11001 K
b1000 B
b111 E
b100 6
b100 F
b100 G
1%
#41902000
0S
b10 4
b10 :
b10 R
b11110 N
b11010 M
b1111 W
b1111111 +
b1111111 3
b1111111 9
b1111111 V
b101 1
b101 I
b101 O
b100 H
b10011 Q
b10010 T
b11011 2
b11011 J
b11011 U
1'
#41904000
0'
0%
#41906000
b11 4
b11 :
b11 R
b11111 N
b11110 M
b10100 Q
b10011 T
b11010 2
b11010 J
b11010 U
b100 1
b100 I
b100 O
b0 W
b10000000 +
b10000000 3
b10000000 9
b10000000 V
1'
#41907000
b1110101 #
b1110101 )
b1110101 -
b1110101 0
b1110101 7
b1110101 ;
b1000 8
b1000 <
b1000 C
b1111 ?
b1101 >
b1001 B
b1000 E
b1100 6
b1100 F
b1100 G
b11001 5
b11001 @
b11001 L
b11010 K
1%
#41908000
0'
#41910000
b100 4
b100 :
b100 R
0S
b11101 N
b11111 M
b1 W
b10000001 +
b10000001 3
b10000001 9
b10000001 V
b1100 H
b10101 Q
b10100 T
b11110 2
b11110 J
b11110 U
1'
0%
#41912000
0'
#41913000
b1110110 #
b1110110 )
b1110110 -
b1110110 0
b1110110 7
b1110110 ;
b1001 8
b1001 <
b1001 C
b1110 ?
b1111 >
b11010 5
b11010 @
b11010 L
b11110 K
b1010 B
b1001 E
b1101 6
b1101 F
b1101 G
1%
#41914000
b101 4
b101 :
b101 R
0S
b11100 N
0P
b11101 M
b10110 Q
b10101 T
b11111 2
b11111 J
b11111 U
b1100 1
b1100 I
b1100 O
b1101 H
b10 W
b10000010 +
b10000010 3
b10000010 9
b10000010 V
1'
#41916000
0'
0%
#41918000
b110 4
b110 :
b110 R
b10100 N
b11100 M
b11 W
b10000011 +
b10000011 3
b10000011 9
b10000011 V
b1101 1
b1101 I
b1101 O
b10111 Q
b10110 T
b11101 2
b11101 J
b11101 U
1'
#41919000
b1110111 #
b1110111 )
b1110111 -
b1110111 0
b1110111 7
b1110111 ;
b1010 8
b1010 <
b1010 C
b1010 ?
b1110 >
b1011 B
b1010 E
b1111 6
b1111 F
b1111 G
b11110 5
b11110 @
b11110 L
b11101 K
1%
#41920000
0'
#41922000
b111 4
b111 :
b111 R
1S
b10101 N
b10100 M
b11000 Q
b10111 T
b11100 2
b11100 J
b11100 U
b1111 H
b100 W
b10000100 +
b10000100 3
b10000100 9
b10000100 V
1'
0%
#41924000
0'
#41925000
b1111000 #
b1111000 )
b1111000 -
b1111000 0
b1111000 7
b1111000 ;
b1011 8
b1011 <
b1011 C
b1011 ?
b1010 >
b11101 5
b11101 @
b11101 L
b11100 K
b1100 B
b1011 E
b1110 6
b1110 F
b1110 G
1%
#41926000
b1000 4
b1000 :
b1000 R
1S
b10111 N
0P
b10101 M
b101 W
b10000101 +
b10000101 3
b10000101 9
b10000101 V
b1111 1
b1111 I
b1111 O
b1110 H
b11001 Q
b11000 T
b10100 2
b10100 J
b10100 U
1.
1'
#41928000
0'
0%
#41930000
b1001 4
b1001 :
b1001 R
b10110 N
0P
b10111 M
1S
b11010 Q
b11001 T
b10101 2
b10101 J
b10101 U
b1110 1
b1110 I
b1110 O
b110 W
b10000110 +
b10000110 3
b10000110 9
b10000110 V
1'
#41931000
b1111001 #
b1111001 )
b1111001 -
b1111001 0
b1111001 7
b1111001 ;
b1100 8
b1100 <
b1100 C
b1001 ?
b1011 >
b1101 B
b1100 E
b1010 6
b1010 F
b1010 G
b11100 5
b11100 @
b11100 L
b10101 K
1%
#41932000
0'
#41934000
b1010 4
b1010 :
b1010 R
0S
b10010 N
1P
b10110 M
b111 W
b10000111 +
b10000111 3
b10000111 9
b10000111 V
b1010 H
b11011 Q
b11010 T
b10111 2
b10111 J
b10111 U
1'
0%
#41936000
0'
#41937000
b1111010 #
b1111010 )
b1111010 -
b1111010 0
b1111010 7
b1111010 ;
b1101 8
b1101 <
b1101 C
b1000 ?
b1001 >
b10101 5
b10101 @
b10101 L
b10111 K
b1110 B
b1101 E
b1011 6
b1011 F
b1011 G
1%
#41938000
b1011 4
b1011 :
b1011 R
b10010 N
b10110 M
0P
1S
1!
0.
b11011 Q
b11011 T
b10110 2
b10110 J
b10110 U
b1010 1
b1010 I
b1010 O
b1011 H
b1000 W
b10001000 +
b10001000 3
b10001000 9
b10001000 V
1'
#41940000
0'
0%
#41942000
0S
0*
b1011 1
b1011 I
b1011 O
0!
1.
1'
#41943000
b1111011 #
b1111011 )
b1111011 -
b1111011 0
b1111011 7
b1111011 ;
b1110 8
b1110 <
b1110 C
0D
b11000 ?
b1000 >
b1111 B
b1110 E
b1001 6
b1001 F
b1001 G
b10111 5
b10111 @
b10111 L
b10110 K
1%
#41944000
0'
#41946000
1S
b10011 N
b10010 M
b11100 Q
0.
b1001 H
b1001 W
b10001001 +
b10001001 3
b10001001 9
b10001001 V
1*
1'
0%
#41948000
0'
#41949000
b1111100 #
b1111100 )
b1111100 -
b1111100 0
b1111100 7
b1111100 ;
b1111 8
b1111 <
b1111 C
b11001 ?
b11000 >
b10110 5
b10110 @
b10110 L
b10000 B
b1111 E
b1000 6
b1000 F
b1000 G
1%
#41950000
b1100 4
b1100 :
b1100 R
1S
b10001 N
0P
b10011 M
b1010 W
b10001010 +
b10001010 3
b10001010 9
b10001010 V
b1001 1
b1001 I
b1001 O
b1000 H
b11101 Q
b11100 T
b10010 2
b10010 J
b10010 U
1.
1'
#41952000
0'
0%
#41954000
b1101 4
b1101 :
b1101 R
b10000 N
0P
b10001 M
1S
b11110 Q
b11101 T
b10011 2
b10011 J
b10011 U
b1000 1
b1000 I
b1000 O
b1011 W
b10001011 +
b10001011 3
b10001011 9
b10001011 V
1'
#41955000
b1111101 #
b1111101 )
b1111101 -
b1111101 0
b1111101 7
b1111101 ;
b0 8
b0 <
b0 C
b11011 ?
b11001 >
b10001 B
b10000 E
b11000 6
b11000 F
b11000 G
b10011 K
1%
#41956000
0'
#41958000
b1110 4
b1110 :
b1110 R
0S
b0 N
1P
b10000 M
b1100 W
b10001100 +
b10001100 3
b10001100 9
b10001100 V
b11000 H
b11111 Q
b11110 T
b10001 2
b10001 J
b10001 U
1'
0%
#41960000
0'
#41961000
b1111110 #
b1111110 )
b1111110 -
b1111110 0
b1111110 7
b1111110 ;
b1 8
b1 <
b1 C
b11010 ?
b11011 >
b10011 5
b10011 @
b10011 L
b10001 K
b10010 B
b10001 E
b11001 6
b11001 F
b11001 G
1%
#41962000
1S
b1111 4
b1111 :
b1111 R
b0 N
0P
b10000 M
1!
0.
b11111 Q
b11111 T
b10000 2
b10000 J
b10000 U
b11000 1
b11000 I
b11000 O
b11001 H
b1101 W
b10001101 +
b10001101 3
b10001101 9
b10001101 V
1'
#41964000
0'
0%
#41966000
0S
0*
b11001 1
b11001 I
b11001 O
0!
1.
1'
#41967000
b1111111 #
b1111111 )
b1111111 -
b1111111 0
b1111111 7
b1111111 ;
b10 8
b10 <
b10 C
b11110 ?
b11010 >
b10011 B
b10010 E
b11011 6
b11011 F
b11011 G
b10001 5
b10001 @
b10001 L
b10000 K
1%
#41968000
0'
#41970000
1S
b1 N
b0 M
b0 Q
0.
b11011 H
b1110 W
b10001110 +
b10001110 3
b10001110 9
b10001110 V
1*
1'
0%
#41972000
0'
#41973000
b10000000 #
b10000000 )
b10000000 -
b10000000 0
b10000000 7
b10000000 ;
b11 8
b11 <
b11 C
b11111 ?
b11110 >
b10000 5
b10000 @
b10000 L
b10100 B
b10011 E
b11010 6
b11010 F
b11010 G
1%
#41974000
b0 4
b0 :
b0 R
1S
b11 N
0P
b1 M
b1111 W
b10001111 +
b10001111 3
b10001111 9
b10001111 V
b11011 1
b11011 I
b11011 O
b11010 H
b1 Q
b0 T
b0 2
b0 J
b0 U
1.
1'
#41976000
0'
0%
#41978000
b1 4
b1 :
b1 R
b10 N
0P
b11 M
1S
b10 Q
b1 T
b1 2
b1 J
b1 U
b11010 1
b11010 I
b11010 O
b0 W
b10010000 +
b10010000 3
b10010000 9
b10010000 V
1'
#41979000
b10000001 #
b10000001 )
b10000001 -
b10000001 0
b10000001 7
b10000001 ;
b100 8
b100 <
b100 C
b11101 ?
b11111 >
b10101 B
b10100 E
b11110 6
b11110 F
b11110 G
b1 K
1%
#41980000
0'
#41982000
b10 4
b10 :
b10 R
0S
b110 N
1P
b10 M
b1 W
b10010001 +
b10010001 3
b10010001 9
b10010001 V
b11110 H
b11 Q
b10 T
b11 2
b11 J
b11 U
1'
0%
#41984000
0'
#41985000
b10000010 #
b10000010 )
b10000010 -
b10000010 0
b10000010 7
b10000010 ;
b101 8
b101 <
b101 C
b11100 ?
b11101 >
b1 5
b1 @
b1 L
b11 K
b10110 B
b10101 E
b11111 6
b11111 F
b11111 G
1%
#41986000
b11 4
b11 :
b11 R
b110 N
b10 M
0P
1S
1!
0.
b11 Q
b11 T
b10 2
b10 J
b10 U
b11110 1
b11110 I
b11110 O
b11111 H
b10 W
b10010010 +
b10010010 3
b10010010 9
b10010010 V
1'
#41988000
0'
0%
#41990000
0S
0*
b11111 1
b11111 I
b11111 O
0!
1.
1'
#41991000
b10000011 #
b10000011 )
b10000011 -
b10000011 0
b10000011 7
b10000011 ;
b110 8
b110 <
b110 C
b10100 ?
b11100 >
b10111 B
b10110 E
b11101 6
b11101 F
b11101 G
b11 5
b11 @
b11 L
b10 K
1%
#41992000
0'
#41994000
1S
b111 N
b110 M
b100 Q
0.
b11101 H
b11 W
b10010011 +
b10010011 3
b10010011 9
b10010011 V
1*
1'
0%
#41996000
0'
#41997000
b10000100 #
b10000100 )
b10000100 -
b10000100 0
b10000100 7
b10000100 ;
b111 8
b111 <
b111 C
b10101 ?
b10100 >
b10 5
b10 @
b10 L
b11000 B
b10111 E
b11100 6
b11100 F
b11100 G
1%
#41998000
b100 4
b100 :
b100 R
1S
b101 N
0P
b111 M
b100 W
b10010100 +
b10010100 3
b10010100 9
b10010100 V
b11101 1
b11101 I
b11101 O
b11100 H
b101 Q
b100 T
b110 2
b110 J
b110 U
1.
1'
#42000000
0'
0%
#42002000
b101 4
b101 :
b101 R
b100 N
0P
b101 M
1S
b110 Q
b101 T
b111 2
b111 J
b111 U
b11100 1
b11100 I
b11100 O
b101 W
b10010101 +
b10010101 3
b10010101 9
b10010101 V
1'
#42003000
b10000101 #
b10000101 )
b10000101 -
b10000101 0
b10000101 7
b10000101 ;
b1000 8
b1000 <
b1000 C
b10111 ?
b10101 >
b11001 B
b11000 E
b10100 6
b10100 F
b10100 G
b111 K
1%
#42004000
0'
#42006000
b110 4
b110 :
b110 R
0S
b1100 N
1P
b100 M
b110 W
b10010110 +
b10010110 3
b10010110 9
b10010110 V
b10100 H
b111 Q
b110 T
b101 2
b101 J
b101 U
1'
0%
#42008000
0'
#42009000
b10000110 #
b10000110 )
b10000110 -
b10000110 0
b10000110 7
b10000110 ;
b1001 8
b1001 <
b1001 C
b10110 ?
b10111 >
b111 5
b111 @
b111 L
b101 K
b11010 B
b11001 E
b10101 6
b10101 F
b10101 G
1%
#42010000
1S
b111 4
b111 :
b111 R
b1100 N
0P
b100 M
1!
0.
b111 Q
b111 T
b100 2
b100 J
b100 U
b10100 1
b10100 I
b10100 O
b10101 H
b111 W
b10010111 +
b10010111 3
b10010111 9
b10010111 V
1'
#42012000
0'
0%
#42014000
0S
0*
b10101 1
b10101 I
b10101 O
0!
1.
1'
#42015000
b10000111 #
b10000111 )
b10000111 -
b10000111 0
b10000111 7
b10000111 ;
b1010 8
b1010 <
b1010 C
b10010 ?
b10110 >
b11011 B
b11010 E
b10111 6
b10111 F
b10111 G
b101 5
b101 @
b101 L
b100 K
1%
#42016000
0'
#42018000
1S
b1101 N
b1100 M
b1000 Q
0.
b10111 H
b1000 W
b10011000 +
b10011000 3
b10011000 9
b10011000 V
1*
1'
0%
#42020000
0'
0$
#42021000
b10001001 #
b10001001 )
b10001001 -
b10001001 0
b10001001 7
b10001001 ;
b1011 8
b1011 <
b1011 C
b10011 ?
b10010 >
b100 5
b100 @
b100 L
b11100 B
b11011 E
b10110 6
b10110 F
b10110 G
1%
#42022000
b1000 4
b1000 :
b1000 R
0S
b1101 N
0P
b1100 M
0*
b10111 1
b10111 I
b10111 O
b10110 H
b1000 Q
b1000 T
b1100 2
b1100 J
b1100 U
1.
1'
#42024000
0'
0%
#42026000
0.
b10110 1
b10110 I
b10110 O
1'
#42027000
b10001010 #
b10001010 )
b10001010 -
b10001010 0
b10001010 7
b10001010 ;
b1100 8
b1100 <
b1100 C
b10001 ?
b10011 >
b11101 B
b11100 E
b10010 6
b10010 F
b10010 G
b1100 K
1%
#42028000
0'
#42030000
b10010 H
1'
0%
#42032000
0'
#42033000
b10001011 #
b10001011 )
b10001011 -
b10001011 0
b10001011 7
b10001011 ;
b1101 8
b1101 <
b1101 C
b10000 ?
b10001 >
b1100 5
b1100 @
b1100 L
b11110 B
b11101 E
b10011 6
b10011 F
b10011 G
1%
#42034000
b10010 1
b10010 I
b10010 O
b10011 H
1'
#42036000
0'
0%
#42038000
b10011 1
b10011 I
b10011 O
1'
#42039000
b10001100 #
b10001100 )
b10001100 -
b10001100 0
b10001100 7
b10001100 ;
b1110 8
b1110 <
b1110 C
b0 ?
b10000 >
b11111 B
b11110 E
b10001 6
b10001 F
b10001 G
1%
#42040000
0'
#42042000
b10001 H
1'
0%
#42044000
0'
#42045000
b10001110 #
b10001110 )
b10001110 -
b10001110 0
b10001110 7
b10001110 ;
b1111 8
b1111 <
b1111 C
b1 ?
b0 >
b0 B
b11111 E
b10000 6
b10000 F
b10000 G
1%
#42046000
b10001 1
b10001 I
b10001 O
b10000 H
1'
#42048000
0'
0%
#42050000
b10000 1
b10000 I
b10000 O
1'
#42051000
b10001111 #
b10001111 )
b10001111 -
b10001111 0
b10001111 7
b10001111 ;
b0 8
b0 <
b0 C
b11 ?
b1 >
b1 B
b0 E
b0 6
b0 F
b0 G
1%
#42052000
0'
#42054000
b0 H
1'
0%
#42056000
0'
#42057000
b10010000 #
b10010000 )
b10010000 -
b10010000 0
b10010000 7
b10010000 ;
b1 8
b1 <
b1 C
b10 ?
b11 >
b10 B
b1 E
b1 6
b1 F
b1 G
1%
#42058000
b0 1
b0 I
b0 O
b1 H
1'
#42060000
0'
0%
#42062000
b1 1
b1 I
b1 O
1'
#42063000
b10010001 #
b10010001 )
b10010001 -
b10010001 0
b10010001 7
b10010001 ;
b10 8
b10 <
b10 C
b110 ?
b10 >
b11 B
b10 E
b11 6
b11 F
b11 G
1%
#42064000
0'
#42066000
b11 H
1'
0%
#42068000
0'
#42069000
b10010011 #
b10010011 )
b10010011 -
b10010011 0
b10010011 7
b10010011 ;
b11 8
b11 <
b11 C
b111 ?
b110 >
b100 B
b11 E
b10 6
b10 F
b10 G
1%
#42070000
b11 1
b11 I
b11 O
b10 H
1'
#42072000
0'
0%
#42074000
b10 1
b10 I
b10 O
1'
#42075000
b10010100 #
b10010100 )
b10010100 -
b10010100 0
b10010100 7
b10010100 ;
b100 8
b100 <
b100 C
b101 ?
b111 >
b101 B
b100 E
b110 6
b110 F
b110 G
1%
#42076000
0'
#42078000
b110 H
1'
0%
#42080000
0'
#42081000
b10010101 #
b10010101 )
b10010101 -
b10010101 0
b10010101 7
b10010101 ;
b101 8
b101 <
b101 C
b100 ?
b101 >
b110 B
b101 E
b111 6
b111 F
b111 G
1%
#42082000
b110 1
b110 I
b110 O
b111 H
1'
#42084000
0'
0%
#42086000
b111 1
b111 I
b111 O
1'
#42087000
1D
b10010110 #
b10010110 )
b10010110 -
b10010110 0
b10010110 7
b10010110 ;
b110 8
b110 <
b110 C
b1100 ?
b100 >
b111 B
b110 E
b101 6
b101 F
b101 G
1%
#42088000
0'
#42090000
b101 H
1'
0%
#42092000
0'
#42093000
1A
b10011000 #
b10011000 )
b10011000 -
b10011000 0
b10011000 7
b10011000 ;
b111 8
b111 <
b111 C
0D
b1101 ?
b1100 >
b1000 B
b111 E
b100 6
b100 F
b100 G
1/
1%
#42094000
b101 1
b101 I
b101 O
b100 H
1'
#42096000
0'
0%
#42098000
b100 1
b100 I
b100 O
1'
#42099000
0D
b10000101 #
b10000101 )
b10000101 -
b10000101 0
b10000101 7
b10000101 ;
b1000 8
b1000 <
b1000 C
b1101 ?
1A
b1100 >
1"
0/
b1000 B
b1000 E
b1100 6
b1100 F
b1100 G
1%
#42100000
0'
#42102000
b1100 H
1'
0%
#42104000
0'
#42105000
0,
1%
#42106000
b1100 1
b1100 I
b1100 O
1'
#42108000
0'
0%
#42110000
1'
#42111000
1%
#42112000
0'
#42114000
1'
0%
#42116000
0'
#42117000
1%
#42118000
1'
#42120000
0'
0%
#42122000
1'
#42123000
1%
#42124000
0'
#42126000
1'
0%
#42128000
0'
#42129000
1%
#42130000
1'
#42132000
0'
0%
#42134000
1'
#42135000
1%
#42136000
0'
#42138000
1'
0%
#42140000
0'
#42141000
1%
#42142000
1'
#42144000
0'
0%
#42146000
1'
#42147000
1%
#42148000
0'
#42150000
1'
0%
#42152000
0'
#42153000
1%
#42154000
1'
#42156000
0'
0%
#42158000
1'
#42159000
1%
#42160000
0'
#42162000
1'
0%
#42164000
0'
#42165000
1%
#42166000
1'
#42168000
0'
0%
#42170000
1'
#42171000
1%
#42172000
0'
#42174000
1'
0%
#42176000
0'
#42177000
1%
#42178000
1'
#42180000
0'
0%
#42182000
1'
#42183000
1%
#42184000
0'
#42186000
1'
0%
#42188000
0'
#42189000
1%
#42190000
1'
#42192000
0'
0%
#42194000
1'
#42195000
1%
#42196000
0'
#42198000
1'
0%
#42200000
0'
#42201000
1%
#42202000
1'
#42204000
0'
0%
#42206000
1'
#42207000
1%
#42208000
0'
#42210000
1'
0%
#42212000
0'
#42213000
1%
#42214000
1'
#42216000
0'
0%
#42218000
1'
#42219000
1%
#42220000
0'
#42222000
1'
0%
#42224000
0'
#42225000
1%
#42226000
1'
#42228000
0'
0%
#42230000
1'
#42231000
1%
#42232000
0'
#42234000
1'
0%
#42236000
0'
#42237000
1%
#42238000
1'
#42240000
0'
0%
#42242000
1'
#42243000
1%
#42244000
0'
#42246000
1'
0%
#42248000
0'
#42249000
1%
#42250000
1'
#42252000
0'
0%
#42254000
1'
#42255000
1%
#42256000
0'
#42258000
1'
0%
#42260000
0'
#42261000
1%
#42262000
1'
#42264000
0'
0%
#42266000
1'
#42267000
1%
#42268000
0'
#42270000
1'
0%
#42272000
0'
#42273000
1%
#42274000
1'
#42276000
0'
0%
#42278000
1'
#42279000
1%
#42280000
0'
#42282000
1'
0%
#42284000
0'
#42285000
1%
#42286000
1'
#42288000
0'
0%
#42290000
1'
#42291000
1%
#42292000
0'
#42294000
1'
0%
#42296000
0'
#42297000
1%
#42298000
1'
#42300000
0'
0%
#42302000
1'
#42303000
1%
#42304000
0'
#42306000
1'
0%
#42308000
0'
#42309000
1%
#42310000
1'
#42312000
0'
0%
#42314000
1'
#42315000
1%
#42316000
0'
#42318000
1'
0%
#42320000
0'
#42321000
1%
#42322000
1'
#42324000
0'
0%
#42326000
1'
#42327000
1%
#42328000
0'
#42330000
1'
0%
#42332000
0'
#42333000
1%
#42334000
1'
#42336000
0'
0%
#42338000
1'
#42339000
1%
#42340000
0'
#42342000
1'
0%
#42344000
0'
#42345000
1%
#42346000
1'
#42348000
0'
0%
#42350000
1'
#42351000
1%
#42352000
0'
#42354000
1'
0%
#42356000
0'
#42357000
1%
#42358000
1'
#42360000
0'
0%
#42362000
1'
#42363000
1%
#42364000
0'
#42366000
1'
0%
#42368000
0'
#42369000
1%
#42370000
1'
#42372000
0'
0%
#42374000
1'
#42375000
1%
#42376000
0'
#42378000
1'
0%
#42380000
0'
#42381000
1%
#42382000
1'
#42384000
0'
0%
#42386000
1'
#42387000
1%
#42388000
0'
#42390000
1'
0%
#42392000
0'
#42393000
1%
#42394000
1'
#42396000
0'
0%
#42398000
1'
#42399000
1%
#42400000
0'
#42402000
1'
0%
#42404000
0'
#42405000
1%
#42406000
1'
#42408000
0'
0%
#42410000
1'
#42411000
1%
#42412000
0'
#42414000
1'
0%
#42416000
0'
#42417000
1%
#42418000
1'
#42420000
0'
0%
#42422000
1'
#42423000
1%
#42424000
0'
#42426000
1'
0%
#42428000
0'
#42429000
1%
#42430000
1'
#42432000
0'
0%
#42434000
1'
#42435000
1%
#42436000
0'
#42438000
1'
0%
#42440000
0'
#42441000
1%
#42442000
1'
#42444000
0'
0%
#42446000
1'
#42447000
1%
#42448000
0'
#42450000
1'
0%
#42452000
0'
#42453000
1%
#42454000
1'
#42456000
0'
0%
#42458000
1'
#42459000
1%
#42460000
0'
#42462000
1'
0%
#42464000
0'
#42465000
1%
#42466000
1'
#42468000
0'
0%
#42470000
1'
#42471000
1%
#42472000
0'
#42474000
1'
0%
#42476000
0'
#42477000
1%
#42478000
1'
#42480000
0'
0%
#42482000
1'
#42483000
1%
#42484000
0'
#42486000
1'
0%
#42488000
0'
#42489000
1%
#42490000
1'
#42492000
0'
0%
#42494000
1'
#42495000
1%
#42496000
0'
#42498000
1'
0%
#42500000
0'
#42501000
1%
#42502000
1'
#42504000
0'
0%
#42506000
1'
#42507000
1%
#42508000
0'
#42510000
1'
0%
#42512000
0'
#42513000
1%
#42514000
1'
#42516000
0'
0%
#42518000
1'
#42519000
1%
#42520000
0'
#42522000
1'
0%
#42524000
0'
#42525000
1%
#42526000
1'
#42528000
0'
0%
#42530000
1'
#42531000
1%
#42532000
0'
#42534000
1'
0%
#42536000
0'
#42537000
1%
#42538000
1'
#42540000
0'
0%
#42542000
1'
#42543000
1%
#42544000
0'
#42546000
1'
0%
#42548000
0'
#42549000
1%
#42550000
1'
#42552000
0'
0%
#42554000
1'
#42555000
1%
#42556000
0'
#42558000
1'
0%
#42560000
0'
#42561000
1%
#42562000
1'
#42564000
0'
0%
#42566000
1'
#42567000
1%
#42568000
0'
#42570000
1'
0%
#42572000
0'
#42573000
1%
#42574000
1'
#42576000
0'
0%
#42578000
1'
#42579000
1%
#42580000
0'
#42582000
1'
0%
#42584000
0'
#42585000
1%
#42586000
1'
#42588000
0'
0%
#42590000
1'
#42591000
1%
#42592000
0'
#42594000
1'
0%
#42596000
0'
#42597000
1%
#42598000
1'
#42600000
0'
0%
#42602000
1'
#42603000
1%
#42604000
0'
#42606000
1'
0%
#42608000
0'
#42609000
1%
#42610000
1'
#42612000
0'
0%
#42614000
1'
#42615000
1%
#42616000
0'
#42618000
1'
0%
#42620000
0'
#42621000
1%
#42622000
1'
#42624000
0'
0%
#42626000
1'
#42627000
1%
#42628000
0'
#42630000
1'
0%
#42632000
0'
#42633000
1%
#42634000
1'
#42636000
0'
0%
#42638000
1'
#42639000
1%
#42640000
0'
#42642000
1'
0%
#42644000
0'
#42645000
1%
#42646000
1'
#42648000
0'
0%
#42650000
1'
#42651000
1%
#42652000
0'
#42654000
1'
0%
#42656000
0'
#42657000
1%
#42658000
1'
#42660000
0'
0%
#42662000
1'
#42663000
1%
#42664000
0'
#42666000
1'
0%
#42668000
0'
#42669000
1%
#42670000
1'
#42672000
0'
0%
#42674000
1'
#42675000
1%
#42676000
0'
#42678000
1'
0%
#42680000
0'
#42681000
1%
#42682000
1'
#42684000
0'
0%
#42686000
1'
#42687000
1%
#42688000
0'
#42690000
1'
0%
#42692000
0'
#42693000
1%
#42694000
1'
#42696000
0'
0%
#42698000
1'
#42699000
1%
#42700000
0'
#42702000
1'
0%
#42704000
0'
#42705000
1%
#42706000
1'
#42708000
0'
0%
#42710000
1'
#42711000
1%
#42712000
0'
#42714000
1'
0%
#42716000
0'
#42717000
1%
#42718000
1'
#42720000
0'
0%
#42722000
1'
#42723000
1%
#42724000
0'
#42726000
1'
0%
#42728000
0'
#42729000
1%
#42730000
1'
#42732000
0'
0%
#42734000
1'
#42735000
1%
#42736000
0'
#42738000
1'
0%
#42740000
0'
#42741000
1%
#42742000
1'
#42744000
0'
0%
#42746000
1'
#42747000
1%
#42748000
0'
#42750000
1'
0%
#42752000
0'
#42753000
1%
#42754000
1'
#42756000
0'
0%
#42758000
1'
#42759000
1%
#42760000
0'
#42762000
1'
0%
#42764000
0'
#42765000
1%
#42766000
1'
#42768000
0'
0%
#42770000
1'
#42771000
1%
#42772000
0'
#42774000
1'
0%
#42776000
0'
#42777000
1%
#42778000
1'
#42780000
0'
0%
#42782000
1'
#42783000
1%
#42784000
0'
#42786000
1'
0%
#42788000
0'
#42789000
1%
#42790000
1'
#42792000
0'
0%
#42794000
1'
#42795000
1%
#42796000
0'
#42798000
1'
0%
#42800000
0'
#42801000
1%
#42802000
1'
#42804000
0'
0%
#42806000
1'
#42807000
1%
#42808000
0'
#42810000
1'
0%
#42812000
0'
#42813000
1%
#42814000
1'
#42816000
0'
0%
#42818000
1'
#42819000
1%
#42820000
0'
#42822000
1'
0%
#42824000
0'
#42825000
1%
#42826000
1'
#42828000
0'
0%
#42830000
1'
#42831000
1%
#42832000
0'
#42834000
1'
0%
#42836000
0'
#42837000
1%
#42838000
1'
#42840000
0'
0%
#42842000
1'
#42843000
1%
#42844000
0'
#42846000
1'
0%
#42848000
0'
#42849000
1%
#42850000
1'
#42852000
0'
0%
#42854000
1'
#42855000
1%
#42856000
0'
#42858000
1'
0%
#42860000
0'
#42861000
1%
#42862000
1'
#42864000
0'
0%
#42866000
1'
#42867000
1%
#42868000
0'
#42870000
1'
0%
#42872000
0'
#42873000
1%
#42874000
1'
#42876000
0'
0%
#42878000
1'
#42879000
1%
#42880000
0'
#42882000
1'
0%
#42884000
0'
#42885000
1%
#42886000
1'
#42888000
0'
0%
#42890000
1'
#42891000
1%
#42892000
0'
#42894000
1'
0%
#42896000
0'
#42897000
1%
#42898000
1'
#42900000
0'
0%
#42902000
1'
#42903000
1%
#42904000
0'
#42906000
1'
0%
#42908000
0'
#42909000
1%
#42910000
1'
#42912000
0'
0%
#42914000
1'
#42915000
1%
#42916000
0'
#42918000
1'
0%
#42920000
0'
#42921000
1%
#42922000
1'
#42924000
0'
0%
#42926000
1'
#42927000
1%
#42928000
0'
#42930000
1'
0%
#42932000
0'
#42933000
1%
#42934000
1'
#42936000
0'
0%
#42938000
1'
#42939000
1%
#42940000
0'
#42942000
1'
0%
#42944000
0'
#42945000
1%
#42946000
1'
#42948000
0'
0%
#42950000
1'
#42951000
1%
#42952000
0'
#42954000
1'
0%
#42956000
0'
#42957000
1%
#42958000
1'
#42960000
0'
0%
#42962000
1'
#42963000
1%
#42964000
0'
#42966000
1'
0%
#42968000
0'
#42969000
1%
#42970000
1'
#42972000
0'
0%
#42974000
1'
#42975000
1%
#42976000
0'
#42978000
1'
0%
#42980000
0'
#42981000
1%
#42982000
1'
#42984000
0'
0%
#42986000
1'
#42987000
1%
#42988000
0'
#42990000
1'
0%
#42992000
0'
#42993000
1%
#42994000
1'
#42996000
0'
0%
#42998000
1'
#42999000
1%
#43000000
0'
#43002000
1'
0%
#43004000
0'
#43005000
1%
#43006000
1'
#43008000
0'
0%
#43010000
1'
#43011000
1%
#43012000
0'
#43014000
1'
0%
#43016000
0'
#43017000
1%
#43018000
1'
#43020000
0'
0%
#43022000
1'
#43023000
1%
#43024000
0'
#43026000
1'
0%
#43028000
0'
#43029000
1%
#43030000
1'
#43032000
0'
0%
#43034000
1'
#43035000
1%
#43036000
0'
#43038000
1'
0%
#43040000
0'
#43041000
1%
#43042000
1'
#43044000
0'
0%
#43046000
1'
#43047000
1%
#43048000
0'
#43050000
1'
0%
#43052000
0'
#43053000
1%
#43054000
1'
#43056000
0'
0%
#43058000
1'
#43059000
1%
#43060000
0'
#43062000
1'
0%
#43064000
0'
#43065000
1%
#43066000
1'
#43068000
0'
0%
#43070000
1'
#43071000
1%
#43072000
0'
#43074000
1'
0%
#43076000
0'
#43077000
1%
#43078000
1'
#43080000
0'
0%
#43082000
1'
#43083000
1%
#43084000
0'
#43086000
1'
0%
#43088000
0'
#43089000
1%
#43090000
1'
#43092000
0'
0%
#43094000
1'
#43095000
1%
#43096000
0'
#43098000
1'
0%
#43100000
0'
#43101000
1%
#43102000
1'
#43104000
0'
0%
#43106000
1'
#43107000
1%
#43108000
0'
#43110000
1'
0%
#43112000
0'
#43113000
1%
#43114000
1'
#43116000
0'
0%
#43118000
1'
#43119000
1%
#43120000
0'
#43122000
1'
0%
#43124000
0'
#43125000
1%
#43126000
1'
#43128000
0'
0%
#43130000
1'
#43131000
1%
#43132000
0'
#43134000
1'
0%
#43136000
0'
#43137000
1%
#43138000
1'
#43140000
0'
0%
#43142000
1'
#43143000
1%
#43144000
0'
#43146000
1'
0%
#43148000
0'
#43149000
1%
#43150000
1'
#43152000
0'
0%
#43154000
1'
#43155000
1%
#43156000
0'
#43158000
1'
0%
#43160000
0'
#43161000
1%
#43162000
1'
#43164000
0'
0%
#43166000
1'
#43167000
1%
#43168000
0'
#43170000
1'
0%
#43172000
0'
#43173000
1%
#43174000
1'
#43176000
0'
0%
#43178000
1'
#43179000
1%
#43180000
0'
#43182000
1'
0%
#43184000
0'
#43185000
1%
#43186000
1'
#43188000
0'
0%
#43190000
1'
#43191000
1%
#43192000
0'
#43194000
1'
0%
#43196000
0'
#43197000
1%
#43198000
1'
#43200000
0'
0%
#43202000
1'
#43203000
1%
#43204000
0'
#43206000
1'
0%
#43208000
0'
#43209000
1%
#43210000
1'
#43212000
0'
0%
#43214000
1'
#43215000
1%
#43216000
0'
#43218000
1'
0%
#43220000
0'
#43221000
1%
#43222000
1'
#43224000
0'
0%
#43226000
1'
#43227000
1%
#43228000
0'
#43230000
1'
0%
#43232000
0'
#43233000
1%
#43234000
1'
#43236000
0'
0%
#43238000
1'
#43239000
1%
#43240000
0'
#43242000
1'
0%
#43244000
0'
#43245000
1%
#43246000
1'
#43248000
0'
0%
#43250000
1'
#43251000
1%
#43252000
0'
#43254000
1'
0%
#43256000
0'
#43257000
1%
#43258000
1'
#43260000
0'
0%
#43262000
1'
#43263000
1%
#43264000
0'
#43266000
1'
0%
#43268000
0'
#43269000
1%
#43270000
1'
#43272000
0'
0%
#43274000
1'
#43275000
1%
#43276000
0'
#43278000
1'
0%
#43280000
0'
#43281000
1%
#43282000
1'
#43284000
0'
0%
#43286000
1'
#43287000
1%
#43288000
0'
#43290000
1'
0%
#43292000
0'
#43293000
1%
#43294000
1'
#43296000
0'
0%
#43298000
1'
#43299000
1%
#43300000
0'
#43302000
1'
0%
#43304000
0'
#43305000
1%
#43306000
1'
#43308000
0'
0%
#43310000
1'
#43311000
1%
#43312000
0'
#43314000
1'
0%
#43316000
0'
#43317000
1%
#43318000
1'
#43320000
0'
0%
#43322000
1'
#43323000
1%
#43324000
0'
#43326000
1'
0%
#43328000
0'
#43329000
1%
#43330000
1'
#43332000
0'
0%
#43334000
1'
#43335000
1%
#43336000
0'
#43338000
1'
0%
#43340000
0'
#43341000
1%
#43342000
1'
#43344000
0'
0%
#43346000
1'
#43347000
1%
#43348000
0'
#43350000
1'
0%
#43352000
0'
#43353000
1%
#43354000
1'
#43356000
0'
0%
#43358000
1'
#43359000
1%
#43360000
0'
#43362000
1'
0%
#43364000
0'
#43365000
1%
#43366000
1'
#43368000
0'
0%
#43370000
1'
#43371000
1%
#43372000
0'
#43374000
1'
0%
#43376000
0'
#43377000
1%
#43378000
1'
#43380000
0'
0%
#43382000
1'
#43383000
1%
#43384000
0'
#43386000
1'
0%
#43388000
0'
#43389000
1%
#43390000
1'
#43392000
0'
0%
#43394000
1'
#43395000
1%
#43396000
0'
#43398000
1'
0%
#43400000
0'
#43401000
1%
#43402000
1'
#43404000
0'
0%
#43406000
1'
#43407000
1%
#43408000
0'
#43410000
1'
0%
#43412000
0'
#43413000
1%
#43414000
1'
#43416000
0'
0%
#43418000
1'
#43419000
1%
#43420000
0'
#43422000
1'
0%
#43424000
0'
#43425000
1%
#43426000
1'
#43428000
0'
0%
#43430000
1'
#43431000
1%
#43432000
0'
#43434000
1'
0%
#43436000
0'
#43437000
1%
#43438000
1'
#43440000
0'
0%
#43442000
1'
#43443000
1%
#43444000
0'
#43446000
1'
0%
#43448000
0'
#43449000
1%
#43450000
1'
#43452000
0'
0%
#43454000
1'
#43455000
1%
#43456000
0'
#43458000
1'
0%
#43460000
0'
#43461000
1%
#43462000
1'
#43464000
0'
0%
#43466000
1'
#43467000
1%
#43468000
0'
#43470000
1'
0%
#43472000
0'
#43473000
1%
#43474000
1'
#43476000
0'
0%
#43478000
1'
#43479000
1%
#43480000
0'
#43482000
1'
0%
#43484000
0'
#43485000
1%
#43486000
1'
#43488000
0'
0%
#43490000
1'
#43491000
1%
#43492000
0'
#43494000
1'
0%
#43496000
0'
#43497000
1%
#43498000
1'
#43500000
0'
0%
#43502000
1'
#43503000
1%
#43504000
0'
#43506000
1'
0%
#43508000
0'
#43509000
1%
#43510000
1'
#43512000
0'
0%
#43514000
1'
#43515000
1%
#43516000
0'
#43518000
1'
0%
#43520000
0'
#43521000
1%
#43522000
1'
#43524000
0'
0%
#43526000
1'
#43527000
1%
#43528000
0'
#43530000
1'
0%
#43532000
0'
#43533000
1%
#43534000
1'
#43536000
0'
0%
#43538000
1'
#43539000
1%
#43540000
0'
#43542000
1'
0%
#43544000
0'
#43545000
1%
#43546000
1'
#43548000
0'
0%
#43550000
1'
#43551000
1%
#43552000
0'
#43554000
1'
0%
#43556000
0'
#43557000
1%
#43558000
1'
#43560000
0'
0%
#43562000
1'
#43563000
1%
#43564000
0'
#43566000
1'
0%
#43568000
0'
#43569000
1%
#43570000
1'
#43572000
0'
0%
#43574000
1'
#43575000
1%
#43576000
0'
#43578000
1'
0%
#43580000
0'
#43581000
1%
#43582000
1'
#43584000
0'
0%
#43586000
1'
#43587000
1%
#43588000
0'
#43590000
1'
0%
#43592000
0'
#43593000
1%
#43594000
1'
#43596000
0'
0%
#43598000
1'
#43599000
1%
#43600000
0'
#43602000
1'
0%
#43604000
0'
#43605000
1%
#43606000
1'
#43608000
0'
0%
#43610000
1'
#43611000
1%
#43612000
0'
#43614000
1'
0%
#43616000
0'
#43617000
1%
#43618000
1'
#43620000
0'
0%
#43622000
1'
#43623000
1%
#43624000
0'
#43626000
1'
0%
#43628000
0'
#43629000
1%
#43630000
1'
#43632000
0'
0%
#43634000
1'
#43635000
1%
#43636000
0'
#43638000
1'
0%
#43640000
0'
#43641000
1%
#43642000
1'
#43644000
0'
0%
#43646000
1'
#43647000
1%
#43648000
0'
#43650000
1'
0%
#43652000
0'
#43653000
1%
#43654000
1'
#43656000
0'
0%
#43658000
1'
#43659000
1%
#43660000
0'
#43662000
1'
0%
#43664000
0'
#43665000
1%
#43666000
1'
#43668000
0'
0%
#43670000
1'
#43671000
1%
#43672000
0'
#43674000
1'
0%
#43676000
0'
#43677000
1%
#43678000
1'
#43680000
0'
0%
#43682000
1'
#43683000
1%
#43684000
0'
#43686000
1'
0%
#43688000
0'
#43689000
1%
#43690000
1'
#43692000
0'
0%
#43694000
1'
#43695000
1%
#43696000
0'
#43698000
1'
0%
#43700000
0'
#43701000
1%
#43702000
1'
#43704000
0'
0%
#43706000
1'
#43707000
1%
#43708000
0'
#43710000
1'
0%
#43712000
0'
#43713000
1%
#43714000
1'
#43716000
0'
0%
#43718000
1'
#43719000
1%
#43720000
0'
#43722000
1'
0%
#43724000
0'
#43725000
1%
#43726000
1'
#43728000
0'
0%
#43730000
1'
#43731000
1%
#43732000
0'
#43734000
1'
0%
#43736000
0'
#43737000
1%
#43738000
1'
#43740000
0'
0%
#43742000
1'
#43743000
1%
#43744000
0'
#43746000
1'
0%
#43748000
0'
#43749000
1%
#43750000
1'
#43752000
0'
0%
#43754000
1'
#43755000
1%
#43756000
0'
#43758000
1'
0%
#43760000
0'
#43761000
1%
#43762000
1'
#43764000
0'
0%
#43766000
1'
#43767000
1%
#43768000
0'
#43770000
1'
0%
#43772000
0'
#43773000
1%
#43774000
1'
#43776000
0'
0%
#43778000
1'
#43779000
1%
#43780000
0'
#43782000
1'
0%
#43784000
0'
#43785000
1%
#43786000
1'
#43788000
0'
0%
#43790000
1'
#43791000
1%
#43792000
0'
#43794000
1'
0%
#43796000
0'
#43797000
1%
#43798000
1'
#43800000
0'
0%
#43802000
1'
#43803000
1%
#43804000
0'
#43806000
1'
0%
#43808000
0'
#43809000
1%
#43810000
1'
#43812000
0'
0%
#43814000
1'
#43815000
1%
#43816000
0'
#43818000
1'
0%
#43820000
0'
#43821000
1%
#43822000
1'
#43824000
0'
0%
#43826000
1'
#43827000
1%
#43828000
0'
#43830000
1'
0%
#43832000
0'
#43833000
1%
#43834000
1'
#43836000
0'
0%
#43838000
1'
#43839000
1%
#43840000
0'
#43842000
1'
0%
#43844000
0'
#43845000
1%
#43846000
1'
#43848000
0'
0%
#43850000
1'
#43851000
1%
#43852000
0'
#43854000
1'
0%
#43856000
0'
#43857000
1%
#43858000
1'
#43860000
0'
0%
#43862000
1'
#43863000
1%
#43864000
0'
#43866000
1'
0%
#43868000
0'
#43869000
1%
#43870000
1'
#43872000
0'
0%
#43874000
1'
#43875000
1%
#43876000
0'
#43878000
1'
0%
#43880000
0'
#43881000
1%
#43882000
1'
#43884000
0'
0%
#43886000
1'
#43887000
1%
#43888000
0'
#43890000
1'
0%
#43892000
0'
#43893000
1%
#43894000
1'
#43896000
0'
0%
#43898000
1'
#43899000
1%
#43900000
0'
#43902000
1'
0%
#43904000
0'
#43905000
1%
#43906000
1'
#43908000
0'
0%
#43910000
1'
#43911000
1%
#43912000
0'
#43914000
1'
0%
#43916000
0'
#43917000
1%
#43918000
1'
#43920000
0'
0%
#43922000
1'
#43923000
1%
#43924000
0'
#43926000
1'
0%
#43928000
0'
#43929000
1%
#43930000
1'
#43932000
0'
0%
#43934000
1'
#43935000
1%
#43936000
0'
#43938000
1'
0%
#43940000
0'
#43941000
1%
#43942000
1'
#43944000
0'
0%
#43946000
1'
#43947000
1%
#43948000
0'
#43950000
1'
0%
#43952000
0'
#43953000
1%
#43954000
1'
#43956000
0'
0%
#43958000
1'
#43959000
1%
#43960000
0'
#43962000
1'
0%
#43964000
0'
#43965000
1%
#43966000
1'
#43968000
0'
0%
#43970000
1'
#43971000
1%
#43972000
0'
#43974000
1'
0%
#43976000
0'
#43977000
1%
#43978000
1'
#43980000
0'
0%
#43982000
1'
#43983000
1%
#43984000
0'
#43986000
1'
0%
#43988000
0'
#43989000
1%
#43990000
1'
#43992000
0'
0%
#43994000
1'
#43995000
1%
#43996000
0'
#43998000
1'
0%
#44000000
0'
#44001000
1%
#44002000
1'
#44004000
0'
0%
#44006000
1'
#44007000
1%
#44008000
0'
#44010000
1'
0%
#44012000
0'
#44013000
1%
#44014000
1'
#44016000
0'
0%
#44018000
1'
#44019000
1%
#44020000
0'
1$
#44022000
b1111 N
b1101 M
b1001 Q
b1001 W
b10011001 +
b10011001 3
b10011001 9
b10011001 V
1*
1'
0%
#44024000
0'
#44025000
1%
#44026000
b1001 4
b1001 :
b1001 R
b1110 N
b1111 M
b10011001 #
b10011001 )
b10011001 -
b10011001 0
b10011001 7
b10011001 ;
b1010 Q
b1001 T
b1101 2
b1101 J
b1101 U
b1010 W
b10011010 +
b10011010 3
b10011010 9
b10011010 V
1'
#44028000
0'
0%
#44030000
b1010 4
b1010 :
b1010 R
b1010 N
b1110 M
b1011 W
b10011011 +
b10011011 3
b10011011 9
b10011011 V
b1011 Q
b1010 T
b1111 2
b1111 J
b1111 U
1'
#44031000
b1111 K
1%
#44032000
0'
#44034000
b1011 4
b1011 :
b1011 R
b1011 N
b1010 M
b1100 Q
b1011 T
b1110 2
b1110 J
b1110 U
b1100 W
b10011100 +
b10011100 3
b10011100 9
b10011100 V
1'
0%
#44036000
0'
#44037000
0A
b1111 5
b1111 @
b1111 L
b1110 K
1%
#44038000
b1100 4
b1100 :
b1100 R
b1001 N
b1011 M
b1101 W
b10011101 +
b10011101 3
b10011101 9
b10011101 V
b1101 Q
b1100 T
b1010 2
b1010 J
b1010 U
1'
#44040000
0'
0%
#44042000
b1101 4
b1101 :
b1101 R
b1000 N
b1001 M
b1110 Q
b1101 T
b1011 2
b1011 J
b1011 U
b1110 W
b10011110 +
b10011110 3
b10011110 9
b10011110 V
1'
#44043000
0"
b1110 5
b1110 @
b1110 L
b1011 K
1%
#44044000
0'
#44046000
b1110 4
b1110 :
b1110 R
b11000 N
b1000 M
b1111 W
b10011111 +
b10011111 3
b10011111 9
b10011111 V
b1111 Q
b1110 T
b1001 2
b1001 J
b1001 U
1'
0%
#44048000
0'
#44049000
b1111 ?
b1101 >
b1001 B
b1011 5
b1011 @
b1011 L
b1001 K
1,
1%
#44050000
b1111 4
b1111 :
b1111 R
b11001 N
b11000 M
b10000 Q
b1111 T
b1000 2
b1000 J
b1000 U
b0 W
b10100000 +
b10100000 3
b10100000 9
b10100000 V
1'
#44052000
0'
0%
#44054000
b0 4
b0 :
b0 R
b11011 N
b11001 M
b1 W
b10100001 +
b10100001 3
b10100001 9
b10100001 V
b10001 Q
b10000 T
b11000 2
b11000 J
b11000 U
1'
#44055000
b10011010 #
b10011010 )
b10011010 -
b10011010 0
b10011010 7
b10011010 ;
b1001 8
b1001 <
b1001 C
b1110 ?
b1111 >
b1010 B
b1001 E
b1101 6
b1101 F
b1101 G
b1001 5
b1001 @
b1001 L
b11000 K
1%
#44056000
0'
#44058000
b1 4
b1 :
b1 R
b11010 N
b11011 M
b10010 Q
b10001 T
b11001 2
b11001 J
b11001 U
b1101 H
b10 W
b10100010 +
b10100010 3
b10100010 9
b10100010 V
1'
0%
#44060000
0'
#44061000
b10011011 #
b10011011 )
b10011011 -
b10011011 0
b10011011 7
b10011011 ;
b1010 8
b1010 <
b1010 C
b1010 ?
b1110 >
b11000 5
b11000 @
b11000 L
b11001 K
b1011 B
b1010 E
b1111 6
b1111 F
b1111 G
1%
#44062000
b10 4
b10 :
b10 R
b11110 N
b11010 M
b11 W
b10100011 +
b10100011 3
b10100011 9
b10100011 V
b1101 1
b1101 I
b1101 O
b1111 H
b10011 Q
b10010 T
b11011 2
b11011 J
b11011 U
1'
#44064000
0'
0%
#44066000
b11 4
b11 :
b11 R
b11111 N
b11110 M
b10100 Q
b10011 T
b11010 2
b11010 J
b11010 U
b1111 1
b1111 I
b1111 O
b100 W
b10100100 +
b10100100 3
b10100100 9
b10100100 V
1'
#44067000
b10011100 #
b10011100 )
b10011100 -
b10011100 0
b10011100 7
b10011100 ;
b1011 8
b1011 <
b1011 C
b1011 ?
b1010 >
b1100 B
b1011 E
b1110 6
b1110 F
b1110 G
b11001 5
b11001 @
b11001 L
b11010 K
1%
#44068000
0'
#44070000
b100 4
b100 :
b100 R
b11101 N
b11111 M
b101 W
b10100101 +
b10100101 3
b10100101 9
b10100101 V
b1110 H
b10101 Q
b10100 T
b11110 2
b11110 J
b11110 U
1'
0%
#44072000
0'
#44073000
b10011101 #
b10011101 )
b10011101 -
b10011101 0
b10011101 7
b10011101 ;
b1100 8
b1100 <
b1100 C
b1001 ?
b1011 >
b11010 5
b11010 @
b11010 L
b11110 K
b1101 B
b1100 E
b1010 6
b1010 F
b1010 G
1%
#44074000
b101 4
b101 :
b101 R
b11100 N
b11101 M
b10110 Q
b10101 T
b11111 2
b11111 J
b11111 U
b1110 1
b1110 I
b1110 O
b1010 H
b110 W
b10100110 +
b10100110 3
b10100110 9
b10100110 V
1'
#44076000
0'
0%
#44078000
b110 4
b110 :
b110 R
b10100 N
b11100 M
b111 W
b10100111 +
b10100111 3
b10100111 9
b10100111 V
b1010 1
b1010 I
b1010 O
b10111 Q
b10110 T
b11101 2
b11101 J
b11101 U
1'
#44079000
b10011110 #
b10011110 )
b10011110 -
b10011110 0
b10011110 7
b10011110 ;
b1101 8
b1101 <
b1101 C
b1000 ?
b1001 >
b1110 B
b1101 E
b1011 6
b1011 F
b1011 G
b11110 5
b11110 @
b11110 L
b11101 K
1%
#44080000
0'
#44082000
b111 4
b111 :
b111 R
b10101 N
b10100 M
b11000 Q
b10111 T
b11100 2
b11100 J
b11100 U
b1011 H
b1000 W
b10101000 +
b10101000 3
b10101000 9
b10101000 V
1'
0%
#44084000
0'
#44085000
b10011111 #
b10011111 )
b10011111 -
b10011111 0
b10011111 7
b10011111 ;
b1110 8
b1110 <
b1110 C
b11000 ?
b1000 >
b11101 5
b11101 @
b11101 L
b11100 K
b1111 B
b1110 E
b1001 6
b1001 F
b1001 G
1%
#44086000
b1000 4
b1000 :
b1000 R
b10111 N
b10101 M
b1001 W
b10101001 +
b10101001 3
b10101001 9
b10101001 V
b1011 1
b1011 I
b1011 O
b1001 H
b11001 Q
b11000 T
b10100 2
b10100 J
b10100 U
1'
#44088000
0'
0%
#44090000
b1001 4
b1001 :
b1001 R
b10110 N
b10111 M
b11010 Q
b11001 T
b10101 2
b10101 J
b10101 U
b1001 1
b1001 I
b1001 O
b1010 W
b10101010 +
b10101010 3
b10101010 9
b10101010 V
1'
#44091000
b10100000 #
b10100000 )
b10100000 -
b10100000 0
b10100000 7
b10100000 ;
b1111 8
b1111 <
b1111 C
b11001 ?
b11000 >
b10000 B
b1111 E
b1000 6
b1000 F
b1000 G
b11100 5
b11100 @
b11100 L
b10101 K
1%
#44092000
0'
#44094000
b1010 4
b1010 :
b1010 R
0S
b10010 N
b10110 M
b1011 W
b10101011 +
b10101011 3
b10101011 9
b10101011 V
b1000 H
b11011 Q
b11010 T
b10111 2
b10111 J
b10111 U
1'
0%
#44096000
0'
#44097000
b10100001 #
b10100001 )
b10100001 -
b10100001 0
b10100001 7
b10100001 ;
b0 8
b0 <
b0 C
b11011 ?
b11001 >
b10101 5
b10101 @
b10101 L
b10111 K
b10001 B
b10000 E
b11000 6
b11000 F
b11000 G
1%
#44098000
b1011 4
b1011 :
b1011 R
b10011 N
b10010 M
b11100 Q
b11011 T
b10110 2
b10110 J
b10110 U
b1000 1
b1000 I
b1000 O
b11000 H
b1100 W
b10101100 +
b10101100 3
b10101100 9
b10101100 V
1'
#44100000
0'
0%
#44102000
b1100 4
b1100 :
b1100 R
0S
b10001 N
b10011 M
b1101 W
b10101101 +
b10101101 3
b10101101 9
b10101101 V
b11000 1
b11000 I
b11000 O
b11101 Q
b11100 T
b10010 2
b10010 J
b10010 U
1'
#44103000
b10100010 #
b10100010 )
b10100010 -
b10100010 0
b10100010 7
b10100010 ;
b1 8
b1 <
b1 C
b11010 ?
b11011 >
b10010 B
b10001 E
b11001 6
b11001 F
b11001 G
b10111 5
b10111 @
b10111 L
b10010 K
1%
#44104000
0'
#44106000
b1101 4
b1101 :
b1101 R
b10000 N
b10001 M
b11110 Q
b11101 T
b10011 2
b10011 J
b10011 U
b11001 H
b1110 W
b10101110 +
b10101110 3
b10101110 9
b10101110 V
1'
0%
#44108000
0'
#44109000
b10100011 #
b10100011 )
b10100011 -
b10100011 0
b10100011 7
b10100011 ;
b10 8
b10 <
b10 C
b11110 ?
b11010 >
b10010 5
b10010 @
b10010 L
b10011 K
b10011 B
b10010 E
b11011 6
b11011 F
b11011 G
1%
#44110000
b1110 4
b1110 :
b1110 R
b0 N
b10000 M
b1111 W
b10101111 +
b10101111 3
b10101111 9
b10101111 V
b11001 1
b11001 I
b11001 O
b11011 H
b11111 Q
b11110 T
b10001 2
b10001 J
b10001 U
1'
#44112000
0'
0%
#44114000
b1111 4
b1111 :
b1111 R
b1 N
b0 M
b0 Q
b11111 T
b10000 2
b10000 J
b10000 U
b11011 1
b11011 I
b11011 O
b0 W
b10110000 +
b10110000 3
b10110000 9
b10110000 V
1'
#44115000
b10100100 #
b10100100 )
b10100100 -
b10100100 0
b10100100 7
b10100100 ;
b11 8
b11 <
b11 C
b11111 ?
b11110 >
b10100 B
b10011 E
b11010 6
b11010 F
b11010 G
b10011 5
b10011 @
b10011 L
b10000 K
1%
#44116000
0'
#44118000
1S
b0 4
b0 :
b0 R
b11 N
b1 M
b1 W
b10110001 +
b10110001 3
b10110001 9
b10110001 V
b11010 H
b1 Q
b0 T
b0 2
b0 J
b0 U
1'
0%
#44120000
0'
#44121000
b10100101 #
b10100101 )
b10100101 -
b10100101 0
b10100101 7
b10100101 ;
b100 8
b100 <
b100 C
b11101 ?
b11111 >
b10000 5
b10000 @
b10000 L
b0 K
b10101 B
b10100 E
b11110 6
b11110 F
b11110 G
1%
#44122000
b1 4
b1 :
b1 R
b10 N
0P
b11 M
1S
1.
b10 Q
b1 T
b1 2
b1 J
b1 U
b11010 1
b11010 I
b11010 O
b11110 H
b10 W
b10110010 +
b10110010 3
b10110010 9
b10110010 V
1'
#44124000
0'
0%
#44126000
b10 4
b10 :
b10 R
1S
b110 N
0P
b10 M
b11 W
b10110011 +
b10110011 3
b10110011 9
b10110011 V
b11110 1
b11110 I
b11110 O
b11 Q
b10 T
b11 2
b11 J
b11 U
1'
#44127000
b10100110 #
b10100110 )
b10100110 -
b10100110 0
b10100110 7
b10100110 ;
b101 8
b101 <
b101 C
b11100 ?
b11101 >
b10110 B
b10101 E
b11111 6
b11111 F
b11111 G
b0 5
b0 @
b0 L
b11 K
1%
#44128000
0'
#44130000
1P
b11 4
b11 :
b11 R
0S
b111 N
b110 M
b100 Q
b11 T
b10 2
b10 J
b10 U
b11111 H
b100 W
b10110100 +
b10110100 3
b10110100 9
b10110100 V
1'
0%
#44132000
0'
#44133000
b10100111 #
b10100111 )
b10100111 -
b10100111 0
b10100111 7
b10100111 ;
b110 8
b110 <
b110 C
b10100 ?
b11100 >
b11 5
b11 @
b11 L
b10 K
b10111 B
b10110 E
b11101 6
b11101 F
b11101 G
1%
#44134000
1S
b100 4
b100 :
b100 R
b111 N
0P
b110 M
b101 W
b10110101 +
b10110101 3
b10110101 9
b10110101 V
b11111 1
b11111 I
b11111 O
b11101 H
b100 Q
b100 T
b110 2
b110 J
b110 U
1!
0.
1'
#44136000
0'
0%
#44138000
0S
0!
1.
b11101 1
b11101 I
b11101 O
0*
1'
#44139000
b10101000 #
b10101000 )
b10101000 -
b10101000 0
b10101000 7
b10101000 ;
b111 8
b111 <
b111 C
b10101 ?
b10100 >
b11000 B
b10111 E
b11100 6
b11100 F
b11100 G
b10 5
b10 @
b10 L
b110 K
1%
#44140000
0'
#44142000
1S
b101 N
b111 M
b101 Q
b110 W
b10110110 +
b10110110 3
b10110110 9
b10110110 V
1*
b11100 H
0.
1'
0%
#44144000
0'
#44145000
b10101001 #
b10101001 )
b10101001 -
b10101001 0
b10101001 7
b10101001 ;
b1000 8
b1000 <
b1000 C
b10111 ?
b10101 >
b110 5
b110 @
b110 L
b11001 B
b11000 E
b10100 6
b10100 F
b10100 G
1%
#44146000
b101 4
b101 :
b101 R
b100 N
0P
b101 M
1S
1.
b110 Q
b101 T
b111 2
b111 J
b111 U
b11100 1
b11100 I
b11100 O
b10100 H
b111 W
b10110111 +
b10110111 3
b10110111 9
b10110111 V
1'
#44148000
0'
0%
#44150000
b110 4
b110 :
b110 R
1S
b1100 N
0P
b100 M
b1000 W
b10111000 +
b10111000 3
b10111000 9
b10111000 V
b10100 1
b10100 I
b10100 O
b111 Q
b110 T
b101 2
b101 J
b101 U
1'
#44151000
b10101010 #
b10101010 )
b10101010 -
b10101010 0
b10101010 7
b10101010 ;
b1001 8
b1001 <
b1001 C
b10110 ?
b10111 >
b11010 B
b11001 E
b10101 6
b10101 F
b10101 G
b101 K
1%
#44152000
0'
#44154000
1P
b111 4
b111 :
b111 R
0S
b1101 N
b1100 M
b1000 Q
b111 T
b100 2
b100 J
b100 U
b10101 H
b1001 W
b10111001 +
b10111001 3
b10111001 9
b10111001 V
1'
0%
#44156000
0'
#44157000
b10101011 #
b10101011 )
b10101011 -
b10101011 0
b10101011 7
b10101011 ;
b1010 8
b1010 <
b1010 C
b10010 ?
b10110 >
b101 5
b101 @
b101 L
b100 K
b11011 B
b11010 E
b10111 6
b10111 F
b10111 G
1%
#44158000
1S
b1000 4
b1000 :
b1000 R
b1101 N
0P
b1100 M
b1010 W
b10111010 +
b10111010 3
b10111010 9
b10111010 V
b10101 1
b10101 I
b10101 O
b10111 H
b1000 Q
b1000 T
b1100 2
b1100 J
b1100 U
1!
0.
1'
#44160000
0'
0%
#44162000
0S
0!
1.
b10111 1
b10111 I
b10111 O
0*
1'
#44163000
b10101100 #
b10101100 )
b10101100 -
b10101100 0
b10101100 7
b10101100 ;
b1011 8
b1011 <
b1011 C
b10011 ?
b10010 >
b11100 B
b11011 E
b10110 6
b10110 F
b10110 G
b100 5
b100 @
b100 L
b1100 K
1%
#44164000
0'
#44166000
1S
b1111 N
b1101 M
b1001 Q
b1011 W
b10111011 +
b10111011 3
b10111011 9
b10111011 V
1*
b10110 H
0.
1'
0%
#44168000
0'
#44169000
b10101101 #
b10101101 )
b10101101 -
b10101101 0
b10101101 7
b10101101 ;
b1100 8
b1100 <
b1100 C
b10001 ?
b10011 >
b1100 5
b1100 @
b1100 L
b11101 B
b11100 E
b10010 6
b10010 F
b10010 G
1%
#44170000
b1001 4
b1001 :
b1001 R
b1110 N
0P
b1111 M
1S
1.
b1010 Q
b1001 T
b1101 2
b1101 J
b1101 U
b10110 1
b10110 I
b10110 O
b10010 H
b1100 W
b10111100 +
b10111100 3
b10111100 9
b10111100 V
1'
#44172000
0'
0%
#44174000
b1010 4
b1010 :
b1010 R
1S
b1010 N
0P
b1110 M
b1101 W
b10111101 +
b10111101 3
b10111101 9
b10111101 V
b10010 1
b10010 I
b10010 O
b1011 Q
b1010 T
b1111 2
b1111 J
b1111 U
1'
#44175000
b10101110 #
b10101110 )
b10101110 -
b10101110 0
b10101110 7
b10101110 ;
b1101 8
b1101 <
b1101 C
b10000 ?
b10001 >
b11110 B
b11101 E
b10011 6
b10011 F
b10011 G
b1111 K
1%
#44176000
0'
#44178000
1P
b1011 4
b1011 :
b1011 R
0S
b1011 N
b1010 M
b1100 Q
b1011 T
b1110 2
b1110 J
b1110 U
b10011 H
b1110 W
b10111110 +
b10111110 3
b10111110 9
b10111110 V
1'
0%
#44180000
0'
#44181000
b10101111 #
b10101111 )
b10101111 -
b10101111 0
b10101111 7
b10101111 ;
b1110 8
b1110 <
b1110 C
0D
b0 ?
b10000 >
b1111 5
b1111 @
b1111 L
b1110 K
b11111 B
b11110 E
b10001 6
b10001 F
b10001 G
1%
#44182000
1S
b1100 4
b1100 :
b1100 R
b1011 N
0P
b1010 M
b1111 W
b10111111 +
b10111111 3
b10111111 9
b10111111 V
b10011 1
b10011 I
b10011 O
b10001 H
b1100 Q
b1100 T
b1010 2
b1010 J
b1010 U
1!
0.
1'
#44184000
0'
0%
#44186000
0S
0!
1.
b10001 1
b10001 I
b10001 O
0*
1'
#44187000
b10110000 #
b10110000 )
b10110000 -
b10110000 0
b10110000 7
b10110000 ;
b1111 8
b1111 <
b1111 C
b1 ?
b0 >
b0 B
b11111 E
b10000 6
b10000 F
b10000 G
b1110 5
b1110 @
b1110 L
b1010 K
1%
#44188000
0'
#44190000
1S
b1001 N
b1011 M
b1101 Q
b0 W
b11000000 +
b11000000 3
b11000000 9
b11000000 V
1*
b10000 H
0.
1'
0%
#44192000
0'
#44193000
b10110001 #
b10110001 )
b10110001 -
b10110001 0
b10110001 7
b10110001 ;
b0 8
b0 <
b0 C
b11 ?
b1 >
b1010 5
b1010 @
b1010 L
b1 B
b0 E
b0 6
b0 F
b0 G
1%
#44194000
b1101 4
b1101 :
b1101 R
b1000 N
0P
b1001 M
1S
1.
b1110 Q
b1101 T
b1011 2
b1011 J
b1011 U
b10000 1
b10000 I
b10000 O
b0 H
b1 W
b11000001 +
b11000001 3
b11000001 9
b11000001 V
1'
#44196000
0'
0%
#44198000
b1110 4
b1110 :
b1110 R
1S
b11000 N
0P
b1000 M
b10 W
b11000010 +
b11000010 3
b11000010 9
b11000010 V
b0 1
b0 I
b0 O
b1111 Q
b1110 T
b1001 2
b1001 J
b1001 U
1'
#44199000
b10110010 #
b10110010 )
b10110010 -
b10110010 0
b10110010 7
b10110010 ;
b1 8
b1 <
b1 C
b10 ?
b11 >
b10 B
b1 E
b1 6
b1 F
b1 G
b1001 K
1%
#44200000
0'
#44202000
1P
b1111 4
b1111 :
b1111 R
0S
b11001 N
b11000 M
b10000 Q
b1111 T
b1000 2
b1000 J
b1000 U
b1 H
b11 W
b11000011 +
b11000011 3
b11000011 9
b11000011 V
1'
0%
#44204000
0'
#44205000
b10110011 #
b10110011 )
b10110011 -
b10110011 0
b10110011 7
b10110011 ;
b10 8
b10 <
b10 C
b110 ?
b10 >
b1001 5
b1001 @
b1001 L
b1000 K
b11 B
b10 E
b11 6
b11 F
b11 G
1%
#44206000
1S
b0 4
b0 :
b0 R
b11001 N
0P
b11000 M
b100 W
b11000100 +
b11000100 3
b11000100 9
b11000100 V
b1 1
b1 I
b1 O
b11 H
b10000 Q
b10000 T
b11000 2
b11000 J
b11000 U
1!
0.
1'
#44208000
0'
0%
#44210000
0S
0!
1.
b11 1
b11 I
b11 O
0*
1'
#44211000
b10110100 #
b10110100 )
b10110100 -
b10110100 0
b10110100 7
b10110100 ;
b11 8
b11 <
b11 C
b111 ?
b110 >
b100 B
b11 E
b10 6
b10 F
b10 G
b1000 5
b1000 @
b1000 L
b11000 K
1%
#44212000
0'
#44214000
1S
b11011 N
b11001 M
b10001 Q
b101 W
b11000101 +
b11000101 3
b11000101 9
b11000101 V
1*
b10 H
0.
1'
0%
#44216000
0'
#44217000
b10110110 #
b10110110 )
b10110110 -
b10110110 0
b10110110 7
b10110110 ;
b100 8
b100 <
b100 C
b101 ?
b111 >
b11000 5
b11000 @
b11000 L
b101 B
b100 E
b110 6
b110 F
b110 G
1%
#44218000
b1 4
b1 :
b1 R
b11010 N
0P
b11011 M
1S
1.
b10010 Q
b10001 T
b11001 2
b11001 J
b11001 U
b10 1
b10 I
b10 O
b110 H
b110 W
b11000110 +
b11000110 3
b11000110 9
b11000110 V
1'
#44220000
0'
0%
0$
#44222000
b10 4
b10 :
b10 R
0S
b11010 N
0P
b11011 M
0*
b110 1
b110 I
b110 O
b10010 Q
b10010 T
b11011 2
b11011 J
b11011 U
1'
#44223000
b10110111 #
b10110111 )
b10110111 -
b10110111 0
b10110111 7
b10110111 ;
b101 8
b101 <
b101 C
b100 ?
b101 >
b110 B
b101 E
b111 6
b111 F
b111 G
b11011 K
1%
#44224000
0'
#44226000
0.
b111 H
1'
0%
#44228000
0'
#44229000
b10111000 #
b10111000 )
b10111000 -
b10111000 0
b10111000 7
b10111000 ;
b110 8
b110 <
b110 C
b1100 ?
b100 >
b11011 5
b11011 @
b11011 L
b111 B
b110 E
b101 6
b101 F
b101 G
1%
#44230000
b111 1
b111 I
b111 O
b101 H
1'
#44232000
0'
0%
#44234000
b101 1
b101 I
b101 O
1'
#44235000
b10111001 #
b10111001 )
b10111001 -
b10111001 0
b10111001 7
b10111001 ;
b111 8
b111 <
b111 C
b1101 ?
b1100 >
b1000 B
b111 E
b100 6
b100 F
b100 G
1%
#44236000
0'
#44238000
b100 H
1'
0%
#44240000
0'
#44241000
b10111011 #
b10111011 )
b10111011 -
b10111011 0
b10111011 7
b10111011 ;
b1000 8
b1000 <
b1000 C
b1111 ?
b1101 >
b1001 B
b1000 E
b1100 6
b1100 F
b1100 G
1%
#44242000
b100 1
b100 I
b100 O
b1100 H
1'
#44244000
0'
0%
#44246000
b1100 1
b1100 I
b1100 O
1'
#44247000
b10111100 #
b10111100 )
b10111100 -
b10111100 0
b10111100 7
b10111100 ;
b1001 8
b1001 <
b1001 C
b1110 ?
b1111 >
b1010 B
b1001 E
b1101 6
b1101 F
b1101 G
1%
#44248000
0'
#44250000
b1101 H
1'
0%
#44252000
0'
#44253000
b10111101 #
b10111101 )
b10111101 -
b10111101 0
b10111101 7
b10111101 ;
b1010 8
b1010 <
b1010 C
b1010 ?
b1110 >
b1011 B
b1010 E
b1111 6
b1111 F
b1111 G
1%
#44254000
b1101 1
b1101 I
b1101 O
b1111 H
1'
#44256000
0'
0%
#44258000
b1111 1
b1111 I
b1111 O
1'
#44259000
b10111110 #
b10111110 )
b10111110 -
b10111110 0
b10111110 7
b10111110 ;
b1011 8
b1011 <
b1011 C
b1011 ?
b1010 >
b1100 B
b1011 E
b1110 6
b1110 F
b1110 G
1%
#44260000
0'
#44262000
b1110 H
1'
0%
#44264000
0'
#44265000
b11000000 #
b11000000 )
b11000000 -
b11000000 0
b11000000 7
b11000000 ;
b1100 8
b1100 <
b1100 C
b1001 ?
b1011 >
b1101 B
b1100 E
b1010 6
b1010 F
b1010 G
1%
#44266000
b1110 1
b1110 I
b1110 O
b1010 H
1'
#44268000
0'
0%
#44270000
b1010 1
b1010 I
b1010 O
1'
#44271000
b11000001 #
b11000001 )
b11000001 -
b11000001 0
b11000001 7
b11000001 ;
b1101 8
b1101 <
b1101 C
b1000 ?
b1001 >
b1110 B
b1101 E
b1011 6
b1011 F
b1011 G
1%
#44272000
0'
#44274000
b1011 H
1'
0%
#44276000
0'
#44277000
b11000010 #
b11000010 )
b11000010 -
b11000010 0
b11000010 7
b11000010 ;
b1110 8
b1110 <
b1110 C
b11000 ?
b1000 >
b1111 B
b1110 E
b1001 6
b1001 F
b1001 G
1%
#44278000
b1011 1
b1011 I
b1011 O
b1001 H
1'
#44280000
0'
0%
#44282000
b1001 1
b1001 I
b1001 O
1'
#44283000
b11000011 #
b11000011 )
b11000011 -
b11000011 0
b11000011 7
b11000011 ;
b1111 8
b1111 <
b1111 C
b11001 ?
b11000 >
b10000 B
b1111 E
b1000 6
b1000 F
b1000 G
1%
#44284000
0'
#44286000
b1000 H
1'
0%
#44288000
0'
#44289000
1D
b11000101 #
b11000101 )
b11000101 -
b11000101 0
b11000101 7
b11000101 ;
b0 8
b0 <
b0 C
b11011 ?
b11001 >
b10001 B
b10000 E
b11000 6
b11000 F
b11000 G
1%
#44290000
b1000 1
b1000 I
b1000 O
b11000 H
1'
#44292000
0'
0%
#44294000
b11000 1
b11000 I
b11000 O
1'
#44295000
1A
b11000110 #
b11000110 )
b11000110 -
b11000110 0
b11000110 7
b11000110 ;
b1 8
b1 <
b1 C
0D
b11010 ?
b11011 >
1/
b10010 B
b10001 E
b11001 6
b11001 F
b11001 G
1%
#44296000
0'
#44298000
b11001 H
1'
0%
#44300000
0'
#44301000
b10110011 #
b10110011 )
b10110011 -
b10110011 0
b10110011 7
b10110011 ;
b10 8
b10 <
b10 C
b11010 ?
1A
b11011 >
b10010 B
b10010 E
b11011 6
b11011 F
b11011 G
1"
0/
1%
#44302000
b11001 1
b11001 I
b11001 O
b11011 H
1'
#44304000
0'
0%
#44306000
b11011 1
b11011 I
b11011 O
1'
#44307000
0,
1%
#44308000
0'
#44310000
1'
0%
#44312000
0'
#44313000
1%
#44314000
1'
#44316000
0'
0%
#44318000
1'
#44319000
1%
#44320000
0'
#44322000
1'
0%
#44324000
0'
#44325000
1%
#44326000
1'
#44328000
0'
0%
#44330000
1'
#44331000
1%
#44332000
0'
#44334000
1'
0%
#44336000
0'
#44337000
1%
#44338000
1'
#44340000
0'
0%
#44342000
1'
#44343000
1%
#44344000
0'
#44346000
1'
0%
#44348000
0'
#44349000
1%
#44350000
1'
#44352000
0'
0%
#44354000
1'
#44355000
1%
#44356000
0'
#44358000
1'
0%
#44360000
0'
#44361000
1%
#44362000
1'
#44364000
0'
0%
#44366000
1'
#44367000
1%
#44368000
0'
#44370000
1'
0%
#44372000
0'
#44373000
1%
#44374000
1'
#44376000
0'
0%
#44378000
1'
#44379000
1%
#44380000
0'
#44382000
1'
0%
#44384000
0'
#44385000
1%
#44386000
1'
#44388000
0'
0%
#44390000
1'
#44391000
1%
#44392000
0'
#44394000
1'
0%
#44396000
0'
#44397000
1%
#44398000
1'
#44400000
0'
0%
#44402000
1'
#44403000
1%
#44404000
0'
#44406000
1'
0%
#44408000
0'
#44409000
1%
#44410000
1'
#44412000
0'
0%
#44414000
1'
#44415000
1%
#44416000
0'
#44418000
1'
0%
#44420000
0'
#44421000
1%
#44422000
1'
#44424000
0'
0%
#44426000
1'
#44427000
1%
#44428000
0'
#44430000
1'
0%
#44432000
0'
#44433000
1%
#44434000
1'
#44436000
0'
0%
#44438000
1'
#44439000
1%
#44440000
0'
#44442000
1'
0%
#44444000
0'
#44445000
1%
#44446000
1'
#44448000
0'
0%
#44450000
1'
#44451000
1%
#44452000
0'
#44454000
1'
0%
#44456000
0'
#44457000
1%
#44458000
1'
#44460000
0'
0%
#44462000
1'
#44463000
1%
#44464000
0'
#44466000
1'
0%
#44468000
0'
#44469000
1%
#44470000
1'
#44472000
0'
0%
#44474000
1'
#44475000
1%
#44476000
0'
#44478000
1'
0%
#44480000
0'
#44481000
1%
#44482000
1'
#44484000
0'
0%
#44486000
1'
#44487000
1%
#44488000
0'
#44490000
1'
0%
#44492000
0'
#44493000
1%
#44494000
1'
#44496000
0'
0%
#44498000
1'
#44499000
1%
#44500000
0'
#44502000
1'
0%
#44504000
0'
#44505000
1%
#44506000
1'
#44508000
0'
0%
#44510000
1'
#44511000
1%
#44512000
0'
#44514000
1'
0%
#44516000
0'
#44517000
1%
#44518000
1'
#44520000
0'
0%
#44522000
1'
#44523000
1%
#44524000
0'
#44526000
1'
0%
#44528000
0'
#44529000
1%
#44530000
1'
#44532000
0'
0%
#44534000
1'
#44535000
1%
#44536000
0'
#44538000
1'
0%
#44540000
0'
#44541000
1%
#44542000
1'
#44544000
0'
0%
#44546000
1'
#44547000
1%
#44548000
0'
#44550000
1'
0%
#44552000
0'
#44553000
1%
#44554000
1'
#44556000
0'
0%
#44558000
1'
#44559000
1%
#44560000
0'
#44562000
1'
0%
#44564000
0'
#44565000
1%
#44566000
1'
#44568000
0'
0%
#44570000
1'
#44571000
1%
#44572000
0'
#44574000
1'
0%
#44576000
0'
#44577000
1%
#44578000
1'
#44580000
0'
0%
#44582000
1'
#44583000
1%
#44584000
0'
#44586000
1'
0%
#44588000
0'
#44589000
1%
#44590000
1'
#44592000
0'
0%
#44594000
1'
#44595000
1%
#44596000
0'
#44598000
1'
0%
#44600000
0'
#44601000
1%
#44602000
1'
#44604000
0'
0%
#44606000
1'
#44607000
1%
#44608000
0'
#44610000
1'
0%
#44612000
0'
#44613000
1%
#44614000
1'
#44616000
0'
0%
#44618000
1'
#44619000
1%
#44620000
0'
#44622000
1'
0%
#44624000
0'
#44625000
1%
#44626000
1'
#44628000
0'
0%
#44630000
1'
#44631000
1%
#44632000
0'
#44634000
1'
0%
#44636000
0'
#44637000
1%
#44638000
1'
#44640000
0'
0%
#44642000
1'
#44643000
1%
#44644000
0'
#44646000
1'
0%
#44648000
0'
#44649000
1%
#44650000
1'
#44652000
0'
0%
#44654000
1'
#44655000
1%
#44656000
0'
#44658000
1'
0%
#44660000
0'
#44661000
1%
#44662000
1'
#44664000
0'
0%
#44666000
1'
#44667000
1%
#44668000
0'
#44670000
1'
0%
#44672000
0'
#44673000
1%
#44674000
1'
#44676000
0'
0%
#44678000
1'
#44679000
1%
#44680000
0'
#44682000
1'
0%
#44684000
0'
#44685000
1%
#44686000
1'
#44688000
0'
0%
#44690000
1'
#44691000
1%
#44692000
0'
#44694000
1'
0%
#44696000
0'
#44697000
1%
#44698000
1'
#44700000
0'
0%
#44702000
1'
#44703000
1%
#44704000
0'
#44706000
1'
0%
#44708000
0'
#44709000
1%
#44710000
1'
#44712000
0'
0%
#44714000
1'
#44715000
1%
#44716000
0'
#44718000
1'
0%
#44720000
0'
#44721000
1%
#44722000
1'
#44724000
0'
0%
#44726000
1'
#44727000
1%
#44728000
0'
#44730000
1'
0%
#44732000
0'
#44733000
1%
#44734000
1'
#44736000
0'
0%
#44738000
1'
#44739000
1%
#44740000
0'
#44742000
1'
0%
#44744000
0'
#44745000
1%
#44746000
1'
#44748000
0'
0%
#44750000
1'
#44751000
1%
#44752000
0'
#44754000
1'
0%
#44756000
0'
#44757000
1%
#44758000
1'
#44760000
0'
0%
#44762000
1'
#44763000
1%
#44764000
0'
#44766000
1'
0%
#44768000
0'
#44769000
1%
#44770000
1'
#44772000
0'
0%
#44774000
1'
#44775000
1%
#44776000
0'
#44778000
1'
0%
#44780000
0'
#44781000
1%
#44782000
1'
#44784000
0'
0%
#44786000
1'
#44787000
1%
#44788000
0'
#44790000
1'
0%
#44792000
0'
#44793000
1%
#44794000
1'
#44796000
0'
0%
#44798000
1'
#44799000
1%
#44800000
0'
#44802000
1'
0%
#44804000
0'
#44805000
1%
#44806000
1'
#44808000
0'
0%
#44810000
1'
#44811000
1%
#44812000
0'
#44814000
1'
0%
#44816000
0'
#44817000
1%
#44818000
1'
#44820000
0'
0%
#44822000
1'
#44823000
1%
#44824000
0'
#44826000
1'
0%
#44828000
0'
#44829000
1%
#44830000
1'
#44832000
0'
0%
#44834000
1'
#44835000
1%
#44836000
0'
#44838000
1'
0%
#44840000
0'
#44841000
1%
#44842000
1'
#44844000
0'
0%
#44846000
1'
#44847000
1%
#44848000
0'
#44850000
1'
0%
#44852000
0'
#44853000
1%
#44854000
1'
#44856000
0'
0%
#44858000
1'
#44859000
1%
#44860000
0'
#44862000
1'
0%
#44864000
0'
#44865000
1%
#44866000
1'
#44868000
0'
0%
#44870000
1'
#44871000
1%
#44872000
0'
#44874000
1'
0%
#44876000
0'
#44877000
1%
#44878000
1'
#44880000
0'
0%
#44882000
1'
#44883000
1%
#44884000
0'
#44886000
1'
0%
#44888000
0'
#44889000
1%
#44890000
1'
#44892000
0'
0%
#44894000
1'
#44895000
1%
#44896000
0'
#44898000
1'
0%
#44900000
0'
#44901000
1%
#44902000
1'
#44904000
0'
0%
#44906000
1'
#44907000
1%
#44908000
0'
#44910000
1'
0%
#44912000
0'
#44913000
1%
#44914000
1'
#44916000
0'
0%
#44918000
1'
#44919000
1%
#44920000
0'
#44922000
1'
0%
#44924000
0'
#44925000
1%
#44926000
1'
#44928000
0'
0%
#44930000
1'
#44931000
1%
#44932000
0'
#44934000
1'
0%
#44936000
0'
#44937000
1%
#44938000
1'
#44940000
0'
0%
#44942000
1'
#44943000
1%
#44944000
0'
#44946000
1'
0%
#44948000
0'
#44949000
1%
#44950000
1'
#44952000
0'
0%
#44954000
1'
#44955000
1%
#44956000
0'
#44958000
1'
0%
#44960000
0'
#44961000
1%
#44962000
1'
#44964000
0'
0%
#44966000
1'
#44967000
1%
#44968000
0'
#44970000
1'
0%
#44972000
0'
#44973000
1%
#44974000
1'
#44976000
0'
0%
#44978000
1'
#44979000
1%
#44980000
0'
#44982000
1'
0%
#44984000
0'
#44985000
1%
#44986000
1'
#44988000
0'
0%
#44990000
1'
#44991000
1%
#44992000
0'
#44994000
1'
0%
#44996000
0'
#44997000
1%
#44998000
1'
#45000000
0'
0%
#45002000
1'
#45003000
1%
#45004000
0'
#45006000
1'
0%
#45008000
0'
#45009000
1%
#45010000
1'
#45012000
0'
0%
#45014000
1'
#45015000
1%
#45016000
0'
#45018000
1'
0%
#45020000
0'
#45021000
1%
#45022000
1'
#45024000
0'
0%
#45026000
1'
#45027000
1%
#45028000
0'
#45030000
1'
0%
#45032000
0'
#45033000
1%
#45034000
1'
#45036000
0'
0%
#45038000
1'
#45039000
1%
#45040000
0'
#45042000
1'
0%
#45044000
0'
#45045000
1%
#45046000
1'
#45048000
0'
0%
#45050000
1'
#45051000
1%
#45052000
0'
#45054000
1'
0%
#45056000
0'
#45057000
1%
#45058000
1'
#45060000
0'
0%
#45062000
1'
#45063000
1%
#45064000
0'
#45066000
1'
0%
#45068000
0'
#45069000
1%
#45070000
1'
#45072000
0'
0%
#45074000
1'
#45075000
1%
#45076000
0'
#45078000
1'
0%
#45080000
0'
#45081000
1%
#45082000
1'
#45084000
0'
0%
#45086000
1'
#45087000
1%
#45088000
0'
#45090000
1'
0%
#45092000
0'
#45093000
1%
#45094000
1'
#45096000
0'
0%
#45098000
1'
#45099000
1%
#45100000
0'
#45102000
1'
0%
#45104000
0'
#45105000
1%
#45106000
1'
#45108000
0'
0%
#45110000
1'
#45111000
1%
#45112000
0'
#45114000
1'
0%
#45116000
0'
#45117000
1%
#45118000
1'
#45120000
0'
0%
#45122000
1'
#45123000
1%
#45124000
0'
#45126000
1'
0%
#45128000
0'
#45129000
1%
#45130000
1'
#45132000
0'
0%
#45134000
1'
#45135000
1%
#45136000
0'
#45138000
1'
0%
#45140000
0'
#45141000
1%
#45142000
1'
#45144000
0'
0%
#45146000
1'
#45147000
1%
#45148000
0'
#45150000
1'
0%
#45152000
0'
#45153000
1%
#45154000
1'
#45156000
0'
0%
#45158000
1'
#45159000
1%
#45160000
0'
#45162000
1'
0%
#45164000
0'
#45165000
1%
#45166000
1'
#45168000
0'
0%
#45170000
1'
#45171000
1%
#45172000
0'
#45174000
1'
0%
#45176000
0'
#45177000
1%
#45178000
1'
#45180000
0'
0%
#45182000
1'
#45183000
1%
#45184000
0'
#45186000
1'
0%
#45188000
0'
#45189000
1%
#45190000
1'
#45192000
0'
0%
#45194000
1'
#45195000
1%
#45196000
0'
#45198000
1'
0%
#45200000
0'
#45201000
1%
#45202000
1'
#45204000
0'
0%
#45206000
1'
#45207000
1%
#45208000
0'
#45210000
1'
0%
#45212000
0'
#45213000
1%
#45214000
1'
#45216000
0'
0%
#45218000
1'
#45219000
1%
#45220000
0'
#45222000
1'
0%
#45224000
0'
#45225000
1%
#45226000
1'
#45228000
0'
0%
#45230000
1'
#45231000
1%
#45232000
0'
#45234000
1'
0%
#45236000
0'
#45237000
1%
#45238000
1'
#45240000
0'
0%
#45242000
1'
#45243000
1%
#45244000
0'
#45246000
1'
0%
#45248000
0'
#45249000
1%
#45250000
1'
#45252000
0'
0%
#45254000
1'
#45255000
1%
#45256000
0'
#45258000
1'
0%
#45260000
0'
#45261000
1%
#45262000
1'
#45264000
0'
0%
#45266000
1'
#45267000
1%
#45268000
0'
#45270000
1'
0%
#45272000
0'
#45273000
1%
#45274000
1'
#45276000
0'
0%
#45278000
1'
#45279000
1%
#45280000
0'
#45282000
1'
0%
#45284000
0'
#45285000
1%
#45286000
1'
#45288000
0'
0%
#45290000
1'
#45291000
1%
#45292000
0'
#45294000
1'
0%
#45296000
0'
#45297000
1%
#45298000
1'
#45300000
0'
0%
#45302000
1'
#45303000
1%
#45304000
0'
#45306000
1'
0%
#45308000
0'
#45309000
1%
#45310000
1'
#45312000
0'
0%
#45314000
1'
#45315000
1%
#45316000
0'
#45318000
1'
0%
#45320000
0'
#45321000
1%
#45322000
1'
#45324000
0'
0%
#45326000
1'
#45327000
1%
#45328000
0'
#45330000
1'
0%
#45332000
0'
#45333000
1%
#45334000
1'
#45336000
0'
0%
#45338000
1'
#45339000
1%
#45340000
0'
#45342000
1'
0%
#45344000
0'
#45345000
1%
#45346000
1'
#45348000
0'
0%
#45350000
1'
#45351000
1%
#45352000
0'
#45354000
1'
0%
#45356000
0'
#45357000
1%
#45358000
1'
#45360000
0'
0%
#45362000
1'
#45363000
1%
#45364000
0'
#45366000
1'
0%
#45368000
0'
#45369000
1%
#45370000
1'
#45372000
0'
0%
#45374000
1'
#45375000
1%
#45376000
0'
#45378000
1'
0%
#45380000
0'
#45381000
1%
#45382000
1'
#45384000
0'
0%
#45386000
1'
#45387000
1%
#45388000
0'
#45390000
1'
0%
#45392000
0'
#45393000
1%
#45394000
1'
#45396000
0'
0%
#45398000
1'
#45399000
1%
#45400000
0'
#45402000
1'
0%
#45404000
0'
#45405000
1%
#45406000
1'
#45408000
0'
0%
#45410000
1'
#45411000
1%
#45412000
0'
#45414000
1'
0%
#45416000
0'
#45417000
1%
#45418000
1'
#45420000
0'
0%
#45422000
1'
#45423000
1%
#45424000
0'
#45426000
1'
0%
#45428000
0'
#45429000
1%
#45430000
1'
#45432000
0'
0%
#45434000
1'
#45435000
1%
#45436000
0'
#45438000
1'
0%
#45440000
0'
#45441000
1%
#45442000
1'
#45444000
0'
0%
#45446000
1'
#45447000
1%
#45448000
0'
#45450000
1'
0%
#45452000
0'
#45453000
1%
#45454000
1'
#45456000
0'
0%
#45458000
1'
#45459000
1%
#45460000
0'
#45462000
1'
0%
#45464000
0'
#45465000
1%
#45466000
1'
#45468000
0'
0%
#45470000
1'
#45471000
1%
#45472000
0'
#45474000
1'
0%
#45476000
0'
#45477000
1%
#45478000
1'
#45480000
0'
0%
#45482000
1'
#45483000
1%
#45484000
0'
#45486000
1'
0%
#45488000
0'
#45489000
1%
#45490000
1'
#45492000
0'
0%
#45494000
1'
#45495000
1%
#45496000
0'
#45498000
1'
0%
#45500000
0'
#45501000
1%
#45502000
1'
#45504000
0'
0%
#45506000
1'
#45507000
1%
#45508000
0'
#45510000
1'
0%
#45512000
0'
#45513000
1%
#45514000
1'
#45516000
0'
0%
#45518000
1'
#45519000
1%
#45520000
0'
#45522000
1'
0%
#45524000
0'
#45525000
1%
#45526000
1'
#45528000
0'
0%
#45530000
1'
#45531000
1%
#45532000
0'
#45534000
1'
0%
#45536000
0'
#45537000
1%
#45538000
1'
#45540000
0'
0%
#45542000
1'
#45543000
1%
#45544000
0'
#45546000
1'
0%
#45548000
0'
#45549000
1%
#45550000
1'
#45552000
0'
0%
#45554000
1'
#45555000
1%
#45556000
0'
#45558000
1'
0%
#45560000
0'
#45561000
1%
#45562000
1'
#45564000
0'
0%
#45566000
1'
#45567000
1%
#45568000
0'
#45570000
1'
0%
#45572000
0'
#45573000
1%
#45574000
1'
#45576000
0'
0%
#45578000
1'
#45579000
1%
#45580000
0'
#45582000
1'
0%
#45584000
0'
#45585000
1%
#45586000
1'
#45588000
0'
0%
#45590000
1'
#45591000
1%
#45592000
0'
#45594000
1'
0%
#45596000
0'
#45597000
1%
#45598000
1'
#45600000
0'
0%
#45602000
1'
#45603000
1%
#45604000
0'
#45606000
1'
0%
#45608000
0'
#45609000
1%
#45610000
1'
#45612000
0'
0%
#45614000
1'
#45615000
1%
#45616000
0'
#45618000
1'
0%
#45620000
0'
#45621000
1%
#45622000
1'
#45624000
0'
0%
#45626000
1'
#45627000
1%
#45628000
0'
#45630000
1'
0%
#45632000
0'
#45633000
1%
#45634000
1'
#45636000
0'
0%
#45638000
1'
#45639000
1%
#45640000
0'
#45642000
1'
0%
#45644000
0'
#45645000
1%
#45646000
1'
#45648000
0'
0%
#45650000
1'
#45651000
1%
#45652000
0'
#45654000
1'
0%
#45656000
0'
#45657000
1%
#45658000
1'
#45660000
0'
0%
#45662000
1'
#45663000
1%
#45664000
0'
#45666000
1'
0%
#45668000
0'
#45669000
1%
#45670000
1'
#45672000
0'
0%
#45674000
1'
#45675000
1%
#45676000
0'
#45678000
1'
0%
#45680000
0'
#45681000
1%
#45682000
1'
#45684000
0'
0%
#45686000
1'
#45687000
1%
#45688000
0'
#45690000
1'
0%
#45692000
0'
#45693000
1%
#45694000
1'
#45696000
0'
0%
#45698000
1'
#45699000
1%
#45700000
0'
#45702000
1'
0%
#45704000
0'
#45705000
1%
#45706000
1'
#45708000
0'
0%
#45710000
1'
#45711000
1%
#45712000
0'
#45714000
1'
0%
#45716000
0'
#45717000
1%
#45718000
1'
#45720000
0'
0%
#45722000
1'
#45723000
1%
#45724000
0'
#45726000
1'
0%
#45728000
0'
#45729000
1%
#45730000
1'
#45732000
0'
0%
#45734000
1'
#45735000
1%
#45736000
0'
#45738000
1'
0%
#45740000
0'
#45741000
1%
#45742000
1'
#45744000
0'
0%
#45746000
1'
#45747000
1%
#45748000
0'
#45750000
1'
0%
#45752000
0'
#45753000
1%
#45754000
1'
#45756000
0'
0%
#45758000
1'
#45759000
1%
#45760000
0'
#45762000
1'
0%
#45764000
0'
#45765000
1%
#45766000
1'
#45768000
0'
0%
#45770000
1'
#45771000
1%
#45772000
0'
#45774000
1'
0%
#45776000
0'
#45777000
1%
#45778000
1'
#45780000
0'
0%
#45782000
1'
#45783000
1%
#45784000
0'
#45786000
1'
0%
#45788000
0'
#45789000
1%
#45790000
1'
#45792000
0'
0%
#45794000
1'
#45795000
1%
#45796000
0'
#45798000
1'
0%
#45800000
0'
#45801000
1%
#45802000
1'
#45804000
0'
0%
#45806000
1'
#45807000
1%
#45808000
0'
#45810000
1'
0%
#45812000
0'
#45813000
1%
#45814000
1'
#45816000
0'
0%
#45818000
1'
#45819000
1%
#45820000
0'
#45822000
1'
0%
#45824000
0'
#45825000
1%
#45826000
1'
#45828000
0'
0%
#45830000
1'
#45831000
1%
#45832000
0'
#45834000
1'
0%
#45836000
0'
#45837000
1%
#45838000
1'
#45840000
0'
0%
#45842000
1'
#45843000
1%
#45844000
0'
#45846000
1'
0%
#45848000
0'
#45849000
1%
#45850000
1'
#45852000
0'
0%
#45854000
1'
#45855000
1%
#45856000
0'
#45858000
1'
0%
#45860000
0'
#45861000
1%
#45862000
1'
#45864000
0'
0%
#45866000
1'
#45867000
1%
#45868000
0'
#45870000
1'
0%
#45872000
0'
#45873000
1%
#45874000
1'
#45876000
0'
0%
#45878000
1'
#45879000
1%
#45880000
0'
#45882000
1'
0%
#45884000
0'
#45885000
1%
#45886000
1'
#45888000
0'
0%
#45890000
1'
#45891000
1%
#45892000
0'
#45894000
1'
0%
#45896000
0'
#45897000
1%
#45898000
1'
#45900000
0'
0%
#45902000
1'
#45903000
1%
#45904000
0'
#45906000
1'
0%
#45908000
0'
#45909000
1%
#45910000
1'
#45912000
0'
0%
#45914000
1'
#45915000
1%
#45916000
0'
#45918000
1'
0%
#45920000
0'
#45921000
1%
#45922000
1'
#45924000
0'
0%
#45926000
1'
#45927000
1%
#45928000
0'
#45930000
1'
0%
#45932000
0'
#45933000
1%
#45934000
1'
#45936000
0'
0%
#45938000
1'
#45939000
1%
#45940000
0'
#45942000
1'
0%
#45944000
0'
#45945000
1%
#45946000
1'
#45948000
0'
0%
#45950000
1'
#45951000
1%
#45952000
0'
#45954000
1'
0%
#45956000
0'
#45957000
1%
#45958000
1'
#45960000
0'
0%
#45962000
1'
#45963000
1%
#45964000
0'
#45966000
1'
0%
#45968000
0'
#45969000
1%
#45970000
1'
#45972000
0'
0%
#45974000
1'
#45975000
1%
#45976000
0'
#45978000
1'
0%
#45980000
0'
#45981000
1%
#45982000
1'
#45984000
0'
0%
#45986000
1'
#45987000
1%
#45988000
0'
#45990000
1'
0%
#45992000
0'
#45993000
1%
#45994000
1'
#45996000
0'
0%
#45998000
1'
#45999000
1%
#46000000
0'
#46002000
1'
0%
#46004000
0'
#46005000
1%
#46006000
1'
#46008000
0'
0%
#46010000
1'
#46011000
1%
#46012000
0'
#46014000
1'
0%
#46016000
0'
#46017000
1%
#46018000
1'
#46020000
0'
0%
#46022000
1'
#46023000
1%
#46024000
0'
#46026000
1'
0%
#46028000
0'
#46029000
1%
#46030000
1'
#46032000
0'
0%
#46034000
1'
#46035000
1%
#46036000
0'
#46038000
1'
0%
#46040000
0'
#46041000
1%
#46042000
1'
#46044000
0'
0%
#46046000
1'
#46047000
1%
#46048000
0'
#46050000
1'
0%
#46052000
0'
#46053000
1%
#46054000
1'
#46056000
0'
0%
#46058000
1'
#46059000
1%
#46060000
0'
#46062000
1'
0%
#46064000
0'
#46065000
1%
#46066000
1'
#46068000
0'
0%
#46070000
1'
#46071000
1%
#46072000
0'
#46074000
1'
0%
#46076000
0'
#46077000
1%
#46078000
1'
#46080000
0'
0%
#46082000
1'
#46083000
1%
#46084000
0'
#46086000
1'
0%
#46088000
0'
#46089000
1%
#46090000
1'
#46092000
0'
0%
#46094000
1'
#46095000
1%
#46096000
0'
#46098000
1'
0%
#46100000
0'
#46101000
1%
#46102000
1'
#46104000
0'
0%
#46106000
1'
#46107000
1%
#46108000
0'
#46110000
1'
0%
#46112000
0'
#46113000
1%
#46114000
1'
#46116000
0'
0%
#46118000
1'
#46119000
1%
#46120000
0'
#46122000
1'
0%
#46124000
0'
#46125000
1%
#46126000
1'
#46128000
0'
0%
#46130000
1'
#46131000
1%
#46132000
0'
#46134000
1'
0%
#46136000
0'
#46137000
1%
#46138000
1'
#46140000
0'
0%
#46142000
1'
#46143000
1%
#46144000
0'
#46146000
1'
0%
#46148000
0'
#46149000
1%
#46150000
1'
#46152000
0'
0%
#46154000
1'
#46155000
1%
#46156000
0'
#46158000
1'
0%
#46160000
0'
#46161000
1%
#46162000
1'
#46164000
0'
0%
#46166000
1'
#46167000
1%
#46168000
0'
#46170000
1'
0%
#46172000
0'
#46173000
1%
#46174000
1'
#46176000
0'
0%
#46178000
1'
#46179000
1%
#46180000
0'
#46182000
1'
0%
#46184000
0'
#46185000
1%
#46186000
1'
#46188000
0'
0%
#46190000
1'
#46191000
1%
#46192000
0'
#46194000
1'
0%
#46196000
0'
#46197000
1%
#46198000
1'
#46200000
0'
0%
#46202000
1'
#46203000
1%
#46204000
0'
#46206000
1'
0%
#46208000
0'
#46209000
1%
#46210000
1'
#46212000
0'
0%
#46214000
1'
#46215000
1%
#46216000
0'
#46218000
1'
0%
#46220000
0'
1$
#46221000
1%
#46222000
b11110 N
b11010 M
b10011 Q
b111 W
b11000111 +
b11000111 3
b11000111 9
b11000111 V
1*
1'
#46224000
0'
0%
#46226000
b11 4
b11 :
b11 R
b11111 N
b11110 M
b11000111 #
b11000111 )
b11000111 -
b11000111 0
b11000111 7
b11000111 ;
b10100 Q
b10011 T
b11010 2
b11010 J
b11010 U
b1000 W
b11001000 +
b11001000 3
b11001000 9
b11001000 V
1'
#46227000
b11010 K
1%
#46228000
0'
#46230000
b100 4
b100 :
b100 R
b11101 N
b11111 M
b1001 W
b11001001 +
b11001001 3
b11001001 9
b11001001 V
b10101 Q
b10100 T
b11110 2
b11110 J
b11110 U
1'
0%
#46232000
0'
#46233000
1D
0A
b11010 5
b11010 @
b11010 L
b11110 K
1%
#46234000
b101 4
b101 :
b101 R
b11100 N
b11101 M
b10110 Q
b10101 T
b11111 2
b11111 J
b11111 U
b1010 W
b11001010 +
b11001010 3
b11001010 9
b11001010 V
1'
#46236000
0'
0%
#46238000
b110 4
b110 :
b110 R
b10100 N
b11100 M
b1011 W
b11001011 +
b11001011 3
b11001011 9
b11001011 V
b10111 Q
b10110 T
b11101 2
b11101 J
b11101 U
1'
#46239000
0"
1/
0D
b11110 5
b11110 @
b11110 L
b11101 K
1%
#46240000
0'
#46242000
b111 4
b111 :
b111 R
b10101 N
b10100 M
b11000 Q
b10111 T
b11100 2
b11100 J
b11100 U
b1100 W
b11001100 +
b11001100 3
b11001100 9
b11001100 V
1'
0%
#46244000
0'
#46245000
0D
b11110 ?
b11010 >
b10011 B
b11101 5
b11101 @
b11101 L
b11100 K
0/
1,
1%
#46246000
b1000 4
b1000 :
b1000 R
b10111 N
b10101 M
b1101 W
b11001101 +
b11001101 3
b11001101 9
b11001101 V
b11001 Q
b11000 T
b10100 2
b10100 J
b10100 U
1'
#46248000
0'
0%
#46250000
b1001 4
b1001 :
b1001 R
b10110 N
b10111 M
b11010 Q
b11001 T
b10101 2
b10101 J
b10101 U
b1110 W
b11001110 +
b11001110 3
b11001110 9
b11001110 V
1'
#46251000
b11001000 #
b11001000 )
b11001000 -
b11001000 0
b11001000 7
b11001000 ;
b11 8
b11 <
b11 C
b11111 ?
b11110 >
b10100 B
b10011 E
b11010 6
b11010 F
b11010 G
b11100 5
b11100 @
b11100 L
b10101 K
1%
#46252000
0'
#46254000
b1010 4
b1010 :
b1010 R
b10010 N
b10110 M
b1111 W
b11001111 +
b11001111 3
b11001111 9
b11001111 V
b11010 H
b11011 Q
b11010 T
b10111 2
b10111 J
b10111 U
1'
0%
#46256000
0'
#46257000
b11001001 #
b11001001 )
b11001001 -
b11001001 0
b11001001 7
b11001001 ;
b100 8
b100 <
b100 C
b11101 ?
b11111 >
b10101 5
b10101 @
b10101 L
b10111 K
b10101 B
b10100 E
b11110 6
b11110 F
b11110 G
1%
#46258000
b1011 4
b1011 :
b1011 R
b10011 N
b10010 M
b11100 Q
b11011 T
b10110 2
b10110 J
b10110 U
b11010 1
b11010 I
b11010 O
b11110 H
b0 W
b11010000 +
b11010000 3
b11010000 9
b11010000 V
1'
#46260000
0'
0%
#46262000
b1100 4
b1100 :
b1100 R
b10001 N
b10011 M
b1 W
b11010001 +
b11010001 3
b11010001 9
b11010001 V
b11110 1
b11110 I
b11110 O
b11101 Q
b11100 T
b10010 2
b10010 J
b10010 U
1'
#46263000
b11001010 #
b11001010 )
b11001010 -
b11001010 0
b11001010 7
b11001010 ;
b101 8
b101 <
b101 C
b11100 ?
b11101 >
b10110 B
b10101 E
b11111 6
b11111 F
b11111 G
b10111 5
b10111 @
b10111 L
b10010 K
1%
#46264000
0'
#46266000
b1101 4
b1101 :
b1101 R
b10000 N
b10001 M
b11110 Q
b11101 T
b10011 2
b10011 J
b10011 U
b11111 H
b10 W
b11010010 +
b11010010 3
b11010010 9
b11010010 V
1'
0%
#46268000
0'
#46269000
b11001011 #
b11001011 )
b11001011 -
b11001011 0
b11001011 7
b11001011 ;
b110 8
b110 <
b110 C
b10100 ?
b11100 >
b10010 5
b10010 @
b10010 L
b10011 K
b10111 B
b10110 E
b11101 6
b11101 F
b11101 G
1%
#46270000
b1110 4
b1110 :
b1110 R
b0 N
b10000 M
b11 W
b11010011 +
b11010011 3
b11010011 9
b11010011 V
b11111 1
b11111 I
b11111 O
b11101 H
b11111 Q
b11110 T
b10001 2
b10001 J
b10001 U
1'
#46272000
0'
0%
#46274000
b1111 4
b1111 :
b1111 R
b1 N
b0 M
b0 Q
b11111 T
b10000 2
b10000 J
b10000 U
b11101 1
b11101 I
b11101 O
b100 W
b11010100 +
b11010100 3
b11010100 9
b11010100 V
1'
#46275000
b11001100 #
b11001100 )
b11001100 -
b11001100 0
b11001100 7
b11001100 ;
b111 8
b111 <
b111 C
b10101 ?
0A
b10100 >
b11000 B
b10111 E
b11100 6
b11100 F
b11100 G
b10011 5
b10011 @
b10011 L
b10000 K
1%
#46276000
0'
#46278000
b0 4
b0 :
b0 R
b11 N
b1 M
b101 W
b11010101 +
b11010101 3
b11010101 9
b11010101 V
b11100 H
b1 Q
b0 T
b0 2
b0 J
b0 U
1'
0%
#46280000
0'
#46281000
b11001101 #
b11001101 )
b11001101 -
b11001101 0
b11001101 7
b11001101 ;
b1000 8
b1000 <
b1000 C
b10111 ?
b10101 >
b10000 5
b10000 @
b10000 L
b0 K
b11001 B
b11000 E
b10100 6
b10100 F
b10100 G
1%
#46282000
b1 4
b1 :
b1 R
b10 N
b11 M
b10 Q
b1 T
b1 2
b1 J
b1 U
b11100 1
b11100 I
b11100 O
b10100 H
b110 W
b11010110 +
b11010110 3
b11010110 9
b11010110 V
1'
#46284000
0'
0%
#46286000
b10 4
b10 :
b10 R
b110 N
b10 M
b111 W
b11010111 +
b11010111 3
b11010111 9
b11010111 V
b10100 1
b10100 I
b10100 O
b11 Q
b10 T
b11 2
b11 J
b11 U
1'
#46287000
b11001110 #
b11001110 )
b11001110 -
b11001110 0
b11001110 7
b11001110 ;
b1001 8
b1001 <
b1001 C
b10110 ?
b10111 >
b11010 B
b11001 E
b10101 6
b10101 F
b10101 G
b0 5
b0 @
b0 L
b11 K
1%
#46288000
0'
#46290000
b11 4
b11 :
b11 R
b111 N
b110 M
b100 Q
b11 T
b10 2
b10 J
b10 U
b10101 H
b1000 W
b11011000 +
b11011000 3
b11011000 9
b11011000 V
1'
0%
#46292000
0'
#46293000
b11001111 #
b11001111 )
b11001111 -
b11001111 0
b11001111 7
b11001111 ;
b1010 8
b1010 <
b1010 C
b10010 ?
b10110 >
b11 5
b11 @
b11 L
b10 K
b11011 B
b11010 E
b10111 6
b10111 F
b10111 G
1%
#46294000
b100 4
b100 :
b100 R
b101 N
b111 M
b1001 W
b11011001 +
b11011001 3
b11011001 9
b11011001 V
b10101 1
b10101 I
b10101 O
b10111 H
b101 Q
b100 T
b110 2
b110 J
b110 U
1'
#46296000
0'
0%
#46298000
b101 4
b101 :
b101 R
b100 N
b101 M
b110 Q
b101 T
b111 2
b111 J
b111 U
b10111 1
b10111 I
b10111 O
b1010 W
b11011010 +
b11011010 3
b11011010 9
b11011010 V
1'
#46299000
b11010000 #
b11010000 )
b11010000 -
b11010000 0
b11010000 7
b11010000 ;
b1011 8
b1011 <
b1011 C
b10011 ?
b10010 >
b11100 B
b11011 E
b10110 6
b10110 F
b10110 G
b10 5
b10 @
b10 L
b111 K
1%
#46300000
0'
#46302000
b110 4
b110 :
b110 R
b1100 N
b100 M
b1011 W
b11011011 +
b11011011 3
b11011011 9
b11011011 V
b10110 H
b111 Q
b110 T
b101 2
b101 J
b101 U
1'
0%
#46304000
0'
#46305000
b11010001 #
b11010001 )
b11010001 -
b11010001 0
b11010001 7
b11010001 ;
b1100 8
b1100 <
b1100 C
b10001 ?
b10011 >
b111 5
b111 @
b111 L
b101 K
b11101 B
b11100 E
b10010 6
b10010 F
b10010 G
1%
#46306000
b111 4
b111 :
b111 R
b1101 N
b1100 M
b1000 Q
b111 T
b100 2
b100 J
b100 U
b10110 1
b10110 I
b10110 O
b10010 H
b1100 W
b11011100 +
b11011100 3
b11011100 9
b11011100 V
1'
#46308000
0'
0%
#46310000
b1000 4
b1000 :
b1000 R
0S
b1111 N
b1101 M
b1101 W
b11011101 +
b11011101 3
b11011101 9
b11011101 V
b10010 1
b10010 I
b10010 O
b1001 Q
b1000 T
b1100 2
b1100 J
b1100 U
1'
#46311000
b11010010 #
b11010010 )
b11010010 -
b11010010 0
b11010010 7
b11010010 ;
b1101 8
b1101 <
b1101 C
b10000 ?
b10001 >
b11110 B
b11101 E
b10011 6
b10011 F
b10011 G
b101 5
b101 @
b101 L
b1100 K
1%
#46312000
0'
#46314000
b1001 4
b1001 :
b1001 R
b1110 N
b1111 M
b1010 Q
b1001 T
b1101 2
b1101 J
b1101 U
b10011 H
b1110 W
b11011110 +
b11011110 3
b11011110 9
b11011110 V
1'
0%
#46316000
0'
#46317000
b11010011 #
b11010011 )
b11010011 -
b11010011 0
b11010011 7
b11010011 ;
b1110 8
b1110 <
b1110 C
b0 ?
b10000 >
b1100 5
b1100 @
b1100 L
b1101 K
b11111 B
b11110 E
b10001 6
b10001 F
b10001 G
1%
#46318000
b1010 4
b1010 :
b1010 R
b1010 N
b1110 M
b1111 W
b11011111 +
b11011111 3
b11011111 9
b11011111 V
b10011 1
b10011 I
b10011 O
b10001 H
b1011 Q
b1010 T
b1111 2
b1111 J
b1111 U
1'
#46320000
0'
0%
#46322000
b1011 4
b1011 :
b1011 R
b1011 N
0P
b1010 M
b1100 Q
b1011 T
b1110 2
b1110 J
b1110 U
b10001 1
b10001 I
b10001 O
b0 W
b11100000 +
b11100000 3
b11100000 9
b11100000 V
1'
#46323000
b11010100 #
b11010100 )
b11010100 -
b11010100 0
b11010100 7
b11010100 ;
b1111 8
b1111 <
b1111 C
b1 ?
b0 >
b0 B
b11111 E
b10000 6
b10000 F
b10000 G
b1101 5
b1101 @
b1101 L
b1110 K
1%
#46324000
0'
#46326000
1S
b1100 4
b1100 :
b1100 R
b1001 N
b1011 M
b1 W
b11100001 +
b11100001 3
b11100001 9
b11100001 V
b10000 H
b1101 Q
b1100 T
b1010 2
b1010 J
b1010 U
1'
0%
#46328000
0'
#46329000
b11010101 #
b11010101 )
b11010101 -
b11010101 0
b11010101 7
b11010101 ;
b0 8
b0 <
b0 C
b11 ?
b1 >
b1110 5
b1110 @
b1110 L
b1010 K
b1 B
b0 E
b0 6
b0 F
b0 G
1%
#46330000
b1101 4
b1101 :
b1101 R
b1000 N
0P
b1001 M
1S
1.
b1110 Q
b1101 T
b1011 2
b1011 J
b1011 U
b10000 1
b10000 I
b10000 O
b0 H
b10 W
b11100010 +
b11100010 3
b11100010 9
b11100010 V
1'
#46332000
0'
0%
#46334000
b1110 4
b1110 :
b1110 R
1S
b11000 N
0P
b1000 M
b11 W
b11100011 +
b11100011 3
b11100011 9
b11100011 V
b0 1
b0 I
b0 O
b1111 Q
b1110 T
b1001 2
b1001 J
b1001 U
1'
#46335000
b11010110 #
b11010110 )
b11010110 -
b11010110 0
b11010110 7
b11010110 ;
b1 8
b1 <
b1 C
b10 ?
b11 >
b10 B
b1 E
b1 6
b1 F
b1 G
b1010 5
b1010 @
b1010 L
b1001 K
1%
#46336000
0'
#46338000
1P
b1111 4
b1111 :
b1111 R
0S
b11001 N
b11000 M
b10000 Q
b1111 T
b1000 2
b1000 J
b1000 U
b1 H
b100 W
b11100100 +
b11100100 3
b11100100 9
b11100100 V
1'
0%
#46340000
0'
#46341000
b11010111 #
b11010111 )
b11010111 -
b11010111 0
b11010111 7
b11010111 ;
b10 8
b10 <
b10 C
b110 ?
b10 >
b1001 5
b1001 @
b1001 L
b1000 K
b11 B
b10 E
b11 6
b11 F
b11 G
1%
#46342000
1S
b0 4
b0 :
b0 R
b11001 N
0P
b11000 M
b101 W
b11100101 +
b11100101 3
b11100101 9
b11100101 V
b1 1
b1 I
b1 O
b11 H
b10000 Q
b10000 T
b11000 2
b11000 J
b11000 U
1!
0.
1'
#46344000
0'
0%
#46346000
0S
0!
1.
b11 1
b11 I
b11 O
0*
1'
#46347000
b11011000 #
b11011000 )
b11011000 -
b11011000 0
b11011000 7
b11011000 ;
b11 8
b11 <
b11 C
b111 ?
b110 >
b100 B
b11 E
b10 6
b10 F
b10 G
b1000 5
b1000 @
b1000 L
b11000 K
1%
#46348000
0'
#46350000
1S
b11011 N
b11001 M
b10001 Q
b110 W
b11100110 +
b11100110 3
b11100110 9
b11100110 V
1*
b10 H
0.
1'
0%
#46352000
0'
#46353000
b11011001 #
b11011001 )
b11011001 -
b11011001 0
b11011001 7
b11011001 ;
b100 8
b100 <
b100 C
b101 ?
b111 >
b11000 5
b11000 @
b11000 L
b101 B
b100 E
b110 6
b110 F
b110 G
1%
#46354000
b1 4
b1 :
b1 R
b11010 N
0P
b11011 M
1S
1.
b10010 Q
b10001 T
b11001 2
b11001 J
b11001 U
b10 1
b10 I
b10 O
b110 H
b111 W
b11100111 +
b11100111 3
b11100111 9
b11100111 V
1'
#46356000
0'
0%
#46358000
b10 4
b10 :
b10 R
1S
b11110 N
0P
b11010 M
b1000 W
b11101000 +
b11101000 3
b11101000 9
b11101000 V
b110 1
b110 I
b110 O
b10011 Q
b10010 T
b11011 2
b11011 J
b11011 U
1'
#46359000
b11011010 #
b11011010 )
b11011010 -
b11011010 0
b11011010 7
b11011010 ;
b101 8
b101 <
b101 C
b100 ?
b101 >
b110 B
b101 E
b111 6
b111 F
b111 G
b11011 K
1%
#46360000
0'
#46362000
1P
b11 4
b11 :
b11 R
0S
b11111 N
b11110 M
b10100 Q
b10011 T
b11010 2
b11010 J
b11010 U
b111 H
b1001 W
b11101001 +
b11101001 3
b11101001 9
b11101001 V
1'
0%
#46364000
0'
#46365000
b11011011 #
b11011011 )
b11011011 -
b11011011 0
b11011011 7
b11011011 ;
b110 8
b110 <
b110 C
b1100 ?
b100 >
b11011 5
b11011 @
b11011 L
b11010 K
b111 B
b110 E
b101 6
b101 F
b101 G
1%
#46366000
1S
b100 4
b100 :
b100 R
b11111 N
0P
b11110 M
b1010 W
b11101010 +
b11101010 3
b11101010 9
b11101010 V
b111 1
b111 I
b111 O
b101 H
b10100 Q
b10100 T
b11110 2
b11110 J
b11110 U
1!
0.
1'
#46368000
0'
0%
#46370000
0S
0!
1.
b101 1
b101 I
b101 O
0*
1'
#46371000
b11011100 #
b11011100 )
b11011100 -
b11011100 0
b11011100 7
b11011100 ;
b111 8
b111 <
b111 C
b1101 ?
b1100 >
b1000 B
b111 E
b100 6
b100 F
b100 G
b11010 5
b11010 @
b11010 L
b11110 K
1%
#46372000
0'
#46374000
1S
b11101 N
b11111 M
b10101 Q
b1011 W
b11101011 +
b11101011 3
b11101011 9
b11101011 V
1*
b100 H
0.
1'
0%
#46376000
0'
#46377000
b11011101 #
b11011101 )
b11011101 -
b11011101 0
b11011101 7
b11011101 ;
b1000 8
b1000 <
b1000 C
b1111 ?
b1101 >
b11110 5
b11110 @
b11110 L
b1001 B
b1000 E
b1100 6
b1100 F
b1100 G
1%
#46378000
b101 4
b101 :
b101 R
b11100 N
0P
b11101 M
1S
1.
b10110 Q
b10101 T
b11111 2
b11111 J
b11111 U
b100 1
b100 I
b100 O
b1100 H
b1100 W
b11101100 +
b11101100 3
b11101100 9
b11101100 V
1'
#46380000
0'
0%
#46382000
b110 4
b110 :
b110 R
1S
b10100 N
0P
b11100 M
b1101 W
b11101101 +
b11101101 3
b11101101 9
b11101101 V
b1100 1
b1100 I
b1100 O
b10111 Q
b10110 T
b11101 2
b11101 J
b11101 U
1'
#46383000
b11011110 #
b11011110 )
b11011110 -
b11011110 0
b11011110 7
b11011110 ;
b1001 8
b1001 <
b1001 C
b1110 ?
b1111 >
b1010 B
b1001 E
b1101 6
b1101 F
b1101 G
b11101 K
1%
#46384000
0'
#46386000
1P
b111 4
b111 :
b111 R
0S
b10101 N
b10100 M
b11000 Q
b10111 T
b11100 2
b11100 J
b11100 U
b1101 H
b1110 W
b11101110 +
b11101110 3
b11101110 9
b11101110 V
1'
0%
#46388000
0'
#46389000
b11011111 #
b11011111 )
b11011111 -
b11011111 0
b11011111 7
b11011111 ;
b1010 8
b1010 <
b1010 C
b1010 ?
b1110 >
b11101 5
b11101 @
b11101 L
b11100 K
b1011 B
b1010 E
b1111 6
b1111 F
b1111 G
1%
#46390000
1S
b1000 4
b1000 :
b1000 R
b10101 N
0P
b10100 M
b1111 W
b11101111 +
b11101111 3
b11101111 9
b11101111 V
b1101 1
b1101 I
b1101 O
b1111 H
b11000 Q
b11000 T
b10100 2
b10100 J
b10100 U
1!
0.
1'
#46392000
0'
0%
#46394000
0S
0!
1.
b1111 1
b1111 I
b1111 O
0*
1'
#46395000
b11100000 #
b11100000 )
b11100000 -
b11100000 0
b11100000 7
b11100000 ;
b1011 8
b1011 <
b1011 C
b1011 ?
b1010 >
b1100 B
b1011 E
b1110 6
b1110 F
b1110 G
b11100 5
b11100 @
b11100 L
b10100 K
1%
#46396000
0'
#46398000
1S
b10111 N
b10101 M
b11001 Q
b0 W
b11110000 +
b11110000 3
b11110000 9
b11110000 V
1*
b1110 H
0.
1'
0%
#46400000
0'
#46401000
b11100001 #
b11100001 )
b11100001 -
b11100001 0
b11100001 7
b11100001 ;
b1100 8
b1100 <
b1100 C
b1001 ?
b1011 >
b10100 5
b10100 @
b10100 L
b1101 B
b1100 E
b1010 6
b1010 F
b1010 G
1%
#46402000
b1001 4
b1001 :
b1001 R
b10110 N
0P
b10111 M
1S
1.
b11010 Q
b11001 T
b10101 2
b10101 J
b10101 U
b1110 1
b1110 I
b1110 O
b1010 H
b1 W
b11110001 +
b11110001 3
b11110001 9
b11110001 V
1'
#46404000
0'
0%
#46406000
b1010 4
b1010 :
b1010 R
1S
b10010 N
0P
b10110 M
b10 W
b11110010 +
b11110010 3
b11110010 9
b11110010 V
b1010 1
b1010 I
b1010 O
b11011 Q
b11010 T
b10111 2
b10111 J
b10111 U
1'
#46407000
b11100010 #
b11100010 )
b11100010 -
b11100010 0
b11100010 7
b11100010 ;
b1101 8
b1101 <
b1101 C
b1000 ?
b1001 >
b1110 B
b1101 E
b1011 6
b1011 F
b1011 G
b10111 K
1%
#46408000
0'
#46410000
1P
b1011 4
b1011 :
b1011 R
0S
b10011 N
b10010 M
b11100 Q
b11011 T
b10110 2
b10110 J
b10110 U
b1011 H
b11 W
b11110011 +
b11110011 3
b11110011 9
b11110011 V
1'
0%
#46412000
0'
#46413000
b11100011 #
b11100011 )
b11100011 -
b11100011 0
b11100011 7
b11100011 ;
b1110 8
b1110 <
b1110 C
0D
b11000 ?
b1000 >
b10111 5
b10111 @
b10111 L
b10110 K
b1111 B
b1110 E
b1001 6
b1001 F
b1001 G
1%
#46414000
1S
b1100 4
b1100 :
b1100 R
b10011 N
0P
b10010 M
b100 W
b11110100 +
b11110100 3
b11110100 9
b11110100 V
b1011 1
b1011 I
b1011 O
b1001 H
b11100 Q
b11100 T
b10010 2
b10010 J
b10010 U
1!
0.
1'
#46416000
0'
0%
#46418000
0S
0!
1.
b1001 1
b1001 I
b1001 O
0*
1'
#46419000
b11100100 #
b11100100 )
b11100100 -
b11100100 0
b11100100 7
b11100100 ;
b1111 8
b1111 <
b1111 C
b11001 ?
b11000 >
b10000 B
b1111 E
b1000 6
b1000 F
b1000 G
b10110 5
b10110 @
b10110 L
b10010 K
1%
#46420000
0'
0$
#46422000
b1000 H
0.
1'
0%
#46424000
0'
#46425000
b11100110 #
b11100110 )
b11100110 -
b11100110 0
b11100110 7
b11100110 ;
b0 8
b0 <
b0 C
b11011 ?
b11001 >
b10010 5
b10010 @
b10010 L
b10001 B
b10000 E
b11000 6
b11000 F
b11000 G
1%
#46426000
b1000 1
b1000 I
b1000 O
b11000 H
1'
#46428000
0'
0%
#46430000
b11000 1
b11000 I
b11000 O
1'
#46431000
b11100111 #
b11100111 )
b11100111 -
b11100111 0
b11100111 7
b11100111 ;
b1 8
b1 <
b1 C
b11010 ?
b11011 >
b10010 B
b10001 E
b11001 6
b11001 F
b11001 G
1%
#46432000
0'
#46434000
b11001 H
1'
0%
#46436000
0'
#46437000
b11101000 #
b11101000 )
b11101000 -
b11101000 0
b11101000 7
b11101000 ;
b10 8
b10 <
b10 C
b11110 ?
b11010 >
b10011 B
b10010 E
b11011 6
b11011 F
b11011 G
1%
#46438000
b11001 1
b11001 I
b11001 O
b11011 H
1'
#46440000
0'
0%
#46442000
b11011 1
b11011 I
b11011 O
1'
#46443000
b11101001 #
b11101001 )
b11101001 -
b11101001 0
b11101001 7
b11101001 ;
b11 8
b11 <
b11 C
b11111 ?
b11110 >
b10100 B
b10011 E
b11010 6
b11010 F
b11010 G
1%
#46444000
0'
#46446000
b11010 H
1'
0%
#46448000
0'
#46449000
b11101011 #
b11101011 )
b11101011 -
b11101011 0
b11101011 7
b11101011 ;
b100 8
b100 <
b100 C
b11101 ?
b11111 >
b10101 B
b10100 E
b11110 6
b11110 F
b11110 G
1%
#46450000
b11010 1
b11010 I
b11010 O
b11110 H
1'
#46452000
0'
0%
#46454000
b11110 1
b11110 I
b11110 O
1'
#46455000
b11101100 #
b11101100 )
b11101100 -
b11101100 0
b11101100 7
b11101100 ;
b101 8
b101 <
b101 C
b11100 ?
b11101 >
b10110 B
b10101 E
b11111 6
b11111 F
b11111 G
1%
#46456000
0'
#46458000
b11111 H
1'
0%
#46460000
0'
#46461000
b11101101 #
b11101101 )
b11101101 -
b11101101 0
b11101101 7
b11101101 ;
b110 8
b110 <
b110 C
b10100 ?
b11100 >
b10111 B
b10110 E
b11101 6
b11101 F
b11101 G
1%
#46462000
b11111 1
b11111 I
b11111 O
b11101 H
1'
#46464000
0'
0%
#46466000
b11101 1
b11101 I
b11101 O
1'
#46467000
b11101110 #
b11101110 )
b11101110 -
b11101110 0
b11101110 7
b11101110 ;
b111 8
b111 <
b111 C
b10101 ?
b10100 >
b11000 B
b10111 E
b11100 6
b11100 F
b11100 G
1%
#46468000
0'
#46470000
b11100 H
1'
0%
#46472000
0'
#46473000
b11110000 #
b11110000 )
b11110000 -
b11110000 0
b11110000 7
b11110000 ;
b1000 8
b1000 <
b1000 C
b10111 ?
b10101 >
b11001 B
b11000 E
b10100 6
b10100 F
b10100 G
1%
#46474000
b11100 1
b11100 I
b11100 O
b10100 H
1'
#46476000
0'
0%
#46478000
b10100 1
b10100 I
b10100 O
1'
#46479000
b11110001 #
b11110001 )
b11110001 -
b11110001 0
b11110001 7
b11110001 ;
b1001 8
b1001 <
b1001 C
b10110 ?
b10111 >
b11010 B
b11001 E
b10101 6
b10101 F
b10101 G
1%
#46480000
0'
#46482000
b10101 H
1'
0%
#46484000
0'
#46485000
1D
b11110010 #
b11110010 )
b11110010 -
b11110010 0
b11110010 7
b11110010 ;
b1010 8
b1010 <
b1010 C
b10010 ?
b10110 >
b11011 B
b11010 E
b10111 6
b10111 F
b10111 G
1%
#46486000
b10101 1
b10101 I
b10101 O
b10111 H
1'
#46488000
0'
0%
#46490000
b10111 1
b10111 I
b10111 O
1'
#46491000
1A
b11110011 #
b11110011 )
b11110011 -
b11110011 0
b11110011 7
b11110011 ;
b1011 8
b1011 <
b1011 C
0D
b10011 ?
b10010 >
1/
b11100 B
b11011 E
b10110 6
b10110 F
b10110 G
1%
#46492000
0'
#46494000
b10110 H
1'
0%
#46496000
0'
#46497000
0D
b11100001 #
b11100001 )
b11100001 -
b11100001 0
b11100001 7
b11100001 ;
b1100 8
b1100 <
b1100 C
b10011 ?
1A
b10010 >
b11100 B
b11100 E
b10010 6
b10010 F
b10010 G
1"
0/
1%
#46498000
b10110 1
b10110 I
b10110 O
b10010 H
1'
#46500000
0'
0%
#46502000
b10010 1
b10010 I
b10010 O
1'
#46503000
0,
1%
#46504000
0'
#46506000
1'
0%
#46508000
0'
#46509000
1%
#46510000
1'
#46512000
0'
0%
#46514000
1'
#46515000
1%
#46516000
0'
#46518000
1'
0%
#46520000
0'
#46521000
1%
#46522000
1'
#46524000
0'
0%
#46526000
1'
#46527000
1%
#46528000
0'
#46530000
1'
0%
#46532000
0'
#46533000
1%
#46534000
1'
#46536000
0'
0%
#46538000
1'
#46539000
1%
#46540000
0'
#46542000
1'
0%
#46544000
0'
#46545000
1%
#46546000
1'
#46548000
0'
0%
#46550000
1'
#46551000
1%
#46552000
0'
#46554000
1'
0%
#46556000
0'
#46557000
1%
#46558000
1'
#46560000
0'
0%
#46562000
1'
#46563000
1%
#46564000
0'
#46566000
1'
0%
#46568000
0'
#46569000
1%
#46570000
1'
#46572000
0'
0%
#46574000
1'
#46575000
1%
#46576000
0'
#46578000
1'
0%
#46580000
0'
#46581000
1%
#46582000
1'
#46584000
0'
0%
#46586000
1'
#46587000
1%
#46588000
0'
#46590000
1'
0%
#46592000
0'
#46593000
1%
#46594000
1'
#46596000
0'
0%
#46598000
1'
#46599000
1%
#46600000
0'
#46602000
1'
0%
#46604000
0'
#46605000
1%
#46606000
1'
#46608000
0'
0%
#46610000
1'
#46611000
1%
#46612000
0'
#46614000
1'
0%
#46616000
0'
#46617000
1%
#46618000
1'
#46620000
0'
0%
#46622000
1'
#46623000
1%
#46624000
0'
#46626000
1'
0%
#46628000
0'
#46629000
1%
#46630000
1'
#46632000
0'
0%
#46634000
1'
#46635000
1%
#46636000
0'
#46638000
1'
0%
#46640000
0'
#46641000
1%
#46642000
1'
#46644000
0'
0%
#46646000
1'
#46647000
1%
#46648000
0'
#46650000
1'
0%
#46652000
0'
#46653000
1%
#46654000
1'
#46656000
0'
0%
#46658000
1'
#46659000
1%
#46660000
0'
#46662000
1'
0%
#46664000
0'
#46665000
1%
#46666000
1'
#46668000
0'
0%
#46670000
1'
#46671000
1%
#46672000
0'
#46674000
1'
0%
#46676000
0'
#46677000
1%
#46678000
1'
#46680000
0'
0%
#46682000
1'
#46683000
1%
#46684000
0'
#46686000
1'
0%
#46688000
0'
#46689000
1%
#46690000
1'
#46692000
0'
0%
#46694000
1'
#46695000
1%
#46696000
0'
#46698000
1'
0%
#46700000
0'
#46701000
1%
#46702000
1'
#46704000
0'
0%
#46706000
1'
#46707000
1%
#46708000
0'
#46710000
1'
0%
#46712000
0'
#46713000
1%
#46714000
1'
#46716000
0'
0%
#46718000
1'
#46719000
1%
#46720000
0'
#46722000
1'
0%
#46724000
0'
#46725000
1%
#46726000
1'
#46728000
0'
0%
#46730000
1'
#46731000
1%
#46732000
0'
#46734000
1'
0%
#46736000
0'
#46737000
1%
#46738000
1'
#46740000
0'
0%
#46742000
1'
#46743000
1%
#46744000
0'
#46746000
1'
0%
#46748000
0'
#46749000
1%
#46750000
1'
#46752000
0'
0%
#46754000
1'
#46755000
1%
#46756000
0'
#46758000
1'
0%
#46760000
0'
#46761000
1%
#46762000
1'
#46764000
0'
0%
#46766000
1'
#46767000
1%
#46768000
0'
#46770000
1'
0%
#46772000
0'
#46773000
1%
#46774000
1'
#46776000
0'
0%
#46778000
1'
#46779000
1%
#46780000
0'
#46782000
1'
0%
#46784000
0'
#46785000
1%
#46786000
1'
#46788000
0'
0%
#46790000
1'
#46791000
1%
#46792000
0'
#46794000
1'
0%
#46796000
0'
#46797000
1%
#46798000
1'
#46800000
0'
0%
#46802000
1'
#46803000
1%
#46804000
0'
#46806000
1'
0%
#46808000
0'
#46809000
1%
#46810000
1'
#46812000
0'
0%
#46814000
1'
#46815000
1%
#46816000
0'
#46818000
1'
0%
#46820000
0'
#46821000
1%
#46822000
1'
#46824000
0'
0%
#46826000
1'
#46827000
1%
#46828000
0'
#46830000
1'
0%
#46832000
0'
#46833000
1%
#46834000
1'
#46836000
0'
0%
#46838000
1'
#46839000
1%
#46840000
0'
#46842000
1'
0%
#46844000
0'
#46845000
1%
#46846000
1'
#46848000
0'
0%
#46850000
1'
#46851000
1%
#46852000
0'
#46854000
1'
0%
#46856000
0'
#46857000
1%
#46858000
1'
#46860000
0'
0%
#46862000
1'
#46863000
1%
#46864000
0'
#46866000
1'
0%
#46868000
0'
#46869000
1%
#46870000
1'
#46872000
0'
0%
#46874000
1'
#46875000
1%
#46876000
0'
#46878000
1'
0%
#46880000
0'
#46881000
1%
#46882000
1'
#46884000
0'
0%
#46886000
1'
#46887000
1%
#46888000
0'
#46890000
1'
0%
#46892000
0'
#46893000
1%
#46894000
1'
#46896000
0'
0%
#46898000
1'
#46899000
1%
#46900000
0'
#46902000
1'
0%
#46904000
0'
#46905000
1%
#46906000
1'
#46908000
0'
0%
#46910000
1'
#46911000
1%
#46912000
0'
#46914000
1'
0%
#46916000
0'
#46917000
1%
#46918000
1'
#46920000
0'
0%
#46922000
1'
#46923000
1%
#46924000
0'
#46926000
1'
0%
#46928000
0'
#46929000
1%
#46930000
1'
#46932000
0'
0%
#46934000
1'
#46935000
1%
#46936000
0'
#46938000
1'
0%
#46940000
0'
#46941000
1%
#46942000
1'
#46944000
0'
0%
#46946000
1'
#46947000
1%
#46948000
0'
#46950000
1'
0%
#46952000
0'
#46953000
1%
#46954000
1'
#46956000
0'
0%
#46958000
1'
#46959000
1%
#46960000
0'
#46962000
1'
0%
#46964000
0'
#46965000
1%
#46966000
1'
#46968000
0'
0%
#46970000
1'
#46971000
1%
#46972000
0'
#46974000
1'
0%
#46976000
0'
#46977000
1%
#46978000
1'
#46980000
0'
0%
#46982000
1'
#46983000
1%
#46984000
0'
#46986000
1'
0%
#46988000
0'
#46989000
1%
#46990000
1'
#46992000
0'
0%
#46994000
1'
#46995000
1%
#46996000
0'
#46998000
1'
0%
#47000000
0'
#47001000
1%
#47002000
1'
#47004000
0'
0%
#47006000
1'
#47007000
1%
#47008000
0'
#47010000
1'
0%
#47012000
0'
#47013000
1%
#47014000
1'
#47016000
0'
0%
#47018000
1'
#47019000
1%
#47020000
0'
#47022000
1'
0%
#47024000
0'
#47025000
1%
#47026000
1'
#47028000
0'
0%
#47030000
1'
#47031000
1%
#47032000
0'
#47034000
1'
0%
#47036000
0'
#47037000
1%
#47038000
1'
#47040000
0'
0%
#47042000
1'
#47043000
1%
#47044000
0'
#47046000
1'
0%
#47048000
0'
#47049000
1%
#47050000
1'
#47052000
0'
0%
#47054000
1'
#47055000
1%
#47056000
0'
#47058000
1'
0%
#47060000
0'
#47061000
1%
#47062000
1'
#47064000
0'
0%
#47066000
1'
#47067000
1%
#47068000
0'
#47070000
1'
0%
#47072000
0'
#47073000
1%
#47074000
1'
#47076000
0'
0%
#47078000
1'
#47079000
1%
#47080000
0'
#47082000
1'
0%
#47084000
0'
#47085000
1%
#47086000
1'
#47088000
0'
0%
#47090000
1'
#47091000
1%
#47092000
0'
#47094000
1'
0%
#47096000
0'
#47097000
1%
#47098000
1'
#47100000
0'
0%
#47102000
1'
#47103000
1%
#47104000
0'
#47106000
1'
0%
#47108000
0'
#47109000
1%
#47110000
1'
#47112000
0'
0%
#47114000
1'
#47115000
1%
#47116000
0'
#47118000
1'
0%
#47120000
0'
#47121000
1%
#47122000
1'
#47124000
0'
0%
#47126000
1'
#47127000
1%
#47128000
0'
#47130000
1'
0%
#47132000
0'
#47133000
1%
#47134000
1'
#47136000
0'
0%
#47138000
1'
#47139000
1%
#47140000
0'
#47142000
1'
0%
#47144000
0'
#47145000
1%
#47146000
1'
#47148000
0'
0%
#47150000
1'
#47151000
1%
#47152000
0'
#47154000
1'
0%
#47156000
0'
#47157000
1%
#47158000
1'
#47160000
0'
0%
#47162000
1'
#47163000
1%
#47164000
0'
#47166000
1'
0%
#47168000
0'
#47169000
1%
#47170000
1'
#47172000
0'
0%
#47174000
1'
#47175000
1%
#47176000
0'
#47178000
1'
0%
#47180000
0'
#47181000
1%
#47182000
1'
#47184000
0'
0%
#47186000
1'
#47187000
1%
#47188000
0'
#47190000
1'
0%
#47192000
0'
#47193000
1%
#47194000
1'
#47196000
0'
0%
#47198000
1'
#47199000
1%
#47200000
0'
#47202000
1'
0%
#47204000
0'
#47205000
1%
#47206000
1'
#47208000
0'
0%
#47210000
1'
#47211000
1%
#47212000
0'
#47214000
1'
0%
#47216000
0'
#47217000
1%
#47218000
1'
#47220000
0'
0%
#47222000
1'
#47223000
1%
#47224000
0'
#47226000
1'
0%
#47228000
0'
#47229000
1%
#47230000
1'
#47232000
0'
0%
#47234000
1'
#47235000
1%
#47236000
0'
#47238000
1'
0%
#47240000
0'
#47241000
1%
#47242000
1'
#47244000
0'
0%
#47246000
1'
#47247000
1%
#47248000
0'
#47250000
1'
0%
#47252000
0'
#47253000
1%
#47254000
1'
#47256000
0'
0%
#47258000
1'
#47259000
1%
#47260000
0'
#47262000
1'
0%
#47264000
0'
#47265000
1%
#47266000
1'
#47268000
0'
0%
#47270000
1'
#47271000
1%
#47272000
0'
#47274000
1'
0%
#47276000
0'
#47277000
1%
#47278000
1'
#47280000
0'
0%
#47282000
1'
#47283000
1%
#47284000
0'
#47286000
1'
0%
#47288000
0'
#47289000
1%
#47290000
1'
#47292000
0'
0%
#47294000
1'
#47295000
1%
#47296000
0'
#47298000
1'
0%
#47300000
0'
#47301000
1%
#47302000
1'
#47304000
0'
0%
#47306000
1'
#47307000
1%
#47308000
0'
#47310000
1'
0%
#47312000
0'
#47313000
1%
#47314000
1'
#47316000
0'
0%
#47318000
1'
#47319000
1%
#47320000
0'
#47322000
1'
0%
#47324000
0'
#47325000
1%
#47326000
1'
#47328000
0'
0%
#47330000
1'
#47331000
1%
#47332000
0'
#47334000
1'
0%
#47336000
0'
#47337000
1%
#47338000
1'
#47340000
0'
0%
#47342000
1'
#47343000
1%
#47344000
0'
#47346000
1'
0%
#47348000
0'
#47349000
1%
#47350000
1'
#47352000
0'
0%
#47354000
1'
#47355000
1%
#47356000
0'
#47358000
1'
0%
#47360000
0'
#47361000
1%
#47362000
1'
#47364000
0'
0%
#47366000
1'
#47367000
1%
#47368000
0'
#47370000
1'
0%
#47372000
0'
#47373000
1%
#47374000
1'
#47376000
0'
0%
#47378000
1'
#47379000
1%
#47380000
0'
#47382000
1'
0%
#47384000
0'
#47385000
1%
#47386000
1'
#47388000
0'
0%
#47390000
1'
#47391000
1%
#47392000
0'
#47394000
1'
0%
#47396000
0'
#47397000
1%
#47398000
1'
#47400000
0'
0%
#47402000
1'
#47403000
1%
#47404000
0'
#47406000
1'
0%
#47408000
0'
#47409000
1%
#47410000
1'
#47412000
0'
0%
#47414000
1'
#47415000
1%
#47416000
0'
#47418000
1'
0%
#47420000
0'
#47421000
1%
#47422000
1'
#47424000
0'
0%
#47426000
1'
#47427000
1%
#47428000
0'
#47430000
1'
0%
#47432000
0'
#47433000
1%
#47434000
1'
#47436000
0'
0%
#47438000
1'
#47439000
1%
#47440000
0'
#47442000
1'
0%
#47444000
0'
#47445000
1%
#47446000
1'
#47448000
0'
0%
#47450000
1'
#47451000
1%
#47452000
0'
#47454000
1'
0%
#47456000
0'
#47457000
1%
#47458000
1'
#47460000
0'
0%
#47462000
1'
#47463000
1%
#47464000
0'
#47466000
1'
0%
#47468000
0'
#47469000
1%
#47470000
1'
#47472000
0'
0%
#47474000
1'
#47475000
1%
#47476000
0'
#47478000
1'
0%
#47480000
0'
#47481000
1%
#47482000
1'
#47484000
0'
0%
#47486000
1'
#47487000
1%
#47488000
0'
#47490000
1'
0%
#47492000
0'
#47493000
1%
#47494000
1'
#47496000
0'
0%
#47498000
1'
#47499000
1%
#47500000
0'
#47502000
1'
0%
#47504000
0'
#47505000
1%
#47506000
1'
#47508000
0'
0%
#47510000
1'
#47511000
1%
#47512000
0'
#47514000
1'
0%
#47516000
0'
#47517000
1%
#47518000
1'
#47520000
0'
0%
#47522000
1'
#47523000
1%
#47524000
0'
#47526000
1'
0%
#47528000
0'
#47529000
1%
#47530000
1'
#47532000
0'
0%
#47534000
1'
#47535000
1%
#47536000
0'
#47538000
1'
0%
#47540000
0'
#47541000
1%
#47542000
1'
#47544000
0'
0%
#47546000
1'
#47547000
1%
#47548000
0'
#47550000
1'
0%
#47552000
0'
#47553000
1%
#47554000
1'
#47556000
0'
0%
#47558000
1'
#47559000
1%
#47560000
0'
#47562000
1'
0%
#47564000
0'
#47565000
1%
#47566000
1'
#47568000
0'
0%
#47570000
1'
#47571000
1%
#47572000
0'
#47574000
1'
0%
#47576000
0'
#47577000
1%
#47578000
1'
#47580000
0'
0%
#47582000
1'
#47583000
1%
#47584000
0'
#47586000
1'
0%
#47588000
0'
#47589000
1%
#47590000
1'
#47592000
0'
0%
#47594000
1'
#47595000
1%
#47596000
0'
#47598000
1'
0%
#47600000
0'
#47601000
1%
#47602000
1'
#47604000
0'
0%
#47606000
1'
#47607000
1%
#47608000
0'
#47610000
1'
0%
#47612000
0'
#47613000
1%
#47614000
1'
#47616000
0'
0%
#47618000
1'
#47619000
1%
#47620000
0'
#47622000
1'
0%
#47624000
0'
#47625000
1%
#47626000
1'
#47628000
0'
0%
#47630000
1'
#47631000
1%
#47632000
0'
#47634000
1'
0%
#47636000
0'
#47637000
1%
#47638000
1'
#47640000
0'
0%
#47642000
1'
#47643000
1%
#47644000
0'
#47646000
1'
0%
#47648000
0'
#47649000
1%
#47650000
1'
#47652000
0'
0%
#47654000
1'
#47655000
1%
#47656000
0'
#47658000
1'
0%
#47660000
0'
#47661000
1%
#47662000
1'
#47664000
0'
0%
#47666000
1'
#47667000
1%
#47668000
0'
#47670000
1'
0%
#47672000
0'
#47673000
1%
#47674000
1'
#47676000
0'
0%
#47678000
1'
#47679000
1%
#47680000
0'
#47682000
1'
0%
#47684000
0'
#47685000
1%
#47686000
1'
#47688000
0'
0%
#47690000
1'
#47691000
1%
#47692000
0'
#47694000
1'
0%
#47696000
0'
#47697000
1%
#47698000
1'
#47700000
0'
0%
#47702000
1'
#47703000
1%
#47704000
0'
#47706000
1'
0%
#47708000
0'
#47709000
1%
#47710000
1'
#47712000
0'
0%
#47714000
1'
#47715000
1%
#47716000
0'
#47718000
1'
0%
#47720000
0'
#47721000
1%
#47722000
1'
#47724000
0'
0%
#47726000
1'
#47727000
1%
#47728000
0'
#47730000
1'
0%
#47732000
0'
#47733000
1%
#47734000
1'
#47736000
0'
0%
#47738000
1'
#47739000
1%
#47740000
0'
#47742000
1'
0%
#47744000
0'
#47745000
1%
#47746000
1'
#47748000
0'
0%
#47750000
1'
#47751000
1%
#47752000
0'
#47754000
1'
0%
#47756000
0'
#47757000
1%
#47758000
1'
#47760000
0'
0%
#47762000
1'
#47763000
1%
#47764000
0'
#47766000
1'
0%
#47768000
0'
#47769000
1%
#47770000
1'
#47772000
0'
0%
#47774000
1'
#47775000
1%
#47776000
0'
#47778000
1'
0%
#47780000
0'
#47781000
1%
#47782000
1'
#47784000
0'
0%
#47786000
1'
#47787000
1%
#47788000
0'
#47790000
1'
0%
#47792000
0'
#47793000
1%
#47794000
1'
#47796000
0'
0%
#47798000
1'
#47799000
1%
#47800000
0'
#47802000
1'
0%
#47804000
0'
#47805000
1%
#47806000
1'
#47808000
0'
0%
#47810000
1'
#47811000
1%
#47812000
0'
#47814000
1'
0%
#47816000
0'
#47817000
1%
#47818000
1'
#47820000
0'
0%
#47822000
1'
#47823000
1%
#47824000
0'
#47826000
1'
0%
#47828000
0'
#47829000
1%
#47830000
1'
#47832000
0'
0%
#47834000
1'
#47835000
1%
#47836000
0'
#47838000
1'
0%
#47840000
0'
#47841000
1%
#47842000
1'
#47844000
0'
0%
#47846000
1'
#47847000
1%
#47848000
0'
#47850000
1'
0%
#47852000
0'
#47853000
1%
#47854000
1'
#47856000
0'
0%
#47858000
1'
#47859000
1%
#47860000
0'
#47862000
1'
0%
#47864000
0'
#47865000
1%
#47866000
1'
#47868000
0'
0%
#47870000
1'
#47871000
1%
#47872000
0'
#47874000
1'
0%
#47876000
0'
#47877000
1%
#47878000
1'
#47880000
0'
0%
#47882000
1'
#47883000
1%
#47884000
0'
#47886000
1'
0%
#47888000
0'
#47889000
1%
#47890000
1'
#47892000
0'
0%
#47894000
1'
#47895000
1%
#47896000
0'
#47898000
1'
0%
#47900000
0'
#47901000
1%
#47902000
1'
#47904000
0'
0%
#47906000
1'
#47907000
1%
#47908000
0'
#47910000
1'
0%
#47912000
0'
#47913000
1%
#47914000
1'
#47916000
0'
0%
#47918000
1'
#47919000
1%
#47920000
0'
#47922000
1'
0%
#47924000
0'
#47925000
1%
#47926000
1'
#47928000
0'
0%
#47930000
1'
#47931000
1%
#47932000
0'
#47934000
1'
0%
#47936000
0'
#47937000
1%
#47938000
1'
#47940000
0'
0%
#47942000
1'
#47943000
1%
#47944000
0'
#47946000
1'
0%
#47948000
0'
#47949000
1%
#47950000
1'
#47952000
0'
0%
#47954000
1'
#47955000
1%
#47956000
0'
#47958000
1'
0%
#47960000
0'
#47961000
1%
#47962000
1'
#47964000
0'
0%
#47966000
1'
#47967000
1%
#47968000
0'
#47970000
1'
0%
#47972000
0'
#47973000
1%
#47974000
1'
#47976000
0'
0%
#47978000
1'
#47979000
1%
#47980000
0'
#47982000
1'
0%
#47984000
0'
#47985000
1%
#47986000
1'
#47988000
0'
0%
#47990000
1'
#47991000
1%
#47992000
0'
#47994000
1'
0%
#47996000
0'
#47997000
1%
#47998000
1'
#48000000
0'
0%
#48002000
1'
#48003000
1%
#48004000
0'
#48006000
1'
0%
#48008000
0'
#48009000
1%
#48010000
1'
#48012000
0'
0%
#48014000
1'
#48015000
1%
#48016000
0'
#48018000
1'
0%
#48020000
0'
#48021000
1%
#48022000
1'
#48024000
0'
0%
#48026000
1'
#48027000
1%
#48028000
0'
#48030000
1'
0%
#48032000
0'
#48033000
1%
#48034000
1'
#48036000
0'
0%
#48038000
1'
#48039000
1%
#48040000
0'
#48042000
1'
0%
#48044000
0'
#48045000
1%
#48046000
1'
#48048000
0'
0%
#48050000
1'
#48051000
1%
#48052000
0'
#48054000
1'
0%
#48056000
0'
#48057000
1%
#48058000
1'
#48060000
0'
0%
#48062000
1'
#48063000
1%
#48064000
0'
#48066000
1'
0%
#48068000
0'
#48069000
1%
#48070000
1'
#48072000
0'
0%
#48074000
1'
#48075000
1%
#48076000
0'
#48078000
1'
0%
#48080000
0'
#48081000
1%
#48082000
1'
#48084000
0'
0%
#48086000
1'
#48087000
1%
#48088000
0'
#48090000
1'
0%
#48092000
0'
#48093000
1%
#48094000
1'
#48096000
0'
0%
#48098000
1'
#48099000
1%
#48100000
0'
#48102000
1'
0%
#48104000
0'
#48105000
1%
#48106000
1'
#48108000
0'
0%
#48110000
1'
#48111000
1%
#48112000
0'
#48114000
1'
0%
#48116000
0'
#48117000
1%
#48118000
1'
#48120000
0'
0%
#48122000
1'
#48123000
1%
#48124000
0'
#48126000
1'
0%
#48128000
0'
#48129000
1%
#48130000
1'
#48132000
0'
0%
#48134000
1'
#48135000
1%
#48136000
0'
#48138000
1'
0%
#48140000
0'
#48141000
1%
#48142000
1'
#48144000
0'
0%
#48146000
1'
#48147000
1%
#48148000
0'
#48150000
1'
0%
#48152000
0'
#48153000
1%
#48154000
1'
#48156000
0'
0%
#48158000
1'
#48159000
1%
#48160000
0'
#48162000
1'
0%
#48164000
0'
#48165000
1%
#48166000
1'
#48168000
0'
0%
#48170000
1'
#48171000
1%
#48172000
0'
#48174000
1'
0%
#48176000
0'
#48177000
1%
#48178000
1'
#48180000
0'
0%
#48182000
1'
#48183000
1%
#48184000
0'
#48186000
1'
0%
#48188000
0'
#48189000
1%
#48190000
1'
#48192000
0'
0%
#48194000
1'
#48195000
1%
#48196000
0'
#48198000
1'
0%
#48200000
0'
#48201000
1%
#48202000
1'
#48204000
0'
0%
#48206000
1'
#48207000
1%
#48208000
0'
#48210000
1'
0%
#48212000
0'
#48213000
1%
#48214000
1'
#48216000
0'
0%
#48218000
1'
#48219000
1%
#48220000
0'
#48222000
1'
0%
#48224000
0'
#48225000
1%
#48226000
1'
#48228000
0'
0%
#48230000
1'
#48231000
1%
#48232000
0'
#48234000
1'
0%
#48236000
0'
#48237000
1%
#48238000
1'
#48240000
0'
0%
#48242000
1'
#48243000
1%
#48244000
0'
#48246000
1'
0%
#48248000
0'
#48249000
1%
#48250000
1'
#48252000
0'
0%
#48254000
1'
#48255000
1%
#48256000
0'
#48258000
1'
0%
#48260000
0'
#48261000
1%
#48262000
1'
#48264000
0'
0%
#48266000
1'
#48267000
1%
#48268000
0'
#48270000
1'
0%
#48272000
0'
#48273000
1%
#48274000
1'
#48276000
0'
0%
#48278000
1'
#48279000
1%
#48280000
0'
#48282000
1'
0%
#48284000
0'
#48285000
1%
#48286000
1'
#48288000
0'
0%
#48290000
1'
#48291000
1%
#48292000
0'
#48294000
1'
0%
#48296000
0'
#48297000
1%
#48298000
1'
#48300000
0'
0%
#48302000
1'
#48303000
1%
#48304000
0'
#48306000
1'
0%
#48308000
0'
#48309000
1%
#48310000
1'
#48312000
0'
0%
#48314000
1'
#48315000
1%
#48316000
0'
#48318000
1'
0%
#48320000
0'
#48321000
1%
#48322000
1'
#48324000
0'
0%
#48326000
1'
#48327000
1%
#48328000
0'
#48330000
1'
0%
#48332000
0'
#48333000
1%
#48334000
1'
#48336000
0'
0%
#48338000
1'
#48339000
1%
#48340000
0'
#48342000
1'
0%
#48344000
0'
#48345000
1%
#48346000
1'
#48348000
0'
0%
#48350000
1'
#48351000
1%
#48352000
0'
#48354000
1'
0%
#48356000
0'
#48357000
1%
#48358000
1'
#48360000
0'
0%
#48362000
1'
#48363000
1%
#48364000
0'
#48366000
1'
0%
#48368000
0'
#48369000
1%
#48370000
1'
#48372000
0'
0%
#48374000
1'
#48375000
1%
#48376000
0'
#48378000
1'
0%
#48380000
0'
#48381000
1%
#48382000
1'
#48384000
0'
0%
#48386000
1'
#48387000
1%
#48388000
0'
#48390000
1'
0%
#48392000
0'
#48393000
1%
#48394000
1'
#48396000
0'
0%
#48398000
1'
#48399000
1%
#48400000
0'
#48402000
1'
0%
#48404000
0'
#48405000
1%
#48406000
1'
#48408000
0'
0%
#48410000
1'
#48411000
1%
#48412000
0'
#48414000
1'
0%
#48416000
0'
#48417000
1%
#48418000
1'
#48420000
0'
0%
1$
#48422000
b10001 N
b10011 M
b11101 Q
b101 W
b11110101 +
b11110101 3
b11110101 9
b11110101 V
1*
1'
#48423000
1%
#48424000
0'
#48426000
b1101 4
b1101 :
b1101 R
b10000 N
b10001 M
b11110101 #
b11110101 )
b11110101 -
b11110101 0
b11110101 7
b11110101 ;
b11110 Q
b11101 T
b10011 2
b10011 J
b10011 U
b110 W
b11110110 +
b11110110 3
b11110110 9
b11110110 V
1'
0%
#48428000
0'
#48429000
b10011 K
1%
#48430000
b1110 4
b1110 :
b1110 R
b0 N
b10000 M
b111 W
b11110111 +
b11110111 3
b11110111 9
b11110111 V
b11111 Q
b11110 T
b10001 2
b10001 J
b10001 U
1'
#48432000
0'
0%
#48434000
b1111 4
b1111 :
b1111 R
b1 N
b0 M
b0 Q
b11111 T
b10000 2
b10000 J
b10000 U
b1000 W
b11111000 +
b11111000 3
b11111000 9
b11111000 V
1'
#48435000
1D
0A
b10011 5
b10011 @
b10011 L
b10000 K
1%
#48436000
0'
#48438000
b0 4
b0 :
b0 R
b11 N
b1 M
b1001 W
b11111001 +
b11111001 3
b11111001 9
b11111001 V
b1 Q
b0 T
b0 2
b0 J
b0 U
1'
0%
#48440000
0'
#48441000
0D
b10000 5
b10000 @
b10000 L
b0 K
0"
1/
1%
#48442000
b1 4
b1 :
b1 R
b10 N
b11 M
b10 Q
b1 T
b1 2
b1 J
b1 U
b1010 W
b11111010 +
b11111010 3
b11111010 9
b11111010 V
1'
#48444000
0'
0%
#48446000
b10 4
b10 :
b10 R
b110 N
b10 M
b1011 W
b11111011 +
b11111011 3
b11111011 9
b11111011 V
b11 Q
b10 T
b11 2
b11 J
b11 U
1'
#48447000
b10001 ?
b10011 >
b11101 B
1,
0/
b0 5
b0 @
b0 L
b11 K
1%
#48448000
0'
#48450000
b11 4
b11 :
b11 R
b111 N
b110 M
b100 Q
b11 T
b10 2
b10 J
b10 U
b1100 W
b11111100 +
b11111100 3
b11111100 9
b11111100 V
1'
0%
#48452000
0'
#48453000
b11110110 #
b11110110 )
b11110110 -
b11110110 0
b11110110 7
b11110110 ;
b1101 8
b1101 <
b1101 C
b10000 ?
b10001 >
b11 5
b11 @
b11 L
b10 K
b11110 B
b11101 E
b10011 6
b10011 F
b10011 G
1%
#48454000
b100 4
b100 :
b100 R
b101 N
b111 M
b1101 W
b11111101 +
b11111101 3
b11111101 9
b11111101 V
b10011 H
b101 Q
b100 T
b110 2
b110 J
b110 U
1'
#48456000
0'
0%
#48458000
b101 4
b101 :
b101 R
b100 N
b101 M
b110 Q
b101 T
b111 2
b111 J
b111 U
b10011 1
b10011 I
b10011 O
b1110 W
b11111110 +
b11111110 3
b11111110 9
b11111110 V
1'
#48459000
b11110111 #
b11110111 )
b11110111 -
b11110111 0
b11110111 7
b11110111 ;
b1110 8
b1110 <
b1110 C
b0 ?
b10000 >
b11111 B
b11110 E
b10001 6
b10001 F
b10001 G
b10 5
b10 @
b10 L
b111 K
1%
#48460000
0'
#48462000
b110 4
b110 :
b110 R
0S
b1100 N
b100 M
b1111 W
b11111111 +
b11111111 3
b11111111 9
b11111111 V
b10001 H
b111 Q
b110 T
b101 2
b101 J
b101 U
1'
0%
#48464000
0'
#48465000
b11111000 #
b11111000 )
b11111000 -
b11111000 0
b11111000 7
b11111000 ;
b1111 8
b1111 <
b1111 C
b1 ?
b0 >
b111 5
b111 @
b111 L
b101 K
b0 B
b11111 E
b10000 6
b10000 F
b10000 G
1%
#48466000
b111 4
b111 :
b111 R
b1101 N
b1100 M
b1000 Q
b111 T
b100 2
b100 J
b100 U
b10001 1
b10001 I
b10001 O
b10000 H
b0 W
b0 +
b0 3
b0 9
b0 V
1'
#48468000
0'
0%
#48470000
b1000 4
b1000 :
b1000 R
b1111 N
b1101 M
b1 W
b1 +
b1 3
b1 9
b1 V
b10000 1
b10000 I
b10000 O
b1001 Q
b1000 T
b1100 2
b1100 J
b1100 U
1'
#48471000
b11111001 #
b11111001 )
b11111001 -
b11111001 0
b11111001 7
b11111001 ;
b0 8
b0 <
b0 C
b11 ?
b1 >
b1 B
b0 E
b0 6
b0 F
b0 G
b101 5
b101 @
b101 L
b1100 K
1%
#48472000
0'
#48474000
b1001 4
b1001 :
b1001 R
b1110 N
b1111 M
b1010 Q
b1001 T
b1101 2
b1101 J
b1101 U
b0 H
b10 W
b10 +
b10 3
b10 9
b10 V
1'
0%
#48476000
0'
#48477000
b11111010 #
b11111010 )
b11111010 -
b11111010 0
b11111010 7
b11111010 ;
b1 8
b1 <
b1 C
b10 ?
b11 >
b1100 5
b1100 @
b1100 L
b1101 K
b10 B
b1 E
b1 6
b1 F
b1 G
1%
#48478000
b1010 4
b1010 :
b1010 R
b1010 N
b1110 M
b11 W
b11 +
b11 3
b11 9
b11 V
b0 1
b0 I
b0 O
b1 H
b1011 Q
b1010 T
b1111 2
b1111 J
b1111 U
1'
#48480000
0'
0%
#48482000
b1011 4
b1011 :
b1011 R
b1011 N
b1010 M
b1100 Q
b1011 T
b1110 2
b1110 J
b1110 U
b1 1
b1 I
b1 O
b100 W
b100 +
b100 3
b100 9
b100 V
1'
#48483000
b11111011 #
b11111011 )
b11111011 -
b11111011 0
b11111011 7
b11111011 ;
b10 8
b10 <
b10 C
b110 ?
b10 >
b11 B
b10 E
b11 6
b11 F
b11 G
b1101 5
b1101 @
b1101 L
b1110 K
1%
#48484000
0'
#48486000
b1100 4
b1100 :
b1100 R
b1001 N
b1011 M
b101 W
b101 +
b101 3
b101 9
b101 V
b11 H
b1101 Q
b1100 T
b1010 2
b1010 J
b1010 U
1'
0%
#48488000
0'
#48489000
b11111100 #
b11111100 )
b11111100 -
b11111100 0
b11111100 7
b11111100 ;
b11 8
b11 <
b11 C
b111 ?
b110 >
b1110 5
b1110 @
b1110 L
b1010 K
b100 B
b11 E
b10 6
b10 F
b10 G
1%
#48490000
b1101 4
b1101 :
b1101 R
b1000 N
b1001 M
b1110 Q
b1101 T
b1011 2
b1011 J
b1011 U
b11 1
b11 I
b11 O
b10 H
b110 W
b110 +
b110 3
b110 9
b110 V
1'
#48492000
0'
0%
#48494000
b1110 4
b1110 :
b1110 R
b11000 N
b1000 M
b111 W
b111 +
b111 3
b111 9
b111 V
b10 1
b10 I
b10 O
b1111 Q
b1110 T
b1001 2
b1001 J
b1001 U
1'
#48495000
b11111101 #
b11111101 )
b11111101 -
b11111101 0
b11111101 7
b11111101 ;
b100 8
b100 <
b100 C
b101 ?
b111 >
b101 B
b100 E
b110 6
b110 F
b110 G
b1010 5
b1010 @
b1010 L
b1001 K
1%
#48496000
0'
#48498000
b1111 4
b1111 :
b1111 R
b11001 N
b11000 M
b10000 Q
b1111 T
b1000 2
b1000 J
b1000 U
b110 H
b1000 W
b1000 +
b1000 3
b1000 9
b1000 V
1'
0%
#48500000
0'
#48501000
b11111110 #
b11111110 )
b11111110 -
b11111110 0
b11111110 7
b11111110 ;
b101 8
b101 <
b101 C
b100 ?
b101 >
b1001 5
b1001 @
b1001 L
b1000 K
b110 B
b101 E
b111 6
b111 F
b111 G
1%
#48502000
b0 4
b0 :
b0 R
0S
b11011 N
b11001 M
b1001 W
b1001 +
b1001 3
b1001 9
b1001 V
b110 1
b110 I
b110 O
b111 H
b10001 Q
b10000 T
b11000 2
b11000 J
b11000 U
1'
#48504000
0'
0%
#48506000
b1 4
b1 :
b1 R
b11010 N
b11011 M
b10010 Q
b10001 T
b11001 2
b11001 J
b11001 U
b111 1
b111 I
b111 O
b1010 W
b1010 +
b1010 3
b1010 9
b1010 V
1'
#48507000
b11111111 #
b11111111 )
b11111111 -
b11111111 0
b11111111 7
b11111111 ;
b110 8
b110 <
b110 C
b1100 ?
b100 >
b111 B
b110 E
b101 6
b101 F
b101 G
b1000 5
b1000 @
b1000 L
b11001 K
1%
#48508000
0'
#48510000
b10 4
b10 :
b10 R
b11110 N
b11010 M
b1011 W
b1011 +
b1011 3
b1011 9
b1011 V
b101 H
b10011 Q
b10010 T
b11011 2
b11011 J
b11011 U
1'
0%
#48512000
0'
#48513000
b0 #
b0 )
b0 -
b0 0
b0 7
b0 ;
b111 8
b111 <
b111 C
b1101 ?
b1100 >
b11001 5
b11001 @
b11001 L
b11011 K
b1000 B
b111 E
b100 6
b100 F
b100 G
1%
#48514000
b11 4
b11 :
b11 R
b11111 N
0P
b11110 M
b10100 Q
b10011 T
b11010 2
b11010 J
b11010 U
b101 1
b101 I
b101 O
b100 H
b1100 W
b1100 +
b1100 3
b1100 9
b1100 V
1'
#48516000
0'
0%
#48518000
0S
b100 4
b100 :
b100 R
b11101 N
b11111 M
b1101 W
b1101 +
b1101 3
b1101 9
b1101 V
b100 1
b100 I
b100 O
b10101 Q
b10100 T
b11110 2
b11110 J
b11110 U
1'
#48519000
b1 #
b1 )
b1 -
b1 0
b1 7
b1 ;
b1000 8
b1000 <
b1000 C
b1111 ?
b1101 >
b1001 B
b1000 E
b1100 6
b1100 F
b1100 G
b11011 5
b11011 @
b11011 L
b11110 K
1%
#48520000
0'
#48522000
b101 4
b101 :
b101 R
1S
b11100 N
0P
b11101 M
b10110 Q
b10101 T
b11111 2
b11111 J
b11111 U
b1100 H
b1110 W
b1110 +
b1110 3
b1110 9
b1110 V
1'
0%
#48524000
0'
#48525000
b10 #
b10 )
b10 -
b10 0
b10 7
b10 ;
b1001 8
b1001 <
b1001 C
b1110 ?
b1111 >
b11110 5
b11110 @
b11110 L
b11111 K
b1010 B
b1001 E
b1101 6
b1101 F
b1101 G
1%
#48526000
b110 4
b110 :
b110 R
1S
b10100 N
0P
b11100 M
b1111 W
b1111 +
b1111 3
b1111 9
b1111 V
b1100 1
b1100 I
b1100 O
b1101 H
b10111 Q
b10110 T
b11101 2
b11101 J
b11101 U
1.
1'
#48528000
0'
0%
#48530000
b111 4
b111 :
b111 R
b10101 N
b10100 M
1S
b11000 Q
b10111 T
b11100 2
b11100 J
b11100 U
b1101 1
b1101 I
b1101 O
b0 W
b10000 +
b10000 3
b10000 9
b10000 V
1'
#48531000
b11 #
b11 )
b11 -
b11 0
b11 7
b11 ;
b1010 8
b1010 <
b1010 C
b1010 ?
b1110 >
b1011 B
b1010 E
b1111 6
b1111 F
b1111 G
b11111 5
b11111 @
b11111 L
b11100 K
1%
#48532000
0'
#48534000
b1000 4
b1000 :
b1000 R
0S
b10111 N
1P
b10101 M
b1 W
b10001 +
b10001 3
b10001 9
b10001 V
b1111 H
b11001 Q
b11000 T
b10100 2
b10100 J
b10100 U
1'
0%
#48536000
0'
#48537000
b100 #
b100 )
b100 -
b100 0
b100 7
b100 ;
b1011 8
b1011 <
b1011 C
b1011 ?
b1010 >
b11100 5
b11100 @
b11100 L
b10100 K
b1100 B
b1011 E
b1110 6
b1110 F
b1110 G
1%
#48538000
b1001 4
b1001 :
b1001 R
b10111 N
b10101 M
0P
1S
1!
0.
b11001 Q
b11001 T
b10101 2
b10101 J
b10101 U
b1111 1
b1111 I
b1111 O
b1110 H
b10 W
b10010 +
b10010 3
b10010 9
b10010 V
1'
#48540000
0'
0%
#48542000
0S
0*
b1110 1
b1110 I
b1110 O
0!
1.
1'
#48543000
b101 #
b101 )
b101 -
b101 0
b101 7
b101 ;
b1100 8
b1100 <
b1100 C
b1001 ?
b1011 >
b1101 B
b1100 E
b1010 6
b1010 F
b1010 G
b10100 5
b10100 @
b10100 L
b10101 K
1%
#48544000
0'
#48546000
1S
b10110 N
0P
b10111 M
b11010 Q
0.
b1010 H
b11 W
b10011 +
b10011 3
b10011 9
b10011 V
1*
1'
0%
#48548000
0'
#48549000
b110 #
b110 )
b110 -
b110 0
b110 7
b110 ;
b1101 8
b1101 <
b1101 C
b1000 ?
b1001 >
b10101 5
b10101 @
b10101 L
b1110 B
b1101 E
b1011 6
b1011 F
b1011 G
1%
#48550000
b1010 4
b1010 :
b1010 R
1S
b10010 N
0P
b10110 M
b100 W
b10100 +
b10100 3
b10100 9
b10100 V
b1010 1
b1010 I
b1010 O
b1011 H
b11011 Q
b11010 T
b10111 2
b10111 J
b10111 U
1.
1'
#48552000
0'
0%
#48554000
b1011 4
b1011 :
b1011 R
b10011 N
b10010 M
1S
b11100 Q
b11011 T
b10110 2
b10110 J
b10110 U
b1011 1
b1011 I
b1011 O
b101 W
b10101 +
b10101 3
b10101 9
b10101 V
1'
#48555000
b111 #
b111 )
b111 -
b111 0
b111 7
b111 ;
b1110 8
b1110 <
b1110 C
b11000 ?
b1000 >
b1111 B
b1110 E
b1001 6
b1001 F
b1001 G
b10110 K
1%
#48556000
0'
#48558000
b1100 4
b1100 :
b1100 R
0S
b10001 N
1P
b10011 M
b110 W
b10110 +
b10110 3
b10110 9
b10110 V
b1001 H
b11101 Q
b11100 T
b10010 2
b10010 J
b10010 U
1'
0%
#48560000
0'
#48561000
b1000 #
b1000 )
b1000 -
b1000 0
b1000 7
b1000 ;
b1111 8
b1111 <
b1111 C
b11001 ?
b11000 >
b10110 5
b10110 @
b10110 L
b10010 K
b10000 B
b1111 E
b1000 6
b1000 F
b1000 G
1%
#48562000
b1101 4
b1101 :
b1101 R
b10001 N
b10011 M
0P
1S
1!
0.
b11101 Q
b11101 T
b10011 2
b10011 J
b10011 U
b1001 1
b1001 I
b1001 O
b1000 H
b111 W
b10111 +
b10111 3
b10111 9
b10111 V
1'
#48564000
0'
0%
#48566000
0S
0*
b1000 1
b1000 I
b1000 O
0!
1.
1'
#48567000
b1001 #
b1001 )
b1001 -
b1001 0
b1001 7
b1001 ;
b0 8
b0 <
b0 C
b11011 ?
b11001 >
b10001 B
b10000 E
b11000 6
b11000 F
b11000 G
b10010 5
b10010 @
b10010 L
b10011 K
1%
#48568000
0'
#48570000
1S
b10000 N
0P
b10001 M
b11110 Q
0.
b11000 H
b1000 W
b11000 +
b11000 3
b11000 9
b11000 V
1*
1'
0%
#48572000
0'
#48573000
b1010 #
b1010 )
b1010 -
b1010 0
b1010 7
b1010 ;
b1 8
b1 <
b1 C
b11010 ?
b11011 >
b10011 5
b10011 @
b10011 L
b10010 B
b10001 E
b11001 6
b11001 F
b11001 G
1%
#48574000
b1110 4
b1110 :
b1110 R
1S
b0 N
0P
b10000 M
b1001 W
b11001 +
b11001 3
b11001 9
b11001 V
b11000 1
b11000 I
b11000 O
b11001 H
b11111 Q
b11110 T
b10001 2
b10001 J
b10001 U
1.
1'
#48576000
0'
0%
#48578000
b1111 4
b1111 :
b1111 R
b1 N
b0 M
1S
b0 Q
b11111 T
b10000 2
b10000 J
b10000 U
b11001 1
b11001 I
b11001 O
b1010 W
b11010 +
b11010 3
b11010 9
b11010 V
1'
#48579000
b1011 #
b1011 )
b1011 -
b1011 0
b1011 7
b1011 ;
b10 8
b10 <
b10 C
b11110 ?
b11010 >
b10011 B
b10010 E
b11011 6
b11011 F
b11011 G
b10000 K
1%
#48580000
0'
#48582000
b0 4
b0 :
b0 R
0S
b11 N
1P
b1 M
b1011 W
b11011 +
b11011 3
b11011 9
b11011 V
b11011 H
b1 Q
b0 T
b0 2
b0 J
b0 U
1'
0%
#48584000
0'
#48585000
b1100 #
b1100 )
b1100 -
b1100 0
b1100 7
b1100 ;
b11 8
b11 <
b11 C
b11111 ?
b11110 >
b10000 5
b10000 @
b10000 L
b0 K
b10100 B
b10011 E
b11010 6
b11010 F
b11010 G
1%
#48586000
b1 4
b1 :
b1 R
b11 N
b1 M
0P
1S
1!
0.
b1 Q
b1 T
b1 2
b1 J
b1 U
b11011 1
b11011 I
b11011 O
b11010 H
b1100 W
b11100 +
b11100 3
b11100 9
b11100 V
1'
#48588000
0'
0%
#48590000
0S
0*
b11010 1
b11010 I
b11010 O
0!
1.
1'
#48591000
b1101 #
b1101 )
b1101 -
b1101 0
b1101 7
b1101 ;
b100 8
b100 <
b100 C
b11101 ?
b11111 >
b10101 B
b10100 E
b11110 6
b11110 F
b11110 G
b0 5
b0 @
b0 L
b1 K
1%
#48592000
0'
#48594000
1S
b10 N
0P
b11 M
b10 Q
0.
b11110 H
b1101 W
b11101 +
b11101 3
b11101 9
b11101 V
1*
1'
0%
#48596000
0'
#48597000
b1110 #
b1110 )
b1110 -
b1110 0
b1110 7
b1110 ;
b101 8
b101 <
b101 C
b11100 ?
b11101 >
b1 5
b1 @
b1 L
b10110 B
b10101 E
b11111 6
b11111 F
b11111 G
1%
#48598000
b10 4
b10 :
b10 R
1S
b110 N
0P
b10 M
b1110 W
b11110 +
b11110 3
b11110 9
b11110 V
b11110 1
b11110 I
b11110 O
b11111 H
b11 Q
b10 T
b11 2
b11 J
b11 U
1.
1'
#48600000
0'
0%
#48602000
b11 4
b11 :
b11 R
b111 N
b110 M
1S
b100 Q
b11 T
b10 2
b10 J
b10 U
b11111 1
b11111 I
b11111 O
b1111 W
b11111 +
b11111 3
b11111 9
b11111 V
1'
#48603000
b1111 #
b1111 )
b1111 -
b1111 0
b1111 7
b1111 ;
b110 8
b110 <
b110 C
b10100 ?
b11100 >
b10111 B
b10110 E
b11101 6
b11101 F
b11101 G
b10 K
1%
#48604000
0'
#48606000
b100 4
b100 :
b100 R
0S
b101 N
1P
b111 M
b0 W
b100000 +
b100000 3
b100000 9
b100000 V
b11101 H
b101 Q
b100 T
b110 2
b110 J
b110 U
1'
0%
#48608000
0'
#48609000
b10000 #
b10000 )
b10000 -
b10000 0
b10000 7
b10000 ;
b111 8
b111 <
b111 C
b10101 ?
b10100 >
b10 5
b10 @
b10 L
b110 K
b11000 B
b10111 E
b11100 6
b11100 F
b11100 G
1%
#48610000
b101 4
b101 :
b101 R
b101 N
b111 M
0P
1S
1!
0.
b101 Q
b101 T
b111 2
b111 J
b111 U
b11101 1
b11101 I
b11101 O
b11100 H
b1 W
b100001 +
b100001 3
b100001 9
b100001 V
1'
#48612000
0'
0%
#48614000
0S
0*
b11100 1
b11100 I
b11100 O
0!
1.
1'
#48615000
b10001 #
b10001 )
b10001 -
b10001 0
b10001 7
b10001 ;
b1000 8
b1000 <
b1000 C
b10111 ?
b10101 >
b11001 B
b11000 E
b10100 6
b10100 F
b10100 G
b110 5
b110 @
b110 L
b111 K
1%
#48616000
0'
#48618000
1S
b100 N
0P
b101 M
b110 Q
0.
b10100 H
b10 W
b100010 +
b100010 3
b100010 9
b100010 V
1*
1'
0%
#48620000
0'
0$
#48621000
b10011 #
b10011 )
b10011 -
b10011 0
b10011 7
b10011 ;
b1001 8
b1001 <
b1001 C
b10110 ?
b10111 >
b111 5
b111 @
b111 L
b11010 B
b11001 E
b10101 6
b10101 F
b10101 G
1%
#48622000
b110 4
b110 :
b110 R
0S
b100 N
0P
b101 M
0*
b10100 1
b10100 I
b10100 O
b10101 H
b110 Q
b110 T
b101 2
b101 J
b101 U
1.
1'
#48624000
0'
0%
#48626000
0.
b10101 1
b10101 I
b10101 O
1'
#48627000
b10100 #
b10100 )
b10100 -
b10100 0
b10100 7
b10100 ;
b1010 8
b1010 <
b1010 C
b10010 ?
b10110 >
b11011 B
b11010 E
b10111 6
b10111 F
b10111 G
b101 K
1%
#48628000
0'
#48630000
b10111 H
1'
0%
#48632000
0'
#48633000
b10101 #
b10101 )
b10101 -
b10101 0
b10101 7
b10101 ;
b1011 8
b1011 <
b1011 C
b10011 ?
b10010 >
b101 5
b101 @
b101 L
b11100 B
b11011 E
b10110 6
b10110 F
b10110 G
1%
#48634000
b10111 1
b10111 I
b10111 O
b10110 H
1'
#48636000
0'
0%
#48638000
b10110 1
b10110 I
b10110 O
1'
#48639000
b10110 #
b10110 )
b10110 -
b10110 0
b10110 7
b10110 ;
b1100 8
b1100 <
b1100 C
b10001 ?
b10011 >
b11101 B
b11100 E
b10010 6
b10010 F
b10010 G
1%
#48640000
0'
#48642000
b10010 H
1'
0%
#48644000
0'
#48645000
b11000 #
b11000 )
b11000 -
b11000 0
b11000 7
b11000 ;
b1101 8
b1101 <
b1101 C
b10000 ?
b10001 >
b11110 B
b11101 E
b10011 6
b10011 F
b10011 G
1%
#48646000
b10010 1
b10010 I
b10010 O
b10011 H
1'
#48648000
0'
0%
#48650000
b10011 1
b10011 I
b10011 O
1'
#48651000
b11001 #
b11001 )
b11001 -
b11001 0
b11001 7
b11001 ;
b1110 8
b1110 <
b1110 C
b0 ?
b10000 >
b11111 B
b11110 E
b10001 6
b10001 F
b10001 G
1%
#48652000
0'
#48654000
b10001 H
1'
0%
#48656000
0'
#48657000
b11010 #
b11010 )
b11010 -
b11010 0
b11010 7
b11010 ;
b1111 8
b1111 <
b1111 C
b1 ?
b0 >
b0 B
b11111 E
b10000 6
b10000 F
b10000 G
1%
#48658000
b10001 1
b10001 I
b10001 O
b10000 H
1'
#48660000
0'
0%
#48662000
b10000 1
b10000 I
b10000 O
1'
#48663000
b11011 #
b11011 )
b11011 -
b11011 0
b11011 7
b11011 ;
b0 8
b0 <
b0 C
b11 ?
b1 >
b1 B
b0 E
b0 6
b0 F
b0 G
1%
#48664000
0'
#48666000
b0 H
1'
0%
#48668000
0'
#48669000
b11101 #
b11101 )
b11101 -
b11101 0
b11101 7
b11101 ;
b1 8
b1 <
b1 C
b10 ?
b11 >
b10 B
b1 E
b1 6
b1 F
b1 G
1%
#48670000
b0 1
b0 I
b0 O
b1 H
1'
#48672000
0'
0%
#48674000
b1 1
b1 I
b1 O
1'
#48675000
b11110 #
b11110 )
b11110 -
b11110 0
b11110 7
b11110 ;
b10 8
b10 <
b10 C
0D
b110 ?
b10 >
b11 B
b10 E
b11 6
b11 F
b11 G
1%
#48676000
0'
#48678000
b11 H
1'
0%
#48680000
0'
#48681000
b11111 #
b11111 )
b11111 -
b11111 0
b11111 7
b11111 ;
b11 8
b11 <
b11 C
b111 ?
0A
b110 >
b100 B
b11 E
b10 6
b10 F
b10 G
1%
#48682000
b11 1
b11 I
b11 O
b10 H
1'
#48684000
0'
0%
#48686000
b10 1
b10 I
b10 O
1'
#48687000
1D
b100000 #
b100000 )
b100000 -
b100000 0
b100000 7
b100000 ;
b100 8
b100 <
b100 C
b101 ?
b111 >
b101 B
b100 E
b110 6
b110 F
b110 G
1%
#48688000
0'
#48690000
b110 H
1'
0%
#48692000
0'
#48693000
1A
b100010 #
b100010 )
b100010 -
b100010 0
b100010 7
b100010 ;
b101 8
b101 <
b101 C
0D
b100 ?
b101 >
b110 B
b101 E
b111 6
b111 F
b111 G
1/
1%
#48694000
b110 1
b110 I
b110 O
b111 H
1'
#48696000
0'
0%
#48698000
b111 1
b111 I
b111 O
1'
#48699000
b1111 #
b1111 )
b1111 -
b1111 0
b1111 7
b1111 ;
b110 8
b110 <
b110 C
b100 ?
1A
b101 >
1"
0/
b110 B
b110 E
b101 6
b101 F
b101 G
1%
#48700000
0'
#48702000
b101 H
1'
0%
#48704000
0'
#48705000
0,
1%
#48706000
b101 1
b101 I
b101 O
1'
#48708000
0'
0%
#48710000
1'
#48711000
1%
#48712000
0'
#48714000
1'
0%
#48716000
0'
#48717000
1%
#48718000
1'
#48720000
0'
0%
#48722000
1'
#48723000
1%
#48724000
0'
#48726000
1'
0%
#48728000
0'
#48729000
1%
#48730000
1'
#48732000
0'
0%
#48734000
1'
#48735000
1%
#48736000
0'
#48738000
1'
0%
#48740000
0'
#48741000
1%
#48742000
1'
#48744000
0'
0%
#48746000
1'
#48747000
1%
#48748000
0'
#48750000
1'
0%
#48752000
0'
#48753000
1%
#48754000
1'
#48756000
0'
0%
#48758000
1'
#48759000
1%
#48760000
0'
#48762000
1'
0%
#48764000
0'
#48765000
1%
#48766000
1'
#48768000
0'
0%
#48770000
1'
#48771000
1%
#48772000
0'
#48774000
1'
0%
#48776000
0'
#48777000
1%
#48778000
1'
#48780000
0'
0%
#48782000
1'
#48783000
1%
#48784000
0'
#48786000
1'
0%
#48788000
0'
#48789000
1%
#48790000
1'
#48792000
0'
0%
#48794000
1'
#48795000
1%
#48796000
0'
#48798000
1'
0%
#48800000
0'
#48801000
1%
#48802000
1'
#48804000
0'
0%
#48806000
1'
#48807000
1%
#48808000
0'
#48810000
1'
0%
#48812000
0'
#48813000
1%
#48814000
1'
#48816000
0'
0%
#48818000
1'
#48819000
1%
#48820000
0'
#48822000
1'
0%
#48824000
0'
#48825000
1%
#48826000
1'
#48828000
0'
0%
#48830000
1'
#48831000
1%
#48832000
0'
#48834000
1'
0%
#48836000
0'
#48837000
1%
#48838000
1'
#48840000
0'
0%
#48842000
1'
#48843000
1%
#48844000
0'
#48846000
1'
0%
#48848000
0'
#48849000
1%
#48850000
1'
#48852000
0'
0%
#48854000
1'
#48855000
1%
#48856000
0'
#48858000
1'
0%
#48860000
0'
#48861000
1%
#48862000
1'
#48864000
0'
0%
#48866000
1'
#48867000
1%
#48868000
0'
#48870000
1'
0%
#48872000
0'
#48873000
1%
#48874000
1'
#48876000
0'
0%
#48878000
1'
#48879000
1%
#48880000
0'
#48882000
1'
0%
#48884000
0'
#48885000
1%
#48886000
1'
#48888000
0'
0%
#48890000
1'
#48891000
1%
#48892000
0'
#48894000
1'
0%
#48896000
0'
#48897000
1%
#48898000
1'
#48900000
0'
0%
#48902000
1'
#48903000
1%
#48904000
0'
#48906000
1'
0%
#48908000
0'
#48909000
1%
#48910000
1'
#48912000
0'
0%
#48914000
1'
#48915000
1%
#48916000
0'
#48918000
1'
0%
#48920000
0'
#48921000
1%
#48922000
1'
#48924000
0'
0%
#48926000
1'
#48927000
1%
#48928000
0'
#48930000
1'
0%
#48932000
0'
#48933000
1%
#48934000
1'
#48936000
0'
0%
#48938000
1'
#48939000
1%
#48940000
0'
#48942000
1'
0%
#48944000
0'
#48945000
1%
#48946000
1'
#48948000
0'
0%
#48950000
1'
#48951000
1%
#48952000
0'
#48954000
1'
0%
#48956000
0'
#48957000
1%
#48958000
1'
#48960000
0'
0%
#48962000
1'
#48963000
1%
#48964000
0'
#48966000
1'
0%
#48968000
0'
#48969000
1%
#48970000
1'
#48972000
0'
0%
#48974000
1'
#48975000
1%
#48976000
0'
#48978000
1'
0%
#48980000
0'
#48981000
1%
#48982000
1'
#48984000
0'
0%
#48986000
1'
#48987000
1%
#48988000
0'
#48990000
1'
0%
#48992000
0'
#48993000
1%
#48994000
1'
#48996000
0'
0%
#48998000
1'
#48999000
1%
#49000000
0'
#49002000
1'
0%
#49004000
0'
#49005000
1%
#49006000
1'
#49008000
0'
0%
#49010000
1'
#49011000
1%
#49012000
0'
#49014000
1'
0%
#49016000
0'
#49017000
1%
#49018000
1'
#49020000
0'
0%
#49022000
1'
#49023000
1%
#49024000
0'
#49026000
1'
0%
#49028000
0'
#49029000
1%
#49030000
1'
#49032000
0'
0%
#49034000
1'
#49035000
1%
#49036000
0'
#49038000
1'
0%
#49040000
0'
#49041000
1%
#49042000
1'
#49044000
0'
0%
#49046000
1'
#49047000
1%
#49048000
0'
#49050000
1'
0%
#49052000
0'
#49053000
1%
#49054000
1'
#49056000
0'
0%
#49058000
1'
#49059000
1%
#49060000
0'
#49062000
1'
0%
#49064000
0'
#49065000
1%
#49066000
1'
#49068000
0'
0%
#49070000
1'
#49071000
1%
#49072000
0'
#49074000
1'
0%
#49076000
0'
#49077000
1%
#49078000
1'
#49080000
0'
0%
#49082000
1'
#49083000
1%
#49084000
0'
#49086000
1'
0%
#49088000
0'
#49089000
1%
#49090000
1'
#49092000
0'
0%
#49094000
1'
#49095000
1%
#49096000
0'
#49098000
1'
0%
#49100000
0'
#49101000
1%
#49102000
1'
#49104000
0'
0%
#49106000
1'
#49107000
1%
#49108000
0'
#49110000
1'
0%
#49112000
0'
#49113000
1%
#49114000
1'
#49116000
0'
0%
#49118000
1'
#49119000
1%
#49120000
0'
#49122000
1'
0%
#49124000
0'
#49125000
1%
#49126000
1'
#49128000
0'
0%
#49130000
1'
#49131000
1%
#49132000
0'
#49134000
1'
0%
#49136000
0'
#49137000
1%
#49138000
1'
#49140000
0'
0%
#49142000
1'
#49143000
1%
#49144000
0'
#49146000
1'
0%
#49148000
0'
#49149000
1%
#49150000
1'
#49152000
0'
0%
#49154000
1'
#49155000
1%
#49156000
0'
#49158000
1'
0%
#49160000
0'
#49161000
1%
#49162000
1'
#49164000
0'
0%
#49166000
1'
#49167000
1%
#49168000
0'
#49170000
1'
0%
#49172000
0'
#49173000
1%
#49174000
1'
#49176000
0'
0%
#49178000
1'
#49179000
1%
#49180000
0'
#49182000
1'
0%
#49184000
0'
#49185000
1%
#49186000
1'
#49188000
0'
0%
#49190000
1'
#49191000
1%
#49192000
0'
#49194000
1'
0%
#49196000
0'
#49197000
1%
#49198000
1'
#49200000
0'
0%
#49202000
1'
#49203000
1%
#49204000
0'
#49206000
1'
0%
#49208000
0'
#49209000
1%
#49210000
1'
#49212000
0'
0%
#49214000
1'
#49215000
1%
#49216000
0'
#49218000
1'
0%
#49220000
0'
#49221000
1%
#49222000
1'
#49224000
0'
0%
#49226000
1'
#49227000
1%
#49228000
0'
#49230000
1'
0%
#49232000
0'
#49233000
1%
#49234000
1'
#49236000
0'
0%
#49238000
1'
#49239000
1%
#49240000
0'
#49242000
1'
0%
#49244000
0'
#49245000
1%
#49246000
1'
#49248000
0'
0%
#49250000
1'
#49251000
1%
#49252000
0'
#49254000
1'
0%
#49256000
0'
#49257000
1%
#49258000
1'
#49260000
0'
0%
#49262000
1'
#49263000
1%
#49264000
0'
#49266000
1'
0%
#49268000
0'
#49269000
1%
#49270000
1'
#49272000
0'
0%
#49274000
1'
#49275000
1%
#49276000
0'
#49278000
1'
0%
#49280000
0'
#49281000
1%
#49282000
1'
#49284000
0'
0%
#49286000
1'
#49287000
1%
#49288000
0'
#49290000
1'
0%
#49292000
0'
#49293000
1%
#49294000
1'
#49296000
0'
0%
#49298000
1'
#49299000
1%
#49300000
0'
#49302000
1'
0%
#49304000
0'
#49305000
1%
#49306000
1'
#49308000
0'
0%
#49310000
1'
#49311000
1%
#49312000
0'
#49314000
1'
0%
#49316000
0'
#49317000
1%
#49318000
1'
#49320000
0'
0%
#49322000
1'
#49323000
1%
#49324000
0'
#49326000
1'
0%
#49328000
0'
#49329000
1%
#49330000
1'
#49332000
0'
0%
#49334000
1'
#49335000
1%
#49336000
0'
#49338000
1'
0%
#49340000
0'
#49341000
1%
#49342000
1'
#49344000
0'
0%
#49346000
1'
#49347000
1%
#49348000
0'
#49350000
1'
0%
#49352000
0'
#49353000
1%
#49354000
1'
#49356000
0'
0%
#49358000
1'
#49359000
1%
#49360000
0'
#49362000
1'
0%
#49364000
0'
#49365000
1%
#49366000
1'
#49368000
0'
0%
#49370000
1'
#49371000
1%
#49372000
0'
#49374000
1'
0%
#49376000
0'
#49377000
1%
#49378000
1'
#49380000
0'
0%
#49382000
1'
#49383000
1%
#49384000
0'
#49386000
1'
0%
#49388000
0'
#49389000
1%
#49390000
1'
#49392000
0'
0%
#49394000
1'
#49395000
1%
#49396000
0'
#49398000
1'
0%
#49400000
0'
#49401000
1%
#49402000
1'
#49404000
0'
0%
#49406000
1'
#49407000
1%
#49408000
0'
#49410000
1'
0%
#49412000
0'
#49413000
1%
#49414000
1'
#49416000
0'
0%
#49418000
1'
#49419000
1%
#49420000
0'
#49422000
1'
0%
#49424000
0'
#49425000
1%
#49426000
1'
#49428000
0'
0%
#49430000
1'
#49431000
1%
#49432000
0'
#49434000
1'
0%
#49436000
0'
#49437000
1%
#49438000
1'
#49440000
0'
0%
#49442000
1'
#49443000
1%
#49444000
0'
#49446000
1'
0%
#49448000
0'
#49449000
1%
#49450000
1'
#49452000
0'
0%
#49454000
1'
#49455000
1%
#49456000
0'
#49458000
1'
0%
#49460000
0'
#49461000
1%
#49462000
1'
#49464000
0'
0%
#49466000
1'
#49467000
1%
#49468000
0'
#49470000
1'
0%
#49472000
0'
#49473000
1%
#49474000
1'
#49476000
0'
0%
#49478000
1'
#49479000
1%
#49480000
0'
#49482000
1'
0%
#49484000
0'
#49485000
1%
#49486000
1'
#49488000
0'
0%
#49490000
1'
#49491000
1%
#49492000
0'
#49494000
1'
0%
#49496000
0'
#49497000
1%
#49498000
1'
#49500000
0'
0%
#49502000
1'
#49503000
1%
#49504000
0'
#49506000
1'
0%
#49508000
0'
#49509000
1%
#49510000
1'
#49512000
0'
0%
#49514000
1'
#49515000
1%
#49516000
0'
#49518000
1'
0%
#49520000
0'
#49521000
1%
#49522000
1'
#49524000
0'
0%
#49526000
1'
#49527000
1%
#49528000
0'
#49530000
1'
0%
#49532000
0'
#49533000
1%
#49534000
1'
#49536000
0'
0%
#49538000
1'
#49539000
1%
#49540000
0'
#49542000
1'
0%
#49544000
0'
#49545000
1%
#49546000
1'
#49548000
0'
0%
#49550000
1'
#49551000
1%
#49552000
0'
#49554000
1'
0%
#49556000
0'
#49557000
1%
#49558000
1'
#49560000
0'
0%
#49562000
1'
#49563000
1%
#49564000
0'
#49566000
1'
0%
#49568000
0'
#49569000
1%
#49570000
1'
#49572000
0'
0%
#49574000
1'
#49575000
1%
#49576000
0'
#49578000
1'
0%
#49580000
0'
#49581000
1%
#49582000
1'
#49584000
0'
0%
#49586000
1'
#49587000
1%
#49588000
0'
#49590000
1'
0%
#49592000
0'
#49593000
1%
#49594000
1'
#49596000
0'
0%
#49598000
1'
#49599000
1%
#49600000
0'
#49602000
1'
0%
#49604000
0'
#49605000
1%
#49606000
1'
#49608000
0'
0%
#49610000
1'
#49611000
1%
#49612000
0'
#49614000
1'
0%
#49616000
0'
#49617000
1%
#49618000
1'
#49620000
0'
0%
#49622000
1'
#49623000
1%
#49624000
0'
#49626000
1'
0%
#49628000
0'
#49629000
1%
#49630000
1'
#49632000
0'
0%
#49634000
1'
#49635000
1%
#49636000
0'
#49638000
1'
0%
#49640000
0'
#49641000
1%
#49642000
1'
#49644000
0'
0%
#49646000
1'
#49647000
1%
#49648000
0'
#49650000
1'
0%
#49652000
0'
#49653000
1%
#49654000
1'
#49656000
0'
0%
#49658000
1'
#49659000
1%
#49660000
0'
#49662000
1'
0%
#49664000
0'
#49665000
1%
#49666000
1'
#49668000
0'
0%
#49670000
1'
#49671000
1%
#49672000
0'
#49674000
1'
0%
#49676000
0'
#49677000
1%
#49678000
1'
#49680000
0'
0%
#49682000
1'
#49683000
1%
#49684000
0'
#49686000
1'
0%
#49688000
0'
#49689000
1%
#49690000
1'
#49692000
0'
0%
#49694000
1'
#49695000
1%
#49696000
0'
#49698000
1'
0%
#49700000
0'
#49701000
1%
#49702000
1'
#49704000
0'
0%
#49706000
1'
#49707000
1%
#49708000
0'
#49710000
1'
0%
#49712000
0'
#49713000
1%
#49714000
1'
#49716000
0'
0%
#49718000
1'
#49719000
1%
#49720000
0'
#49722000
1'
0%
#49724000
0'
#49725000
1%
#49726000
1'
#49728000
0'
0%
#49730000
1'
#49731000
1%
#49732000
0'
#49734000
1'
0%
#49736000
0'
#49737000
1%
#49738000
1'
#49740000
0'
0%
#49742000
1'
#49743000
1%
#49744000
0'
#49746000
1'
0%
#49748000
0'
#49749000
1%
#49750000
1'
#49752000
0'
0%
#49754000
1'
#49755000
1%
#49756000
0'
#49758000
1'
0%
#49760000
0'
#49761000
1%
#49762000
1'
#49764000
0'
0%
#49766000
1'
#49767000
1%
#49768000
0'
#49770000
1'
0%
#49772000
0'
#49773000
1%
#49774000
1'
#49776000
0'
0%
#49778000
1'
#49779000
1%
#49780000
0'
#49782000
1'
0%
#49784000
0'
#49785000
1%
#49786000
1'
#49788000
0'
0%
#49790000
1'
#49791000
1%
#49792000
0'
#49794000
1'
0%
#49796000
0'
#49797000
1%
#49798000
1'
#49800000
0'
0%
#49802000
1'
#49803000
1%
#49804000
0'
#49806000
1'
0%
#49808000
0'
#49809000
1%
#49810000
1'
#49812000
0'
0%
#49814000
1'
#49815000
1%
#49816000
0'
#49818000
1'
0%
#49820000
0'
#49821000
1%
#49822000
1'
#49824000
0'
0%
#49826000
1'
#49827000
1%
#49828000
0'
#49830000
1'
0%
#49832000
0'
#49833000
1%
#49834000
1'
#49836000
0'
0%
#49838000
1'
#49839000
1%
#49840000
0'
#49842000
1'
0%
#49844000
0'
#49845000
1%
#49846000
1'
#49848000
0'
0%
#49850000
1'
#49851000
1%
#49852000
0'
#49854000
1'
0%
#49856000
0'
#49857000
1%
#49858000
1'
#49860000
0'
0%
#49862000
1'
#49863000
1%
#49864000
0'
#49866000
1'
0%
#49868000
0'
#49869000
1%
#49870000
1'
#49872000
0'
0%
#49874000
1'
#49875000
1%
#49876000
0'
#49878000
1'
0%
#49880000
0'
#49881000
1%
#49882000
1'
#49884000
0'
0%
#49886000
1'
#49887000
1%
#49888000
0'
#49890000
1'
0%
#49892000
0'
#49893000
1%
#49894000
1'
#49896000
0'
0%
#49898000
1'
#49899000
1%
#49900000
0'
#49902000
1'
0%
#49904000
0'
#49905000
1%
#49906000
1'
#49908000
0'
0%
#49910000
1'
#49911000
1%
#49912000
0'
#49914000
1'
0%
#49916000
0'
#49917000
1%
#49918000
1'
#49920000
0'
0%
#49922000
1'
#49923000
1%
#49924000
0'
#49926000
1'
0%
#49928000
0'
#49929000
1%
#49930000
1'
#49932000
0'
0%
#49934000
1'
#49935000
1%
#49936000
0'
#49938000
1'
0%
#49940000
0'
#49941000
1%
#49942000
1'
#49944000
0'
0%
#49946000
1'
#49947000
1%
#49948000
0'
#49950000
1'
0%
#49952000
0'
#49953000
1%
#49954000
1'
#49956000
0'
0%
#49958000
1'
#49959000
1%
#49960000
0'
#49962000
1'
0%
#49964000
0'
#49965000
1%
#49966000
1'
#49968000
0'
0%
#49970000
1'
#49971000
1%
#49972000
0'
#49974000
1'
0%
#49976000
0'
#49977000
1%
#49978000
1'
#49980000
0'
0%
#49982000
1'
#49983000
1%
#49984000
0'
#49986000
1'
0%
#49988000
0'
#49989000
1%
#49990000
1'
#49992000
0'
0%
#49994000
1'
#49995000
1%
#49996000
0'
#49998000
1'
0%
#50000000
0'
